Client;Country;Currency;Transaction
ADDFa;CAPE VERDE;TZS;1705640.3779658154
ADDFa;TURKEY;RSD;102509.72093850056
ADDFa;THAILAND;ILS;1888.5862818175547
ADDFa;MALAYSIA;TND;463.2516987231409
ADDFa;BELARUS;JMD;213523.25946672662
ADDFa;MALDIVES;ALL;162675.04965485595
AABVb;LEBANON;LYD;2009.089919362496
IKYc3;BRAZIL;CRC;811535.9961391622
IKYc3;MALDIVES;MYR;2767.591826364178
IKYc3;IRAN (ISLAMIC REPUBLIC OF);AUD;1560.2504838543937
IKYc3;ISRAEL;OMR;550.5306811532926
IKYc3;PHILIPPINES;MGA;4663828.232070733
IKYc3;IRAN (ISLAMIC REPUBLIC OF);NPR;92714.8363630335
IKYc3;SWEDEN;IDR;7655058.127627469
IKYc3;NICARAGUA;VUV;99439.12969950082
IKYc3;KUWAIT;AOA;344918.1915841741
IKYc3;BOTSWANA;HTG;22181.450451503886
IKYc3;BARBADOS;RUB;3482.057929792639
IKYc3;CAYMAN ISLANDS;SEK;3915.169839012282
IKYc3;EURO;BWP;707.6787109189718
IKYc3;TUNISIA;DKK;211.71989684379534
DDHHL;BAHRAIN;RWF;4260763.791516704
DDHHL;ETHIOPIA;ALL;158343.38399534932
DDHHL;BULGARIA;STD;121874405.34000264
DDHHL;IRAQ;HKD;11902.373745248982
DDHHL;BHUTAN;ILS;22610.631651899803
CELLM;DENMARK;ETB;369728.506086445
CELLM;KAZAKHSTAN;SZL;47862.95320316587
CELLM;SUDAN;ZAR;53976.59544974511
CELLM;HAITI;SBD;41837.425143775225
CELLM;SINGAPORE;GMD;719692.9190058206
CELLM;THAILAND;DKK;70598.74359149573
CELLM;SYRIAN ARAB REPUBLIC;MVR;123176.04991481332
CELLM;PERU;UAH;310984.50018986984
CELLM;BHUTAN;ETB;781307.3886761601
CELLM;CAPE VERDE;CVE;608460.690048655
CELLM;SAMOA;GYD;1505435.1327954964
CELLM;SAMOA;LKR;2466097.273139951
CELLM;DOMINICAN REPUBLIC;MZN;540225.5518238958
CELLM;SWITZERLAND;BYR;382367791.49546623
CELLM;UNITED ARAB EMIRATES;LAK;122852704.33641413
ABHYY;ZAMBIA;HNL;29683.487363927037
CMNW2;HAITI;BMD;11335.90237753749
CMNW2;SEYCHELLES;GMD;682722.4421509004
CMNW2;SYRIAN ARAB REPUBLIC;XPF;1218632.7636823743
CMNW2;PHILIPPINES;XPF;1239064.2205391556
EKKXZ;SWEDEN;LVL;5336.60889513202
HWY11;PAPUA NEW GUINEA;SLL;5167532.288644787
HWY11;TANZANIA, UNITED REPUBLIC OF;BSD;1411.6689038985623
HWY11;CHILE;BGN;2716.6776480747344
HWY11;BURUNDI;OMR;100.03716659550325
HWY11;CANADA;LBP;731126.7790473122
HWY11;KAZAKHSTAN;HKD;27200.134896292708
HWY11;DJIBOUTI;VES;72221.65354127895
HWY11;LIBYAN ARAB JAMAHIRIYA;CYP;68.78169114834292
HWY11;SINGAPORE;TRY;64958.34795287288
HWY11;TONGA;PEN;4866.505539317311
HWY11;BHUTAN;AED;35.104467699678196
HWY11;BRUNEI DARUSSALAM;NAD;7480.450744878126
HWY11;BOTSWANA;JOD;111.25865989271836
HWY11;ALGERIA;SGD;2926.2434792379177
HWY11;ISRAEL;CRC;1862230.703943313
HWY11;JAMAICA;IQD;4275575.050510622
HWY11;MALAWI;YER;578775.4948239354
HWY11;ZIMBABWE;PHP;33881.879854213104
HWY11;BURUNDI;CLP;1605404.1081691387
HWY11;EURO;JPY;209409.27752276778
BBIIL;HAITI;IRR;298680.3219193187
BBIIL;VENEZUELA;SCR;7536.203523492464
BBIIL;KAZAKHSTAN;LBP;379186.4044552002
BBIIL;SWAZILAND;JMD;138529.63884793204
ABBVW;AZERBAIJAN;AOA;133754.34982508668
ABBVW;MEXICO;YER;61882.59240702553
ABBVW;INDIA;XCD;209.16455328174914
ABBVW;TRINIDAD AND TOBAGO;DKK;1550.2453139604154
ABBVW;SOUTH AFRICA;CRC;60677.70376388821
ABBVW;BURUNDI;EUR;193.79683738909952
ABBVW;SRI LANKA;BGN;309.6283948913624
ABBVW;AZERBAIJAN;EGP;2557.9718208589857
ABBVW;BHUTAN;DKK;269.38407779943026
ABBVW;MAURITANIA;KRW;331520.4305063118
ABBVW;UNITED KINGDOM;CAD;160.48276028694775
ABBVW;BERMUDA;PES;8215.265653359673
ABBVW;CAYMAN ISLANDS;AED;142.97574618074518
ABBVW;LAO PEOPLE'S DEMOCRATIC REP;PES;10250.292753980788
ABBVW;CZECH REPUBLIC;AOA;95571.09793245215
ABBVW;SYRIAN ARAB REPUBLIC;KES;4003.133823872433
BDcc3;GUATEMALA;NIO;30216.792420319776
BDcc3;KENYA;XOF;120144.8802737362
BDcc3;HUNGARY;SVC;2633.5500427763673
BDcc3;MYANMAR;RSD;93416.46257681394
BDcc3;ETHIOPIA;AED;4020.8626404427664
BDcc3;BURUNDI;STD;17407744.95204082
BDcc3;ARUBA;ILS;2508.797828089903
AKVVb;CZECH REPUBLIC;TWD;76166.74347153404
AKVVb;PAPUA NEW GUINEA;EUR;2204.945808545565
AKVVb;BRUNEI DARUSSALAM;PKR;527930.0330346222
AKVVb;NAMIBIA;BND;607.9793993535797
AKVVb;SUDAN;AUD;1750.09038448638
AKVVb;UKRAINE;GBP;550.2705498091038
AKVVb;SIERRA LEONE;MXN;50379.25246584106
AKVVb;UNITED ARAB EMIRATES;SVC;23288.703632598714
AKVVb;SURINAME;JOD;-23.313346887660952
AKVVb;GAMBIA;MAD;27735.80349843227
AKVVb;HAITI;JPY;248351.61642437425
AKVVb;MYANMAR;LYD;3872.085648309471
EEVcc;URUGUAY;CVE;37155.17521140351
EEVcc;GUYANA;PEN;6474.423658470745
EEVcc;PHILIPPINES;MUR;79668.50778018625
EEVcc;BRAZIL;TZS;1090860.2166449255
EEVcc;TAIWAN, PROVINCE OF CHINA;ETB;104466.73957361418
EEVcc;MAURITANIA;RON;5923.557591556415
EEVcc;FRENCH POLYNESIA;MYR;10584.882663322896
EEVcc;JORDAN;BND;1141.2642391572208
EEVcc;DJIBOUTI;CZK;93.59173463666758
EEVcc;UNITED KINGDOM;CYP;840.0521335618519
EEVcc;BRUNEI DARUSSALAM;LAK;2535471.9538726327
EEVcc;BURUNDI;UGX;5450096.303839364
EEVcc;ZAMBIA;JPY;25579.769676799802
EEVcc;HONG KONG;KRW;581040.8584644631
EEVcc;MEXICO;AUD;852.2414364050665
EEVcc;INDONESIA;HKD;8864.719965660654
EEVcc;ROMANIA;ZMW;33988.46625642361
LLYb1;PERU;BIF;4241848.2255764445
LLYb1;ARUBA;CHF;5.150225522975003
LLYb1;UGANDA;VUV;166596.84324762376
LLYb1;GHANA;THB;35950.192982366214
LLYb1;PAPUA NEW GUINEA;SDG;681063.0267812288
LLYb1;YEMEN;CHF;695.2804456016252
LLYb1;PHILIPPINES;RSD;109087.41522258968
LLYb1;BERMUDA;PYG;3188076.0129884034
Fb112;HONDURAS;MGA;40652292.5284255
Fb112;PAPUA NEW GUINEA;BZD;1567.4606308280127
Fb112;CENTRAL AFRICAN REPUBLIC;BGN;35929.03091761391
Fb112;AZERBAIJAN;NOK;32233.441794780963
Fb112;DJIBOUTI;KWD;3931.2691458039826
Fb112;SOMALIA;NZD;17059.753381849347
Fb112;URUGUAY;KYD;16068.855887620884
Fb112;BAHAMAS;BMD;6847.470748859399
Fb112;FRENCH POLYNESIA;JPY;1459370.4790803879
Fb112;THAILAND;IRR;948869620.6144793
Fb112;MEXICO;BWP;294350.84654750384
Fb112;AUSTRALIA;BHD;7643.2828606584535
Fb112;NETHERLANDS ANTILLES;MZN;633461.0203780667
Fb112;BAHAMAS;HKD;108857.70763336481
Fb112;JORDAN;IDR;155706655.11031884
VXWb2;ALGERIA;VES;22067.680592392488
VXWb2;ALBANIA;PGK;6393.73852896694
VXWb2;CANADA;PYG;10707144.532666652
VXWb2;MACAU;PAB;1237.010215810584
VXWb2;TOGO;LBP;4156.146537746178
VXWb2;CHINA;GTQ;7678.085573379828
VXWb2;SOUTH AFRICA;GYD;342982.1984485069
VXWb2;BELARUS;LAK;31655307.17310737
VXWb2;GUYANA;CRC;893735.6476394399
VXWb2;BANGLADESH;AWG;3073.456503457056
VXWb2;DJIBOUTI;ANG;2996.01563157654
VXWb2;RUSSIAN FEDERATION;BHD;-0.07379189768818628
VXWb2;POLAND;SGD;2490.0591230978284
VXWb2;DJIBOUTI;JOD;1379.0589823537453
VXWb2;SYRIAN ARAB REPUBLIC;AUD;2374.6334498121428
JKKW3;DOMINICAN REPUBLIC;PYG;9390424.080148995
CHKLW;BAHRAIN;SVC;5018.323040708572
CHKLW;SUDAN;LAK;12884563.12724862
CHKLW;CAMBODIA;BYR;191197898.59272623
CHKLW;JAMAICA;PHP;434209.50110376696
CHKLW;ALGERIA;PLN;33299.729548337804
CHKLW;CROATIA;RWF;802120.7123632343
CHKLW;MALAWI;MVR;138933.6519360599
CHKLW;COLOMBIA;LYD;28447.758260949326
DEGZ1;TANZANIA, UNITED REPUBLIC OF;HNL;31771.433172560326
DEGZ1;RUSSIAN FEDERATION;CYP;868.8604886012258
DEGZ1;KENYA;LVL;128.85765771215642
DEGZ1;KOREA, REPUBLIC OF;TTD;4513.668630823512
DEGZ1;IRAN (ISLAMIC REPUBLIC OF);TZS;2508730.054662091
DEGZ1;COLOMBIA;SBD;9737.990540705436
DEGZ1;OMAN;OMR;210.5783955744231
DEGZ1;QATAR;RON;7510.7533922069915
DEGZ1;CENTRAL AFRICAN REPUBLIC;XPF;50887.657598713966
DEGZ1;SWAZILAND;KRW;1826374.2476431336
DEGZ1;BANGLADESH;TWD;4635.397850397329
DEGZ1;BANGLADESH;EUR;672.2478090261106
DEGZ1;IRAN (ISLAMIC REPUBLIC OF);SYP;318589.44047924434
DEGZ1;AZERBAIJAN;PKR;321488.54562624556
DEGZ1;HAITI;XOF;616081.3405512717
DEGZ1;CZECH REPUBLIC;KZT;43204.42674536219
DEGZ1;PHILIPPINES;BGN;1943.2729212317704
CJJYa;SINGAPORE;VES;75769.27034445318
CJJYa;SAMOA;AWG;11229.893022191322
CJJYa;UGANDA;VUV;672589.7890407095
CJJYa;CAYMAN ISLANDS;SLL;119658253.15338412
CJJYa;MOROCCO;MRO;3522294.6460329676
CJJYa;HUNGARY;TRY;176190.436779304
CJJYa;VIET NAM;LAK;88689106.52600598
CJJYa;JAPAN;RWF;11800263.114399182
CJJYa;EURO;MMK;2997347.788592239
CJJYa;SERBIA;IRR;413878426.4583049
CJJYa;CROATIA;OMR;3265.103040906501
CJJYa;SYRIAN ARAB REPUBLIC;SGD;4194.034441125858
CJJYa;DOMINICAN REPUBLIC;PGK;20690.850818602194
CJJYa;GHANA;AOA;4339809.29098001
CJJYa;TONGA;AZN;23955.57384678012
CJJYa;SWITZERLAND;MYR;60603.956603445724
CJJYa;BURUNDI;UGX;36041203.23354185
CJJYa;PERU;AUD;20037.88888355849
CJJYa;NIGERIA;AWG;5512.330337743865
BCDFM;GUATEMALA;TWD;18789.70535456599
BCDFM;UGANDA;NOK;3753.2203756971867
BCDFM;BELARUS;LBP;295684.4896936013
BCDFM;TONGA;VES;10360.168236771067
BCDFM;TONGA;SLL;4157037.2039390523
BCDFM;PAPUA NEW GUINEA;GYD;59771.4783528593
BCDFM;PERU;RSD;8818.82286700987
BCDFM;SWITZERLAND;HRK;3508.7473163526492
BCDFM;SAMOA;YER;137557.91863468383
BCDFM;BULGARIA;BYR;8974721.15458904
BCDFM;SWEDEN;WST;787.6195091602737
BCDFM;BOLIVIA;NAD;9000.862528683783
BCDFM;GUYANA;UYU;17141.632252310283
BCDFM;MAURITANIA;TOP;42.851615030866924
AABHV;CZECH REPUBLIC;UYU;117811.83333798028
AABHV;BURUNDI;TND;2548.1605459655425
AABHV;SWEDEN;NOK;20016.55007191877
AABHV;CHILE;BWP;30777.880711450627
AABHV;TURKEY;ANG;5516.125284421354
AABHV;LEBANON;RSD;9883.246928350389
AABHV;PARAGUAY;NIO;106384.00074623368
AABHV;BURUNDI;BWP;7218.632580972388
AABHV;ALGERIA;DZD;101933.48732515612
AABHV;MALAWI;PAB;3171.5062244502183
AABHV;EURO;RWF;1153100.7834380097
AABHV;SAUDI ARABIA;KRW;299834.7882625302
AABHV;ANGOLA;MMK;1951739.7358201449
AABHV;KENYA;PHP;66403.77420316302
AABHV;SWITZERLAND;PAB;1636.4640061064401
AABHV;RWANDA;MVR;2428.1604656095064
AGHa1;BRUNEI DARUSSALAM;ISK;2784.9234450083745
AGHa1;TUNISIA;TRY;12511.931383926923
AGHa1;CHILE;MUR;15364.40159687719
AGHa1;RWANDA;ZAR;5015.233943277934
AGHa1;ARGENTINA;LYD;180.26609692761568
AGHa1;CROATIA;SCR;6457.402146828689
AGHa1;BERMUDA;CZK;14201.29176843332
AGHa1;BULGARIA;MWK;492356.0040205403
AGHa1;JORDAN;SZL;7915.610199631438
AGHa1;ALGERIA;DJF;115273.98618621913
AGHa1;BAHAMAS;BSD;534.2130002757154
AGHa1;ANGOLA;BND;764.7702687172043
AGHa1;ALBANIA;AOA;323603.40809381916
AGHa1;DJIBOUTI;WST;1342.709934300056
AGHa1;MAURITIUS;SCR;4831.398584592155
AGHa1;ETHIOPIA;FJD;1494.964293654106
AGHa1;VIET NAM;NPR;30239.594077819216
AGHa1;VANUATU;PKR;29626.476802963974
AGHa1;NIGERIA;LYD;1506.7811730531926
AGHa1;CENTRAL AFRICAN REPUBLIC;MMK;1115179.4670381942
ACMN2;MOZAMBIQUE;XAF;287909.6690517584
ACMN2;MAURITIUS;TOP;-15.51533329430632
ACMN2;TOGO;WST;6107.862777097922
ACMN2;HONG KONG;ETB;28815.634873914692
ACMN2;DOMINICAN REPUBLIC;MXN;3725.2257210969337
ACMN2;SURINAME;DZD;227135.09003189846
ACMN2;GUYANA;CLP;1507862.227372895
ACMN2;NICARAGUA;PKR;302419.0662980391
ACMN2;TAIWAN, PROVINCE OF CHINA;MAD;11580.541603604779
ACMN2;FIJI;RON;5391.120785420377
ACMN2;LEBANON;QAR;5914.956041386249
FGHNZ;IRAQ;NIO;134678.71254418077
KMVXa;PARAGUAY;XPF;267415.56925005594
KMVXa;ALGERIA;MGA;4478487.127737727
KMVXa;BARBADOS;DOP;88915.63854990435
KMVXa;EURO;LBP;3734558.305607157
KMVXa;CAPE VERDE;BIF;4750068.435342013
KMVXa;NEPAL;HRK;18292.169020599868
KMVXa;DENMARK;MYR;10186.592947527713
KMVXa;TONGA;NGN;257760.59805421624
KMVXa;INDONESIA;UAH;73025.43375745034
KMVXa;SWAZILAND;IQD;3408132.793194532
KMVXa;ETHIOPIA;XPF;210322.39480391346
KMVXa;OMAN;PHP;128554.9118234436
KMVXa;HONG KONG;MZN;77311.68617877735
KMVXa;MEXICO;XPF;26149.797907874177
KMVXa;ICELAND;LYD;4991.1269354347505
KMVXa;NETHERLANDS ANTILLES;SYP;846165.321758236
KMVXa;EL SALVADOR;MGA;2050746.7790847283
KMVXa;PERU;SAR;8266.71053382493
KMVXa;BOLIVIA;HUF;225096.06118998805
EKMN2;SAUDI ARABIA;SYP;119195.36816739646
EKMN2;HAITI;BSD;556.1966726539746
EKMN2;PAKISTAN;MRO;-2761.3952242456376
EKMN2;SINGAPORE;AWG;1762.4186237087652
EEHJW;TURKEY;MAD;99311.4756688353
EEHJW;TRINIDAD AND TOBAGO;FJD;74694.42693344092
EEHJW;CENTRAL AFRICAN REPUBLIC;JPY;4684170.130170988
EEHJW;NAMIBIA;BBD;89770.90601241597
EEHJW;COSTA RICA;NGN;7370367.5585274175
AFMW3;AZERBAIJAN;SLL;90551448.57058072
AFMW3;ISRAEL;CVE;562248.2895760329
AFMW3;UNITED ARAB EMIRATES;BSD;4560.830358319826
AFMW3;TUNISIA;PHP;132444.90329117558
AFMW3;SAMOA;YER;29630.37450697602
AFMW3;BAHAMAS;BZD;5488.791513475808
AFMW3;JAPAN;ILS;16118.72392327808
AFMW3;MADAGASCAR;RSD;410214.8090615509
AFMW3;SOUTH AFRICA;BZD;6649.976948318599
BBBGG;DOMINICA;RUB;133360.10379027517
BBBGG;HUNGARY;MWK;2361572.4410217092
BBBGG;CYPRUS;MUR;32301.775689170237
BBBGG;NICARAGUA;ISK;141406.28846779658
GHNXa;TOGO;MAD;70017.21999673246
GHNXa;COSTA RICA;MGA;6021538.986550123
GHNXa;FRENCH POLYNESIA;LBP;12583008.030839369
GHNXa;BRAZIL;TWD;16297.079790942194
GHNXa;RUSSIAN FEDERATION;LVL;5240.478034979784
GHNXa;JAPAN;BHD;139.37997500135003
GHNXa;JAMAICA;ARS;172954.94917455892
GHNXa;HONG KONG;KES;59441.9618867904
GHNXa;SRI LANKA;BSD;4884.865700818634
GHNXa;INDONESIA;CAD;2953.3358931610405
GHNXa;RUSSIAN FEDERATION;NAD;92137.4530570056
GHNXa;VENEZUELA;CHF;851.0771739524907
GHNXa;PANAMA;IDR;35513803.481938496
AGGcc;ZIMBABWE;NZD;57.74111025467129
AGGcc;EL SALVADOR;AZN;228.3711784846661
AGGcc;PANAMA;TND;238.8821254427383
AGGcc;JAPAN;KYD;14.788023480535868
AGGcc;CANADA;PYG;380042.14973982633
AGGcc;POLAND;KHR;370812.2889933822
AGGcc;GHANA;GTQ;1082.8956815495176
AGGcc;BURUNDI;DOP;2907.1091441892895
AGGcc;KUWAIT;CAD;75.36185753052962
AGGcc;JAMAICA;PKR;-65.02925392201625
AGGcc;MALAYSIA;TOP;6.279980891328344
AGGcc;KAZAKHSTAN;STD;3025510.6482828218
CDHHK;HONDURAS;CYP;94.02958073386581
CDHHK;TOGO;BIF;7054586.37043183
CDHHK;BRUNEI DARUSSALAM;ZWL;4109185.9893753747
CDHHK;BHUTAN;SLL;140267928.6306898
CDHHK;SWITZERLAND;FJD;13945.223453920402
CDHHK;RUSSIAN FEDERATION;GTQ;46445.69734711442
CDHHK;MALAWI;RON;2034.1201719246387
CDHHK;SRI LANKA;MXN;157987.9022502526
CDHHK;PARAGUAY;MYR;5617.824061876552
CDHHK;DENMARK;BSD;7066.232415073078
CDHHK;MALDIVES;SCR;98919.40429804934
CDHHK;PAKISTAN;BYR;58946202.14692077
CDHHK;TURKEY;MAD;96484.84358755613
CDHHK;GAMBIA;BDT;828158.4364176809
MXb11;DENMARK;RWF;15093671.290909693
MXb11;LATVIA;RON;79373.56020601839
MXb11;PANAMA;UYU;311373.52367910976
MXb11;PAKISTAN;BZD;20401.984332639666
AJKZa;UNITED ARAB EMIRATES;IDR;397965332.29180264
AJKZa;KENYA;DJF;5553025.240467938
AJKZa;TRINIDAD AND TOBAGO;MMK;20648139.84457876
AJKZa;SAUDI ARABIA;SDG;3119803.9781564665
AJKZa;URUGUAY;TZS;7687625.690012469
AJKZa;EURO;CLP;27020963.716078855
AJKZa;UGANDA;IRR;1445935760.6079724
AJKZa;DENMARK;KZT;14138247.245779792
AJKZa;IRAQ;MUR;94349.33723035357
AJKZa;TANZANIA, UNITED REPUBLIC OF;GNF;84422480.80542804
AJKZa;ROMANIA;NOK;5538.017717581995
AJKZa;TOGO;BND;6111.013380664819
AJKZa;SRI LANKA;ZAR;593697.3262745496
AJKZa;ALBANIA;MWK;13959206.952340776
AJKZa;JORDAN;LBP;8300489.289413682
AJKZa;MALAWI;JPY;4714443.209634117
AJKZa;LIBERIA;KWD;3273.6483010816846
AJKZa;DJIBOUTI;NZD;12823.069614881313
AAAH2;RUSSIAN FEDERATION;UYU;455240.2262333002
BF133;OMAN;DJF;312775.05319670547
BF133;SRI LANKA;DKK;20892.783970535264
BF133;UNITED KINGDOM;PGK;3201.9260179871894
BF133;CAPE VERDE;CLP;2934733.824011691
BF133;EL SALVADOR;FJD;1257.6830070524084
BF133;LATVIA;SGD;1985.5992421301694
BF133;SWEDEN;TRY;72482.92667190357
BF133;GUATEMALA;EUR;1533.948580923016
BF133;JORDAN;PLN;12592.347778745061
BF133;JAMAICA;UAH;146584.31720242384
BF133;YEMEN;IRR;151756434.16663563
BF133;PERU;NZD;3301.672928391523
BF133;NIGERIA;MOP;20607.300605020864
BF133;CANADA;NGN;1330866.8860790466
GHMVX;MALAWI;BMD;487.1711784545403
CFHXb;ZAMBIA;RON;9098.449232854051
CFHXb;IRAN (ISLAMIC REPUBLIC OF);MWK;1410386.5528792841
CFHXb;SRI LANKA;AUD;3789.8399083394274
CFHXb;MALAWI;IQD;1663504.6976675675
CFHXb;SERBIA;CLP;2358254.9029183923
CFHXb;CROATIA;ETB;95866.08580160662
CFHXb;CAPE VERDE;IDR;27588545.61849244
CFHXb;THAILAND;BMD;39.8066670257619
CFHXb;CROATIA;KRW;739313.8848186191
CFHXb;NORWAY;ZWL;32085.65058943202
CFHXb;RWANDA;KYD;228.49255365340983
CFHXb;PERU;GBP;2105.362341859899
CFHXb;FRENCH POLYNESIA;BRL;319.9216069098249
CFHXb;TOGO;THB;18097.307822756
CFHXb;IRAQ;WST;2112.7795482733018
FWcc3;BURUNDI;HUF;690462.5058485362
FWcc3;IRAQ;UGX;17136362.548309837
FWcc3;JAMAICA;KYD;153.6495793451958
FWcc3;BELARUS;LKR;464972.9701984498
FWcc3;IRAN (ISLAMIC REPUBLIC OF);LKR;224364.68649313843
FWcc3;BRUNEI DARUSSALAM;BTN;147634.80990904107
FWcc3;BAHRAIN;SAR;13654.085608017742
FWcc3;EURO;AOA;323546.6483201702
FWcc3;KAZAKHSTAN;LBP;3686299.170585774
FWcc3;SINGAPORE;MUR;127972.09721416835
FWcc3;BOLIVIA;LKR;781723.1158358217
FWcc3;ETHIOPIA;ARS;-7191.18124675644
FWcc3;PAKISTAN;HKD;20700.52911415517
FWcc3;UKRAINE;SRD;45755.62383792101
FWcc3;BELARUS;CRC;1696692.3131272586
BBIa3;ROMANIA;BGN;1637.8486345141873
BBIa3;MAURITIUS;PHP;101368.84023545834
BBIa3;RWANDA;CVE;77139.41009093358
BBIa3;GUINEA;EUR;2242.7091620574247
BBIa3;MADAGASCAR;SGD;1714.7840957713777
BBIa3;BERMUDA;MUR;44727.312223395194
BBIa3;SAMOA;MVR;2072.738863358775
BBIa3;QATAR;PYG;358463.31936089974
BBIa3;KUWAIT;HNL;44748.079506655056
CFKL1;CZECH REPUBLIC;BSD;3388.214021310594
CFKL1;KOREA, REPUBLIC OF;VUV;226324.6842136573
CFKL1;NICARAGUA;MYR;17914.603774722662
CFKL1;PAKISTAN;LKR;468496.03253654245
CFKL1;SAUDI ARABIA;AUD;5964.642945564471
CFKL1;GAMBIA;SAR;87.88177321235905
CFKL1;SEYCHELLES;NIO;2954.2868063971528
CFKL1;SURINAME;MOP;25729.738867832493
CFKL1;TANZANIA, UNITED REPUBLIC OF;EUR;1001.4216847238106
DDFKL;MACAU;BRL;79937.60007445258
DDFKL;INDONESIA;BRL;77225.5135854401
DDFKL;TURKEY;CHF;4567.267370631313
DDFKL;MAURITANIA;PES;2742227.439363254
DDFKL;VENEZUELA;SEK;97584.45766312945
DDFKL;HUNGARY;CRC;1616432.2197497499
DDFKL;RUSSIAN FEDERATION;BYR;255109992.41989776
DDFKL;POLAND;BMD;11845.75573807943
DDFKL;ARGENTINA;XAF;3819566.2457188405
DDFKL;SWITZERLAND;SZL;297735.8183023951
AJJYa;CAPE VERDE;SCR;1601.9128987198974
AJJYa;RUSSIAN FEDERATION;SCR;1568.5456547907131
AJJYa;BHUTAN;COP;821533.2237990035
AJJYa;ANGOLA;ETB;7485.961751531212
AJJYa;ANGOLA;MRO;23171.567792818332
AJJYa;CENTRAL AFRICAN REPUBLIC;MZN;12082.450506196554
AJJYa;TUNISIA;SGD;208.77734973698895
AJJYa;AZERBAIJAN;UAH;851.9421850432923
AJJYa;GHANA;CVE;9115.188279481208
AJJYa;PANAMA;MGA;817207.573738686
AJJYa;SERBIA;HKD;191.29935956914895
ABCJK;CAPE VERDE;MGA;5771771.643182229
ABCJK;PAKISTAN;KES;21722.908821799625
ABCJK;MOZAMBIQUE;MWK;839984.2644155081
ABCJK;MALAWI;SVC;8358.252947472618
DFKWZ;LAO PEOPLE'S DEMOCRATIC REP;PES;96557.84883351458
DFKWZ;QATAR;PAB;1892.5894601877187
DFKWZ;CANADA;CNY;7254.038038474111
DFKWZ;POLAND;MOP;5488.54883320806
DFKWZ;NEPAL;JMD;198378.94418380922
DFKWZ;CHILE;BHD;840.8188408518332
DFKWZ;MALAWI;BOB;5092.679405798378
DFKWZ;MADAGASCAR;AED;633.3273020419541
DFKWZ;BELARUS;COP;7397930.043145566
DFKWZ;UNITED KINGDOM;CAD;1589.0453353045032
DFKWZ;OMAN;BZD;-28.356826131377133
DFKWZ;TANZANIA, UNITED REPUBLIC OF;PHP;117510.69847567713
DFKWZ;SURINAME;ETB;22940.271461170047
DFKWZ;POLAND;CAD;541.4250150629113
DFKWZ;ARUBA;BWP;26968.642291654345
LMMXc;PANAMA;LKR;1274469.9574422776
LMMXc;UGANDA;CNY;45966.01444670875
LMMXc;ROMANIA;CVE;67572.26897840343
LMMXc;FRENCH POLYNESIA;BDT;591917.340496981
LMMXc;TAIWAN, PROVINCE OF CHINA;SVC;18569.426584865152
LMMXc;EGYPT;BTN;499349.6225000324
DKWWZ;SOUTH AFRICA;GHS;1237.5712810269747
DKWWZ;DENMARK;CHF;329.4894247731095
DKWWZ;SERBIA;FJD;212.76166883588667
DKWWZ;DENMARK;ALL;94946.36418310936
DKWWZ;HONDURAS;YER;126297.79362523854
DKWWZ;ETHIOPIA;BHD;309.1265863550748
DKWWZ;IRAN (ISLAMIC REPUBLIC OF);TRY;13669.835581939502
DKWWZ;MAURITIUS;NIO;17227.98052099776
DKWWZ;SURINAME;BIF;1043964.3528812705
DKWWZ;MALAYSIA;KWD;46.537010589747865
DKWWZ;VENEZUELA;KYD;84.08517742645074
DKWWZ;MALAYSIA;IQD;711352.4343067218
DKWWZ;SIERRA LEONE;SGD;880.8406743650274
DKWWZ;SOMALIA;DKK;5868.5474553752465
DKWWZ;SURINAME;PES;68554.19636870765
DKWWZ;RWANDA;UGX;197345.13910136532
DKWWZ;CYPRUS;ISK;39347.75460544479
DKWWZ;BERMUDA;ILS;1131.3054741620933
DKWWZ;ALBANIA;IQD;275851.3380394148
JKVWZ;KENYA;HUF;1791703.7402513933
JKVWZ;SAMOA;HRK;18183.399973172218
JKVWZ;SIERRA LEONE;LKR;661993.603961149
JKVWZ;MAURITIUS;JOD;377.14730334851225
JKVWZ;COLOMBIA;MUR;194821.16161462455
JKVWZ;GHANA;AOA;1723397.0918999957
JKVWZ;SYRIAN ARAB REPUBLIC;UAH;134093.50114558692
JKVWZ;JAMAICA;UGX;5308741.317441195
JKVWZ;PAKISTAN;MWK;3239818.784159069
JKVWZ;PAPUA NEW GUINEA;MUR;24656.294144494255
JKVWZ;SOMALIA;SRD;124575.2208297452
JKVWZ;BERMUDA;VES;69165.11518591705
JKVWZ;SINGAPORE;PKR;308269.7370503783
JKVWZ;GUYANA;LAK;33984470.47690963
JKVWZ;EGYPT;SYP;2131664.4412091817
JKVWZ;DENMARK;TOP;3607.119335177855
JKVWZ;SAMOA;CAD;193.1400521920974
JKVWZ;INDONESIA;THB;117834.35590867681
JKVWZ;SOMALIA;HTG;27457.665941866228
EKVYc;BERMUDA;GMD;63601.03788911516
EKVYc;SINGAPORE;FJD;9454.986232310575
FVXaa;KOREA, REPUBLIC OF;NOK;19548.67352841563
FVXaa;KENYA;CYP;969.5178181539595
FVXaa;VIET NAM;TND;2421.920209230129
FVXaa;JORDAN;NGN;1408835.6347643668
FVXaa;EGYPT;JMD;228694.96190502695
FVXaa;RWANDA;BND;163.73367718755344
FVXaa;LIBERIA;MAD;13593.002718537997
FVXaa;KOREA, REPUBLIC OF;ILS;13387.298242547908
FVXaa;LIBYAN ARAB JAMAHIRIYA;LAK;24313575.57441336
FKKZ3;SYRIAN ARAB REPUBLIC;PEN;691.2893890934604
FKKZ3;JAPAN;XPF;90584.1876654803
FKKZ3;BELARUS;XAF;55161.88535027957
FKKZ3;DOMINICAN REPUBLIC;ANG;1688.1853401483377
FKKZ3;CROATIA;HKD;4703.503675625526
FKKZ3;JAPAN;WST;3558.553455655514
FKKZ3;SOMALIA;ARS;131319.49084649936
FKKZ3;BELARUS;FJD;2742.1691825370144
FKKZ3;ALGERIA;SDG;701260.212370013
FKKZ3;NORWAY;ALL;20399.106242675967
FKKZ3;IRAN (ISLAMIC REPUBLIC OF);ZWL;8399.381888494308
FKKZ3;CAYMAN ISLANDS;STD;30261523.308516562
FKKZ3;HAITI;SZL;24669.129432030204
FKKZ3;EL SALVADOR;MVR;3560.6573322723157
FKKZ3;SRI LANKA;KRW;1641944.2507606028
FKKZ3;MYANMAR;TWD;21321.210289029135
FKKZ3;SWAZILAND;ILS;2281.8299664444703
FKKZ3;EURO;TWD;8078.167364245782
FKKZ3;CYPRUS;DOP;42783.8115465469
DFVVX;SYRIAN ARAB REPUBLIC;GYD;267624.32317876274
DFVVX;CAMBODIA;JOD;910.5983725826668
DFVVX;BANGLADESH;BOB;4597.40935854855
DFVVX;HUNGARY;NAD;10105.01497361224
DFVVX;NORWAY;RUB;82039.34516190109
DFVVX;BOTSWANA;XCD;3286.3674099605787
DFVVX;NEW ZEALAND;ILS;2924.3321270548613
DFVVX;LIBERIA;AED;7720.296873484051
DFVVX;NORWAY;LBP;4215801.890279411
EHLXc;LAO PEOPLE'S DEMOCRATIC REP;KES;489156.47674251604
EHLXc;MALDIVES;MOP;5947.843365198675
EHLXc;CENTRAL AFRICAN REPUBLIC;MZN;78377.16587291521
EHLXc;MOZAMBIQUE;AOA;259026.00244483387
EHLXc;ANGOLA;PGK;10483.71726278471
EHLXc;TRINIDAD AND TOBAGO;MXN;59090.9824448474
EHLXc;MAURITANIA;LRD;10847.245184883644
EHLXc;MAURITANIA;KHR;3286000.342796048
EHLXc;ISRAEL;RSD;488999.52867980796
EHLXc;SOUTH AFRICA;TRY;-216.99745865337687
EHLXc;CZECH REPUBLIC;MWK;2489041.084608099
EHLXc;BERMUDA;BMD;1185.2515757264052
EHLXc;ALBANIA;KHR;14024826.432472238
EHLXc;FIJI;NPR;126569.22282704781
EHLXc;ROMANIA;JOD;946.3544336583759
CWWW3;JAMAICA;GBP;608.5689434495273
CWWW3;PARAGUAY;ZWL;429446.114133981
CWWW3;BHUTAN;ILS;1048.5047394535793
CWWW3;EGYPT;KHR;1891296.4913220291
CWWW3;UKRAINE;AUD;1166.0654567309814
CWWW3;BAHRAIN;SCR;3443.2808273287083
CWWW3;TOGO;TND;618.0407803957235
CWWW3;MAURITANIA;ANG;-8.033870734184362
CWWW3;SYRIAN ARAB REPUBLIC;PAB;323.0685054088274
CWWW3;SWEDEN;SDG;193926.59563292775
CWWW3;SRI LANKA;TOP;701.9723686020589
CWWW3;BOLIVIA;STD;15034768.24787727
AAc33;SEYCHELLES;SEK;89727.61986420635
AAc33;MAURITANIA;KZT;1138375.068147268
AAc33;CYPRUS;WST;20081.563276506153
AAc33;MYANMAR;OMR;236.72073770038844
AAc33;JORDAN;MYR;6986.848130600752
AAc33;HUNGARY;CHF;1530.4273103611938
AAc33;KUWAIT;ETB;28244.457307180695
AAc33;MADAGASCAR;CLP;4777730.312292846
AAc33;CAYMAN ISLANDS;BMD;10036.01756209821
AAc33;ANGOLA;RUB;49942.436194229296
AAc33;EGYPT;GNF;25906989.5744341
AAc33;BOLIVIA;BRL;9735.674241363668
AAc33;MALDIVES;INR;720460.051637433
AAc33;HAITI;BSD;3541.992392769018
AAc33;CANADA;TTD;21925.321690567802
AAc33;BARBADOS;CVE;128181.51527061228
AAc33;SOUTH AFRICA;SAR;27180.080756218656
AAc33;BURUNDI;SRD;64228.439594243246
AAc33;AZERBAIJAN;EGP;230477.84096873153
AAc33;SAO TOME AND PRINCIPE;TZS;12554907.739017531
NNWZb;SYRIAN ARAB REPUBLIC;COP;32689441.455940396
NNWZb;TONGA;HRK;18714.588408510986
NNWZb;MAURITIUS;TTD;1807.4360845783103
NNWZb;PERU;SGD;2416.6134734050565
NNWZb;INDONESIA;NGN;1016499.7972595366
NNWZb;ALGERIA;UAH;231923.8795286551
NNWZb;BRAZIL;DZD;621431.1032684464
NNWZb;QATAR;JPY;715234.4248869129
NNWZb;ANGOLA;MGA;4790948.277660185
NNWZb;SURINAME;GTQ;54535.41867754823
NNWZb;SWEDEN;CAD;5481.889633947414
NNWZb;NICARAGUA;ARS;478744.42062274134
NNWZb;BELIZE;JOD;1371.519878953217
NNWZb;GUINEA;KES;444074.3040860209
NNWZb;PAPUA NEW GUINEA;SBD;6614.965448175335
NNWZb;ARUBA;PAB;104.38310373499556
NNWZb;HONG KONG;HRK;47505.36003979192
NNWZb;NETHERLANDS ANTILLES;LYD;32805.25853445379
NNWZb;PANAMA;XCD;2710.7734294776046
CHXZ1;ISRAEL;TRY;4921.419621287962
CHXZ1;FRENCH POLYNESIA;FJD;283.746933494481
CHXZ1;BELIZE;ANG;2620.7562537758954
CHXZ1;IRAQ;NOK;7060.026981157742
CHXZ1;LIBYAN ARAB JAMAHIRIYA;RON;7493.720400013385
CHXZ1;SWEDEN;RSD;2177.210590722419
CHXZ1;CHINA;MAD;5924.035711017262
CHXZ1;UGANDA;XOF;333233.49890723405
CHXZ1;NETHERLANDS ANTILLES;SBD;3869.72405106875
AMZZb;VIET NAM;BMD;15557.013158842683
AMZZb;TANZANIA, UNITED REPUBLIC OF;TZS;45313809.12364687
AMZZb;MOROCCO;SDG;226974.07781388532
FLZ13;URUGUAY;NOK;39479.81942690614
FLZ13;FRENCH POLYNESIA;PAB;4244.622819259539
FLZ13;IRAQ;GHS;7804.507958979988
KNV22;SINGAPORE;MMK;29898824.401551582
DFNNY;SWAZILAND;SRD;39839.83187729816
DFNNY;EL SALVADOR;MUR;40984.68690700029
DFNNY;UKRAINE;ANG;5475.391612705597
DFNNY;JAMAICA;JOD;3395.8522966608975
DFNNY;COSTA RICA;UYU;201276.26523910245
DFNNY;TURKEY;AUD;548.0468186878261
DFNNY;KENYA;EUR;3190.170631708779
DFNNY;BARBADOS;ZMW;20399.189934748716
DFNNY;NICARAGUA;ILS;22119.028683128723
DFNNY;MOROCCO;CAD;2786.53641031912
DFNNY;SAO TOME AND PRINCIPE;XAF;1567400.3176151216
DFNNY;CZECH REPUBLIC;SZL;14688.965446010678
DFNNY;ARGENTINA;TTD;44702.368919636676
DFNNY;SINGAPORE;XAF;2604885.2529000803
DFNNY;ROMANIA;DKK;43294.74905489159
DFNNY;CROATIA;ZWL;2861271.7671852335
BHYb3;CZECH REPUBLIC;BWP;22259.313932279212
BHYb3;TONGA;WST;2534.534427713394
BHYb3;GUINEA;RON;20554.549211854344
BHYb3;LEBANON;RWF;5534306.80988996
CEIIb;RWANDA;MXN;92511.26056799594
CEIIb;DJIBOUTI;MUR;540189.2596861968
CEIIb;CHINA;BZD;4263.453275549004
CEIIb;VENEZUELA;VND;141162263.90361738
CEIIb;URUGUAY;SAR;27366.868125101286
CEIIb;SAUDI ARABIA;BHD;3545.8430366003663
CEIIb;COSTA RICA;MVR;133022.98698063282
CEIIb;SIERRA LEONE;CZK;335526.1540596769
CEIIb;EGYPT;IDR;46095455.36858204
CEIIb;PAKISTAN;MXN;207848.0118970497
CEIIb;ETHIOPIA;TOP;27802.72515879834
CEIIb;ZIMBABWE;XCD;5433.916851040473
CEIIb;SOMALIA;PGK;51654.099798646545
CEIIb;KAZAKHSTAN;LKR;366593.72624172864
CEIIb;BURUNDI;BYR;98685162.86591166
CEIIb;QATAR;XPF;443617.05126073165
CEIIb;PAPUA NEW GUINEA;NOK;25686.01656712909
CEIIb;SAUDI ARABIA;IRR;201243327.5749428
CEIIb;CANADA;ANG;17920.25913714754
EVV33;BERMUDA;NZD;59.89629769454846
DKc11;HONG KONG;DJF;2609582.493970533
DKc11;PERU;CHF;3356.751354455237
DKc11;SAMOA;TZS;34043758.68752321
DKc11;ZAMBIA;BRL;73359.55265362652
DKc11;DJIBOUTI;ANG;7762.731296552929
DKc11;AUSTRALIA;TZS;33996639.29833632
DKc11;MYANMAR;PEN;55520.82528306939
DKc11;TAIWAN, PROVINCE OF CHINA;CAD;4855.593148286715
DKc11;FIJI;MRO;3285873.373237971
DKc11;MEXICO;GHS;38360.25525623818
DKc11;BULGARIA;LRD;211557.41481607582
DKc11;DOMINICAN REPUBLIC;LYD;66843.74786765303
DKc11;THAILAND;OMR;3388.749018867688
DKc11;MYANMAR;EUR;166.95974084842294
DKc11;AZERBAIJAN;MOP;82521.73075894726
DKc11;ROMANIA;KZT;5438845.49928296
DKc11;BERMUDA;THB;479661.69808848883
DKc11;GHANA;SEK;166955.51582322054
DKc11;SAMOA;PGK;17205.509651599794
DKc11;POLAND;CHF;9848.840998579784
CDJZZ;LIBYAN ARAB JAMAHIRIYA;MAD;54250.85417526715
CDJZZ;SOUTH AFRICA;COP;15400624.644199386
CDJZZ;AUSTRALIA;EGP;73472.17871222018
CDJZZ;CHILE;LBP;5869857.275547241
CDJZZ;GUYANA;ANG;5160.376199217364
CDJZZ;DJIBOUTI;NIO;172676.00238544727
DDGMN;MALDIVES;BSD;5699.530752111288
DDGMN;NAMIBIA;BZD;10104.734089031692
DDGMN;POLAND;MUR;202609.6991395692
DDGMN;TURKEY;HNL;189846.564783606
DDGMN;MOZAMBIQUE;BDT;324261.6741340156
DDGMN;SURINAME;MWK;6413130.929951381
DDGMN;BOTSWANA;FJD;13882.219392371357
DDGMN;MAURITIUS;BWP;14819.650323974929
DDGMN;BARBADOS;RON;16713.580474756953
DDGMN;CYPRUS;UAH;250151.28762246162
DDGMN;BAHRAIN;DZD;1006168.5572310085
DDGMN;SRI LANKA;JMD;276545.1326381492
DDGMN;UGANDA;XCD;19919.17183804457
DDGMN;QATAR;ILS;12951.900540588067
DDGMN;BRAZIL;CAD;7439.573011369881
DDGMN;DOMINICAN REPUBLIC;AWG;16118.329520344058
DDXWa;CHILE;BWP;3732.9614410384675
DDXWa;SOLOMON ISLANDS;COP;681246.9829823864
DDXWa;ROMANIA;XAF;282051.00362466107
DDXWa;POLAND;CLP;733091.7890333426
DDXWa;MOROCCO;XPF;125369.96968250978
DDXWa;MEXICO;BBD;67.31368998516437
DDXWa;BELARUS;NGN;375738.7523970376
DDXWa;IRAN (ISLAMIC REPUBLIC OF);SVC;1321.0987995261453
DDXWa;MYANMAR;PGK;23.78881594140178
DDXWa;SAMOA;RON;4356.4094877282705
DDXWa;DOMINICA;CRC;735647.6754990681
DDXWa;ZIMBABWE;IQD;345355.1330987525
DDXWa;PAPUA NEW GUINEA;BRL;1631.2215297213938
DDXWa;JAPAN;PKR;155133.66018807277
KLZc3;CHINA;MGA;429331.52551981725
KLZc3;SAUDI ARABIA;PYG;7662665.46225435
KLZc3;MAURITIUS;KYD;2064.9981047752835
KLZc3;JAPAN;CAD;1891.2058487916574
KLZc3;SYRIAN ARAB REPUBLIC;LVL;932.1766485525161
KLZc3;MACAU;VND;72242075.03479996
KLZc3;MEXICO;GTQ;5081.941130066636
KLZc3;SWEDEN;KWD;763.0901169335085
KLZc3;VANUATU;BBD;1644.5297934961968
KLZc3;DJIBOUTI;NZD;4860.507144935188
KLZc3;CZECH REPUBLIC;VES;51678.26997503025
KLZc3;UNITED ARAB EMIRATES;AZN;2624.4953000484015
KLZc3;LIBYAN ARAB JAMAHIRIYA;ZAR;14982.763737329553
KLZc3;DOMINICA;BOB;19153.681039324027
KLZc3;NEPAL;TRY;3539.711816176591
KLZc3;ANGOLA;COP;3983437.662241651
KLZc3;SINGAPORE;LVL;438.78607933957346
KLZc3;YEMEN;ZMW;43658.57569178744
KLZc3;PERU;ISK;355818.723429373
KLZc3;MALAYSIA;KYD;917.1439858450224
ABDGK;ISRAEL;BMD;4901.565301960439
ABDGK;HONG KONG;HKD;11624.117750451891
ABDGK;ICELAND;GHS;69783.43046977671
ABDGK;BRUNEI DARUSSALAM;LRD;591816.1616683945
ABDGK;BRUNEI DARUSSALAM;ALL;505313.6769460874
ABDGK;HONDURAS;GNF;31060957.748716757
ABDGK;GUINEA;HKD;1664.3523337443394
ABDGK;JAPAN;XAF;-15858.855003530507
ABDGK;PARAGUAY;BWP;29551.779657611067
ABDGK;SWEDEN;SEK;24636.07687765084
ABDGK;ICELAND;BHD;58.54765004596633
ABDGK;JAMAICA;BGN;3842.877608324163
ABDGK;DOMINICA;BZD;3064.744504532325
ABDGK;EGYPT;MWK;818352.2841351746
ABDGK;MAURITANIA;KES;401310.5553846385
ABDGK;MALDIVES;BTN;316799.41866044456
ABDGK;MEXICO;XPF;192317.76549853745
ABDGK;SOUTH AFRICA;NAD;68232.0829547576
AHV33;ICELAND;SOS;1758040.0719927782
AHV33;TAIWAN, PROVINCE OF CHINA;DOP;115474.56717612837
CIJVW;SAMOA;SVC;87415.61742928364
CIJVW;LEBANON;CLP;8317199.018204305
CIJVW;LAO PEOPLE'S DEMOCRATIC REP;PES;189227.96004824102
CIJVW;DOMINICAN REPUBLIC;VES;10906.159179563017
CIJVW;COSTA RICA;ARS;1789186.0819306998
CIJVW;CANADA;JMD;1273420.7257017673
CIJVW;LIBERIA;ANG;1987.2302410084376
CIJVW;GUINEA;NIO;454678.2914404513
CIJVW;LATVIA;PEN;15633.902473423968
CIJVW;BRUNEI DARUSSALAM;TOP;930.2865489492217
AFGM2;KAZAKHSTAN;TND;13633.59651288394
AFGM2;CYPRUS;LVL;3428.2998990363885
AFGM2;PAPUA NEW GUINEA;SOS;1187711.7857236173
AFGM2;HUNGARY;SLL;24518932.293042954
AFGM2;TAIWAN, PROVINCE OF CHINA;PGK;2005.7239329722122
AFGM2;ALGERIA;ZMW;50005.71131798744
AFGM2;SURINAME;GNF;28057021.106721815
NZbc1;GHANA;EGP;1773.9078252496206
NZbc1;BELIZE;RSD;347105.2014899391
NZbc1;COLOMBIA;BMD;98.63946309220206
NZbc1;NICARAGUA;TWD;96262.16950795904
NZbc1;DOMINICAN REPUBLIC;MUR;42096.00096633417
NZbc1;DJIBOUTI;ZMW;37910.505959528
NZbc1;ROMANIA;SAR;9637.864617213518
NZbc1;INDONESIA;SEK;4667.435879178071
NZbc1;BRAZIL;PEN;2900.066638791611
NZbc1;HAITI;ZAR;54086.78532058277
NZbc1;MACAU;HNL;5053.516487566256
NZbc1;MADAGASCAR;MYR;8389.214565063046
NZbc1;KENYA;PEN;1394.9014982735646
NZbc1;SURINAME;MWK;2112855.0189558
NZbc1;EURO;SZL;15010.032928545803
IJXW1;SWEDEN;PGK;1448.9404820011023
IJXW1;PERU;ZWL;58200.956602255465
IJXW1;SOMALIA;KHR;1626609.3916399737
IJXW1;MADAGASCAR;DJF;36014.37117021893
IJXW1;MEXICO;SEK;975.5336229107851
IJXW1;BURUNDI;MAD;3334.4878538423873
IJXW1;JORDAN;NIO;17697.621617528104
IJXW1;JAPAN;TRY;2627.029456992179
IJXW1;POLAND;XCD;552.0647006936366
IJXW1;SRI LANKA;HRK;2189.426949094081
IJXW1;LATVIA;MYR;1306.6110418582748
DHJXa;DOMINICA;TTD;4752.898697649752
DHJXa;ARGENTINA;COP;7643309.624637283
DHJXa;PERU;JMD;34333.83296124555
DHJXa;DOMINICA;GBP;1885.8932106853952
DHJXa;LIBYAN ARAB JAMAHIRIYA;IQD;1505775.230537423
EKLX3;BRUNEI DARUSSALAM;MUR;116079.64135141332
EKLX3;KUWAIT;OMR;1585.7480936967231
EKLX3;SOMALIA;CVE;179777.4449959515
EKLX3;ANGOLA;NPR;666178.3075946121
EKLX3;PAKISTAN;SDG;1451142.0679235607
EKLX3;VIET NAM;SAR;12333.673896744556
EKLX3;SOUTH AFRICA;MXN;125034.5228689971
EKLX3;KUWAIT;VUV;108302.3257063196
EKLX3;BRAZIL;DKK;45900.7882864565
EKLX3;TUNISIA;PKR;503221.96484812815
EKLX3;BRUNEI DARUSSALAM;STD;16448707.977842836
EKLX3;ALGERIA;EGP;50561.99790336963
EKLX3;FRENCH POLYNESIA;BIF;1775700.2962648936
EKLX3;DENMARK;CZK;33801.73249187306
EKLX3;UKRAINE;COP;16326883.604662979
LXXZ2;GUATEMALA;NIO;28281.943065239026
LXXZ2;SOUTH AFRICA;HUF;295117.7561858282
LXXZ2;SUDAN;HTG;759343.8829174694
LXXZ2;TUNISIA;NPR;40329.05596020223
LXXZ2;PHILIPPINES;GMD;60416.53493051401
LXXZ2;ISRAEL;MAD;38689.45938991494
LXXZ2;SAMOA;BYR;88019397.72973903
LXXZ2;CHINA;JPY;562795.2346350899
LXXZ2;PERU;UGX;8395291.817122258
LXXZ2;DOMINICA;LRD;456736.8350323795
LXXZ2;PERU;LKR;1247777.324862943
LXXZ2;CROATIA;MZN;120053.12386290685
LXXZ2;TAIWAN, PROVINCE OF CHINA;RUB;396646.80391798104
DDLXZ;OMAN;ISK;3403705.163764721
DDLXZ;BHUTAN;BZD;27214.21431567829
DDLXZ;BRAZIL;ANG;62224.62920092716
AGb13;ETHIOPIA;DJF;274825.8907339488
AGb13;QATAR;XAF;1678729.442631709
AGb13;MADAGASCAR;HTG;327590.71941792703
AGb13;MACAU;IQD;3713433.8673713426
AGb13;INDONESIA;PYG;13771178.402908811
AGb13;BELARUS;RON;9056.826529940576
FFWb1;HAITI;ETB;173546.18449585774
FFWb1;BAHRAIN;EUR;2835.496255946512
FFWb1;DENMARK;LAK;101135111.83677831
FFWb1;BRUNEI DARUSSALAM;AZN;5148.859198865441
FFWb1;TONGA;ISK;268288.102167278
FFWb1;TRINIDAD AND TOBAGO;AZN;9318.353053972225
FFWb1;MAURITANIA;TOP;17029.465356383138
FFWb1;JORDAN;PYG;3418480.0878552445
FFWb1;CHINA;DZD;124397.49441890822
FFWb1;NETHERLANDS ANTILLES;LAK;1408874.81662816
FFWb1;SOLOMON ISLANDS;PHP;309793.16875009274
FFWb1;ZAMBIA;LBP;7071681.531589881
VZc33;CENTRAL AFRICAN REPUBLIC;MUR;624711.4359211711
VZc33;ETHIOPIA;QAR;14516.874240236846
VZc33;DOMINICAN REPUBLIC;HUF;11937390.281071946
VZc33;SOUTH AFRICA;IQD;21109868.341219462
VZc33;SURINAME;PLN;36635.80076738812
VZc33;YEMEN;LKR;1870479.2227337235
VZc33;HAITI;CNY;180511.97399049866
VZc33;FRENCH POLYNESIA;CRC;13181365.181405887
VZc33;SWITZERLAND;NOK;30443.80742300296
VZc33;HAITI;TRY;392085.12430893263
VZc33;NORWAY;MGA;80565167.77015933
VZc33;SRI LANKA;ILS;57521.722025282405
VZc33;QATAR;BBD;48218.23270419979
VZc33;CAPE VERDE;CAD;37270.30619487198
VZc33;RWANDA;RON;93517.35613784581
VZc33;JAPAN;CZK;331001.5761396631
VZc33;SAMOA;BND;4906.6412140125
VZc33;CHILE;BOB;47517.54608341862
AAFLM;CAPE VERDE;CNY;14761.66588783263
AAFLM;SOMALIA;GTQ;358.2721766919931
AAFLM;TOGO;BDT;153096.19521231294
AAFLM;SUDAN;MGA;8003669.7925069975
AAFLM;LATVIA;CVE;187468.9124294433
AAFLM;ARGENTINA;SBD;2628.0476216336447
AAFLM;BANGLADESH;TWD;759.1396420506496
AAFLM;SINGAPORE;ALL;233996.43820123558
AAFLM;PARAGUAY;MUR;67303.73411087465
AAFLM;IRAQ;PHP;82116.20357684995
AAFLM;IRAQ;KYD;779.422915426641
AAFLM;UNITED ARAB EMIRATES;PYG;15874825.666935904
AAFLM;CYPRUS;PGK;1508.3803220128052
AAFLM;ARGENTINA;OMR;316.3473868717544
AAFLM;KENYA;CYP;621.5117227152566
AAFLM;TONGA;AOA;73470.56153852904
AAFLM;PARAGUAY;NPR;211068.15304945866
DHKM2;EL SALVADOR;GYD;223210.00842784514
DHKM2;UNITED ARAB EMIRATES;CAD;414.1744969691126
DHKM2;MALDIVES;PES;219843.8779926182
DHKM2;DOMINICA;NZD;716.605795935202
KXcc3;NEW ZEALAND;PGK;17854.538666098088
KXcc3;MOZAMBIQUE;PLN;83686.214355941
KXcc3;MYANMAR;RUB;592175.2263801134
KXcc3;MOROCCO;UYU;443955.7282989765
KXcc3;BRAZIL;NZD;9098.224061627623
KXcc3;BRUNEI DARUSSALAM;VUV;712638.6117265256
KXcc3;OMAN;DKK;68347.31316290163
KXcc3;GUYANA;GHS;196006.5719146235
KXcc3;SINGAPORE;SZL;94334.30342382363
KXcc3;DENMARK;OMR;4168.686491213213
KXcc3;PERU;CYP;9672.31516154636
KXcc3;KENYA;SRD;24303.71148131795
KXcc3;NEW ZEALAND;ZWL;3634063.686650473
KXcc3;SINGAPORE;STD;203522869.79914758
KXcc3;PANAMA;ILS;33517.37471211643
KXcc3;CHILE;MGA;47320642.97720424
KXcc3;SEYCHELLES;DZD;1629573.519539233
KXcc3;NEPAL;BBD;-456.49841732275337
KXcc3;HAITI;CVE;845393.5967073664
GYZb1;BELARUS;CVE;402911.1954496883
GYZb1;SRI LANKA;KES;1601492.1447940993
GYZb1;JAPAN;PYG;85528500.25482637
GYZb1;SERBIA;JOD;2023.901836531778
GYZb1;TONGA;BHD;1766.276454157624
GYZb1;KUWAIT;BRL;36157.28684095248
GYZb1;DENMARK;KZT;2111229.726470771
GYZb1;BAHRAIN;CZK;89103.05449717295
GYZb1;SEYCHELLES;HTG;694194.2329093615
GYZb1;SERBIA;HTG;309236.7902510047
GYZb1;ISRAEL;AOA;10902.54943775665
GYZb1;BAHAMAS;MWK;9978042.536204377
GYZb1;KOREA, REPUBLIC OF;KWD;1561.284131457864
GYZb1;DENMARK;GYD;2573022.020468151
GYZb1;KUWAIT;YER;2171230.762379322
GYZb1;BAHRAIN;SZL;191044.3424496412
FGLZ3;ICELAND;SLL;24401936.583078846
FGLZ3;BRAZIL;LBP;6431865.698579798
FGLZ3;SWITZERLAND;EGP;357451.77056109475
FGLZ3;TURKEY;PKR;2189762.241534797
FGLZ3;YEMEN;LYD;2238.320842621604
FGLZ3;BAHRAIN;BZD;6814.709409330084
FGLZ3;NEPAL;CNY;80780.38750106319
FGLZ3;CAYMAN ISLANDS;ISK;643100.7571722716
