Client;Country;Currency;Transaction
ACK33;CANADA;XCD;19402.428263884143
ACK33;EGYPT;GBP;18284.68161411517
ACK33;ZAMBIA;SBD;191881.7525983927
ACK33;INDIA;BMD;9079.794516960708
ACK33;SOMALIA;WST;19369.80541431025
ACK33;RUSSIAN FEDERATION;IRR;639366139.0616286
ACK33;LEBANON;JPY;555507.0338031168
ACK33;MOZAMBIQUE;AOA;7885526.862482087
ACK33;LATVIA;MVR;402308.225876267
ACK33;UNITED ARAB EMIRATES;AZN;36502.239329649245
ACK33;SEYCHELLES;LKR;-6494.503477274865
ACK33;HAITI;TTD;151576.70395680057
ACK33;INDIA;COP;95083089.84108868
ACK33;AUSTRALIA;SLL;25892305.96550726
CJVZ2;ZAMBIA;CRC;4643924.9858845705
CJVZ2;BAHAMAS;NGN;1258393.2415303336
CJVZ2;ARUBA;ALL;296193.36284826824
CJVZ2;BELARUS;TND;4862.998630313741
CJVZ2;GHANA;QAR;21515.169585588013
CJVZ2;ANGOLA;MMK;6742349.280443095
CJVZ2;PAPUA NEW GUINEA;SZL;90515.17754805053
CJVZ2;BURUNDI;TWD;198168.67375534328
CJVZ2;VIET NAM;LAK;29344114.31417088
CJVZ2;TONGA;TWD;173895.72834106904
CJVZ2;FIJI;BOB;46832.749729292766
CJVZ2;FRENCH POLYNESIA;AED;27674.54645367377
CJVZ2;YEMEN;YER;1019940.3006680126
CJVZ2;MADAGASCAR;NGN;153773.0396293218
CJVZ2;BOLIVIA;JMD;1039285.7188309721
CJVZ2;ETHIOPIA;XPF;350496.8931318211
CJVZ2;SWITZERLAND;NGN;839731.5206603457
CDILL;PERU;JOD;650.5273806273287
CDILL;HAITI;AED;4200.395201495068
CDILL;RUSSIAN FEDERATION;BOB;614.4277201213295
CDILL;ICELAND;AWG;1967.7957971397566
CDILL;JAMAICA;MVR;10676.57577209317
CDILL;SUDAN;DKK;8497.395263736467
CDILL;DJIBOUTI;HRK;6135.992257285331
CDILL;FRENCH POLYNESIA;AUD;912.1719792345056
CDILL;SRI LANKA;ETB;4148.675565500171
CDILL;MAURITANIA;PES;29388.156857767797
CDILL;SINGAPORE;KRW;1643483.533284786
CDILL;PANAMA;CZK;9484.257529019793
CDILL;GAMBIA;LYD;5394.609945375511
CDILL;GUINEA;AED;1490.3436300411856
CDILL;BAHAMAS;UGX;919379.6279305003
CDILL;SERBIA;BTN;52918.08990026419
CDILL;COSTA RICA;PHP;38882.11382589962
CDILL;KUWAIT;KRW;910433.6462768906
FNVV3;RWANDA;CYP;444.91429615150764
FNVV3;SWAZILAND;EGP;25684.623103751914
FNVV3;MEXICO;TWD;87852.36262383511
FNVV3;NIGERIA;ZAR;70262.39412898662
FNVV3;SIERRA LEONE;ZWL;1380682.6162939323
FNVV3;TOGO;KWD;318.30105063711017
FNVV3;EGYPT;BSD;1770.2994775117807
FNVV3;COSTA RICA;TND;7392.962375779628
FNVV3;NICARAGUA;RSD;97607.92628998803
FNVV3;TAIWAN, PROVINCE OF CHINA;LBP;2729677.4033430754
FNVV3;ROMANIA;GHS;2458.657495741664
FNVV3;BHUTAN;AWG;6319.209998366929
FNVV3;BARBADOS;BYR;71348671.20594804
FNVV3;CHINA;GBP;2362.7860972363546
FNVV3;SYRIAN ARAB REPUBLIC;CLP;2158378.269383882
FNVV3;MAURITANIA;AOA;1846098.0916665161
DHJL2;NEPAL;JPY;1283862.87113601
DHJL2;TUNISIA;GYD;1760469.0003216574
DHJL2;MACAU;DKK;38774.72001089328
DHJL2;KOREA, REPUBLIC OF;SBD;85890.88066152256
DHJL2;LEBANON;STD;167266564.14730066
DHJL2;UNITED KINGDOM;BSD;5319.783812855436
DHJL2;SRI LANKA;BGN;8845.1255344698
DHJL2;MOROCCO;AUD;18048.445647961984
DHJL2;CAYMAN ISLANDS;NIO;295487.2260559575
DHJL2;MOROCCO;GYD;1434486.634124037
DHJL2;KUWAIT;AED;10519.087884919001
DHJL2;MOZAMBIQUE;CNY;80677.1526650477
DHJL2;UNITED ARAB EMIRATES;SCR;165574.57037081307
DHJL2;COLOMBIA;JOD;6889.090613616963
CEM22;VANUATU;KRW;1041577.2263798694
CEM22;SURINAME;GNF;9638001.935138574
CEM22;DOMINICA;CAD;58.96684605175008
CEM22;CHINA;CZK;14505.67022842926
CEM22;DOMINICA;MAD;2768.6669981246146
CEM22;LIBERIA;INR;38968.54262008647
CLXc2;ARUBA;MMK;23885454.886847697
CLXc2;NEW ZEALAND;KRW;6349795.603418477
CLXc2;BRAZIL;LYD;25739.479221169197
CLXc2;MOZAMBIQUE;MOP;76103.17866408147
AGZZ3;RWANDA;BWP;157289.71816767807
CJJLW;GUYANA;GHS;16422.928796902048
CJJLW;ARGENTINA;ZMW;24001.445455740308
CJJLW;SWAZILAND;DKK;27043.212895634388
CJJLW;CAYMAN ISLANDS;GTQ;24282.8716702031
CJJLW;INDONESIA;ZMW;74765.86631312285
CJJLW;CHINA;GBP;915.663377586887
CJJLW;CYPRUS;SEK;3925.385371515031
CJJLW;HUNGARY;UGX;17030562.312503103
CJJLW;PERU;STD;55656418.07077346
CJJLW;BHUTAN;VND;89110773.2992026
CJJLW;EGYPT;ZWL;341772.1308600576
CJJLW;BULGARIA;SEK;25287.803390554986
CJJLW;TURKEY;AUD;2742.1730624419433
CJJLW;BURUNDI;SGD;6917.211692034621
CJJLW;BAHRAIN;COP;21078103.158082407
MXcc3;UNITED KINGDOM;ISK;6290673.661006382
MXcc3;INDIA;MWK;9994321.448278334
MXcc3;THAILAND;AUD;64763.76003483377
MXcc3;CZECH REPUBLIC;PLN;32088.19605177393
MXcc3;DOMINICAN REPUBLIC;ETB;3515658.466441566
MXcc3;SOLOMON ISLANDS;LAK;2018094668.7503347
MXcc3;HONG KONG;CAD;16935.44387810344
MXcc3;BRUNEI DARUSSALAM;CAD;130782.17393173176
MXcc3;SIERRA LEONE;NZD;111970.05680854121
MXcc3;BAHAMAS;TTD;531998.0494975913
MXcc3;NAMIBIA;HKD;166120.71011725988
MXcc3;SURINAME;BIF;148173586.49806833
MXcc3;VANUATU;QAR;179018.0683292951
MXcc3;QATAR;PES;13189968.289335795
LMMb2;FIJI;MOP;6153.749691871006
LMMb2;ALGERIA;MVR;75408.30535825498
LMMb2;JORDAN;BZD;4975.15991222951
LMMb2;ZAMBIA;PHP;31465.74085565341
LMMb2;PANAMA;KZT;1522252.995643838
LMMb2;CYPRUS;JOD;1464.5230036425364
LMMb2;ISRAEL;ETB;177977.81879386294
LMMb2;DOMINICAN REPUBLIC;NGN;1373339.080461475
LMMb2;UNITED KINGDOM;SBD;19155.465265280272
LMMb2;SERBIA;NPR;444439.70656595303
LMMb2;PANAMA;COP;21176133.56363961
LMMb2;BRUNEI DARUSSALAM;SZL;59594.75242375291
LMMb2;OMAN;YER;14549.053713606248
LMMb2;URUGUAY;PKR;834812.2501468338
LMMb2;CZECH REPUBLIC;SAR;1057.520698952798
LMMb2;SRI LANKA;EUR;2136.201080047492
BVVc2;NICARAGUA;IQD;1548944.601624085
BVVc2;EGYPT;AED;6010.9239849028445
BVVc2;ALGERIA;DKK;11783.331486339153
BVVc2;HONG KONG;ZMW;32208.727262729117
BVVc2;POLAND;COP;13868982.61391461
BVVc2;SOLOMON ISLANDS;SCR;75.99571234979291
BVVc2;ZAMBIA;ARS;149031.04699806482
BVVc2;HONDURAS;RSD;134499.43686617902
BVVc2;SWITZERLAND;AZN;5351.86667590107
BVVc2;SWEDEN;SRD;99673.91132691746
BVVc2;BULGARIA;PGK;5587.135919400017
BVVc2;HUNGARY;RUB;1558.5217421909008
BVVc2;BOTSWANA;RUB;139331.84375186655
BDIW2;KOREA, REPUBLIC OF;SVC;10838.832709287015
BDIW2;AUSTRALIA;RON;23558.06975175056
BDIW2;HONG KONG;SBD;19394.097870205987
BDIW2;MOZAMBIQUE;LYD;26228.542393586507
BDIW2;SIERRA LEONE;STD;33550645.66462461
BDIW2;BOLIVIA;GHS;49256.93533097242
BDIW2;CZECH REPUBLIC;LRD;262951.04082178656
BDIW2;COLOMBIA;OMR;2610.6690863002414
BDIW2;MAURITANIA;MVR;105526.39231732723
BDIW2;CAMBODIA;XPF;639974.0159878281
BDIW2;ZIMBABWE;MGA;6600941.544466026
BDIW2;BRUNEI DARUSSALAM;SAR;20337.658205623986
BDIW2;SYRIAN ARAB REPUBLIC;LRD;826542.4075021342
BDIW2;POLAND;INR;517801.4567395325
BDIW2;TONGA;KHR;28901480.460414607
BDIW2;MACAU;MUR;233528.6846415586
FVWbc;UNITED KINGDOM;SBD;136829.32881474218
FVWbc;PERU;ARS;5730772.0656080255
JJLNc;MALAWI;KES;172913.55340771945
JJLNc;GHANA;BHD;78.45590908836523
JJLNc;BELARUS;AZN;1306.8007403816848
JJLNc;SYRIAN ARAB REPUBLIC;RUB;51212.32297419007
JJLNc;SRI LANKA;AUD;792.0808779623524
JJLNc;ZIMBABWE;TRY;629.751067884348
JJLNc;TURKEY;MZN;28166.815876943572
JJLNc;MYANMAR;BMD;1061.8676529583097
JJLNc;PHILIPPINES;UAH;30337.18049468719
JJLNc;SYRIAN ARAB REPUBLIC;MWK;782729.5700260514
JJLNc;LATVIA;GTQ;11344.04199802807
JJLNc;ALBANIA;PHP;11550.47446721376
JJLNc;BRAZIL;BSD;1411.1684369135387
JJLNc;GAMBIA;KHR;2261307.913562366
JJLNc;BANGLADESH;PAB;441.33716585480056
JJLNc;BOLIVIA;MGA;6007505.711979764
JJLNc;MALDIVES;ALL;39645.441882238665
AGNVc;AUSTRALIA;UGX;187767010.5268081
AGNVc;MACAU;GNF;222840324.8085554
AGNVc;BULGARIA;QAR;21618.12327505791
AGNVc;DENMARK;NGN;3766784.1631135363
AGNVc;COSTA RICA;RSD;4450844.9187779995
AGNVc;SUDAN;CRC;8036471.468936203
AGNVc;HUNGARY;THB;994816.273183734
AGNVc;SERBIA;SYP;10965885.81290705
AGNVc;SIERRA LEONE;CVE;2816605.8769044764
AGNVc;NORWAY;TOP;83119.92692781161
AGNVc;ARUBA;BGN;52637.68555815873
AGNVc;NIGERIA;IDR;752745554.8317927
AGNVc;LIBYAN ARAB JAMAHIRIYA;KHR;181506330.67905384
AGNVc;MOROCCO;KYD;44305.233013976125
AGNVc;MOZAMBIQUE;HTG;5652168.027648974
AGNVc;BRUNEI DARUSSALAM;XAF;30832427.741972674
AGNVc;BELIZE;IQD;48692836.64062436
AGNVc;TAIWAN, PROVINCE OF CHINA;AZN;55164.399276519325
AGNVc;SAMOA;LAK;507052160.6039975
AGNVc;ANGOLA;MXN;708966.2714969474
AHIIc;BRAZIL;KYD;1198.0876826576873
AHIIc;GUINEA;LKR;345050.2229881271
AHIIc;NEPAL;ISK;122061.37300466509
AHIIc;ZIMBABWE;TOP;3541.246765908646
AHIIc;PAKISTAN;HNL;19476.959598804555
AHIIc;NETHERLANDS ANTILLES;GTQ;3241.3546911976982
AHIIc;MEXICO;VND;9266018.490081048
AHIIc;TANZANIA, UNITED REPUBLIC OF;JPY;210836.87272047083
AHIIc;ARUBA;LYD;3621.2483152439454
AHIIc;COLOMBIA;AED;4826.325333810902
AHIIc;LEBANON;KZT;694101.9960884207
AHIIc;VENEZUELA;WST;1589.2783553954876
AHIIc;ICELAND;VES;25238.922545050118
AHIIc;SWITZERLAND;PAB;538.9088325693943
ILLXb;AUSTRALIA;CNY;131710.51069998887
ILLXb;TANZANIA, UNITED REPUBLIC OF;BIF;55613085.02234249
ILLXb;NAMIBIA;NAD;3327.6900885141504
ILLXb;CHILE;NPR;584390.6405699454
ILLXb;LATVIA;HUF;9429583.291370688
ILLXb;COLOMBIA;MAD;297221.32802716224
ILLXb;BERMUDA;SYP;1539664.5389221688
ILLXb;SOUTH AFRICA;SBD;85736.85154613349
ILLXb;LIBERIA;VUV;883253.7837972367
ILLXb;UGANDA;KES;1775451.6559786445
ILLXb;CHILE;TZS;58766098.538269274
ILLXb;LEBANON;ETB;111147.70465220987
ILLXb;EGYPT;KZT;6550917.770948322
ABFHY;GUYANA;SYP;475438.9464485424
HHLMc;LIBYAN ARAB JAMAHIRIYA;UAH;2361.085454351554
HHLMc;SURINAME;SRD;10937.01249205363
HHLMc;BULGARIA;CVE;57017.86312850902
HHLMc;SWITZERLAND;GTQ;1277.3193966319373
AAEHV;MALAWI;BYR;70325578.15975878
AAEHV;VIET NAM;CNY;82664.76473420644
AAEHV;SINGAPORE;BZD;52153.744870974624
AAEHV;RUSSIAN FEDERATION;BSD;44077.97187655755
AAEHV;BOTSWANA;ANG;15447.204844425536
FLb13;JAPAN;KWD;1717.176347162982
FLb13;LIBYAN ARAB JAMAHIRIYA;PHP;278119.4245955188
FLb13;ISRAEL;MGA;23896979.185504798
FLb13;INDIA;KYD;6501.767760665766
FLb13;CHILE;BIF;10906100.077927658
FLb13;EURO;DZD;1018563.7310540125
FLb13;SEYCHELLES;MWK;8281803.5667514345
FLb13;DOMINICA;BYR;266811254.4933566
FLb13;CANADA;BGN;19522.563825261605
FLb13;LIBYAN ARAB JAMAHIRIYA;SLL;115676401.08398665
FLb13;NIGERIA;HNL;63961.10504991473
FLb13;RWANDA;SCR;126230.41210483048
FLb13;TUNISIA;ISK;1177963.7335745448
FLb13;ANGOLA;RON;17262.723946054964
FLb13;BANGLADESH;CZK;87198.7340318041
FLb13;NEPAL;NGN;889393.7244339572
FLb13;ROMANIA;JOD;2747.8455291353744
FLb13;DENMARK;PES;968892.2514595146
FLb13;KUWAIT;MUR;137729.71187504832
IJJKa;SAUDI ARABIA;RSD;761208.4739898007
IJJKa;LEBANON;BWP;131028.79676486945
IJJKa;BRAZIL;IQD;42529052.61171205
IJJKa;COSTA RICA;MYR;127442.13117633472
IJJKa;BURUNDI;PES;2072254.322712341
IJJKa;BRUNEI DARUSSALAM;SGD;3587.4119674620733
IJJKa;BARBADOS;ALL;791543.8568946498
IJJKa;ROMANIA;TND;3498.1368378929474
EJVab;IRAQ;PHP;334411.80298293044
EJVab;ARGENTINA;LVL;1411.8592405223558
EJVab;BELIZE;PHP;381127.54963860527
EJVab;ANGOLA;ETB;376257.1271971083
EJVab;MAURITIUS;VES;116823.36249933852
EJVab;EURO;BBD;1503.8264568520688
EJVab;PANAMA;BIF;7750531.79238072
EJVab;VIET NAM;SDG;1570488.5203467917
EJVab;RUSSIAN FEDERATION;JOD;6026.228208353372
EJVab;SERBIA;OMR;1329.4055027164754
EJVab;NETHERLANDS ANTILLES;JOD;2546.6487407685795
EJVab;GUATEMALA;ZWL;5650262.53240807
EJVab;KENYA;TRY;138654.66758003767
EJVab;SIERRA LEONE;PYG;23817465.869217813
EJVab;IRAQ;FJD;6903.38338931866
EJVab;BANGLADESH;SYP;1115007.4049592877
EJVab;NEPAL;GTQ;27669.10932994285
EJVab;PERU;RUB;427693.48776178795
EFKbb;LAO PEOPLE'S DEMOCRATIC REP;TOP;47519.251553650356
EFKbb;CYPRUS;MGA;87066705.0616666
EFKbb;CENTRAL AFRICAN REPUBLIC;MGA;27332735.81637202
EFKbb;NEPAL;BZD;26411.84234271228
EFKbb;ALGERIA;SEK;77214.26644382034
EFKbb;TONGA;HTG;3746180.4433494927
EFKbb;LAO PEOPLE'S DEMOCRATIC REP;LBP;29536394.59730077
EFKbb;LATVIA;YER;7195944.854954783
EFKbb;SIERRA LEONE;XOF;14525985.045080055
EFKbb;DOMINICAN REPUBLIC;KZT;9223151.88326173
EFKbb;SOUTH AFRICA;MWK;27909642.00443523
EFKbb;SURINAME;UGX;90770009.45259161
EFKbb;DOMINICA;GTQ;184527.87260339674
EFKbb;DOMINICA;THB;528793.0888905218
EFKbb;EL SALVADOR;IRR;195078540.0904187
EFKbb;GHANA;PGK;39028.273204449084
EFKbb;ALBANIA;VUV;3483636.5859149415
EFKbb;JORDAN;PES;3883603.558929479
EFKbb;GUATEMALA;MWK;23811685.073977288
EFKbb;BANGLADESH;LVL;7688.807778519838
FHHZa;LATVIA;XAF;7679927.58201376
FHHZa;DENMARK;BYR;103150602.80332586
FHHZa;URUGUAY;ZWL;3095102.358379666
FHHZa;LEBANON;COP;32875197.019881036
KLNNV;ICELAND;ISK;1573068.3114612086
KLNNV;MALDIVES;JOD;4896.007131973238
EXY13;ROMANIA;MOP;57058.044951825555
EXY13;SYRIAN ARAB REPUBLIC;QAR;10116.986940092123
EXY13;VANUATU;COP;25883177.223732498
EXY13;MAURITANIA;TTD;6547.605826577996
EXY13;PERU;NIO;323959.70709796366
EXY13;UGANDA;PEN;40966.11794049285
EXY13;JORDAN;ALL;1076499.2158375382
EXY13;SWITZERLAND;IQD;7630063.696214973
EXY13;ANGOLA;CRC;3939426.175134089
EXY13;SIERRA LEONE;KZT;4863700.586333195
EXY13;IRAQ;ALL;215226.17761897863
EXY13;QATAR;MOP;79960.71412274145
EXY13;GAMBIA;UAH;192255.95319136442
EXY13;SOUTH AFRICA;VUV;105671.30325171797
EXY13;BELIZE;CRC;4087416.586633474
EXY13;BHUTAN;AUD;781.4084221663459
EXY13;SWITZERLAND;LKR;3392475.4445793927
EXY13;LEBANON;ISK;516269.28486689785
EXY13;ARUBA;INR;501257.8744466072
EXY13;SOLOMON ISLANDS;RSD;1229890.7875949878
KVVYZ;ALBANIA;SOS;198418.21931243667
KVVYZ;URUGUAY;ILS;5962.5663910180165
KVVYZ;SOUTH AFRICA;BYR;34668613.68947876
KVVYZ;BRAZIL;AZN;3015.6670926675456
KVVYZ;BULGARIA;SAR;5892.819567647586
KVVYZ;RWANDA;BIF;3793569.381793629
KVVYZ;SURINAME;HRK;10704.775761977044
KVVYZ;BOTSWANA;RWF;801373.0497274062
KVVYZ;CENTRAL AFRICAN REPUBLIC;AED;2282.8747016924226
KVVYZ;TUNISIA;KYD;161.57228046754946
KVVYZ;SINGAPORE;AED;5661.163887822668
KVVYZ;LAO PEOPLE'S DEMOCRATIC REP;QAR;563.2515090631791
KVVYZ;PAPUA NEW GUINEA;BYR;25939836.8425251
KVVYZ;URUGUAY;BND;715.7705938632145
KVVYZ;VIET NAM;MVR;23050.09981539755
KVVYZ;DOMINICAN REPUBLIC;AUD;2543.689596294247
KVVYZ;MALDIVES;CNY;11667.489563158886
KVVYZ;DOMINICA;DZD;164692.8044263329
KVVYZ;URUGUAY;BSD;-14.156084763333073
KVVYZ;TANZANIA, UNITED REPUBLIC OF;BDT;156445.68844417273
ADJLa;VIET NAM;SCR;68741.7120344368
ADJLa;SAUDI ARABIA;PKR;1381226.1527321038
ADJLa;DOMINICAN REPUBLIC;LVL;1579.7692945691158
ADJLa;TURKEY;SGD;10520.232753200336
ADJLa;CANADA;DOP;417818.6025464216
ADJLa;INDIA;ZMW;121132.35666517097
ADJLa;BOTSWANA;HRK;11063.741308864233
ADJLa;MALDIVES;MVR;20598.516785074036
ADJLa;MALAYSIA;TTD;60383.1561407934
ADJLa;HONG KONG;GNF;8994.66276285259
ADJLa;EURO;TZS;20961056.02916672
ADJLa;EURO;INR;323624.37123997835
ADJLa;SWEDEN;KYD;7126.937082287708
ADJLa;TURKEY;ILS;6859.928258035005
ADJLa;BERMUDA;STD;51980939.08141529
ADJLa;GHANA;TOP;24331.681512665862
ADJLa;ZAMBIA;ALL;142455.9213515139
ADJLa;HAITI;WST;8011.390446017289
JJMb2;PERU;FJD;182.3642690874878
JJMb2;ALGERIA;DOP;4716.330532552155
JJMb2;EURO;ALL;4596.269031179757
JJMb2;BAHRAIN;ZAR;999.1569218285011
BCMXb;HUNGARY;RON;3288.1317740896643
BCMXb;SOUTH AFRICA;GNF;63986989.794734016
BCMXb;BHUTAN;MRO;2603121.252394621
BCMXb;NEPAL;KES;682466.2806377115
BCMXb;ISRAEL;ZMW;282562.0672021407
BCMXb;COSTA RICA;SOS;9636654.840008663
BCMXb;GUATEMALA;VND;471051658.6569065
BCMXb;LAO PEOPLE'S DEMOCRATIC REP;GHS;4543.03620156639
BCMXb;AUSTRALIA;LAK;172191506.91995674
BCMXb;BANGLADESH;MXN;111822.51176707637
GKYZZ;VENEZUELA;LBP;3284490.027656307
GGWa1;GUATEMALA;MGA;6733485.551885975
GGWa1;VIET NAM;GBP;420.6509063415486
GIW23;NIGERIA;BBD;15699.696185621378
GIW23;CENTRAL AFRICAN REPUBLIC;ANG;445.8037029242937
GIW23;BARBADOS;THB;636065.4261833935
GIW23;ETHIOPIA;EGP;253577.66311215045
GIW23;BERMUDA;UGX;8752537.287428696
GIW23;TUNISIA;KYD;9247.923096801416
GIW23;NORWAY;TWD;265260.32349585625
GIW23;SAO TOME AND PRINCIPE;YER;1292301.8250129842
GIW23;KENYA;IQD;24852894.59595016
GIW23;CAPE VERDE;MRO;8797285.562226137
GIW23;KENYA;MWK;16813504.823381785
GIW23;BOLIVIA;OMR;7131.456603428613
GIW23;PARAGUAY;CVE;1892870.904481308
GIW23;NICARAGUA;BSD;20894.552256619412
GIW23;SAUDI ARABIA;NAD;221620.46729177062
GIW23;URUGUAY;AZN;26174.34096747088
GIW23;PARAGUAY;MGA;33841720.86914522
ALXc2;BOTSWANA;TTD;915.1436213295698
ALXc2;SUDAN;IRR;57211825.82977123
ALXc2;HAITI;BMD;423.6911015259566
ALXc2;LIBERIA;AUD;1764.2007613858632
ALXc2;SEYCHELLES;YER;110756.62978073698
EHLYc;KENYA;XCD;1630.5643581365343
EHLYc;URUGUAY;INR;18440.443411596432
EHLYc;BRUNEI DARUSSALAM;DOP;65329.46487157865
EHLYc;JAMAICA;NPR;194925.12813232612
EHLYc;LIBYAN ARAB JAMAHIRIYA;RWF;1731393.1994801827
EHLYc;SOLOMON ISLANDS;JMD;176958.75448138866
EHLYc;JAMAICA;BBD;987.0912370533142
EHLYc;MALAWI;MMK;3356460.743736052
EHLYc;MALDIVES;BIF;660268.9724676373
EHLYc;AUSTRALIA;MWK;887362.8919307692
EHLYc;HUNGARY;IQD;1767697.5475062965
EHLYc;MOROCCO;TZS;3071052.6917385566
EHLYc;CYPRUS;OMR;118.38562373029275
EHLYc;JORDAN;AED;5872.617283757943
FGVWc;THAILAND;SOS;5349390.671025424
FGVWc;ROMANIA;CZK;58378.51520775484
FGVWc;VANUATU;COP;39650579.99446095
FGVWc;CAMBODIA;SLL;235974934.64861572
FGVWc;BULGARIA;LVL;3428.632470926585
FGVWc;EL SALVADOR;AOA;5204808.518505326
FGVWc;KAZAKHSTAN;VES;187800.11907937654
FGVWc;LIBYAN ARAB JAMAHIRIYA;BDT;1512166.1452161465
FGVWc;NORWAY;LVL;9498.165590748404
FGVWc;DOMINICAN REPUBLIC;CAD;12865.605835096007
FGVWc;NICARAGUA;SDG;3551664.153815709
FGVWc;SERBIA;ARS;1480993.1602938164
FGVWc;UNITED ARAB EMIRATES;CRC;3307146.5812050956
FGVWc;SERBIA;IQD;14824247.550368236
FGVWc;MADAGASCAR;NZD;20434.002330647454
FGVWc;BARBADOS;PEN;-201.55973944761723
FGVWc;HONG KONG;LBP;22776606.65399344
FGVWc;KENYA;CHF;7516.4933531416855
BFFIM;COLOMBIA;NOK;63468.81366143437
BFFIM;AZERBAIJAN;BND;4469.562636166599
BFFIM;COSTA RICA;PLN;32861.81846817021
BFFIM;CAYMAN ISLANDS;BIF;-93925.14817351103
BFFIM;DJIBOUTI;BND;10173.101177336812
BFFIM;THAILAND;ISK;918935.6045130269
BFFIM;BERMUDA;TRY;83866.80726951979
BFFIM;TOGO;ALL;17130.961082657377
BFFIM;INDONESIA;BOB;47586.59528447027
BFFIM;BOLIVIA;ZMW;74893.25626104286
AIVab;TONGA;FJD;2605.020460557007
AIVab;UGANDA;BHD;5518.655554409747
AIVab;TAIWAN, PROVINCE OF CHINA;PEN;50560.71426518602
AIVab;IRAN (ISLAMIC REPUBLIC OF);AWG;11368.454320739555
AIVab;GHANA;GHS;185774.3002321137
AIVab;TOGO;FJD;27112.98902659486
AIVab;ROMANIA;NZD;6576.978363091093
AIVab;TUNISIA;TZS;15206960.178381654
AIVab;SWAZILAND;DOP;523146.07573620044
AIVab;ISRAEL;NPR;595850.6637582983
AIVab;BELARUS;TZS;8936048.764616024
AIVab;PAKISTAN;ZWL;4761001.84105682
AIVab;URUGUAY;SBD;54271.788805526914
AIVab;HONG KONG;NAD;134487.07262641858
AIVab;SWAZILAND;PLN;22748.919492290377
AIVab;BOTSWANA;MUR;250476.85672590736
AIVab;JORDAN;ANG;27398.450580527122
AIVab;MYANMAR;LKR;6348930.83645433
AIVab;BULGARIA;YER;1839799.6334590402
EEHKM;NAMIBIA;EGP;71162.7658778406
EEHKM;HONDURAS;NOK;19671.858497405767
EEHKM;AZERBAIJAN;TOP;5061.069541175854
EEHKM;TONGA;CNY;21630.429712414363
EEHKM;DENMARK;SRD;4864.315637167925
EEHKM;POLAND;MGA;12283285.527692957
EEHKM;HONDURAS;PES;591957.2457449721
EEHKM;VANUATU;HUF;1237066.5728778609
EEHKM;UKRAINE;RUB;138853.9081330431
EEHKM;BAHAMAS;XCD;1750.5099070568028
EEHKM;CENTRAL AFRICAN REPUBLIC;PYG;9181656.678259531
EEHKM;NAMIBIA;RON;13830.624523557426
EEHKM;BOLIVIA;DZD;134012.84794456276
EEHKM;SOUTH AFRICA;CZK;8525.541192230987
EEHKM;SOUTH AFRICA;KZT;720818.8855138794
EEHKM;AZERBAIJAN;MOP;21559.53057924941
EEHKM;NEPAL;BTN;252604.47192678743
Bc233;SUDAN;DJF;103921.50064112624
Bc233;DOMINICAN REPUBLIC;BBD;598.7122377291545
Bc233;BURUNDI;SLL;5876302.9786915295
Bc233;PERU;OMR;124.31909721248398
Bc233;CHINA;XAF;215023.7622516358
Bc233;LIBERIA;MGA;5838578.568331878
Bc233;VANUATU;INR;50536.578108092304
Bc233;PERU;XAF;634571.5626236212
Bc233;TOGO;GYD;182141.36926771438
Bc233;LATVIA;KYD;981.3330603406346
Bc233;PERU;XPF;19545.72657381134
Bc233;SYRIAN ARAB REPUBLIC;ANG;618.2096451834109
Bc233;ROMANIA;UAH;21582.627075321292
Bc233;DOMINICAN REPUBLIC;VND;26122377.62852599
EEVa3;UGANDA;CNY;92823.4585855939
EEVa3;DENMARK;ANG;21195.029746462358
EEVa3;PERU;CAD;14565.361231473302
EEVa3;CANADA;AOA;2202573.424405119
EEVa3;MALAYSIA;YER;792787.2559710413
EEVa3;UNITED ARAB EMIRATES;IDR;61407559.835603856
EEVa3;BAHRAIN;OMR;2645.069244845533
EEVa3;ZAMBIA;CLP;-124481.7411802599
EEVa3;KUWAIT;SDG;3353219.3948357
EEVa3;CZECH REPUBLIC;CZK;403422.8058883685
EEVa3;ZIMBABWE;XPF;1691950.7218816127
EEVa3;TURKEY;NOK;28389.64915789345
EEVa3;RUSSIAN FEDERATION;SRD;247202.67810494328
EEVa3;NAMIBIA;TRY;159256.6047714007
EEVa3;NICARAGUA;TWD;266364.1783395056
CCEGX;SRI LANKA;ETB;174273.79170441377
CCEGX;COLOMBIA;NAD;23392.05655975828
CCEGX;UGANDA;AED;13077.026195176213
CCEGX;NORWAY;NGN;807756.7997526899
CCEGX;DENMARK;LRD;443290.0529037478
CCEGX;LIBERIA;LVL;2321.265997232125
CCEGX;CROATIA;RUB;142088.54439894832
CCEGX;SOUTH AFRICA;UAH;82564.31244539193
AJVWa;BELARUS;BND;121961.79508231461
AJVWa;TOGO;SCR;583151.7220807407
AJVWa;CHINA;QAR;242877.78630480345
AJVWa;HUNGARY;SRD;2777908.7967966176
AJVWa;NAMIBIA;PAB;34596.568510894554
AJVWa;VIET NAM;UYU;3598388.644020136
AJVWa;LAO PEOPLE'S DEMOCRATIC REP;GYD;13667926.291853769
AJVWa;FRENCH POLYNESIA;XPF;3958001.1735201636
AJVWa;FIJI;LKR;48247237.13913361
AJVWa;INDIA;JPY;2802701.960934646
AJVWa;MOZAMBIQUE;DKK;643439.1826140446
AJVWa;URUGUAY;BGN;169427.1383022161
AJVWa;MACAU;SDG;41049988.45020628
AJVWa;DJIBOUTI;GTQ;288975.00694478815
AJVWa;LIBYAN ARAB JAMAHIRIYA;XCD;26167.99958570281
AJVWa;GUATEMALA;KRW;3315251.246012409
AJVWa;UNITED ARAB EMIRATES;RWF;101667271.7097695
AJVWa;ETHIOPIA;IRR;4452280779.824334
AJVWa;FRENCH POLYNESIA;RSD;14965270.454323206
LNc33;PHILIPPINES;VES;109457.18410109727
LNc33;LIBERIA;CZK;368471.79226468323
LNc33;SEYCHELLES;CZK;451567.2640251692
LNc33;BAHAMAS;MUR;119818.8570114155
LNc33;EURO;MXN;115465.60680996007
LNc33;SEYCHELLES;SZL;61501.69246120653
LNc33;AUSTRALIA;TOP;14121.359035316316
LNc33;HONG KONG;UYU;178363.4732299131
LNc33;NEPAL;CNY;143401.57727325198
LNc33;LIBYAN ARAB JAMAHIRIYA;NGN;10609489.179578831
LNc33;SYRIAN ARAB REPUBLIC;MUR;1174843.8843024585
LNc33;URUGUAY;ANG;39191.84600259902
LNc33;BELARUS;GYD;1859614.71108539
LNc33;KUWAIT;LVL;13130.166187119594
LNc33;VENEZUELA;VES;32356.858117645384
LNc33;TUNISIA;TOP;24976.09043836669
LNc33;PAKISTAN;AED;32887.54670171424
LNc33;BULGARIA;XPF;1027758.736021364
LNc33;UKRAINE;XAF;17570318.40462865
LNc33;SAUDI ARABIA;OMR;-99.40600043362669
AGN13;CAPE VERDE;HUF;714510.1425276928
AGN13;INDONESIA;CAD;9459.888968831176
AGN13;TUNISIA;MUR;297157.53394029086
AGN13;ALBANIA;SAR;19191.409150659856
AGN13;SYRIAN ARAB REPUBLIC;SEK;-703.9575471089017
AGN13;NEPAL;PHP;270660.7347607187
AGN13;KAZAKHSTAN;SEK;53865.17513407409
AGN13;LIBERIA;LAK;76192836.18183866
AGN13;NETHERLANDS ANTILLES;CAD;196.4280015617695
BDFLa;KOREA, REPUBLIC OF;BYR;18883809.125354372
BDFLa;DENMARK;SDG;332152.7390558872
BDFLa;BURUNDI;MZN;154645.64009933002
BDFLa;TOGO;BZD;1674.6729866473288
BDFLa;TONGA;GNF;16259776.970213545
BDFLa;SAMOA;LAK;6420999.832812276
BDFLa;PHILIPPINES;CYP;850.3608039448867
BDFLa;ZIMBABWE;TRY;31997.28589881669
BDFLa;BANGLADESH;EGP;-594.5590320480818
BDFLa;KENYA;JOD;222.55729626135312
BDFLa;KOREA, REPUBLIC OF;PYG;15965997.895660313
BDFLa;UNITED ARAB EMIRATES;BDT;40795.47050648468
BDFLa;NEPAL;FJD;1883.2600853980261
BDFLa;AZERBAIJAN;GYD;291645.4007216696
BDFLa;INDONESIA;MAD;18382.73163499
BDFLa;ARGENTINA;SLL;8275964.547354479
BDFLa;SOMALIA;XOF;320172.78204459895
BDFLa;CYPRUS;PEN;4718.511197277221
AHVV2;LAO PEOPLE'S DEMOCRATIC REP;ZAR;50092.27898925867
AHVV2;NICARAGUA;BDT;644585.7483272327
AHVV2;UNITED ARAB EMIRATES;STD;338118952.71531326
AHVV2;EGYPT;AWG;1051.7338893292738
AHVV2;MALAWI;CHF;18851.00195226862
AHVV2;ZAMBIA;BSD;20081.702486018425
AHVV2;ZAMBIA;PHP;662738.6007017945
AHVV2;VANUATU;TRY;222490.1683462812
CJNXb;ALBANIA;VND;176897130.9428919
CJNXb;PAPUA NEW GUINEA;JMD;1189569.7504295597
CJNXb;SEYCHELLES;DZD;1135273.6993256342
CJNXb;TOGO;ALL;164282.90152630038
CJNXb;KOREA, REPUBLIC OF;TZS;5497334.717495571
CJNXb;TONGA;BSD;4430.50051861113
CJNXb;SAO TOME AND PRINCIPE;DKK;30229.377181868465
CJNXb;MAURITANIA;PEN;30589.370322204126
CJNXb;POLAND;MVR;98657.25663095816
CJNXb;CYPRUS;NPR;295630.96595238504
EKMNa;EL SALVADOR;SLL;98410811.2746329
EKMNa;HONDURAS;MZN;243784.0985078887
EKMNa;BERMUDA;MRO;1721862.6430169677
EKMNa;INDIA;BDT;677141.7419883691
EKMNa;JORDAN;JOD;4238.27813771168
EKMNa;COSTA RICA;WST;19887.02551499245
EKMNa;VANUATU;EUR;9101.78293826782
EKMNa;UGANDA;VUV;261107.18062131372
EKMNa;INDONESIA;TOP;12221.659788062718
EKMNa;PANAMA;BGN;11465.048910342388
EKMNa;BULGARIA;YER;137830.29166719146
EKMNa;TOGO;VUV;321796.95773870015
EKMNa;QATAR;PAB;1561.3073161501807
EKMNa;BHUTAN;MMK;3081777.510188587
EKMNa;BRAZIL;LBP;4770955.617351204
EKMNa;DENMARK;GBP;5507.846814360642
EKMNa;RWANDA;MMK;8317926.7818272505
KKMXY;UGANDA;BIF;10779297.623815069
KKMXY;ARUBA;PLN;32369.8980079073
KKMXY;ROMANIA;TRY;111298.01910155741
KKMXY;COLOMBIA;VUV;2467.855293624817
KKMXY;ARUBA;XPF;5029.030886283972
KKMXY;SERBIA;SRD;150923.68860861193
KKMXY;TAIWAN, PROVINCE OF CHINA;AOA;3416543.0798454974
KKMXY;MOZAMBIQUE;SEK;3602.9290215498877
KKMXY;BULGARIA;LAK;29323989.6223217
KKMXY;MALAWI;MVR;49662.78550228936
KKMXY;JORDAN;GBP;4067.9367294995805
KKMXY;CAPE VERDE;SCR;55203.07426690676
KKMXY;SAO TOME AND PRINCIPE;DOP;88335.0541553618
KKMXY;GUATEMALA;SEK;51717.890853353805
KKMXY;VENEZUELA;BND;4943.342989107274
KKMXY;BAHRAIN;XOF;43280.694987596464
KKMXY;BRUNEI DARUSSALAM;CVE;171499.08240070488
KKMXY;THAILAND;LAK;35404462.43722934
LNYb3;PAKISTAN;MMK;1525919.5610013593
LNYb3;MOROCCO;AOA;4581269.856361096
LNYb3;ARUBA;STD;132195737.46780564
BILYZ;MEXICO;RWF;560418.9086978624
CHNbb;DOMINICA;SVC;766341.1805816878
CHNbb;MAURITANIA;VND;837703310.0646895
CHNbb;GUINEA;UYU;2993927.221904216
CHNbb;BRAZIL;SAR;195146.1675363682
CHNbb;SOUTH AFRICA;BSD;35459.06082744807
CHNbb;CZECH REPUBLIC;VND;979150853.7672749
CHNbb;THAILAND;MUR;3164289.4992148327
CHNbb;SIERRA LEONE;TOP;5741.513404080792
CHNbb;SAMOA;CVE;1946154.171011264
CHNbb;YEMEN;TND;59786.51746181074
VXXXY;SOMALIA;ILS;28383.759136085777
VXXXY;EGYPT;GTQ;52478.02591546332
VXXXY;JAPAN;DOP;321523.62021152
VXXXY;TONGA;AWG;16306.824956918957
VXXXY;TONGA;IRR;428791930.1823104
GVXYb;ETHIOPIA;INR;56992.655253439305
GVXYb;CANADA;XCD;4762.222010893913
GVXYb;UKRAINE;YER;211471.10706975986
GVXYb;CAPE VERDE;ZAR;18543.946859580486
GVXYb;BERMUDA;KYD;1491.2882254222623
GVXYb;MOZAMBIQUE;ILS;1895.4519924129413
GVXYb;CHILE;VUV;215442.61253867764
GVXYb;SOMALIA;WST;1585.538490289938
GVXYb;VANUATU;AED;2555.379776986
CKKa3;MYANMAR;SLL;108911347.3560159
CKKa3;THAILAND;JMD;1238904.0974271654
CKKa3;KENYA;PGK;26038.229833071622
CKKa3;BERMUDA;ISK;84390.60696479357
CKKa3;LIBERIA;RWF;2633521.024814186
CKKa3;TURKEY;LBP;16963845.639965948
BFMVX;MAURITIUS;ZAR;57331.298164484004
BFMVX;TONGA;ARS;832100.8788307729
BFMVX;CYPRUS;AED;14063.798274034243
BFMVX;NIGERIA;BBD;48606.46473536742
BFMVX;BARBADOS;ALL;1020394.9145220269
BFMVX;PERU;GNF;3614768.832624805
BFMVX;BANGLADESH;BMD;6388.937442047052
BFMVX;TURKEY;STD;193743301.93671757
BFMVX;DOMINICA;MGA;15720773.293897517
BFMVX;SRI LANKA;SOS;15313254.733073637
BFMVX;AUSTRALIA;MZN;1202031.4900301003
BFMVX;CHINA;KZT;2944854.7831361517
BFMVX;BELARUS;KES;737556.4281140859
BFMVX;SURINAME;ZWL;14678067.894344725
BEGIK;BRUNEI DARUSSALAM;SRD;243591.56310416304
BEGIK;SOMALIA;SBD;33436.197673818024
BEGIK;PERU;TZS;29440442.377417274
BEGIK;MOROCCO;RWF;2753554.679035567
BEGIK;INDONESIA;ALL;974650.8796389386
FFGJW;MOZAMBIQUE;QAR;4769.7432584696635
FFGJW;JAPAN;PYG;11233394.361007592
FHKLY;LAO PEOPLE'S DEMOCRATIC REP;GBP;5278.700950224806
FHKLY;COSTA RICA;TWD;88939.593477824
FHKLY;NIGERIA;KZT;2270365.5803021854
FHKLY;PERU;BBD;2350.5927593002357
FHKLY;SAMOA;JPY;402923.8307489468
FHKLY;INDIA;BTN;400785.14399775787
FHKLY;SINGAPORE;NGN;1077346.4232111236
EGHIX;UNITED ARAB EMIRATES;PLN;650.8650837042168
EGHIX;ICELAND;MZN;24629.57753506918
EGHIX;VENEZUELA;LYD;2654.4253272481687
EGHIX;SUDAN;BBD;198.55130657712218
EGHIX;SAUDI ARABIA;BWP;6525.457401316737
EGHIX;NEPAL;CVE;6489.845459158419
CZc13;SWEDEN;SLL;147835383.4479618
CZc13;QATAR;XPF;758271.1164580035
CZc13;YEMEN;ARS;1063242.8842415225
CZc13;FRENCH POLYNESIA;ANG;2039.6712892387143
CZc13;BANGLADESH;PAB;13844.45917109827
CZc13;FIJI;RWF;8725893.957418267
CZc13;ROMANIA;CRC;-51049.57266002664
CZc13;PAKISTAN;INR;345243.91198337055
CZc13;KOREA, REPUBLIC OF;OMR;1169.7659277699556
CZc13;JORDAN;SVC;25168.15303281715
CZc13;POLAND;SOS;2104767.1577385417
CZc13;TOGO;ZAR;189128.1287084923
CZc13;UGANDA;TND;34295.17160084293
AHIKM;BULGARIA;COP;55566184.58338156
AHIKM;SINGAPORE;WST;23120.81102915527
AHIKM;SRI LANKA;ZAR;308072.8770538511
AHIKM;KENYA;HNL;50884.704266596644
AHIKM;DENMARK;LBP;17537395.813894827
AHIKM;KAZAKHSTAN;XCD;43898.71230124721
AHIKM;BAHRAIN;FJD;48904.88942731732
AHIKM;TUNISIA;KYD;916.6113110586749
AHIKM;JAMAICA;TND;73751.7231576522
AHIKM;UNITED ARAB EMIRATES;AED;68749.15764263451
AHIKM;IRAQ;ARS;5097518.491914982
AHIKM;SWITZERLAND;AED;29902.120803689864
AHIKM;SWITZERLAND;TND;80497.56307833281
AHIKM;SEYCHELLES;COP;106438096.39682518
AHIKM;SWEDEN;BTN;208664.62587689486
AHIKM;BOLIVIA;SDG;12062057.835166616
AHIKM;ALGERIA;CYP;13658.446953327591
BBBBc;MOROCCO;BSD;302.0016434596724
BBBBc;SOLOMON ISLANDS;BRL;2912.6010490907415
BBBBc;MAURITIUS;XAF;611291.1177293548
BBBBc;RUSSIAN FEDERATION;SCR;28934.22251966527
BBBBc;NAMIBIA;AWG;939.0442807296779
BBBBc;VENEZUELA;SDG;613936.231758432
BBBBc;PAKISTAN;YER;120402.69238184825
BBBBc;FIJI;RUB;26737.958561183244
BBBBc;ARUBA;ANG;3329.068234536117
BBBBc;CENTRAL AFRICAN REPUBLIC;TZS;2271548.9100183
BBBBc;CANADA;MMK;1731948.9409102334
BLbb2;TAIWAN, PROVINCE OF CHINA;AED;16725.932336675894
BLbb2;MADAGASCAR;GNF;1145320.9002606797
BLbb2;SOUTH AFRICA;AZN;4764.372439696849
BLbb2;NAMIBIA;LBP;1843262.646783335
BLbb2;TRINIDAD AND TOBAGO;DOP;225743.455917574
BLbb2;EURO;WST;10032.211468430947
BLbb2;UNITED KINGDOM;BZD;7761.6530039633235
BLbb2;MOROCCO;XAF;1030514.1117199595
BLbb2;BOLIVIA;SDG;1219251.3206913131
BLbb2;IRAN (ISLAMIC REPUBLIC OF);ALL;294491.33125968126
BLbb2;BULGARIA;IDR;67322285.99152559
BLbb2;BELIZE;BIF;6835909.075769506
BLbb2;PERU;AUD;5331.033070805756
BLbb2;VENEZUELA;NGN;443187.35619346506
BLbb2;CYPRUS;JPY;401401.4807906718
BLbb2;ROMANIA;BIF;4407530.941777313
BLbb2;PAPUA NEW GUINEA;XAF;2966603.6269471818
BLbb2;PAKISTAN;MYR;7107.274309020987
BLbb2;LIBYAN ARAB JAMAHIRIYA;RWF;549661.8055301344
CDGb2;SAMOA;AZN;567.2486600433541
CDGb2;CANADA;BMD;506.7009187553553
CDGb2;NAMIBIA;CNY;8981.763738700814
CDGb2;BAHRAIN;NOK;21327.337408544096
CDGb2;MOZAMBIQUE;DKK;1116.722243062624
CDGb2;BAHAMAS;CLP;1620476.6056647254
CDGb2;ROMANIA;HUF;59721.58751321763
CDGb2;PAKISTAN;XPF;258029.64604017665
EEH12;KENYA;CZK;65149.08941526422
EEH12;JORDAN;TND;9532.619764079382
EEH12;BRAZIL;JPY;958398.272350988
EEH12;TUNISIA;EUR;5727.379166872545
EEH12;BOTSWANA;IRR;91249461.61337899
EEH12;EURO;SOS;5093013.260480662
EEH12;NORWAY;KYD;14768.61666356373
EEH12;KENYA;BTN;149361.05124308207
EEH12;ZIMBABWE;CYP;6566.777966967801
EEH12;LEBANON;HRK;75488.37134015429
EEH12;PARAGUAY;VES;198629.39728751132
EEH12;SWAZILAND;BIF;38560789.97155718
EEH12;BANGLADESH;SZL;58868.240363156474
EEH12;COSTA RICA;ZMW;246677.78657557842
EEH12;HUNGARY;BOB;50438.29427006626
EEH12;IRAQ;MWK;4836331.184991861
EEH12;TOGO;SRD;369766.5205770725
EEH12;SOUTH AFRICA;SAR;59334.43339567617
EEH12;BARBADOS;BND;26396.643635632947
EEH12;ARGENTINA;HNL;473976.53062803805
AACDI;RWANDA;LVL;1988.8189046463074
AACDI;BURUNDI;OMR;879.8408101776274
AACDI;TOGO;MXN;18975.238973120286
AACDI;MYANMAR;UYU;83838.25149374707
AACDI;EURO;WST;4835.487788698018
AACDI;PANAMA;ILS;2231.3600012118823
AACDI;SRI LANKA;PEN;7236.881614561223
AACDI;SEYCHELLES;JPY;100663.33977747196
AACDI;OMAN;DJF;118470.101769434
AACDI;CROATIA;XPF;80112.7528246486
AACDI;LEBANON;LYD;1074.1467569738165
AACDI;HONDURAS;UAH;103795.7243574359
AACDI;SEYCHELLES;PGK;6834.770058858268
AACDI;SOUTH AFRICA;ETB;134543.37781306577
ABJNc;LAO PEOPLE'S DEMOCRATIC REP;JOD;2073.6026295662728
DIWY1;SURINAME;GHS;40229.0575950971
DIWY1;ETHIOPIA;ALL;772089.2643664757
DIWY1;BELIZE;ILS;36696.8243323603
DIWY1;MALAYSIA;TND;6216.969055757567
DIWY1;BELIZE;AZN;9137.098969767418
DIWY1;GUATEMALA;KHR;3503191.0630722656
DIWY1;PARAGUAY;UAH;344577.4551181396
DIWY1;ROMANIA;NAD;97123.84061489443
DIWY1;URUGUAY;CYP;4597.095883866119
DIWY1;INDIA;FJD;16987.277949384992
DIWY1;MALDIVES;MVR;125772.70563096536
BGXZ2;SINGAPORE;LRD;1556.588791206063
BGXZ2;LAO PEOPLE'S DEMOCRATIC REP;MZN;423288.4502778934
BGXZ2;POLAND;ANG;9528.535560553582
BGXZ2;DOMINICAN REPUBLIC;BDT;496602.52927995473
BGXZ2;EL SALVADOR;BTN;478100.0778587587
BGXZ2;NIGERIA;PKR;1177082.3213915268
BGXZ2;ARGENTINA;SOS;3825742.6444607098
BGXZ2;MEXICO;CHF;5125.693281684141
BGXZ2;CHINA;BDT;97194.80649100774
BGXZ2;TUNISIA;YER;878703.8147541913
BGXZ2;BOLIVIA;SYP;563400.1171163336
BGXZ2;DOMINICAN REPUBLIC;OMR;2455.9178272179547
BGXZ2;SINGAPORE;MGA;1952522.692845738
ABCJZ;COLOMBIA;MXN;6888.987386310054
ABCJZ;ARUBA;RSD;51876.21960781415
KMMXb;LIBYAN ARAB JAMAHIRIYA;AWG;14589.99953385167
KMMXb;CROATIA;CAD;12103.622531484654
KMMXb;SOUTH AFRICA;AOA;160641.48715191177
MVbb3;HONG KONG;RUB;295834.0820486329
MVbb3;ARGENTINA;HKD;79967.27835032625
KKYYa;KAZAKHSTAN;DJF;422188.38346737606
KKYYa;HUNGARY;IDR;19205863.56072704
CMNN1;ETHIOPIA;BZD;2116.0105080804547
CMNN1;ANGOLA;LAK;20633995.923477884
CMNN1;SAO TOME AND PRINCIPE;IDR;2776621.5062802816
CMNN1;EURO;PLN;7918.54220584146
CMNN1;JORDAN;PAB;794.2809062014129
CMNN1;GHANA;KRW;5208079.847347499
CMNN1;TUNISIA;BZD;4474.4343055885065
CMNN1;HONG KONG;BBD;3860.8534154988743
CMNN1;OMAN;KHR;13699125.523190549
CMNN1;MOROCCO;ARS;246338.3223566521
CMNN1;GUYANA;PLN;6476.956224423163
CMNN1;ARGENTINA;PLN;12917.26195779332
CMNN1;MALDIVES;DKK;28147.140239172182
CMNN1;MOZAMBIQUE;TTD;25904.732147111623
CMNN1;LEBANON;ALL;496022.9694367437
CMNN1;BANGLADESH;SDG;1445316.258395588
CMNN1;BAHRAIN;MVR;38397.712438990806
CDJZ1;MALAWI;UGX;6423817.6606108425
CDJZ1;MEXICO;IDR;18577576.85080718
CDJZ1;UNITED KINGDOM;BRL;7094.52167464811
CDJZ1;YEMEN;STD;2542463.980506227
CDJZ1;BOLIVIA;CAD;2066.1015912339594
CDJZ1;EGYPT;EGP;22814.756526836056
CDJZ1;VIET NAM;ETB;98235.28533976317
CDJZ1;BHUTAN;KWD;125.75521288050831
CDJZ1;MOZAMBIQUE;VUV;194954.40363981036
CDJZ1;MADAGASCAR;MXN;24943.630041506523
CDJZ1;CZECH REPUBLIC;ZMW;31292.660405528088
EHKW1;ZIMBABWE;ANG;7662.57341630771
EHKW1;OMAN;TOP;5875.507577318792
EHKW1;AZERBAIJAN;UAH;21583.880941627565
EHKW1;SURINAME;PHP;116050.31934461331
EHKW1;PARAGUAY;BSD;4389.696114512007
EHKW1;MALAWI;VUV;377932.9720241705
EHKW1;MACAU;DKK;7395.085942428295
EHKW1;MAURITANIA;AWG;7859.174127970974
EHKW1;CENTRAL AFRICAN REPUBLIC;BGN;7541.027475359807
EHKW1;DOMINICA;CNY;28176.004416019212
EHKW1;NETHERLANDS ANTILLES;HKD;19896.2534113819
EHKW1;MADAGASCAR;SAR;8311.0859235058
EHKW1;HUNGARY;GTQ;13453.37855420586
EHKW1;MALAWI;RUB;87895.1229193034
EHKW1;IRAQ;SLL;8307138.595054573
CILYc;AUSTRALIA;MWK;36148114.62472782
CILYc;TRINIDAD AND TOBAGO;AWG;45341.393495882025
CILYc;JORDAN;ANG;72467.66265529708
CILYc;SRI LANKA;ETB;1596343.7454701671
CILYc;SWEDEN;CAD;74462.11760011986
CILYc;TANZANIA, UNITED REPUBLIC OF;BZD;74593.54429128284
CILYc;CHINA;GBP;6289.18437874312
CFLMY;CAMBODIA;ANG;11961.444139727026
CFLMY;QATAR;MAD;147855.6904145653
CFLMY;BRAZIL;LVL;3800.6257495891996
CFLMY;ICELAND;SGD;9338.390923350575
CFLMY;GUYANA;BND;2970.605368022362
CFLMY;NEPAL;AOA;9438631.107949164
CFLMY;LIBYAN ARAB JAMAHIRIYA;KHR;48843177.95885983
CFLMY;MYANMAR;VES;279212.60816858796
CFLMY;SERBIA;SEK;56856.171660352324
CFLMY;UNITED KINGDOM;MXN;326240.4608605936
CFLMY;CAPE VERDE;KRW;1829812.5197815616
CFLMY;SWAZILAND;ARS;205809.05099251223
CFLMY;BOLIVIA;CZK;93066.68157979797
CFLMY;LIBERIA;BND;6994.7991451184
CFLMY;TAIWAN, PROVINCE OF CHINA;GBP;0.0
CFLMY;BANGLADESH;KYD;15188.234632475678
CFLMY;BERMUDA;MGA;34301863.80262381
CFLMY;SURINAME;SZL;187099.36086326043
FKMY3;PAPUA NEW GUINEA;RUB;50912.89837142993
FKMY3;MYANMAR;CNY;5947.960607918596
FKMY3;ALBANIA;UGX;1728078.440533584
FKMY3;BERMUDA;SVC;8212.916350656555
FKMY3;VENEZUELA;HTG;103195.62987395815
FKMY3;ZIMBABWE;GYD;39467.31678864629
FKMY3;DOMINICAN REPUBLIC;ETB;49675.99572389594
FKMY3;SINGAPORE;MAD;2135.5033189605783
FKMY3;LAO PEOPLE'S DEMOCRATIC REP;LAK;2723695.526976674
FKMY3;ANGOLA;SEK;4672.781406142926
FKMY3;SOUTH AFRICA;GTQ;6182.599900773716
FKMY3;DJIBOUTI;AOA;16267.472113821646
FKMY3;JORDAN;KYD;883.1456225955015
FKMY3;BRUNEI DARUSSALAM;PAB;560.5445660594428
FKMY3;BANGLADESH;XCD;1010.2467222840727
BBWZ2;DENMARK;BWP;-2206.3267302403465
BBWZ2;CAPE VERDE;CYP;3990.308735788773
BBWZ2;SOUTH AFRICA;OMR;12064.607396544945
BBWZ2;NAMIBIA;TND;24508.525638248695
BBWZ2;BERMUDA;SRD;1198539.3689010364
BBWZ2;ZAMBIA;UAH;1112269.30699271
BBWZ2;ICELAND;PKR;8609409.78689319
BBWZ2;AZERBAIJAN;AUD;62734.245903184754
BBWZ2;DOMINICA;MOP;25556.6898413279
