Client;Country;Currency;Transaction
GVXWb;BERMUDA;HUF;1812321.1834807524
GVXWb;UNITED KINGDOM;TZS;8269821.334578266
GVXWb;MOROCCO;BZD;4220.740888392664
GVXWb;EURO;BBD;8339.902059923224
GVXWb;ICELAND;VUV;63511.581281045444
GVXWb;PHILIPPINES;MYR;4558.400141458395
GVXWb;MOROCCO;DZD;710656.4624390631
GVXWb;UKRAINE;AWG;4619.907696996153
GVXWb;TANZANIA, UNITED REPUBLIC OF;BWP;3050.1987684464216
GVXWb;TAIWAN, PROVINCE OF CHINA;BDT;750004.2850037562
GVXWb;MEXICO;PHP;302277.1663749701
IKV13;TAIWAN, PROVINCE OF CHINA;IRR;113060328.55210473
IKV13;ALBANIA;GTQ;20348.95250246076
IKV13;NIGERIA;AED;11351.719797793132
IKV13;MADAGASCAR;COP;7010535.807196512
IKV13;SEYCHELLES;GNF;85851.88078640327
IKV13;MACAU;LYD;16678.229107338837
IKV13;MAURITANIA;RON;8063.2586304034385
IKV13;QATAR;VES;68734.5782565174
IKV13;UKRAINE;NPR;471303.17781236063
IKV13;JORDAN;FJD;2049.3738476166495
IKV13;TONGA;PES;450009.48502034415
IKV13;PERU;GBP;1650.7439574781038
IKV13;ALGERIA;KWD;1148.3786443360952
IKV13;MACAU;IRR;136965083.4470908
IKV13;ZAMBIA;LAK;21257066.71249708
IKV13;YEMEN;THB;121687.48397485871
IKV13;JAMAICA;TND;1323.86138612472
CCEXc;PAPUA NEW GUINEA;MUR;733614.9730997896
CCEXc;MOROCCO;EGP;293560.0632567269
CCEXc;MEXICO;SLL;98244728.90930337
CCEXc;LIBYAN ARAB JAMAHIRIYA;NGN;13563330.605360327
CCEXc;SWAZILAND;VND;469676980.5979657
CCEXc;MALAWI;DKK;106225.62544590933
CCEXc;POLAND;HNL;15616.186134290861
CCEXc;TURKEY;MAD;292487.7103406307
CCEXc;AZERBAIJAN;MRO;12277358.498596083
CCEXc;LIBYAN ARAB JAMAHIRIYA;UYU;1471712.9673351739
CCEXc;IRAQ;AED;109026.07826328279
CCEXc;JORDAN;NPR;4621498.382178869
CCEXc;BURUNDI;EGP;380317.5462370631
CCEXc;BAHAMAS;LVL;24014.883623295987
CCEXc;HAITI;EGP;784836.3238795171
CCEXc;BELIZE;LBP;41152851.34309704
CCEXc;IRAQ;PKR;783639.416345302
CCEXc;KAZAKHSTAN;BHD;8553.090378321529
CCEXc;CHILE;RUB;1557428.4904439743
DEV11;LAO PEOPLE'S DEMOCRATIC REP;TOP;1284.366611763441
DEV11;EL SALVADOR;LRD;156673.28147742304
DEV11;HAITI;JOD;1439.023150944477
DEV11;JORDAN;AWG;416.89660547501654
DEV11;ZAMBIA;ARS;177421.85522451115
DEV11;EURO;WST;6640.499082476666
DEV11;BELIZE;BTN;124274.01731959947
DEV11;INDIA;EGP;40776.079456830485
DEV11;DENMARK;SDG;1099290.2493569357
DEV11;MYANMAR;BBD;2569.2302175636078
FFGNa;COSTA RICA;PHP;142722.21760540633
FFGNa;PANAMA;PLN;7290.290985640735
FFGNa;CANADA;GTQ;40036.16202754569
FFGNa;SINGAPORE;EGP;110193.45257850924
FFGNa;POLAND;XOF;4560512.938272283
FFGNa;ICELAND;MVR;128025.71854498515
FFGNa;BHUTAN;KHR;3846440.8222384793
FFGNa;GHANA;RON;36895.23374697946
FFGNa;SOUTH AFRICA;BYR;57635991.881247915
FFGNa;SAMOA;UGX;29038527.515699342
BIXW3;DJIBOUTI;GBP;5790.268610416283
BIXW3;JORDAN;XCD;916.6476922616591
BIXW3;LATVIA;LVL;3705.7255315115026
BIXW3;CROATIA;THB;273755.2716660446
BIXW3;COSTA RICA;JOD;1212.0548681010123
BIXW3;BELIZE;YER;198461.1377316907
BIXW3;OMAN;MYR;31650.487433890616
BIXW3;ZAMBIA;VND;3264686.2968946774
BIXW3;MACAU;JOD;762.1295662255799
BIXW3;BOLIVIA;MGA;25902837.516385723
NVZZ3;CAPE VERDE;GNF;7786853.626394394
NVZZ3;ZIMBABWE;SDG;511671.3800725316
NVZZ3;GUYANA;VUV;165688.15225278784
AAHK2;BURUNDI;KZT;767203.0099596722
AAHK2;YEMEN;CAD;1366.7351715824755
AAHK2;PAKISTAN;CZK;42920.99891054751
AAHK2;HONDURAS;QAR;3883.682013117867
AAHK2;SERBIA;UAH;43659.4752545981
AAHK2;LIBERIA;SDG;93249.08797703474
AAHK2;HONDURAS;AWG;3084.1337837425585
AAHK2;MAURITANIA;BND;705.761832968158
AAHK2;SRI LANKA;HNL;33636.71280077287
AAHK2;COLOMBIA;TRY;29842.762829477284
AAHK2;TAIWAN, PROVINCE OF CHINA;MVR;19435.65885983294
BMW22;CANADA;PGK;15577.392230655269
BMW22;IRAN (ISLAMIC REPUBLIC OF);DJF;960757.01905842
BMW22;NEW ZEALAND;SBD;43761.4460791075
BMW22;VIET NAM;DKK;34559.118641727306
BMW22;HONG KONG;BBD;5252.136305099021
BMW22;DENMARK;SRD;139797.79485229403
BMW22;PERU;ARS;990956.199039379
BMW22;MAURITANIA;SLL;65042263.34433165
BMW22;LAO PEOPLE'S DEMOCRATIC REP;ALL;22544.939632242236
ACIXb;CAMBODIA;BOB;39020.98766448562
ACIXb;BHUTAN;SBD;11292.648679516371
ACIXb;PAKISTAN;GMD;207413.00609437254
ACIXb;IRAN (ISLAMIC REPUBLIC OF);BWP;57842.37030253068
ACIXb;PARAGUAY;JMD;741785.1711785314
ACIXb;NIGERIA;IDR;31246494.22631484
ACIXb;SYRIAN ARAB REPUBLIC;TOP;1465.834180851316
ACIXb;CAMBODIA;XAF;168648.59529645633
ACIXb;RWANDA;JMD;744199.699757233
ACIXb;BURUNDI;THB;29863.097438774876
ACIXb;BARBADOS;KYD;2382.4222973097794
ACIXb;THAILAND;AWG;8034.7400881581125
ACIXb;TURKEY;TND;12918.587618331074
HKXW2;SINGAPORE;ZWL;5113199.893267452
HKXW2;SAUDI ARABIA;TWD;170747.932533767
HKXW2;NETHERLANDS ANTILLES;CVE;807672.1711195318
HKXW2;BELIZE;GBP;7756.48905521264
HKXW2;BOTSWANA;TTD;52913.21034588876
HKXW2;YEMEN;PES;240135.10290275636
HKXW2;PHILIPPINES;TND;1204.4496979299163
HKXW2;GHANA;ALL;896290.0109285284
HKXW2;COLOMBIA;AZN;15342.200402635175
HKXW2;TRINIDAD AND TOBAGO;XAF;4237322.0019889595
HKXW2;PERU;NGN;648344.7212251519
HKXW2;SWAZILAND;SGD;-112.37522570018054
HKXW2;PAKISTAN;PGK;3912.4444806945735
HKXW2;SRI LANKA;HNL;207908.1637027283
HKXW2;TOGO;COP;14431434.872968832
HYb23;BOTSWANA;MXN;79.95833153704379
HYb23;CYPRUS;MGA;6546.024740254592
HYb23;PHILIPPINES;PKR;1324.3659059373574
HYb23;MAURITIUS;CVE;768.4084280502753
HYb23;JAPAN;BBD;16.211130882284227
HYb23;MACAU;YER;1649.6888134919413
HYb23;LAO PEOPLE'S DEMOCRATIC REP;PEN;6.428355088820482
HYb23;AUSTRALIA;PES;422.80167816970464
HYb23;EGYPT;SCR;55.92602497216218
HYb23;CHILE;JPY;599.7630975066422
HYb23;UKRAINE;SLL;1297.979640698693
HYb23;AZERBAIJAN;SAR;5.6748057335239315
HYb23;BERMUDA;TRY;98.74938947870237
HYb23;BULGARIA;CYP;0.160297931902688
HYb23;ZAMBIA;TZS;10084.570121328788
HYb23;NEPAL;ANG;10.889383976715777
HYb23;TUNISIA;GHS;18.64459357670656
Vabbc;SEYCHELLES;PYG;8470363.491058787
Vabbc;UGANDA;STD;11143566.35160251
Vabbc;TUNISIA;DZD;74590.31025876864
Vabbc;DOMINICA;RWF;257610.31843474112
Vabbc;URUGUAY;NOK;15792.741001616963
Vabbc;EGYPT;HUF;100097.03644550336
Vabbc;GUINEA;MRO;476268.20523276797
HLYYY;NEPAL;HUF;3243325.3677975517
HLYYY;POLAND;KES;548638.0243017969
HLYYY;BELARUS;HNL;124371.36083383897
HLYYY;UNITED ARAB EMIRATES;MGA;25953716.16968972
HLYYY;ZAMBIA;BBD;6806.412591741948
HLYYY;GHANA;INR;68750.73130640967
HLYYY;ICELAND;MYR;3874.149951325745
HLYYY;BOTSWANA;BRL;6857.4319438110515
HLYYY;SRI LANKA;NGN;1141117.3079864476
HLYYY;SWAZILAND;DJF;1378703.8910083002
HLYYY;BHUTAN;HRK;29320.811565827822
HLYYY;CROATIA;GHS;93378.37712066453
HLYYY;LIBYAN ARAB JAMAHIRIYA;XOF;578247.843482357
HHMWY;RWANDA;KYD;1129.5947433921565
HHMWY;ETHIOPIA;HUF;88142.33601875747
HHMWY;MAURITIUS;CZK;8544.53331185142
FKcc1;IRAN (ISLAMIC REPUBLIC OF);KYD;2051.878921148241
FKcc1;CAYMAN ISLANDS;HRK;54586.03147799429
FKcc1;TRINIDAD AND TOBAGO;UAH;235547.01471139342
FKcc1;BELIZE;MOP;8915.906594329985
FKcc1;DOMINICAN REPUBLIC;LYD;17227.516387642892
FKcc1;POLAND;MGA;26100351.16092653
FKcc1;EGYPT;LKR;1726522.355015379
FKcc1;BELARUS;RON;26995.869615966756
FKcc1;FIJI;UYU;191049.37872959298
FKcc1;MALDIVES;IRR;9864852.751135435
CCDMW;ZIMBABWE;SZL;274541.92786086275
CCDMW;CHILE;JOD;7280.145212218163
CCDMW;UKRAINE;KRW;2932928.305493685
CCDMW;BELIZE;UGX;120117551.97697671
CCDMW;MEXICO;MMK;55260132.05075597
CCDMW;MADAGASCAR;KWD;4774.576544138563
CCDMW;CAYMAN ISLANDS;IQD;-233698.107022664
CCDMW;NICARAGUA;SDG;9291805.985470194
CCDMW;IRAN (ISLAMIC REPUBLIC OF);THB;19004.41179346286
CCDMW;LAO PEOPLE'S DEMOCRATIC REP;HKD;205395.85268257614
CCDMW;UKRAINE;IDR;248270449.98267978
CCDMW;YEMEN;LRD;319927.4657846765
CCDMW;SOUTH AFRICA;QAR;72215.25890017142
BCbc3;MALAYSIA;PKR;72673.16033640408
BCbc3;MOZAMBIQUE;SAR;1166.4822584341855
BCbc3;NEW ZEALAND;NAD;41307.266229685796
BCbc3;ZAMBIA;GMD;257516.72748173415
BCbc3;IRAQ;IQD;3512375.9093454536
BCbc3;LATVIA;KWD;1318.7373051046334
BCbc3;NORWAY;AED;3488.9754817948765
BCbc3;NIGERIA;GYD;390023.71508771455
BCbc3;IRAN (ISLAMIC REPUBLIC OF);ISK;27584.09286425385
BCbc3;MOZAMBIQUE;ETB;206752.30727915303
BCbc3;IRAN (ISLAMIC REPUBLIC OF);KWD;173.7347473633102
BCbc3;PERU;ZAR;40955.32091203376
BCbc3;CAPE VERDE;SOS;489121.0871574357
BCbc3;BURUNDI;RON;-141.68573242719646
BCbc3;UKRAINE;TOP;7149.924471548179
BCbc3;EL SALVADOR;IQD;210602.15312531032
BCbc3;PARAGUAY;PEN;17613.18241843051
BCbc3;SIERRA LEONE;TRY;51770.59584735872
Lbc12;UNITED ARAB EMIRATES;TTD;25603.662187191952
Lbc12;LEBANON;PHP;178916.6847358542
Lbc12;CAPE VERDE;CNY;487.1036111165612
Lbc12;TONGA;MUR;173802.34350475247
Lbc12;PAPUA NEW GUINEA;MYR;18554.346122022114
Lbc12;SURINAME;MRO;170141.81676749027
GXYZZ;LAO PEOPLE'S DEMOCRATIC REP;SAR;78800.36031238468
GXYZZ;TAIWAN, PROVINCE OF CHINA;LAK;334955639.2092817
GXYZZ;SRI LANKA;IRR;152578375.19730547
GXYZZ;GAMBIA;SYP;5865964.210358125
GXYZZ;BELARUS;DJF;623887.6509843472
GXYZZ;ARGENTINA;VND;35840042.058881365
GXYZZ;SAO TOME AND PRINCIPE;SEK;175817.08680883324
GXYZZ;MAURITIUS;AUD;14338.827989427828
GXYZZ;PERU;MMK;44829482.149354406
GXYZZ;MEXICO;XOF;12948412.526297573
GXYZZ;EURO;CZK;65817.60776351854
GXYZZ;HAITI;AWG;47803.990211748365
GXYZZ;GUINEA;MYR;111292.06578735878
GXYZZ;PAPUA NEW GUINEA;JPY;2099447.021471804
GXYZZ;INDONESIA;LYD;23455.497806266598
FHVb2;GUINEA;FJD;12251.974406906542
FHVb2;BOTSWANA;LKR;798833.0925602162
FHVb2;HONDURAS;TRY;117614.00536495062
FHVb2;BHUTAN;DOP;649874.6904133353
FHVb2;DENMARK;GBP;6511.8185167337115
FHVb2;OMAN;NGN;2981893.978224554
FHVb2;BOLIVIA;MAD;20401.172913195263
FHVb2;MALAWI;YER;3166382.24567123
FHVb2;BAHRAIN;CRC;6329937.312749422
FHVb2;UKRAINE;CNY;42970.13754264249
FHVb2;MEXICO;EGP;98089.41284431334
FHVb2;EL SALVADOR;ZWL;1068642.017206623
FHVb2;CYPRUS;CRC;2430639.890288509
EEMcc;SERBIA;XOF;2263876.8693096545
EEMcc;PHILIPPINES;BWP;23282.470844680887
EEMcc;GUATEMALA;PKR;349297.1449090031
EEMcc;MEXICO;NIO;9658.397591179102
EEMcc;PAKISTAN;BYR;43528803.18102547
EEMcc;UNITED KINGDOM;BOB;3731.9635038483093
EEMcc;ETHIOPIA;MAD;26213.91248371719
EEMcc;INDONESIA;RON;17551.373102021917
EEMcc;PANAMA;PHP;41869.00682799167
EEMcc;SYRIAN ARAB REPUBLIC;BND;2021.5471336770925
EEMcc;BURUNDI;VES;7394.739758853433
EEMcc;NEPAL;SCR;31087.494099890537
EEMcc;MAURITANIA;ILS;8364.025114608621
EEMcc;EURO;NGN;1413177.3686100878
EEMcc;TOGO;HNL;83427.83163109596
EEMcc;HONG KONG;BBD;7005.621648811334
EEMcc;LAO PEOPLE'S DEMOCRATIC REP;AED;5564.4825727324915
BLYb3;ARGENTINA;UAH;11728.431755394995
BLYb3;CYPRUS;KZT;163709.47950205623
BLYb3;PAKISTAN;MYR;879.048265967067
BLYb3;TONGA;LVL;155.72563246830694
BLYb3;ALBANIA;UYU;12827.660319093082
BLYb3;HUNGARY;RWF;659024.6782273841
BLYb3;SWEDEN;GNF;4474922.27204327
BLYb3;DJIBOUTI;EUR;311.9733927599791
BLYb3;SWAZILAND;DZD;13651.448867680509
BLYb3;PARAGUAY;RSD;12267.905577030851
BLYb3;ARGENTINA;RON;2831.2293970132705
BLYb3;UNITED ARAB EMIRATES;BYR;3971786.994579545
BLYb3;ROMANIA;PLN;1419.8338019629164
BLYb3;TURKEY;AWG;671.0262504440308
BLYb3;VANUATU;SYP;83743.20069286776
BLYb3;SWAZILAND;SRD;9403.730607890197
BGHKc;VIET NAM;COP;548246.1394031018
BGHKc;SRI LANKA;MAD;2323.6779368430275
BGHKc;MOZAMBIQUE;MAD;8606.0654264013
BGHKc;UKRAINE;PKR;233465.59771920549
BGHKc;BOTSWANA;GTQ;13855.56359530663
BGHKc;NEW ZEALAND;BOB;7311.372388572684
BGHKc;YEMEN;DOP;38604.20364690766
CCLZ3;GHANA;PLN;7179.463227290816
CCLZ3;GUATEMALA;PEN;3619.7074064972744
CCLZ3;BHUTAN;ARS;2007.488530275385
CCLZ3;MAURITANIA;SVC;1727.3398402718606
BDDDM;THAILAND;NIO;36670.90283232356
BDDDM;IRAN (ISLAMIC REPUBLIC OF);NAD;35327.31361072435
BDDDM;TAIWAN, PROVINCE OF CHINA;SCR;916.8766516786072
BDDDM;SEYCHELLES;VES;64894.55941617712
BDDDM;GUYANA;CVE;168914.23686301202
BDDDM;INDONESIA;KRW;1305992.0654110042
BDDDM;BRAZIL;BIF;4961588.847558455
BDDDM;MAURITANIA;GBP;1782.4802984913072
BDDDM;FRENCH POLYNESIA;SZL;16874.9442073851
BDDDM;BRAZIL;CYP;1773.8402700413606
BDDDM;JAPAN;ILS;763.7671647509999
BDDDM;KUWAIT;MYR;1835.920352919499
BDDDM;COLOMBIA;AED;1718.5975176802783
DG333;BURUNDI;MZN;162720.77782695033
DG333;CAYMAN ISLANDS;LKR;459522.734197904
DG333;SAMOA;CYP;270.78538067870704
DG333;NETHERLANDS ANTILLES;PES;363474.7570733325
DG333;MAURITIUS;HNL;16065.012743187848
DG333;ICELAND;LVL;1812.9906338459948
DG333;BURUNDI;HRK;15043.800278481938
DG333;TONGA;PLN;11973.103182721137
DG333;MALAWI;KZT;237251.86729628406
DG333;CAPE VERDE;IQD;2197358.432845781
DG333;MYANMAR;HRK;7621.102856360516
DG333;PAPUA NEW GUINEA;AZN;4640.576341852392
DG333;NAMIBIA;EGP;92666.98393386259
DG333;CAMBODIA;RUB;213606.7550115701
DG333;SIERRA LEONE;MYR;6152.304019691829
DG333;VIET NAM;PYG;8360287.711730737
CJZZa;TANZANIA, UNITED REPUBLIC OF;DZD;1574154.2457220268
CJZZa;POLAND;XCD;71343.64829682549
CJZZa;UKRAINE;SDG;5377898.716269303
CJZZa;CAPE VERDE;KWD;5497.009084319646
CJZZa;SAO TOME AND PRINCIPE;PYG;97685083.8208717
CJZZa;PERU;AED;105279.7919200436
CJZZa;NIGERIA;SDG;6658512.97676155
CJZZa;HAITI;SOS;5708983.06333203
CJZZa;BULGARIA;ARS;11827650.018508527
CJZZa;KOREA, REPUBLIC OF;MMK;89883605.52739492
CJZZa;ARGENTINA;NOK;166707.29289735013
CJZZa;YEMEN;NGN;490969.9463771788
CJZZa;SAO TOME AND PRINCIPE;GNF;129252000.9898545
CJZZa;DJIBOUTI;MGA;23461691.528997928
CJZZa;EL SALVADOR;FJD;46825.05133843215
CJZZa;POLAND;MGA;-641029.8231966647
AADHW;CAYMAN ISLANDS;ARS;199583.87332133224
AADHW;NIGERIA;BIF;1289299.7920182766
AADHW;SWITZERLAND;ZMW;1082.3940667117881
AADHW;DENMARK;ZAR;15031.981178880313
AADHW;ETHIOPIA;RUB;100214.81896097946
AADHW;SINGAPORE;KWD;289.44526542885023
AADHW;NEPAL;KES;114633.78489053466
AADHW;NEPAL;CNY;4431.72994294995
AADHW;ARUBA;MVR;30277.602008222475
AADHW;DOMINICA;RSD;150022.6592550344
AADHW;MAURITANIA;SAR;520.805625002999
AADHW;TURKEY;KYD;852.6197556251154
AADHW;LEBANON;HTG;286734.3275075612
AADHW;TRINIDAD AND TOBAGO;TWD;33343.54196596829
AADHW;GUINEA;BMD;1143.7718319158246
AADHW;OMAN;BND;2290.1910290646438
AADHW;CROATIA;TOP;4629.793701497728
AADHW;BRUNEI DARUSSALAM;YER;482155.34774323564
AADHW;ALGERIA;SOS;966346.2919677952
AADHW;PARAGUAY;CLP;2008658.3150427141
MXY33;FIJI;GHS;3815.5163363830206
MXY33;KOREA, REPUBLIC OF;OMR;50.083936654219706
MXY33;BANGLADESH;GYD;53144.402533994864
MXY33;MYANMAR;EGP;545.612679479735
GIIac;LIBYAN ARAB JAMAHIRIYA;MGA;11163532.900283312
GIIac;VENEZUELA;PYG;6223350.2651915
GIIac;PHILIPPINES;IRR;171620512.1520188
GIIac;RUSSIAN FEDERATION;GBP;1768.9596622154406
GIIac;KENYA;UAH;175012.15063565227
GIIac;NEPAL;NPR;216016.4850147463
GIIac;MALAYSIA;BBD;6844.196466730212
GIIac;SERBIA;CYP;2348.1597912144452
GIIac;SWEDEN;MWK;3811867.257912823
GIIac;NAMIBIA;SBD;24972.44910404462
GIIac;CZECH REPUBLIC;PAB;2987.1271639999327
GIIac;MALDIVES;SGD;3496.6017391593396
GIIac;SUDAN;AED;4466.236032152249
GIIac;TOGO;IDR;23699332.62348119
GIIac;VENEZUELA;NAD;24765.411264979673
GIIac;ISRAEL;AED;4105.418732127087
GIIac;NICARAGUA;CNY;17877.24053279085
GIIac;KENYA;NGN;1652609.3892734325
GIIac;INDONESIA;HKD;2879.4314155671746
GIIac;DJIBOUTI;PEN;13219.210656392372
EHII2;SAUDI ARABIA;JMD;323786.9719053552
EHII2;MOZAMBIQUE;MOP;23678.111460201115
VVac1;ISRAEL;XPF;245140.13175103173
VVac1;ZAMBIA;SAR;2845.651438574515
VVac1;JAPAN;PES;447235.7228034803
VVac1;SYRIAN ARAB REPUBLIC;SOS;1765182.4549592126
VVac1;CROATIA;JPY;406184.9500181049
VVac1;MAURITIUS;JMD;464227.74989710597
VVac1;JORDAN;HNL;44262.40926355284
VVac1;BAHRAIN;HRK;10588.16520029049
VVac1;GUYANA;TWD;68147.9642482562
VVac1;ARGENTINA;ILS;8762.415492044598
VVac1;GHANA;KWD;302.4112327442047
VVac1;HAITI;UAH;5417.346448063252
VVac1;AZERBAIJAN;ANG;5288.3870063972645
VVac1;MALAWI;ETB;183320.1221334046
VVac1;LATVIA;MRO;1159336.6504001797
VVac1;TOGO;SCR;42255.408150333555
EGJLL;PERU;DKK;72482.64466527273
EGJLL;ROMANIA;XPF;373258.34989866335
EGJLL;LAO PEOPLE'S DEMOCRATIC REP;VND;181568928.34610692
EGJLL;MOROCCO;LYD;27005.833206674622
EGJLL;SINGAPORE;TND;3270.2812284849456
EGJLL;HONDURAS;IDR;100444907.62708765
EGJLL;UNITED KINGDOM;RUB;132017.11367711177
EGJLL;BOLIVIA;LYD;7909.2677814796525
EGJLL;GAMBIA;ANG;4756.791502726813
EGJLL;KENYA;INR;635009.690591912
EGJLL;TANZANIA, UNITED REPUBLIC OF;MVR;119016.30374154905
EGJLL;ARUBA;MUR;102567.57770390487
EGJLL;CHINA;MXN;41720.27966297409
EGJLL;SURINAME;KWD;685.472352574542
DDHMM;LIBERIA;MUR;437840.6166855028
DDHMM;SAUDI ARABIA;BTN;299455.6521205087
DDHMM;TOGO;MMK;22653723.023807064
DDHMM;ANGOLA;PLN;18488.822419975775
DDHMM;HONG KONG;TRY;166953.83901926267
DDHMM;MOZAMBIQUE;PAB;820.3616274732967
DDHMM;POLAND;MMK;23087343.174805958
DDHMM;SUDAN;BIF;21383550.115686525
DDHMM;LIBYAN ARAB JAMAHIRIYA;ANG;8952.533857608996
EFIW1;PARAGUAY;SAR;8199.375377616278
EFIW1;OMAN;BHD;1084.3514306724785
EFIW1;CANADA;NGN;677122.8096470087
EFIW1;GAMBIA;BIF;6523344.382338647
EFIW1;MALAYSIA;BGN;1177.015172972278
EFIW1;TANZANIA, UNITED REPUBLIC OF;XPF;287317.1634577754
EFIW1;URUGUAY;HUF;74952.91706265022
EFIW1;SAMOA;ETB;51246.74500124355
EFIW1;ISRAEL;CRC;972442.3820928974
EFIW1;ZAMBIA;BYR;57046516.50840999
DHHH1;SIERRA LEONE;SLL;25727708.547121562
DHHH1;MEXICO;NPR;398832.2049049825
DHHH1;NICARAGUA;ETB;193163.1204929553
DHHH1;SAO TOME AND PRINCIPE;ZWL;3421455.9768009447
DHHH1;JAPAN;MAD;18704.298824484064
DHHH1;ARGENTINA;NAD;58801.95424745671
DHHH1;NETHERLANDS ANTILLES;SBD;15834.240687399093
DHHH1;CANADA;CYP;3544.2996146626097
DHHH1;FRENCH POLYNESIA;SLL;113700635.70595156
DHHH1;SURINAME;LKR;193525.39483575756
DHHH1;MALAYSIA;PHP;216107.29489533394
BBDJX;BELIZE;ALL;88050.0754292578
BBDJX;BELIZE;PAB;5.167031470578054
BBDJX;PERU;BYR;1790352.3466956373
BBDJX;BOLIVIA;NIO;22754.089353747644
BBDJX;MAURITIUS;SAR;1565.4368179888613
BBDJX;EURO;RON;1515.4592264583819
BBDJX;SIERRA LEONE;CHF;706.7281094695884
BBDJX;PAPUA NEW GUINEA;CNY;2053.325635549273
BBDJX;NICARAGUA;FJD;785.9439940462282
BBDJX;HONG KONG;VES;7143.4613019143035
BBDJX;TRINIDAD AND TOBAGO;BBD;1334.5704141150172
BBDJX;LEBANON;UYU;12403.318810385863
BBDJX;BRUNEI DARUSSALAM;PGK;1422.0790256095545
BCEHI;BAHAMAS;TTD;6862.585701499978
BCEHI;SWITZERLAND;ARS;1467810.1425718863
CEFL3;SYRIAN ARAB REPUBLIC;GNF;44504785.15235864
CEFL3;KOREA, REPUBLIC OF;IDR;11628657.874291303
CEFL3;MALAWI;NGN;1959054.2795036908
CEFL3;PANAMA;HUF;1221630.8168371576
CEFL3;NETHERLANDS ANTILLES;CZK;95921.94489502301
CEFL3;NORWAY;FJD;7508.193732138708
CEFL3;NAMIBIA;GBP;1257.5274309085896
CEFL3;HAITI;MWK;3144493.652189607
CEFL3;ZIMBABWE;NAD;82978.41680035941
AXWYZ;HONDURAS;XPF;11432.094804296057
AXWYZ;FIJI;JPY;123990.12162834777
AXWYZ;TUNISIA;CHF;927.4790730454625
AXWYZ;RUSSIAN FEDERATION;GNF;6258600.296345949
AXWYZ;PERU;TZS;610874.7563309679
AXWYZ;CYPRUS;BYR;23340635.036323566
AXWYZ;ARGENTINA;LRD;32653.782268618004
HIYc2;BURUNDI;PGK;1708.656759471726
HIYc2;BHUTAN;DKK;5038.5417155520145
HIYc2;UNITED KINGDOM;PYG;6466343.940966287
HIYc2;TANZANIA, UNITED REPUBLIC OF;BSD;344.03420453113705
HIYc2;ANGOLA;JOD;441.8157540859597
HIYc2;YEMEN;CYP;2194.2483035180735
HIYc2;EGYPT;RSD;338784.3983856394
CIIVZ;NETHERLANDS ANTILLES;PEN;6170.352060902852
CIIVZ;MOZAMBIQUE;ANG;1576.9548509599163
CIIVZ;SURINAME;CHF;1525.6190787871853
CIIVZ;PERU;AZN;453.57300801087763
CIIVZ;MADAGASCAR;BSD;1860.597036008936
CIIVZ;ARGENTINA;JMD;57208.3345118473
CIIVZ;BELIZE;JMD;300397.45612572634
CIIVZ;SOLOMON ISLANDS;INR;157787.94874164907
CIIVZ;NEPAL;TWD;10711.646142577245
CIIVZ;PAKISTAN;BTN;184787.26228281696
CIIVZ;BOLIVIA;TZS;1848992.1157248681
GGIN3;SOMALIA;KHR;33471348.55962142
GGIN3;BOLIVIA;UGX;5069219.014765847
GGIN3;MOZAMBIQUE;ALL;69901.18802137958
GGIN3;NIGERIA;CHF;1617.1824794185156
GGIN3;THAILAND;VND;191022950.9955542
GGIN3;SOMALIA;LBP;15659020.23368543
GGIN3;CHINA;PHP;-7059.203812190189
GGIN3;UNITED KINGDOM;EUR;5064.748912652949
GGIN3;CHILE;MVR;64786.43415093728
GGIN3;TAIWAN, PROVINCE OF CHINA;RSD;636183.7705165645
GGIN3;OMAN;CZK;172565.34898899912
GGIN3;ALBANIA;MRO;260841.1447451809
GGIN3;VANUATU;ISK;1108122.0218809498
GGIN3;POLAND;BWP;152842.39738155468
CDLYb;LIBERIA;NIO;62193.51871261341
CDLYb;SAUDI ARABIA;HTG;188402.95634311732
CDLYb;NIGERIA;GMD;112563.76681137687
CDLYb;CENTRAL AFRICAN REPUBLIC;SOS;1680353.067847434
CDLYb;BELIZE;ZWL;535747.5346120503
CDLYb;MACAU;NPR;113198.19535729486
HHI33;ANGOLA;KHR;6638980.356085185
HHI33;ARUBA;BTN;174241.67090465763
HHI33;UNITED ARAB EMIRATES;NZD;1276.9613954457852
HHI33;NORWAY;NGN;684672.6628265632
HHI33;SWITZERLAND;SLL;24237708.725390576
HHI33;TANZANIA, UNITED REPUBLIC OF;THB;37550.52083929481
HHI33;BAHRAIN;VES;60700.159667992884
HHI33;EGYPT;BGN;6478.599493016481
HHI33;EL SALVADOR;UGX;10270671.909420894
HHI33;THAILAND;NPR;362719.38537189184
HHI33;HAITI;GMD;173390.11459653126
HHI33;JORDAN;AED;8239.073674953197
HHI33;DJIBOUTI;MWK;2004849.2162408726
HHI33;BARBADOS;VES;8003.883600334703
HHI33;MALDIVES;MYR;11321.279459737583
HHI33;URUGUAY;LAK;57890019.44107911
HHXXa;COLOMBIA;DJF;637515.7808989162
HHXXa;COLOMBIA;EUR;1931.2509897567886
HHXXa;SURINAME;PYG;13248566.733136645
HHXXa;SOLOMON ISLANDS;MVR;74905.82280171881
HHXXa;MEXICO;ZMW;53102.56301598293
HHXXa;UKRAINE;ZMW;25284.761418869395
HHXXa;BHUTAN;SOS;908509.3269274505
HHXXa;BHUTAN;LRD;278380.8795328739
HHXXa;TONGA;YER;372058.0601269053
HHXXa;UNITED KINGDOM;AED;24616.28978887999
HHXXa;BAHRAIN;NPR;16303.569743872547
HHXXa;EGYPT;AOA;3303532.0151160704
HHXXa;GUINEA;PLN;2974.7404175070214
KLZZ1;SWITZERLAND;LKR;3316533.369107726
KLZZ1;FRENCH POLYNESIA;CRC;4940729.24347726
KLZZ1;UNITED ARAB EMIRATES;BOB;65080.84388070974
KLZZ1;RUSSIAN FEDERATION;BIF;15296073.19092774
ALXZc;LAO PEOPLE'S DEMOCRATIC REP;SDG;2712992.718920528
ALXZc;BELIZE;RWF;4174207.699878193
ALXZc;TURKEY;TWD;117102.03829939954
ALXZc;UKRAINE;VUV;205512.51196474806
ALXZc;IRAQ;IQD;4645268.230928845
ALXZc;SIERRA LEONE;CNY;19170.730223796705
ALXZc;TANZANIA, UNITED REPUBLIC OF;TWD;104948.26614256794
ALXZc;MEXICO;HTG;518991.6460650213
ALXZc;UNITED KINGDOM;HKD;24266.089617201273
ALXZc;UNITED KINGDOM;ZAR;51796.797144643075
ALXZc;PAPUA NEW GUINEA;RWF;1934278.7634159618
ALXZc;VANUATU;UYU;133835.81118653173
ALXZc;COSTA RICA;RWF;4854768.6763161905
GGKKL;HUNGARY;JMD;1645781.8481337675
GGKKL;CHINA;EUR;4856.185606526743
GGKKL;NORWAY;SAR;5595.994986382114
GGKKL;SWAZILAND;MUR;534937.0391928271
GGKKL;CHINA;KRW;19189702.0161151
GGKKL;RWANDA;TWD;59636.39235614645
GGKKL;PARAGUAY;NGN;6341493.9922512835
GGKKL;UGANDA;MVR;55865.23699642155
GGKKL;MAURITIUS;AOA;7886419.519266821
GGKKL;INDONESIA;AED;45114.20734807882
GGKKL;NIGERIA;HKD;113410.75229228093
GGKKL;SERBIA;WST;30707.285877424627
GGKKL;ISRAEL;CZK;81759.1894086945
GGKKL;BRAZIL;KRW;15663478.897500157
GGKKL;POLAND;AOA;7502755.866978165
GGKKL;OMAN;ARS;1517447.8272184844
LMYa3;NEW ZEALAND;SRD;18714.33385861693
LMYa3;BHUTAN;MXN;1570.9865766399782
LMYa3;SAMOA;HTG;29370.825119853733
LMYa3;UNITED KINGDOM;LKR;297120.567282309
LMYa3;CANADA;BZD;1226.0649742575104
LMYa3;UKRAINE;LAK;2096818.7571027833
HZcc3;VANUATU;XOF;73504021.43038142
HZcc3;MALAYSIA;MVR;1331062.568845191
HZcc3;TONGA;GMD;4822188.356025256
HZcc3;BULGARIA;KYD;79147.96585792315
HZcc3;KOREA, REPUBLIC OF;PLN;34348.47522699139
HZcc3;SRI LANKA;SYP;44230042.09612505
HZcc3;LIBYAN ARAB JAMAHIRIYA;OMR;37134.558085082586
HZcc3;QATAR;VES;999335.4823443018
HZcc3;MALAWI;UGX;184150335.61056942
HZcc3;FRENCH POLYNESIA;SRD;3243855.063505829
HZcc3;CAPE VERDE;SYP;16692373.9597777
HZcc3;NEPAL;JMD;9267052.512481486
HZcc3;BOTSWANA;ISK;13944898.784161063
GGGY1;TRINIDAD AND TOBAGO;ILS;27683.45194880325
GGGY1;BERMUDA;ARS;752722.7030014319
GGGY1;COSTA RICA;RWF;10429328.52186991
GGGY1;NICARAGUA;SOS;4960444.966977422
GGGY1;SRI LANKA;KES;73314.55399008674
GGGY1;SINGAPORE;TZS;15049294.369027618
GGGY1;SAMOA;BRL;50892.42421794968
GGGY1;ZAMBIA;CHF;14.130121189205608
GGGY1;SWAZILAND;GTQ;13822.21399935431
GGGY1;BAHAMAS;TTD;26642.585456500736
GGGY1;SAO TOME AND PRINCIPE;MAD;60603.21991330743
GGGY1;GHANA;SLL;141993438.0600586
GGGY1;CAMBODIA;RUB;200959.42142220886
AANWc;YEMEN;CLP;885900.3137680282
AANWc;GHANA;BWP;18350.137805489445
GGKZa;CENTRAL AFRICAN REPUBLIC;DZD;167157.11530495557
GGKZa;KAZAKHSTAN;KHR;9078322.523985215
GGKZa;BHUTAN;BSD;7335.843571244082
GGKZa;TONGA;COP;50231175.741656855
GGKZa;FRENCH POLYNESIA;BSD;4198.9847139439535
GGKZa;BELARUS;KES;578264.6544303013
GGKZa;GUINEA;SLL;16763880.90424508
GGKZa;SAMOA;QAR;35735.99273695316
DLZZ3;KOREA, REPUBLIC OF;HKD;82376.36579016065
DLZZ3;CYPRUS;PEN;18001.073485803277
DLZZ3;LAO PEOPLE'S DEMOCRATIC REP;SOS;2915279.3050784077
KKV11;SAMOA;BND;45142.48864995995
KKV11;ARUBA;BSD;16584.464248579905
KKV11;TRINIDAD AND TOBAGO;LRD;2013820.1620221618
BGIXX;EL SALVADOR;EGP;171598.41836179068
BGIXX;BURUNDI;LAK;138915494.82362163
BGIXX;DJIBOUTI;BTN;770638.4064345675
BGIXX;OMAN;BZD;8481.126879238856
BGIXX;SINGAPORE;FJD;9048.176898837453
BGIXX;INDONESIA;MZN;704252.7901836181
BGIXX;BRAZIL;MVR;201674.865931615
BGIXX;BAHAMAS;MYR;37438.28852753943
BGIXX;CENTRAL AFRICAN REPUBLIC;TZS;51832148.7923782
BGIXX;COSTA RICA;XCD;24141.20764337087
BGIXX;SAO TOME AND PRINCIPE;PEN;5543.593714866368
BGIXX;CROATIA;PYG;147663319.29685426
BGIXX;MALAYSIA;LKR;9335439.693816693
BGIXX;FIJI;SAR;66525.43887760607
BGIXX;BAHRAIN;MAD;112276.75323593043
BGIXX;KUWAIT;LAK;347068701.95637685
ILLMb;DJIBOUTI;SVC;25100.463157471357
ILLMb;BAHAMAS;RUB;215512.09084008116
GJLLL;PHILIPPINES;GBP;393.621957357909
GJLLL;NEPAL;MWK;29218508.523348417
GJLLL;IRAN (ISLAMIC REPUBLIC OF);WST;43701.2960158838
GJLLL;AUSTRALIA;PLN;76596.43335250435
GJLLL;TURKEY;PGK;47263.35262199026
GJLLL;HONDURAS;HKD;122245.24344741038
GJLLL;CHINA;GYD;851630.341370736
GJLLL;COLOMBIA;TWD;540071.7121484699
AGHMN;DENMARK;GBP;365.55711237108073
AGHMN;MEXICO;LBP;329606.2002397629
AGHMN;LAO PEOPLE'S DEMOCRATIC REP;HTG;45644.33431510601
AGHMN;ALBANIA;DKK;573.9011966384857
AGHMN;BAHAMAS;BND;574.8116578323169
AGHMN;SWAZILAND;RUB;901.5597203735285
AGHMN;NICARAGUA;DOP;20189.367394768888
AGHMN;ALBANIA;KZT;32943.560640009695
AGHMN;BERMUDA;ZWL;139872.3545812269
AGHMN;LAO PEOPLE'S DEMOCRATIC REP;NAD;1597.0879520301048
AGHMN;PERU;MUR;7248.494809960866
AGHMN;PARAGUAY;SZL;5044.999680530212
AGHMN;PERU;BGN;137.81825580046794
AGHMN;QATAR;SBD;3142.314576774144
AGHMN;CENTRAL AFRICAN REPUBLIC;GYD;21011.47777764028
AGHMN;BURUNDI;ZAR;6530.840093916999
AGHMN;PARAGUAY;GHS;2551.201530034145
AIVXZ;CHINA;SYP;5243968.495146723
AIVXZ;JAMAICA;MMK;23632981.188235056
AIVXZ;CYPRUS;AED;43440.37669968556
AIVXZ;NEPAL;VES;277833.00007962645
AIVXZ;HUNGARY;JPY;310678.2335395858
AIVXZ;SWEDEN;TND;35647.254852971
AIVXZ;SERBIA;BHD;2222.6470757759803
AIVXZ;HONG KONG;PKR;768936.8225578802
AIVXZ;VIET NAM;ETB;441564.8894712568
AIVXZ;SINGAPORE;KES;48230.260491226836
AIVXZ;DJIBOUTI;HNL;53306.308265420106
AIVXZ;ROMANIA;EUR;6732.842240571683
CCHZa;THAILAND;YER;102669.12210296992
CCHZa;CENTRAL AFRICAN REPUBLIC;MZN;183579.7234084527
CCHZa;BELIZE;PGK;9708.253043331833
CCHZa;IRAQ;UYU;191149.28960745077
CCHZa;LAO PEOPLE'S DEMOCRATIC REP;HTG;385810.13545551116
CCHZa;MOZAMBIQUE;LYD;13762.815261694792
CCHZa;QATAR;TRY;44095.23435723388
CCHZa;BURUNDI;IRR;165061766.8439225
CCHZa;TURKEY;DZD;222156.35355457172
CCHZa;PERU;MAD;16906.93783618847
CCHZa;BELIZE;ZAR;9907.275192665542
CCHZa;FRENCH POLYNESIA;TWD;72090.89896756594
CCHZa;MALDIVES;ETB;106517.87857705627
CCHZa;QATAR;XPF;423530.78956670384
CCHZa;ALGERIA;WST;4216.637712150701
CCHZa;BRAZIL;BDT;403522.02599434275
CCHZa;NAMIBIA;XCD;3695.9009015351908
CCHZa;GUATEMALA;INR;51081.226717731755
CCHZa;VANUATU;ZAR;20294.188311325204
CCHZa;GHANA;GNF;31407743.35433462
BG122;KENYA;VES;40051.57223795987
BG122;EL SALVADOR;COP;17490161.623798344
BG122;TUNISIA;MAD;4871.340782790306
BG122;BOLIVIA;GYD;734840.6824944436
BG122;LAO PEOPLE'S DEMOCRATIC REP;SZL;155047.42123269808
BG122;EGYPT;LBP;5505030.545314017
BG122;KAZAKHSTAN;CYP;5072.17069986865
BG122;AUSTRALIA;PEN;28274.271499505467
BG122;COLOMBIA;KWD;1319.1675412259024
BG122;SUDAN;CRC;2484803.1038200855
BG122;MOROCCO;RSD;885869.7810235795
BG122;SEYCHELLES;SVC;79222.19160923509
BG122;NAMIBIA;UYU;111593.48941496704
BG122;CAYMAN ISLANDS;GBP;6202.417781007036
BG122;JORDAN;ZWL;4659046.867369984
CJNWW;ANGOLA;CZK;37356.9426695467
CJNWW;EL SALVADOR;UAH;16774.07487393448
CJNWW;YEMEN;CLP;771794.5376352023
CJNWW;MYANMAR;MAD;-155.33960952262026
CJNWW;ETHIOPIA;KZT;535544.8165409677
CJNWW;INDONESIA;SVC;2110.9288907801233
CJNWW;LIBERIA;DOP;400.96917034696713
CJNWW;SOUTH AFRICA;KZT;462226.64870050934
CJNWW;TUNISIA;MXN;23962.540037128907
CJNWW;TRINIDAD AND TOBAGO;UAH;57572.83257403045
ALNYZ;QATAR;ISK;51547.526289319
ALNYZ;MOZAMBIQUE;UYU;129560.69743759315
ALNYZ;EL SALVADOR;CRC;1013327.0668573166
ALNYZ;SOMALIA;XOF;716672.457023191
ALNYZ;GUATEMALA;VES;2641.114425890995
ALNYZ;GUINEA;AWG;3849.4003583434874
ALNYZ;LIBYAN ARAB JAMAHIRIYA;RWF;2131735.0257258
ALNYZ;AUSTRALIA;MGA;12660830.078652687
ALNYZ;PAPUA NEW GUINEA;FJD;6201.433104541067
ALNYZ;SINGAPORE;KRW;388857.6030997176
ALNYZ;DOMINICA;AOA;957314.5571017261
ALNYZ;MOZAMBIQUE;XOF;1793125.5986729083
ALNYZ;HAITI;DZD;284484.66082987835
ALNYZ;ISRAEL;YER;393481.16481757216
HKKM1;MOZAMBIQUE;PAB;258.9207207755102
HKKM1;HONDURAS;PEN;8327.735835555184
HKKM1;CENTRAL AFRICAN REPUBLIC;MRO;3247268.9715632903
HKKM1;UNITED ARAB EMIRATES;JMD;112217.71421090595
HKKM1;BELIZE;PYG;70295046.39509326
HKKM1;BULGARIA;DJF;266429.1337389912
HKKM1;NAMIBIA;MUR;190559.29583173976
HKKM1;INDIA;XOF;1720595.5015912466
HKKM1;DENMARK;NAD;51884.82251266176
HKKM1;UNITED KINGDOM;MUR;253857.62766429473
HKKM1;NEPAL;XOF;657237.6994669946
HKKM1;CHILE;GMD;642913.1861575568
HKKM1;MOZAMBIQUE;RSD;810276.9016427358
HKKM1;BOLIVIA;MGA;30265866.049327534
GIMYb;ICELAND;CRC;4262687.568422424
FFFFc;CAMBODIA;MOP;13524.695377729588
FFFFc;BRUNEI DARUSSALAM;CYP;970.8583609513126
FFFFc;UGANDA;GYD;33765.103002523465
FFFFc;UGANDA;SCR;3051.3758021782187
FFFFc;BRUNEI DARUSSALAM;MWK;2325350.2746748617
FFFFc;NETHERLANDS ANTILLES;LAK;28889104.85233552
FFFFc;EURO;XOF;114595.72892272427
FFFFc;IRAQ;NGN;337668.65807784913
FFFFc;BARBADOS;HRK;17251.353521630044
FFFFc;UKRAINE;UGX;5979434.026872378
FFFFc;ARUBA;PKR;252607.55912294314
FFFFc;CAYMAN ISLANDS;KZT;375584.5291402827
FFFFc;FRENCH POLYNESIA;OMR;657.6958770570668
DKKYZ;CAYMAN ISLANDS;TTD;15442.652350073613
DKKYZ;SAO TOME AND PRINCIPE;ANG;7834.709171535564
DKKYZ;BANGLADESH;XOF;3188967.6075071595
DKKYZ;CANADA;BRL;22791.804686806765
DKKYZ;UGANDA;GTQ;29776.85839975381
DKKYZ;GUYANA;RSD;222756.4230833803
DKKYZ;GAMBIA;TWD;60873.56762231333
DKKYZ;VENEZUELA;JPY;156350.7446985361
DKKYZ;HONG KONG;SEK;49546.70118758705
DKKYZ;GUATEMALA;TOP;5281.718705415002
DKKYZ;BURUNDI;MXN;2397.257732025401
DKKYZ;SURINAME;XCD;4280.721308902245
BEHJ1;EL SALVADOR;PKR;12237.323606294018
BEHJ1;INDONESIA;XCD;360.56998173127346
BEHJ1;DOMINICAN REPUBLIC;JOD;196.0658652768683
BEHJ1;PANAMA;TTD;4160.397873102125
BEHJ1;SRI LANKA;SLL;6873272.997333501
BEHJ1;BELIZE;CLP;291650.78816599085
EJVV2;KOREA, REPUBLIC OF;SZL;25771.071044968874
EJVV2;SWEDEN;NZD;1740.9527410652918
EJVV2;SOUTH AFRICA;STD;47671249.458393276
EJVV2;HAITI;CAD;2029.1017784297105
EJVV2;NAMIBIA;KES;104465.94311670809
VZ111;UGANDA;VUV;127963.15670025787
BIVYZ;BERMUDA;CRC;1223227.630103834
BIVYZ;JORDAN;SBD;10508.911401467234
BIVYZ;BARBADOS;KYD;1250.969844851284
BIVYZ;BARBADOS;BBD;4084.631606662095
BIVYZ;BRUNEI DARUSSALAM;PAB;611.0469738787423
BIVYZ;CAMBODIA;UAH;62748.95949221311
BIVYZ;JAPAN;JMD;242446.43497473045
BIVYZ;MAURITIUS;SZL;3911.8898244781726
BIVYZ;MACAU;HRK;2983.3448223851724
BIVYZ;BHUTAN;LAK;5733161.895669932
BIVYZ;SOUTH AFRICA;ILS;4213.34629669628
BIVYZ;CANADA;SYP;810227.9797922275
BIVYZ;UNITED ARAB EMIRATES;IQD;-9689.807412717113
BIVYZ;GAMBIA;GHS;21533.22584119449
BIVYZ;BANGLADESH;KRW;1537681.7603086622
BIVYZ;SYRIAN ARAB REPUBLIC;KWD;83.4520629133814
BIVYZ;URUGUAY;BBD;4169.308528135928
BIVYZ;CAMBODIA;TOP;3744.3337988198787
FMVXc;TURKEY;BSD;704.2951571530326
FMVXc;QATAR;MVR;8530.110759903539
FMVXc;QATAR;BOB;8218.461781103399
FMVXc;TANZANIA, UNITED REPUBLIC OF;STD;80718563.83756772
FMVXc;JAPAN;NGN;1294896.9536702991
FMVXc;CHINA;ZMW;47340.14524872039
FMVXc;CROATIA;TOP;3044.401815357431
AFKYa;KENYA;PGK;952.6886635096699
AFKYa;BULGARIA;MYR;711.933631822116
AFKYa;CAMBODIA;CNY;168.41118216020604
AFKYa;DOMINICA;LAK;2978803.38653086
AFKYa;MAURITANIA;AOA;90853.68484861049
AFKYa;PERU;GBP;196.14353996040472
AFKYa;BOTSWANA;XAF;7761.256429432229
AFKYa;NETHERLANDS ANTILLES;CNY;1989.1931375714057
AFKYa;HONG KONG;INR;12450.251359375168
AFKYa;EURO;BTN;18790.740378975133
AFKYa;JAMAICA;KES;13254.926392378626
AFKYa;INDIA;GTQ;2200.504627440957
AFKYa;URUGUAY;JPY;36920.71209067682
AFKYa;CAYMAN ISLANDS;BSD;299.03171663840095
AFKYa;MEXICO;BWP;1257.5205650290861
AFKYa;BULGARIA;CHF;101.58795298938469
AFKYa;MEXICO;LVL;134.17794802506367
AFKYa;POLAND;ETB;10111.606159775525
BILMM;PERU;CZK;62827.383254166656
BILMM;PARAGUAY;CLP;1644737.1520461675
BILMM;IRAQ;CNY;15927.793453206965
BILMM;BELIZE;KYD;11.057056042990242
BILMM;QATAR;UAH;69470.55241335377
BILMM;SIERRA LEONE;GHS;5018.324848034439
BILMM;SOLOMON ISLANDS;XCD;2418.79110001184
BFGGW;JAPAN;PAB;1157.1344113383184
BFGGW;CHILE;BRL;4893.186460563555
BFGGW;JORDAN;PGK;-41.994270803761445
BFGGW;LIBERIA;LKR;225264.99449798162
BFGGW;BAHAMAS;FJD;2782.3631993444897
BFGGW;NICARAGUA;HTG;23433.414367727557
BFGGW;NORWAY;TRY;9811.570665619203
BFGGW;ISRAEL;LYD;1824.320839587826
BFGGW;LEBANON;TTD;8164.419352191262
BFGGW;MAURITIUS;BBD;2019.0199336743829
BFGGW;SRI LANKA;CRC;393523.3198466038
BFGGW;KAZAKHSTAN;NIO;39865.381365390705
BFGGW;CANADA;KES;83248.09943064398
BFGGW;SAO TOME AND PRINCIPE;LVL;119.20454304116079
BFGGW;LEBANON;MYR;2069.6430482856535
DGVW3;GUYANA;MXN;293977.39903132856
DGVW3;UNITED ARAB EMIRATES;OMR;9912.708228086742
DGVW3;ETHIOPIA;BHD;9334.62239164902
DGVW3;MACAU;AZN;5078.50228361188
DGVW3;HONG KONG;LBP;24103619.241183918
DGVW3;UGANDA;GMD;1149284.8952000013
DGVW3;TONGA;INR;960780.2742538026
EKKYZ;ARGENTINA;GMD;2041847.1918919063
EKKYZ;AUSTRALIA;MUR;1137733.4384197604
EKKYZ;ZAMBIA;MMK;54922868.684743114
EKKYZ;YEMEN;NZD;41591.007761470726
EKKYZ;SAO TOME AND PRINCIPE;IDR;999537696.5533504
EKKYZ;NORWAY;KRW;22236692.165355265
EKKYZ;ICELAND;LBP;12700183.93426224
EKKYZ;JAMAICA;CLP;42046690.57364106
EKKYZ;CHILE;CAD;3083.101076476425
EKKYZ;KOREA, REPUBLIC OF;DKK;230288.09238420785
EKKYZ;SWAZILAND;AUD;36802.38280534553
EKKYZ;JAMAICA;MYR;70866.4555826862
EKKYZ;NETHERLANDS ANTILLES;IQD;98883679.91682658
EJVc1;MYANMAR;ETB;936349.9790271592
EJVc1;LAO PEOPLE'S DEMOCRATIC REP;TND;35045.55341425583
EJVc1;GHANA;OMR;11249.107768495336
EJVc1;BELARUS;UAH;1726336.2588412778
EJVc1;PAKISTAN;KHR;71664389.53043842
EJVc1;BELARUS;DZD;383254.5126128902
EJVc1;UKRAINE;NIO;98922.23200857332
EJVc1;BHUTAN;CYP;30141.782053983934
EJVc1;MOROCCO;PEN;141061.58162630428
EJVc1;TONGA;SYP;22510734.218857713
EJVc1;AZERBAIJAN;ETB;2224082.598235422
EJVc1;KAZAKHSTAN;PGK;73847.21886325236
EJVc1;NORWAY;BND;42504.87898102135
EJVc1;BURUNDI;MAD;377004.18766227365
EJVc1;CHINA;SZL;674439.8184899162
EJVc1;CYPRUS;AED;138096.37333776787
EJVc1;CAYMAN ISLANDS;DJF;5791072.5394576555
EJVc1;IRAQ;ALL;2270914.5333763985
LLbcc;DENMARK;BDT;927590.7349170427
ALNW1;SWAZILAND;BOB;12890.64469233827
ALNW1;LATVIA;JPY;322915.6569019552
ALNW1;ARUBA;CAD;1782.6150737307246
ALNW1;BANGLADESH;AOA;940029.3181952785
ALNW1;NETHERLANDS ANTILLES;SDG;497737.19916108367
ALNW1;ROMANIA;WST;2351.4543289051844
ALNW1;TANZANIA, UNITED REPUBLIC OF;HTG;154576.66467989443
ALNW1;PERU;UAH;4620.195523794253
ALNW1;CZECH REPUBLIC;CAD;3038.037203731936
ALNW1;CROATIA;EUR;199.3960867172511
ALNW1;MAURITIUS;PES;101516.5160762223
ALNW1;INDONESIA;YER;217925.87974668544
ALNW1;CAMBODIA;XOF;59967.37853789783
ALNW1;SYRIAN ARAB REPUBLIC;TWD;23285.78488449188
ALNW1;PARAGUAY;IDR;13551719.390752427
ALNW1;HUNGARY;LVL;815.0759974690861
ALNW1;KOREA, REPUBLIC OF;COP;12695895.617090365
ALNW1;SINGAPORE;BOB;12279.458080234655
ALNW1;ISRAEL;CLP;1910655.1811853081
BVVc2;MALAYSIA;MRO;456583.1169881848
BVVc2;MALAYSIA;SOS;37862.57253477283
BVVc2;KUWAIT;RON;6186.478790980543
DFIKZ;ALBANIA;KRW;5823254.058737735
DFIKZ;MOROCCO;GBP;348.9492098123783
DFIKZ;CANADA;SAR;993.7394761327009
DFIKZ;LIBERIA;EGP;65112.16498562194
DFIKZ;PERU;NOK;11952.262753358335
DFIKZ;PARAGUAY;PAB;961.4030935665626
DFIKZ;COLOMBIA;MGA;13835059.483360767
DFIKZ;SOMALIA;VUV;353112.7586616648
DFIKZ;BRUNEI DARUSSALAM;UGX;25747467.808395747
DFIKZ;ARUBA;BHD;3488.731617744453
DFIKZ;CAPE VERDE;KYD;4406.443429820219
DFIKZ;INDIA;ARS;1422386.9108765682
DFIKZ;SAMOA;LBP;1300413.5040599154
DFIKZ;INDIA;NIO;34200.248443550314
DFIKZ;POLAND;RSD;400671.3163176232
DFIKZ;HUNGARY;MWK;7354258.145345235
EVVXc;TONGA;HNL;305680.02421007253
EVVXc;TANZANIA, UNITED REPUBLIC OF;JOD;1233.8143384459152
EVVXc;BARBADOS;EUR;758.5852610831953
EVVXc;HAITI;TRY;1344.3616916930173
EVVXc;SINGAPORE;CLP;7501294.685219431
AFV22;SOLOMON ISLANDS;ZMW;-1.3280804791081104
AFV22;PERU;CZK;1410.0564079127178
AFV22;BURUNDI;SCR;610.8974673035473
AFV22;CAYMAN ISLANDS;MXN;349.2504514194487
AFV22;BERMUDA;EGP;1592.4147764153051
AIIJ1;ZAMBIA;ANG;20698.28124379717
AIIJ1;SINGAPORE;MWK;9266768.148760969
AIIJ1;TUNISIA;CZK;13872.928308010985
AIIJ1;BAHAMAS;BND;5608.04101798287
AIIJ1;BOLIVIA;CNY;48581.56709292778
AIIJ1;SUDAN;KRW;11924332.727991069
AIIJ1;TUNISIA;PYG;8008293.618358854
AIIJ1;MALAWI;DKK;73771.64263927416
AIIJ1;SUDAN;ARS;360285.3135491615
AIIJ1;DOMINICAN REPUBLIC;HRK;62644.79903276016
AIIJ1;JAPAN;BYR;76046186.7905985
AIIJ1;GHANA;LVL;5813.74129499304
AIIJ1;BANGLADESH;IRR;335772463.3443668
AIIJ1;TONGA;TOP;11488.348617722562
AIIJ1;ZAMBIA;PKR;439407.1533978741
EHHHa;BELARUS;XAF;1526104.85365782
EHHHa;CAMBODIA;BIF;7108466.593061252
EHHHa;JAMAICA;COP;30680975.748164643
EHHHa;NICARAGUA;COP;23085429.214918345
EHHHa;CAPE VERDE;MVR;11462.721471840938
EHHHa;MALDIVES;MYR;16546.08943826671
EHHHa;BRUNEI DARUSSALAM;BBD;475.54726121194204
EHHHa;AUSTRALIA;ZWL;1916360.5028309184
EHHHa;SYRIAN ARAB REPUBLIC;AUD;866.3469224820732
CJJ12;TOGO;GBP;11120.84712959134
CJJ12;AZERBAIJAN;ILS;6077.052024481156
CJJ12;EURO;VND;341316091.0767571
CJJ12;KAZAKHSTAN;MWK;15142598.440348111
CCX33;INDIA;PES;128996.42064130232
CCX33;CAYMAN ISLANDS;LYD;5552.89744931789
CCX33;FIJI;UYU;46691.10938862127
CCX33;EL SALVADOR;BGN;-9.951242989080821
CCX33;AUSTRALIA;MWK;887995.0794184606
