;Client;Country;Currency;Transaction
0;CGNX1;BARBADOS;MXN;196580.65296504702
1;CGNX1;TURKEY;CAD;6521.4456204539
2;CGNX1;HUNGARY;GBP;1557.3748020716798
3;CGNX1;CROATIA;SYP;1969815.403027527
4;CGNX1;PAPUA NEW GUINEA;LAK;38023828.23973143
5;CGNX1;DJIBOUTI;HNL;40506.637481893755
6;CGNX1;CYPRUS;MOP;24206.936974544624
7;CGNX1;NEPAL;GTQ;57606.31712661996
8;CGNX1;BAHAMAS;BHD;4245.462478187027
9;CGNX1;EURO;CRC;4850821.657613756
10;CGNX1;URUGUAY;WST;26793.081812388144
11;CGNX1;ROMANIA;EGP;53765.95971816814
12;HHLN1;TUNISIA;BOB;26909.65104596899
13;HHLN1;NEPAL;ZMW;68898.9048874282
14;HHLN1;SOLOMON ISLANDS;UGX;26575633.392617714
15;HHLN1;SOUTH AFRICA;MAD;129750.53211298955
16;HHLN1;SINGAPORE;KZT;7029465.229865066
17;HHLN1;QATAR;ZMW;106581.64555522252
18;HHLN1;ZIMBABWE;CLP;3225254.1418648297
19;HHLN1;EL SALVADOR;KWD;2915.727780525579
20;HHLN1;CROATIA;HKD;41671.59252237059
21;HHLN1;PAPUA NEW GUINEA;LAK;247751227.54745615
22;HHLN1;LIBERIA;KWD;3738.986447565646
23;HHLN1;GUATEMALA;PHP;402982.0901638922
24;HHLN1;INDONESIA;BIF;15934461.290025085
25;HHLN1;BRAZIL;MXN;16673.660723247332
26;HHLN1;KENYA;BGN;15809.224557986383
27;HHHLM;TANZANIA, UNITED REPUBLIC OF;SGD;757.2204362294038
28;HHHLM;GHANA;GYD;206113.1732535262
29;HHHLM;PARAGUAY;STD;18584396.250847552
30;HHHLM;BOLIVIA;INR;55801.726428727285
31;HHHLM;INDONESIA;MZN;29325.671519910073
32;HHHLM;ANGOLA;CNY;6419.54226101021
33;HHHLM;SAUDI ARABIA;CLP;193528.98474396882
34;HHHLM;BULGARIA;KWD;4.924137842105524
35;HHHLM;MALAYSIA;BZD;1820.887371737341
36;HHHLM;COLOMBIA;COP;661444.7311777899
37;HHHLM;QATAR;MOP;6915.687340838651
38;HHHLM;BRAZIL;BGN;364.55791625079644
39;HHHLM;KOREA, REPUBLIC OF;SCR;5012.814530062326
40;HHHLM;FIJI;MZN;73074.49378735262
41;HHHLM;ANGOLA;VES;8998.287942118
42;CINa2;SURINAME;RUB;25407.59220650093
43;CINa2;TOGO;SZL;3435.5123299064717
44;CINa2;ALGERIA;BMD;218.25843513844399
45;CINa2;CENTRAL AFRICAN REPUBLIC;OMR;251.1947715514389
46;CINa2;GAMBIA;STD;3803176.694160224
47;CINa2;BOLIVIA;LKR;49606.22429467685
48;CINa2;SAO TOME AND PRINCIPE;GTQ;2626.441311116845
49;CINa2;NORWAY;WST;3270.2715033721556
50;CINa2;JORDAN;XAF;470223.3514314503
51;CINa2;EURO;MGA;883116.9947005982
52;CINa2;BHUTAN;RUB;65367.77433444076
53;CINa2;TUNISIA;QAR;4634.307026494291
54;CINa2;PERU;BOB;6690.314343380409
55;CINa2;BELARUS;MYR;5154.399619625083
56;FGIbc;IRAQ;MAD;1555.8750217212653
57;FGIbc;MACAU;NIO;26664.618134143875
58;FGIbc;NORWAY;BRL;3331.6005036530146
59;CEE13;SIERRA LEONE;MZN;1756237.418192081
60;CEE13;PERU;CYP;13200.792043220044
61;CEE13;MOZAMBIQUE;ARS;191761.3138612333
62;CEE13;MAURITIUS;HUF;9985939.871999282
63;CEE13;SYRIAN ARAB REPUBLIC;CAD;631.624249340973
64;CEE13;AZERBAIJAN;TWD;481175.37078496197
65;BBHNZ;LIBERIA;BWP;7506.137041955462
66;BBHNZ;CANADA;RUB;133765.79183057797
67;BBHNZ;NEPAL;CLP;6870994.933193315
68;AENV2;MACAU;ARS;1093424.819161984
69;AENV2;QATAR;SZL;124122.3035690532
70;AENV2;FRENCH POLYNESIA;LYD;49774.80099697795
71;AENV2;MAURITIUS;FJD;5484.174457101711
72;AENV2;UNITED KINGDOM;TTD;47729.71526231062
73;AENV2;BARBADOS;SAR;32637.204698487963
74;AENV2;PAKISTAN;GYD;202984.77134867467
75;AENV2;UNITED KINGDOM;TND;8819.429019326204
76;AENV2;KENYA;LBP;2597667.526844525
77;AENV2;RUSSIAN FEDERATION;BHD;778.6696129859506
78;AENV2;PARAGUAY;IDR;9856001.665343734
79;AENV2;SERBIA;RON;19852.67334818382
80;AENV2;PHILIPPINES;CAD;11536.921184372566
81;AENV2;BOLIVIA;EUR;559.1244251059342
82;AENV2;BELIZE;OMR;1006.1220395757053
83;AENV2;SURINAME;IQD;5304618.24321426
84;AENV2;UNITED KINGDOM;SVC;83774.63234503467
85;BBFNY;VIET NAM;XPF;402104.8868278782
86;BBFNY;SAO TOME AND PRINCIPE;HRK;29872.73847028061
87;BBFNY;CAMBODIA;MWK;1489695.0718520696
88;BBFNY;NORWAY;CYP;1408.6756841743027
89;BBFNY;MEXICO;ALL;214752.8800028291
90;BBFNY;GUYANA;KZT;1056875.7219625255
91;BBFNY;SYRIAN ARAB REPUBLIC;ZMW;23496.179012945275
92;BBFNY;GUATEMALA;BWP;31171.91932272173
93;BBFNY;IRAN (ISLAMIC REPUBLIC OF);MAD;41335.71269193239
94;BBFNY;ALBANIA;RSD;200143.24262404616
95;BBFNY;PAPUA NEW GUINEA;TTD;6095.54502962585
96;BBFNY;BELIZE;CVE;106504.3725191857
97;BBFNY;ISRAEL;MZN;212987.02556141556
98;BBFNY;SOLOMON ISLANDS;DOP;95567.44766946179
99;EZaac;LEBANON;HUF;747089.53457475
100;EZaac;SOUTH AFRICA;SBD;19141.78658728796
101;EZaac;ALGERIA;PEN;19862.94708846563
102;EZaac;SAO TOME AND PRINCIPE;BRL;24206.558699113957
103;EZaac;SAMOA;LBP;5418450.780010351
104;EZaac;TANZANIA, UNITED REPUBLIC OF;BOB;35734.59417061115
105;EZaac;CZECH REPUBLIC;IQD;1330295.6587046434
106;EZaac;MALAYSIA;SRD;162517.5562095827
107;EZaac;NORWAY;NGN;961279.6445659718
108;EZaac;BRAZIL;PLN;401.0719190679826
109;EZaac;POLAND;BIF;4173658.2283486524
110;EZaac;LIBYAN ARAB JAMAHIRIYA;PES;985630.6347628469
111;EZaac;SINGAPORE;NOK;11254.313521035925
112;EZaac;NEW ZEALAND;HUF;36438.070173476415
113;EZaac;MAURITANIA;SAR;15543.158315559564
114;EZaac;DOMINICAN REPUBLIC;GBP;2742.6590139922623
115;EZaac;CZECH REPUBLIC;MZN;303748.82208395284
116;EZaac;HAITI;ETB;274995.5231867955
117;EZaac;MYANMAR;ZMW;-182.29746783107407
118;XWYa2;KAZAKHSTAN;PLN;59550.57386749339
119;XWYa2;VENEZUELA;BWP;244024.4599322193
120;XWYa2;MALDIVES;XPF;1873204.7588770548
121;HXXWc;PERU;HNL;256620.47172848278
122;HXXWc;LAO PEOPLE'S DEMOCRATIC REP;TND;23752.907870964587
123;HXXWc;BRAZIL;UGX;66034162.03131395
124;HXXWc;UNITED KINGDOM;TOP;46748.91922171688
125;HXXWc;THAILAND;NGN;7955979.585726352
126;HXXWc;MAURITANIA;PLN;34295.7871680755
127;HXXWc;SOLOMON ISLANDS;IRR;1356253555.907506
128;HXXWc;KUWAIT;MUR;492021.50151301123
129;BJMXb;TURKEY;RUB;265437.97646652587
130;BJMXb;PERU;RSD;439797.90139938775
131;BJMXb;UKRAINE;TZS;11302495.46530679
132;BJMXb;BHUTAN;DJF;437941.53394313215
133;BJMXb;TAIWAN, PROVINCE OF CHINA;DZD;548101.191557638
134;BJMXb;NIGERIA;CYP;3535.1700450153767
135;BJMXb;QATAR;NZD;1026.4641074720462
136;BJMXb;DOMINICA;CRC;2984822.885730257
137;BJMXb;EURO;ILS;18899.465740726137
138;BJMXb;SURINAME;ZWL;3911462.565824602
139;BJMXb;JAMAICA;BDT;563121.2026249449
140;EELZc;TONGA;SCR;5000.5118408742455
141;EELZc;MEXICO;XPF;4202.957371163124
142;EELZc;MACAU;BND;267.31680609805977
143;EELZc;FIJI;RWF;140319.02163561038
144;EELZc;LIBYAN ARAB JAMAHIRIYA;LAK;624065.2190669742
145;EELZc;MYANMAR;IDR;656879.8644462341
146;EELZc;CAMBODIA;JMD;51465.679601187825
147;EELZc;SWEDEN;GYD;77629.60339508535
148;EELZc;NEPAL;MUR;7234.590613005667
149;EELZc;INDIA;ZAR;6227.401788275453
150;EELZc;BAHAMAS;BIF;362147.6663750009
151;EELZc;ARUBA;KRW;79454.85937598282
152;EELZc;SERBIA;HKD;2702.934336921501
153;EELZc;VANUATU;MAD;1521.5295135183028
154;EELZc;BARBADOS;TRY;1953.4060832849073
155;EELZc;CAPE VERDE;EUR;95.5928637954638
156;EELZc;DJIBOUTI;THB;5036.310310250652
157;EELZc;NEW ZEALAND;SAR;14.114897541087501
158;EELZc;GAMBIA;WST;234.9538701547568
159;DJMa1;PHILIPPINES;XPF;450671.41392633645
160;DJMa1;ISRAEL;TWD;184826.68213059538
161;DJMa1;BRUNEI DARUSSALAM;MZN;34049.15309111326
162;DJMa1;BURUNDI;FJD;12296.62269848719
163;DJMa1;MALAYSIA;NPR;329624.3405770599
164;DJMa1;NAMIBIA;PGK;24152.690696693346
165;DJMa1;MAURITANIA;MMK;-72289.721770763
166;DJMa1;IRAN (ISLAMIC REPUBLIC OF);TRY;5306.048697884939
167;DJMa1;KOREA, REPUBLIC OF;GHS;20423.259479905846
168;DJMa1;TUNISIA;LAK;80240675.79261552
169;DJMa1;PERU;RSD;36043.50567917335
170;DJMa1;TANZANIA, UNITED REPUBLIC OF;BWP;81962.83250208305
171;DJMa1;BURUNDI;MMK;18998140.490921903
172;DJMa1;SAUDI ARABIA;YER;535742.7383433839
173;DJMa1;CYPRUS;STD;48047468.45386871
174;DJMa1;NICARAGUA;IQD;11777272.01068907
175;AHIJV;UKRAINE;KZT;2240681.653573708
176;AHIJV;DOMINICAN REPUBLIC;CZK;391398.947240304
177;AHIJV;EL SALVADOR;ZWL;1483421.2886952567
178;AHIJV;CANADA;ZAR;274508.70669136156
179;AHIJV;SOLOMON ISLANDS;TTD;4629.422255011598
180;AHIJV;HAITI;TND;10128.676723979092
181;AHIJV;OMAN;KRW;2368074.2932702573
182;AHIJV;PAKISTAN;CHF;2885.3582741980276
183;AHIJV;JAMAICA;ZMW;63538.08327502284
184;ELMW1;EL SALVADOR;BOB;146484.1411360139
185;ELMW1;CROATIA;AOA;2701332.2570346277
186;ELMW1;BERMUDA;MVR;273686.82398283714
187;ELMW1;BULGARIA;VES;287971.3201340928
188;ELMW1;EURO;PKR;3545908.72349899
189;ELMW1;LIBERIA;KZT;8661546.048518265
190;ELMW1;FIJI;BTN;334740.6345998342
191;ELMW1;MAURITANIA;HTG;2348759.9452351015
192;DIINW;CENTRAL AFRICAN REPUBLIC;BOB;2855.125242700265
193;DIINW;DOMINICA;ETB;29133.48856105611
194;DIINW;EURO;SLL;5903964.498014358
195;DIINW;CYPRUS;CAD;4522.45217977992
196;DIINW;CYPRUS;RON;16573.549764072588
197;DIINW;DOMINICAN REPUBLIC;YER;846957.205255271
198;DIINW;TANZANIA, UNITED REPUBLIC OF;PYG;28981901.841181327
199;DIINW;UGANDA;KRW;3268435.6973351208
200;DIINW;HONG KONG;BYR;36582729.88611295
201;DIINW;HONG KONG;MMK;9922503.081205755
202;DIINW;SUDAN;GTQ;6250.1699950213315
203;DIINW;BOTSWANA;KZT;1120133.4605845409
204;CIXZc;EURO;LRD;127691.00420221956
205;CIXZc;BARBADOS;TND;11221.589720863753
206;CIXZc;SRI LANKA;XOF;5839660.939215644
207;CIXZc;SWEDEN;GMD;196284.92038790102
208;CIXZc;TANZANIA, UNITED REPUBLIC OF;TRY;103346.80788277027
209;AKMZb;COLOMBIA;LAK;7616212.869514623
210;AKMZb;MALAWI;JOD;144.53863964767393
211;JKKLc;ETHIOPIA;SRD;120802.8698029901
212;JKKLc;PAPUA NEW GUINEA;RWF;4019342.0686987033
213;JKKLc;MALDIVES;BSD;16136.54729974557
214;JKKLc;DJIBOUTI;XAF;2899417.9267906556
215;JKKLc;LIBERIA;IQD;545464.1929810969
216;JKKLc;BARBADOS;BGN;25509.12130222685
217;JKKLc;MOZAMBIQUE;CLP;-54749.08189061674
218;JKKLc;BAHRAIN;MWK;9658731.435286427
219;JKKLc;GUATEMALA;GNF;55178712.37741672
220;JKKLc;LATVIA;LYD;14606.893870452453
221;JKKLc;ALGERIA;BND;27411.28623806566
222;JKKLc;CZECH REPUBLIC;LVL;5351.069946316723
223;JKKLc;COLOMBIA;DZD;269671.05834009877
224;JKKLc;RUSSIAN FEDERATION;JPY;916611.7733577448
225;JKKLc;RUSSIAN FEDERATION;MMK;0.0
226;JKKLc;BAHRAIN;LKR;2475245.9735937905
227;JKKLc;SIERRA LEONE;BND;16288.064706421468
228;JKKLc;SOUTH AFRICA;ILS;35185.76146925681
229;JKKLc;VENEZUELA;PAB;1.9872595196731
230;FFVW1;PAPUA NEW GUINEA;AUD;1752.3190872069842
231;DFIIJ;NORWAY;GBP;13844.62699890816
232;DFIIJ;TRINIDAD AND TOBAGO;PEN;2326.991194230172
233;DFIIJ;POLAND;SGD;3303.1194595262186
234;DFIIJ;HONG KONG;SZL;275489.26154516265
235;DFIIJ;BHUTAN;PYG;94228017.2124786
236;DFIIJ;SWEDEN;BOB;115772.67297927389
237;DFIIJ;EL SALVADOR;UGX;42011866.88736
238;DFIIJ;UNITED KINGDOM;NAD;357470.26444455964
239;DFIIJ;SWAZILAND;XOF;8611897.78307661
240;DFIIJ;CHINA;PLN;60581.3039449853
241;DFIIJ;DOMINICA;BSD;22460.918909932636
242;DFIIJ;EGYPT;VES;222473.06165419173
243;DFIIJ;AZERBAIJAN;SEK;13728.533953440827
244;DFIIJ;MALAYSIA;JMD;1342531.5476952645
245;DFIIJ;MEXICO;MUR;616570.99365899
246;DFIIJ;YEMEN;CHF;20607.435160120418
247;DFIIJ;INDONESIA;GHS;260704.8116097589
248;MNNYb;BRAZIL;MXN;12978.577397809622
249;MNNYb;TRINIDAD AND TOBAGO;HRK;172951.26878692152
250;MNNYb;BRAZIL;ETB;545650.7875987199
251;MNNYb;PAPUA NEW GUINEA;BYR;546549367.8835561
252;MNNYb;ALBANIA;PKR;2122797.383040122
253;MNNYb;SIERRA LEONE;HTG;171943.372622846
254;MNNYb;PERU;XOF;5655978.680510201
255;MNNYb;DJIBOUTI;UGX;82367571.64809924
256;MNNYb;UNITED ARAB EMIRATES;BTN;1202398.8668200276
257;MNNYb;SOLOMON ISLANDS;BSD;17046.723543158132
258;MNNYb;VANUATU;COP;129882413.59397225
259;MNNYb;EURO;TWD;97740.32732120647
260;MNNYb;SAUDI ARABIA;CYP;7061.841366862156
261;MNNYb;VIET NAM;LVL;3338.950420849727
262;MNNYb;TRINIDAD AND TOBAGO;INR;1544014.9934679605
263;MNNYb;FIJI;HTG;1929828.5703661195
264;GXWZc;UNITED KINGDOM;NPR;1306066.0288367802
265;GXWZc;LAO PEOPLE'S DEMOCRATIC REP;STD;182503532.53793344
266;GXWZc;SINGAPORE;VND;42412020.78603801
267;GXWZc;MACAU;MZN;214258.2553207648
268;GXWZc;NICARAGUA;IDR;146730562.32715902
269;GXWZc;ARUBA;ZWL;3062240.4014583547
270;GXWZc;ALBANIA;KZT;6907487.566640117
271;GXWZc;ARUBA;MOP;-922.4244148878831
272;GXWZc;NICARAGUA;LBP;10040290.434715873
273;GXWZc;NORWAY;LKR;1972465.4758803712
274;GXWZc;TONGA;SBD;60856.652609193436
275;GXWZc;THAILAND;DJF;1703990.181768344
276;BDGIc;UNITED KINGDOM;QAR;6147.6656407435885
277;BDGIc;VIET NAM;BIF;13438600.385732789
278;BDGIc;EURO;BYR;607577.5058879897
279;BDGIc;LIBERIA;XPF;995357.5927338949
280;BDGIc;INDONESIA;AWG;5706.147601152382
281;BDGIc;DENMARK;SVC;82585.3620040698
282;BDGIc;SUDAN;ALL;679294.868275108
283;BDGIc;SUDAN;GTQ;18343.29809306215
284;BDGIc;VENEZUELA;MGA;2906343.6426333976
285;ACIJ2;HUNGARY;THB;155007.061590763
286;ACIJ2;TONGA;AZN;5871.680783524789
287;ACIJ2;COSTA RICA;ZMW;26320.64688605161
288;ACIJ2;HUNGARY;PGK;23497.918209973523
289;ACIJ2;TRINIDAD AND TOBAGO;NZD;2611.91846565616
290;ACIJ2;TUNISIA;CNY;105971.12785208052
291;ACIJ2;SWEDEN;AWG;10020.827669265178
292;ACIJ2;ETHIOPIA;ANG;8835.714535895624
293;Ea233;TANZANIA, UNITED REPUBLIC OF;KRW;15170273.500488888
294;Ea233;BHUTAN;NPR;1168107.2765359697
295;Ea233;BAHRAIN;GYD;5812106.448800074
296;Ea233;BOLIVIA;WST;90583.21858325736
297;Ea233;KENYA;IRR;519575194.28488016
298;Ea233;HAITI;NPR;3784357.50187576
299;Ea233;PERU;MVR;369038.3809587883
300;Ea233;ALGERIA;BYR;540223130.3506069
301;Ea233;RWANDA;THB;705221.2088181861
302;Ea233;CHILE;SRD;208756.58513907625
303;Ea233;TANZANIA, UNITED REPUBLIC OF;SVC;86617.02899752464
304;Ea233;GUATEMALA;EUR;21253.018637761346
305;Ea233;BHUTAN;PHP;282901.3629245476
306;Ea233;INDONESIA;MGA;97146978.77239007
307;Ea233;RUSSIAN FEDERATION;DZD;2578978.313220195
308;HLbbc;AZERBAIJAN;ZWL;5781567.275815415
309;HLbbc;VIET NAM;QAR;11248.59431121064
310;HLbbc;NORWAY;NPR;247560.24526058827
311;HLbbc;LIBYAN ARAB JAMAHIRIYA;QAR;13619.32308519042
312;HLbbc;INDIA;SEK;30325.85688892699
313;HLbbc;LIBERIA;TND;11300.52824650325
314;HLbbc;GHANA;VND;154473344.3773539
315;HLbbc;POLAND;HUF;3482474.6189041077
316;HLbbc;SIERRA LEONE;LBP;7788857.870512513
317;HLbbc;PANAMA;HRK;31368.419894019335
318;HLbbc;UNITED ARAB EMIRATES;SGD;2039.0683990354678
319;HLbbc;BELARUS;AOA;322332.91036880045
320;HLbbc;GUATEMALA;IRR;245657500.80219215
321;HLbbc;UNITED KINGDOM;PKR;1912571.9776739578
322;HLbbc;UKRAINE;MUR;42356.30194906887
323;HLbbc;SAMOA;CZK;73252.68848679123
324;HLbbc;BELARUS;SLL;146679097.84334537
325;HLbbc;ARUBA;DZD;944421.5088767429
326;HLbbc;DJIBOUTI;BYR;193534259.74306488
327;HLbbc;GUYANA;AOA;2995737.721982612
328;BDKL2;NEPAL;ILS;18189.10339336173
329;BDKL2;LIBERIA;SEK;120062.5380830548
330;BDKL2;TONGA;EGP;147561.56116664686
331;BDKL2;AZERBAIJAN;BRL;21910.039307466013
332;BDKL2;UGANDA;MXN;9054.841960720016
333;BDKL2;EL SALVADOR;NPR;718992.4853271901
334;BDKL2;SAO TOME AND PRINCIPE;LYD;13807.359910830151
335;BDKL2;CAMBODIA;YER;2624011.4790374963
336;BDKL2;NICARAGUA;KES;769742.7464060345
337;AGMV1;MEXICO;NZD;21783.622668498792
338;AGMV1;ALBANIA;TTD;72805.5087833235
339;AGMV1;CAPE VERDE;STD;97562421.59473965
340;AGMV1;CYPRUS;YER;3539763.8086092835
341;AGMV1;UKRAINE;LRD;1617288.65735901
342;BEMV2;ROMANIA;NPR;1343816.041325084
343;BEMV2;PERU;FJD;16439.372322776697
344;BEMV2;SERBIA;UYU;83089.24063180269
345;BEMV2;BAHAMAS;GBP;2117.8302882353005
346;BEMV2;VIET NAM;SYP;353384.7169083213
347;BEMV2;IRAQ;LVL;2505.6742287687043
348;BEMV2;SAMOA;BOB;52306.547212231606
349;BEMV2;COSTA RICA;HRK;45025.84202589157
350;BEMV2;CENTRAL AFRICAN REPUBLIC;LBP;1341137.690909601
351;BEMV2;GAMBIA;ZWL;1649069.81530892
352;BEMV2;BARBADOS;GMD;93610.24239878569
353;HHVX1;PHILIPPINES;NPR;830031.1790444474
354;HHVX1;CANADA;FJD;2925.999916095896
355;HHVX1;PANAMA;MVR;58775.56236331875
356;HHVX1;ETHIOPIA;UYU;365350.04429840203
357;HHVX1;ARGENTINA;PES;1697546.265743533
358;HHVX1;BELARUS;SYP;3679314.0756211467
359;HHVX1;NIGERIA;TRY;8118.051110186998
360;HHVX1;MAURITANIA;AZN;360.08966619211213
361;HHVX1;SWEDEN;XPF;691041.1943320653
362;HHVX1;SWEDEN;KES;216405.96170285562
363;HHVX1;DJIBOUTI;PAB;407.6005544657531
364;HHVX1;SAUDI ARABIA;MVR;140990.0279746681
365;HHVX1;BHUTAN;NAD;89073.20245249201
366;HHVX1;PERU;TTD;60981.0777091786
367;HHVX1;CZECH REPUBLIC;EGP;218416.96772678173
368;HHVX1;UKRAINE;SEK;16608.854211226986
369;HHVX1;VANUATU;IDR;25718185.40573115
370;BDGJa;DJIBOUTI;FJD;1075.181046527367
371;BDGJa;GAMBIA;PYG;8822673.219799582
372;BDGJa;UNITED KINGDOM;DJF;1213425.2264560966
373;BDGJa;NICARAGUA;SZL;4176.560478862998
374;BDGJa;SIERRA LEONE;MXN;204370.67485160037
375;BDGJa;SERBIA;MUR;75765.0604290828
376;BDGJa;PAKISTAN;FJD;1116.6227142736038
377;BDGJa;LIBERIA;LRD;183223.9575119026
378;BDGJa;COLOMBIA;COP;9774604.428243032
379;BDGJa;BURUNDI;BTN;164433.79072480637
380;BDGJa;DENMARK;XPF;202489.10983825923
381;BDGJa;LEBANON;TRY;46762.33182230561
382;BDGJa;NETHERLANDS ANTILLES;JOD;2845.0132086653466
383;BDGJa;NICARAGUA;JMD;232505.76626103287
384;BDGJa;IRAN (ISLAMIC REPUBLIC OF);JPY;253204.8286384436
385;BDGJa;NEW ZEALAND;KES;-1869.8327621315657
386;BDGJa;ICELAND;PKR;335931.37651001435
387;BDGJa;COSTA RICA;JMD;1060100.6153577364
388;BDGJa;PERU;UYU;335102.4052198093
389;BDGJa;SOMALIA;NIO;82168.57406014498
390;EFJJ3;SWEDEN;LBP;-137002.44226894996
391;EFJJ3;GUINEA;YER;1120846.013393203
392;EFJJ3;ROMANIA;ARS;1567663.73388513
393;EFJJ3;EGYPT;SVC;55118.98001383
394;EFJJ3;SOUTH AFRICA;MXN;13080.052499947322
395;EFJJ3;CENTRAL AFRICAN REPUBLIC;LVL;3835.8593919828854
396;EFJJ3;TUNISIA;BTN;529783.4771853067
397;EFJJ3;MEXICO;NAD;45721.26310116541
398;EFJJ3;PAPUA NEW GUINEA;EUR;9077.493930348237
399;EFJJ3;HUNGARY;ZAR;19399.056745920705
400;EFJJ3;CENTRAL AFRICAN REPUBLIC;XPF;237274.06847222825
401;EFJJ3;HAITI;BSD;-89.31553513461608
402;BFZ13;NICARAGUA;PKR;1238762.8177236177
403;BFZ13;YEMEN;XPF;682701.2270166342
404;BFZ13;MOZAMBIQUE;VND;227934.01586310726
405;BFZ13;NETHERLANDS ANTILLES;DOP;234903.21634085276
406;BFZ13;PERU;TND;4574.168939871975
407;BFZ13;UNITED KINGDOM;PKR;1432438.37597058
408;BFZ13;TURKEY;PYG;35724839.68050882
409;BFZ13;ALBANIA;SCR;55089.43247312651
410;BFZ13;LIBERIA;ARS;684563.2567899075
411;BFZ13;BARBADOS;COP;3360890.570578683
412;BFZ13;BRAZIL;SGD;302.4286082258525
413;BFZ13;MALAWI;TZS;12979931.113292309
414;BFZ13;UGANDA;ANG;7537.686723383465
415;BFZ13;TRINIDAD AND TOBAGO;GHS;92172.77324593326
416;BFZ13;THAILAND;XOF;2656341.306317465
417;BFZ13;PERU;SRD;151909.30755959993
418;BFZ13;THAILAND;IQD;2071005.0957463281
419;BFZ13;NICARAGUA;CYP;577.4352435159249
420;DFFGI;ZAMBIA;BND;2860.609187912276
421;DFFGI;GUATEMALA;SDG;1431671.5047983283
422;DFFGI;SAUDI ARABIA;AWG;192.5784576109252
423;DFFGI;MOZAMBIQUE;NGN;841679.1224949677
424;DFFGI;ALBANIA;NGN;1052363.7486575688
425;DFFGI;KUWAIT;PHP;76296.58886929482
426;DFFGI;MYANMAR;IRR;117731601.51896165
427;DFFGI;DOMINICA;GYD;548970.2387735278
428;DFFGI;UNITED ARAB EMIRATES;PEN;7566.167691244154
429;DFFGI;MALDIVES;BMD;1745.809450736894
430;DFFGI;ETHIOPIA;MMK;615832.0683760624
431;DIILX;RUSSIAN FEDERATION;JMD;46940.933852321796
432;DIILX;RUSSIAN FEDERATION;MWK;280351.38734480477
433;DIILX;SOUTH AFRICA;BIF;2487184.022231388
434;DIILX;SAO TOME AND PRINCIPE;BIF;2272946.637065222
435;DIILX;BANGLADESH;TTD;-107.24738571983735
436;DIILX;MAURITIUS;IDR;15982111.74972654
437;DIILX;EL SALVADOR;LBP;204295.54837345448
438;DIILX;BULGARIA;GHS;20017.927831202676
439;DIILX;ALBANIA;IQD;826780.0635850918
440;DIILX;SERBIA;SDG;722374.787554023
441;DIILX;MALAWI;PLN;7120.9838427415725
442;DIILX;BERMUDA;TND;433.0815389693343
443;DIILX;EURO;AWG;622.2151323129134
444;EHHWY;SAUDI ARABIA;SEK;241819.7509281754
445;EHHWY;ZAMBIA;LVL;7860.252802038213
446;EHHWY;SURINAME;VND;187723255.87268415
447;EHHWY;FRENCH POLYNESIA;AUD;36341.20016063024
448;EHHWY;HONG KONG;JMD;4727475.021856298
449;EHHWY;SAUDI ARABIA;NPR;3634836.4958439064
450;EHHWY;KENYA;XOF;11588050.04797948
451;EHHWY;HONG KONG;SYP;4934242.55401144
452;EHHWY;SWITZERLAND;TWD;949003.0501778414
453;EHHWY;ISRAEL;UYU;207246.62800995976
454;EHHWY;VIET NAM;SYP;5078796.99825186
455;EHHWY;ZAMBIA;XCD;50549.38542610907
456;EHHWY;BOLIVIA;XOF;9861842.326600816
457;BELYb;CROATIA;AZN;13738.631666926993
458;BELYb;AUSTRALIA;TRY;164178.02252613276
459;BELYb;FIJI;MUR;58671.8946776864
460;BELYb;TURKEY;PYG;24788079.254756812
461;BELYb;MALAYSIA;ISK;584280.9156463892
462;BELYb;DOMINICAN REPUBLIC;HRK;59225.38409317005
463;BELYb;KENYA;EUR;9587.519554803754
464;BELYb;ICELAND;PEN;3865.5286454177617
465;BELYb;RUSSIAN FEDERATION;IQD;5212125.479710485
466;BBVYY;HUNGARY;QAR;84340.24785035072
467;BBVYY;ETHIOPIA;SDG;2755879.5956829134
468;BBVYY;MALDIVES;KYD;4213.652304492218
469;BBVYY;UNITED ARAB EMIRATES;TWD;355053.05123413564
470;BBVYY;KUWAIT;RWF;12646557.529912012
471;BBVYY;MACAU;GHS;160051.29519920418
472;BBVYY;JORDAN;NPR;595908.8906195438
473;BBVYY;SOLOMON ISLANDS;RSD;254629.7144462025
474;BBVYY;PHILIPPINES;DZD;2884720.5173499566
475;BBVYY;BELIZE;KRW;20746340.568538923
476;BBVYY;EL SALVADOR;SCR;196425.6288391034
477;BBVYY;KOREA, REPUBLIC OF;JPY;2693716.028386005
478;BBVYY;COLOMBIA;CLP;1326745.17960275
479;BBVYY;BARBADOS;BRL;109601.1873153407
480;BBVYY;CHINA;JOD;6297.441413800993
481;BBVYY;UKRAINE;MAD;25907.718812353996
482;BBVYY;SAUDI ARABIA;LKR;7422116.274086531
483;BBVYY;HONG KONG;MVR;178585.51363669257
484;BBVYY;SWITZERLAND;XPF;1882959.2561215525
485;BBVYY;ICELAND;SLL;165220583.2097735
486;EMY12;NEPAL;IRR;20293440.75974366
487;EMY12;BHUTAN;KRW;3543323.8367332374
488;EMY12;SWITZERLAND;NOK;24283.926013751032
489;EMY12;UKRAINE;MVR;5794.486913379635
490;EMY12;KENYA;BDT;305972.923792311
491;EMY12;HUNGARY;PEN;10736.511382503657
492;CJKZa;SIERRA LEONE;SLL;84435891.90393746
493;CJKZa;EURO;MVR;19956.060315129642
494;CJKZa;TURKEY;AOA;982885.2778734759
495;CJKZa;RUSSIAN FEDERATION;NOK;3935.622736234032
496;CJKZa;IRAN (ISLAMIC REPUBLIC OF);NIO;71170.46452397307
497;CJKZa;COLOMBIA;LRD;813372.619629377
498;CJKZa;IRAN (ISLAMIC REPUBLIC OF);RSD;334915.0494995937
499;CJKZa;SOMALIA;ZWL;796802.0712589952
500;CJKZa;UKRAINE;VES;100062.90054619606
501;CJKZa;YEMEN;UGX;5644317.733794873
502;CJKZa;SIERRA LEONE;BDT;282846.6402589776
503;CJKZa;GUYANA;PEN;13862.77234683702
504;CJKZa;EL SALVADOR;SEK;26403.64170925173
505;CJKZa;PANAMA;HUF;236936.38540356857
506;CJKZa;SAO TOME AND PRINCIPE;TOP;7485.016099317862
507;CJKZa;NEPAL;RON;2595.8351586306544
508;CJKZa;ETHIOPIA;BTN;421091.1305238838
509;CJKZa;CYPRUS;SAR;19766.97187377756
510;GIXYZ;BERMUDA;PGK;18530.580840347047
511;GIXYZ;ANGOLA;SYP;627333.6635269298
512;GIXYZ;COSTA RICA;SCR;10026.496218630167
513;GIXYZ;QATAR;BWP;21803.747119626787
514;GIXYZ;MACAU;BDT;181273.1380524283
515;GIXYZ;KAZAKHSTAN;BHD;492.9500550445571
516;GIXYZ;ALBANIA;BGN;1787.259100162379
517;GIXYZ;CZECH REPUBLIC;CYP;2023.90455477281
518;GIXYZ;NIGERIA;HTG;734007.1058771966
519;GIXYZ;BULGARIA;MUR;78683.64842225041
520;GIXYZ;HONG KONG;KHR;19277878.756469667
521;GIXYZ;JAMAICA;TZS;3796366.7301407084
522;GIXYZ;RWANDA;VES;7267.249633477638
523;GIXYZ;IRAQ;MAD;30451.952549608362
524;GIXYZ;FIJI;MRO;2529013.4851980065
525;GIXYZ;SAUDI ARABIA;MWK;377890.9623784777
526;GIXYZ;SWAZILAND;NPR;448389.12467109854
527;GIXYZ;GAMBIA;NGN;2122888.2363800537
528;GIXYZ;DENMARK;MGA;25321854.36018765
529;GIXYZ;BAHAMAS;STD;158247725.92289194
530;CHHJJ;MALAYSIA;QAR;3745.267422658242
531;CHHJJ;ARUBA;SRD;94375.93418396136
532;CHHJJ;AUSTRALIA;BBD;3943.315497492414
533;CHHJJ;MOZAMBIQUE;COP;17009689.48060278
534;CHHJJ;SAUDI ARABIA;KHR;18877633.667633235
535;CHHJJ;FRENCH POLYNESIA;NAD;112183.27341291998
536;CHHJJ;URUGUAY;SZL;52511.059461363526
537;CHHJJ;NORWAY;GNF;19164024.940336786
538;CHHJJ;HONDURAS;SYP;614874.5176085592
539;CHHJJ;OMAN;UAH;94894.67120960973
540;CHHJJ;HAITI;HNL;60641.240255867495
541;JLLV3;GUYANA;CYP;8182.291538787343
542;JLLV3;SYRIAN ARAB REPUBLIC;XAF;6463904.627590501
543;JLLV3;ANGOLA;KWD;4463.915132691919
544;JLLV3;HUNGARY;KES;1162400.4884130852
545;JLLV3;SRI LANKA;BWP;121653.21160186827
546;JLLV3;TANZANIA, UNITED REPUBLIC OF;MMK;35230698.973548904
547;JLLV3;BURUNDI;ALL;1580885.328881187
548;JLLV3;SYRIAN ARAB REPUBLIC;QAR;45002.24970218713
549;JLLV3;LEBANON;MAD;13805.269711047436
550;JLLV3;SIERRA LEONE;SYP;11316656.360212043
551;JLLV3;KOREA, REPUBLIC OF;GBP;19138.703030195033
552;JLLV3;LAO PEOPLE'S DEMOCRATIC REP;MWK;676200.2388341525
553;JLLV3;CYPRUS;LRD;2052603.6435459424
554;JLLV3;CENTRAL AFRICAN REPUBLIC;HKD;47561.1846251403
555;JLLV3;SOLOMON ISLANDS;BYR;408564056.9262184
556;AJLLY;ICELAND;CVE;85390.24410606017
557;AJLLY;MALDIVES;KWD;136.45058651387404
558;AJLLY;SWITZERLAND;WST;270.04256466516637
559;AJLLY;NEPAL;IRR;26240731.38621572
560;AJLLY;SURINAME;XPF;92403.20409950841
561;AJLLY;COLOMBIA;BIF;1309861.427565585
562;AJLLY;INDONESIA;GMD;45254.372645742296
563;AJLLY;INDONESIA;AUD;587.19356475995
564;AJLLY;LIBYAN ARAB JAMAHIRIYA;SCR;10785.671042427832
565;AJLLY;IRAN (ISLAMIC REPUBLIC OF);JPY;47237.70673041142
566;AJLLY;AZERBAIJAN;DJF;91034.1781493518
567;AJLLY;BARBADOS;GTQ;276.84262087506625
568;AJLLY;LATVIA;GMD;26409.22081840852
569;AJLLY;GHANA;ARS;44432.38128215253
570;AJLLY;TRINIDAD AND TOBAGO;RSD;89250.79602093856
571;AJLLY;POLAND;TRY;9466.495079862212
572;AGGXa;TOGO;SDG;1459109.2636061693
573;AGGXa;SOMALIA;VES;37102.432513060034
574;AGGXa;TANZANIA, UNITED REPUBLIC OF;NPR;549394.9514334749
575;AGGXa;TANZANIA, UNITED REPUBLIC OF;XAF;2149535.174261022
576;AGGXa;DENMARK;KHR;17017226.43302866
577;AGGXa;GAMBIA;MUR;114815.10323171379
578;AGGXa;MEXICO;PHP;62835.45077246573
579;AGGXa;TUNISIA;TOP;6315.058590638608
580;AGGXa;DJIBOUTI;INR;38902.69471137163
581;AGGXa;ZIMBABWE;QAR;16679.82783278447
582;AGGXa;HONG KONG;AZN;1660.5913632428012
583;AGGXa;SWITZERLAND;IRR;27229350.039604135
584;AGGXa;KOREA, REPUBLIC OF;KES;23551.444544167647
585;AGGXa;ALGERIA;MAD;2216.211766987298
586;FJLc2;POLAND;JOD;732.0333626645685
587;FJLc2;BANGLADESH;TWD;25334.818254627913
588;FJLc2;LIBERIA;MMK;871010.8175732616
589;FJLc2;NAMIBIA;PAB;310.9481668177615
590;FJLc2;ETHIOPIA;TTD;3882.3375496175804
591;FJLc2;SAUDI ARABIA;LBP;1495671.2062468152
592;FJLc2;MAURITIUS;AUD;792.9083463517488
593;FJLc2;CAPE VERDE;GYD;208692.43494804754
594;FJLc2;UGANDA;GYD;9519.800746315886
595;FJLc2;GUATEMALA;SZL;12193.993681343607
596;FJLc2;SIERRA LEONE;MZN;39108.63906404809
597;FJLc2;KOREA, REPUBLIC OF;GHS;22632.003800795952
598;FJLc2;FIJI;SCR;20488.01390150728
599;FJLc2;CYPRUS;SYP;737521.6398885413
600;FJLc2;CANADA;SGD;775.4026510043652
601;FJLc2;NORWAY;BMD;229.95622994679476
602;FJLc2;BAHRAIN;PKR;-417.49871944033146
603;FJLc2;JORDAN;HRK;6174.185086907099
604;FJLc2;PAPUA NEW GUINEA;PKR;215277.5215150509
605;JJWW3;BELARUS;RUB;206906.40059953392
606;JJWW3;TUNISIA;ZWL;250393.35554121074
607;JJWW3;ALGERIA;VND;51248460.311807655
608;JJWW3;CYPRUS;MVR;62932.840027699305
609;JJWW3;CENTRAL AFRICAN REPUBLIC;UGX;2689451.98364863
610;JJWW3;JAPAN;HTG;77828.90969464612
611;JJWW3;HAITI;BOB;11777.105960952968
612;JJWW3;LEBANON;SZL;23790.444171887848
613;JJWW3;HUNGARY;COP;12528175.611720514
614;JJWW3;CENTRAL AFRICAN REPUBLIC;SVC;3542.153269090692
615;JJWW3;TURKEY;EGP;105460.83777754402
616;JJWW3;CYPRUS;MUR;193222.4697422528
617;JJWW3;TRINIDAD AND TOBAGO;HRK;6817.040712862602
618;JJWW3;PARAGUAY;RSD;282830.53584466677
619;JJWW3;TURKEY;SDG;273556.83935751487
620;JJWW3;KAZAKHSTAN;SZL;11092.523937470847
621;JJWW3;BRUNEI DARUSSALAM;GYD;84359.13178280983
622;JJWW3;BHUTAN;HUF;65836.74255506661
623;JJWW3;SAMOA;BBD;4023.4802633346694
624;JJWW3;LIBYAN ARAB JAMAHIRIYA;AZN;2370.5985796791906
625;ACFHL;MALAWI;ZAR;156240.65278350722
626;ACFHL;ETHIOPIA;JMD;1059591.635423565
627;ACFHL;BAHRAIN;CYP;3288.295193242768
628;ACFHL;TONGA;GTQ;60893.23875235114
629;DNNNZ;UKRAINE;NGN;7302293.729822075
630;DNNNZ;NIGERIA;PKR;1305965.6665764542
631;DNNNZ;HONDURAS;ANG;9903.694908948988
632;DNNNZ;DOMINICAN REPUBLIC;SZL;176964.66402507832
633;DNNNZ;VENEZUELA;AZN;22729.432142232137
634;DNNNZ;SERBIA;VUV;1303877.4120702213
635;DNNNZ;YEMEN;DZD;166497.93196032124
636;DNNNZ;OMAN;DZD;824059.3847656406
637;Hccc1;MEXICO;HNL;29887.422829965748
638;Hccc1;SAUDI ARABIA;ISK;125794.93923778053
639;Hccc1;NAMIBIA;CLP;941882.035150157
640;Hccc1;ETHIOPIA;ETB;65478.98863053073
641;Hccc1;JAMAICA;PKR;-1624.4557311599638
642;Hccc1;MALAWI;MRO;226397.331601339
643;Hccc1;INDIA;CVE;37098.766116232815
644;Hccc1;SAUDI ARABIA;ZAR;15970.0541295567
645;Hccc1;PHILIPPINES;DJF;73920.30079666173
646;Hccc1;HONG KONG;MZN;62640.458939224496
647;Hccc1;URUGUAY;NZD;1211.5318783804787
648;Hccc1;CROATIA;IRR;39345732.78453736
649;EGNW3;CAPE VERDE;SLL;434001479.0327852
650;EGNW3;TURKEY;MYR;61058.626240391284
651;EGNW3;SOLOMON ISLANDS;XCD;60298.892486108896
652;EGNW3;CAPE VERDE;AZN;45931.78359382203
653;EGNW3;ISRAEL;ZAR;507862.5092450262
654;EGNW3;SOLOMON ISLANDS;RSD;3822918.814971566
655;EGNW3;SAMOA;WST;78138.43254295432
656;EGNW3;BAHAMAS;MZN;1772035.8006153586
657;CELM1;VENEZUELA;PEN;23989.522451239154
658;CELM1;SOUTH AFRICA;IQD;2118470.6914920467
659;ALMb1;LAO PEOPLE'S DEMOCRATIC REP;BND;145.6133765284027
660;ALMb1;LIBYAN ARAB JAMAHIRIYA;EUR;46.67112645882315
661;ALMb1;BOLIVIA;XOF;209309.70944658128
662;ALMb1;ICELAND;VES;7372.740395114967
663;ALMb1;MAURITIUS;BBD;584.6824276305549
664;ALMb1;FRENCH POLYNESIA;ZWL;121124.06181215939
665;ALMb1;BOLIVIA;SVC;1695.8451606545063
666;ALMb1;NICARAGUA;HTG;14469.381624543932
667;ALMb1;COLOMBIA;SLL;4743771.91284364
668;ALMb1;SOMALIA;SBD;1374.9103626316194
669;ALMb1;SAMOA;AZN;536.2517826271895
670;ALMb1;SWEDEN;NPR;8327.14863101317
671;ALMb1;SYRIAN ARAB REPUBLIC;MOP;902.4697152548819
672;ALMb1;GHANA;NOK;381.22463993344684
673;ALMb1;ARUBA;BMD;330.30343105026896
674;ALMb1;CHILE;SVC;2866.0939402106383
675;ALMb1;BOLIVIA;GTQ;2053.9019927114723
676;ALMb1;TOGO;BTN;26598.997238153504
677;ALMb1;HAITI;LVL;218.74202643638102
678;BFGM2;SAMOA;SDG;12908.79272887384
679;BFGM2;NAMIBIA;PYG;36826739.99979872
680;BFGM2;ALGERIA;BND;6309.505780033871
681;BFGM2;DOMINICAN REPUBLIC;ILS;27778.27779060099
682;BFGM2;TURKEY;ZAR;15482.959574512948
683;BFGM2;BRUNEI DARUSSALAM;RUB;200612.81676374027
684;BFGM2;GUATEMALA;SCR;24881.774684041768
685;BFGM2;BAHRAIN;OMR;2800.7697020373225
686;BFGM2;CZECH REPUBLIC;XOF;5182883.505071327
687;BFGM2;OMAN;SDG;2560721.9946610476
688;BFGM2;CENTRAL AFRICAN REPUBLIC;DJF;924457.6834275199
689;BFGM2;KOREA, REPUBLIC OF;CAD;1064.9230671885962
690;BFGM2;KAZAKHSTAN;AUD;13.898466838087497
691;CHHKL;BOTSWANA;MGA;3075958.939917791
692;CHHKL;MALDIVES;TND;1868.9092034837745
693;CHHKL;SWITZERLAND;GYD;101990.74250445972
694;CHHKL;BURUNDI;BDT;95003.44918538531
695;CHHKL;ISRAEL;NGN;249968.25742279278
696;CHHKL;NAMIBIA;BBD;223.06293087590032
697;CHHKL;TURKEY;SEK;3503.385883615562
698;CHHKL;TANZANIA, UNITED REPUBLIC OF;GMD;30154.243058396572
699;CHHKL;THAILAND;OMR;360.96098270198127
700;CHHKL;IRAN (ISLAMIC REPUBLIC OF);MOP;4146.798607512082
701;CHHKL;JAPAN;MGA;3892079.9068538924
702;CHHKL;RWANDA;YER;48291.362991787166
703;CHHKL;THAILAND;OMR;169.6499079292961
704;EHZc1;PERU;TND;2391.234320114325
705;EHZc1;LIBYAN ARAB JAMAHIRIYA;PHP;138977.5151972687
706;EHZc1;COLOMBIA;GYD;421814.4260214472
707;EHZc1;TUNISIA;LRD;176720.71157707684
708;EHZc1;LEBANON;VND;39258844.28848947
709;EHZc1;TUNISIA;PYG;2132020.9528072844
710;EHZc1;INDONESIA;SEK;6045.347623348027
711;EHZc1;SWAZILAND;CLP;756588.0311515577
712;EHZc1;YEMEN;TRY;9225.500259815177
713;EHZc1;SRI LANKA;GTQ;11404.908397322259
714;EHZc1;AUSTRALIA;GHS;19211.872640757487
715;EHZc1;KENYA;BYR;47453674.51488629
716;EHZc1;NEPAL;BND;733.7110798382776
717;EHZc1;SEYCHELLES;PES;441376.57371687406
718;EHZc1;AUSTRALIA;SYP;113407.31216100509
719;EHZc1;CROATIA;MZN;154476.0446700586
720;EHZc1;CZECH REPUBLIC;BMD;2425.051455815595
721;EHZc1;SWAZILAND;HRK;10165.826334127796
722;EHZc1;TOGO;XPF;30981.61772804486
723;AEKa3;SINGAPORE;MVR;325.8070354535396
724;AEKa3;SOUTH AFRICA;XCD;3271.6928446921293
725;AEKa3;BAHAMAS;SBD;19142.51569592324
726;AEKa3;ROMANIA;RON;13111.17284102035
727;AEKa3;TUNISIA;HNL;36030.04737887719
728;AEKa3;GUATEMALA;SYP;2603197.091897543
729;AEKa3;BELIZE;TTD;30577.753195271616
730;AAHH3;YEMEN;SOS;786721.6113248179
731;AAHH3;RUSSIAN FEDERATION;BGN;863.5963850494289
732;AAHH3;RWANDA;PES;587676.6289343211
733;AAHH3;PAPUA NEW GUINEA;SRD;132249.19369215897
734;DFFX1;MALAYSIA;GBP;1877.541379566152
735;DFFX1;OMAN;PAB;794.5745744287527
736;DFFX1;NEPAL;MRO;499599.54123023566
737;DFFX1;POLAND;PYG;198830.9423548865
738;DFFX1;GUATEMALA;BHD;213.34355006186212
739;DFFX1;SAO TOME AND PRINCIPE;BOB;10956.644792751555
740;DFFX1;BOLIVIA;KWD;256.5689780420551
741;EGGLZ;ETHIOPIA;ZWL;1925406.3537918467
742;EGGLZ;GUYANA;BOB;7825.329466546657
743;EGGLZ;MEXICO;IQD;4359068.53581856
744;EGGLZ;ANGOLA;ISK;508876.7687525249
745;EGGLZ;BELIZE;BYR;28094956.942094762
746;EGGLZ;ROMANIA;UAH;36719.38606217595
747;EGGLZ;TURKEY;CLP;1106343.3312199148
748;EGGLZ;KAZAKHSTAN;CLP;1485912.1880848187
749;EGGLZ;BOTSWANA;TTD;15884.752441984969
750;EGGLZ;BAHRAIN;EUR;2362.2255381609507
751;CCHIY;BRUNEI DARUSSALAM;TND;12472.364613100086
752;CCHIY;SOUTH AFRICA;MRO;-13155.787401147647
753;CCHIY;VIET NAM;AUD;6326.365620734425
754;CCHIY;NAMIBIA;AOA;-10591.875838989088
755;CCHIY;ISRAEL;SEK;35907.257074900604
756;JZc22;SAMOA;VUV;158536.61815609364
757;JZc22;RWANDA;YER;24880.653230745174
758;JZc22;SOUTH AFRICA;AUD;1030.686177608311
759;JZc22;MALAWI;SGD;585.2020781369467
760;JZc22;EGYPT;LRD;109821.12939174639
761;JZc22;BAHRAIN;CYP;252.19769525627652
762;JZc22;IRAN (ISLAMIC REPUBLIC OF);TTD;70.59827290633403
763;JZc22;CAPE VERDE;PYG;9856135.088588769
764;JZc22;HUNGARY;SZL;12779.598942117476
765;JZc22;INDIA;ILS;1234.1347141945664
766;DZZZ1;HONG KONG;JOD;30656.949342217722
767;DZZZ1;BHUTAN;PKR;2884705.3844434246
768;DZZZ1;GUATEMALA;CLP;41183930.17436887
769;DZZZ1;JORDAN;NGN;19246140.628811903
770;DZZZ1;MALAYSIA;MOP;371306.618370568
771;DZZZ1;COLOMBIA;MYR;281774.3171325468
772;DZZZ1;GAMBIA;GTQ;348137.3285905613
773;DZZZ1;SOLOMON ISLANDS;XPF;1280237.4608431908
774;DZZZ1;AUSTRALIA;LVL;7457.592321410385
775;DZZZ1;PHILIPPINES;CLP;49595634.144720815
776;DZZZ1;BOLIVIA;TRY;187873.4952571551
777;BCIKL;SEYCHELLES;MZN;22079.08302931471
778;BCIKL;GUINEA;CNY;1289.1085129694036
779;BCIKL;AUSTRALIA;NIO;9208.777928468877
780;BCIKL;MAURITIUS;SGD;11.697289699925797
781;BCIKL;MALAYSIA;ETB;467.94074908601567
782;BCIKL;YEMEN;RUB;19121.658782598886
783;BCIKL;EGYPT;TZS;946420.8052214343
784;BCIKL;AUSTRALIA;BZD;220.27615751506022
785;BCIKL;BELIZE;GTQ;1890.8209631303116
786;BCIKL;UKRAINE;CVE;26324.41210184537
787;BCIKL;SWAZILAND;TND;1245.0725173781225
788;BCIKL;MADAGASCAR;MAD;1133.9000024715563
789;BCIKL;NEPAL;ZAR;3977.501642973721
790;EWbcc;TAIWAN, PROVINCE OF CHINA;GHS;5948.868824553749
791;EWbcc;RWANDA;PEN;2824.609768229633
792;EWbcc;MACAU;FJD;242.16543990669402
793;EWbcc;HONG KONG;SCR;12955.46286479989
794;EWbcc;SAO TOME AND PRINCIPE;ZMW;1211.7529660907517
795;EWbcc;ALGERIA;FJD;1522.0817084690457
796;EWbcc;IRAQ;QAR;2981.0485215383137
797;EEIYY;IRAN (ISLAMIC REPUBLIC OF);SLL;94235762.2978673
798;EEIYY;PAKISTAN;AWG;8013.229403974929
799;EEIYY;MEXICO;ANG;4579.708288119021
800;EEIYY;MADAGASCAR;BBD;9263.074286947003
801;EEIYY;GAMBIA;GBP;3563.26422801115
802;EEIYY;SUDAN;HNL;81400.65942783354
803;EEIYY;BAHAMAS;BDT;580297.7053674535
804;EEIYY;POLAND;CRC;2914716.9584384207
805;EEIYY;HONG KONG;XCD;2638.185283353362
806;EEIYY;PERU;EGP;16226.68019694248
807;EEIYY;NICARAGUA;PEN;16156.315366241222
808;EEIYY;MYANMAR;VND;42346380.04763373
809;DDDLb;NEPAL;ETB;77436.20435244808
810;DDDLb;BAHRAIN;MWK;600655.1673067424
811;DDDLb;SERBIA;GNF;2689577.7243339475
812;DDDLb;MOZAMBIQUE;UYU;17276.523715437816
813;DDDLb;KAZAKHSTAN;CZK;37597.07715199055
814;DDDLb;COLOMBIA;CNY;13841.689404216755
815;DDDLb;EGYPT;MMK;2122970.78294482
816;CDHZZ;MAURITANIA;BWP;273150.94276033057
817;CDHZZ;ZAMBIA;ETB;324094.57783065137
818;CDHZZ;HONDURAS;VUV;962060.6908616109
819;CDHZZ;IRAQ;SAR;24311.838872392596
820;CDHZZ;COSTA RICA;SGD;40653.65554342186
821;CDHZZ;KOREA, REPUBLIC OF;XCD;78645.3451325214
822;CDHZZ;QATAR;BRL;260507.46369953564
823;CDHZZ;PAPUA NEW GUINEA;SBD;83691.92976492991
824;CDHZZ;MALAWI;SDG;14842311.366811628
825;CDHZZ;KAZAKHSTAN;MUR;1438379.1653177256
826;CDHZZ;MALAWI;BOB;77703.74478225168
827;CDHZZ;SYRIAN ARAB REPUBLIC;XCD;125044.53410381544
828;CDHZZ;CANADA;KES;1621760.1008759087
829;CDHZZ;OMAN;IRR;894554931.1395742
830;CDHZZ;VIET NAM;SRD;1250673.3329051298
831;CDHZZ;KAZAKHSTAN;RON;183738.1467969195
832;CDHZZ;TRINIDAD AND TOBAGO;TND;120686.67085080026
833;CDHZZ;BERMUDA;NGN;67885.31842922886
834;CDHZZ;PANAMA;ALL;2211138.706885864
835;CDHZZ;UKRAINE;MWK;9174836.235973142
836;BMVZ1;MALAWI;HRK;234887.66583171173
837;BMVZ1;PHILIPPINES;GMD;176541.0630798868
838;BMVZ1;GAMBIA;UYU;947823.1901656071
839;BMVZ1;SIERRA LEONE;MOP;238351.18780042234
840;BMVZ1;OMAN;TRY;603279.7860657196
841;BMVZ1;BOTSWANA;BOB;105191.42118563021
842;BMVZ1;SIERRA LEONE;AOA;8677172.688194817
843;AHJXY;LIBERIA;SCR;56654.891663657145
844;AHJXY;ROMANIA;CHF;2734.661679381279
845;AHJXY;KAZAKHSTAN;PGK;597.9238557005718
846;AHJXY;SYRIAN ARAB REPUBLIC;BDT;299373.48643735365
847;AHJXY;TURKEY;IQD;8407021.426646156
848;AHJXY;DENMARK;PYG;23564579.832648695
849;HIJY1;HONG KONG;AUD;6483.674344092837
850;HIJY1;LIBYAN ARAB JAMAHIRIYA;KWD;831.1685394081119
851;HIJY1;EL SALVADOR;NZD;7621.458316600611
852;HIJY1;SWEDEN;RUB;298793.3920713517
853;HIJY1;NEPAL;WST;8303.220058931222
854;HIJY1;MALAWI;SDG;2013965.7527706278
855;HIJY1;SUDAN;SYP;2626187.9700711146
856;HIJY1;OMAN;TZS;10818191.231951091
857;HIJY1;CAPE VERDE;HUF;1043706.0524941427
858;HIJY1;PAPUA NEW GUINEA;NOK;3467.795095327345
859;GZZZZ;ALGERIA;AED;128118.61690016933
860;GZZZZ;BHUTAN;VES;199090.96678257384
861;GZZZZ;CENTRAL AFRICAN REPUBLIC;VND;259894323.81830505
862;GZZZZ;CROATIA;PKR;3481172.1010711817
863;GZZZZ;URUGUAY;SAR;58608.883821257776
864;GZZZZ;MAURITANIA;UAH;1253513.0970357063
865;GZZZZ;MEXICO;SDG;4879043.017662165
866;GZZZZ;NORWAY;GBP;26756.269418170643
867;GZZZZ;BRUNEI DARUSSALAM;MUR;735146.3646345425
868;GZZZZ;NAMIBIA;RUB;1804647.9505085743
869;GZZZZ;VENEZUELA;ILS;36734.05235008528
870;GZZZZ;SWAZILAND;AWG;34172.93502715074
871;CEFLM;PAKISTAN;EUR;759.8014547542703
872;CEFLM;EGYPT;BBD;3489.538935215882
873;CEFLM;PHILIPPINES;INR;76688.50283340453
874;ADH13;TURKEY;BDT;1046977.2970225813
875;ADH13;PARAGUAY;LYD;86.50183514222434
876;ADH13;PAKISTAN;QAR;111354.06973383541
877;ADH13;NAMIBIA;RWF;28688689.206405304
878;JYb12;BAHAMAS;SGD;3116.5618104344944
879;JYb12;BURUNDI;SAR;5645.4195947977205
880;JYb12;MAURITIUS;AWG;5180.653045942033
881;CKVWc;VANUATU;IDR;8916212.204503125
882;CKVWc;TURKEY;TTD;6053.467176779742
883;EFGLY;SUDAN;INR;30315.120252701512
884;EFGLY;MYANMAR;CAD;-31.640176257163038
885;EFGLY;MYANMAR;HTG;326219.2346495606
886;EFGLY;LIBYAN ARAB JAMAHIRIYA;NOK;5634.866983083862
887;EFGLY;THAILAND;NIO;8688.405469151061
888;EFGLY;PANAMA;SYP;577457.9769252926
889;EFGLY;NEPAL;DJF;374375.8320814591
890;EFGLY;DJIBOUTI;BND;-2.4090985032604015
891;EFGLY;UGANDA;DZD;290482.4084223626
892;EFGLY;EL SALVADOR;ANG;2844.1231134758345
893;EFGLY;BOLIVIA;LKR;790400.1471025726
894;EFGLY;LIBYAN ARAB JAMAHIRIYA;CZK;32949.91349479952
895;EFGLY;ARUBA;SAR;2614.39057873265
896;EFGLY;INDIA;DOP;47184.54858704255
897;EFGLY;PARAGUAY;IQD;3124210.520763154
898;EFGLY;HONDURAS;RUB;72137.71844576068
899;EFGLY;JAMAICA;BWP;6064.893049737119
900;EFGLY;INDIA;MXN;37867.5434900412
901;EFGLY;RUSSIAN FEDERATION;ALL;124894.05602266247
902;BHJJJ;BRUNEI DARUSSALAM;XOF;1530695.3059745792
903;BHJJJ;SIERRA LEONE;RSD;503969.68008209637
904;BHJJJ;CYPRUS;JOD;1351.267157690918
905;ACHHL;PHILIPPINES;BRL;21099.02376895423
906;ACHHL;TURKEY;CZK;80820.55351167986
907;ACHHL;SAO TOME AND PRINCIPE;BYR;42072673.95942167
908;ACHHL;TONGA;UGX;237684.6295528684
909;ACHHL;BELARUS;NAD;84080.76639959666
910;ACHHL;CHINA;BSD;4046.448959759761
911;ACHHL;UKRAINE;HUF;992795.3305503651
912;ACHHL;JORDAN;BZD;7669.660822495714
913;ACHHL;NICARAGUA;DKK;17204.549962302644
914;ACHHL;INDIA;RWF;843535.4254685635
915;ACHHL;NICARAGUA;BDT;255223.50201280342
916;ACHHL;ISRAEL;TTD;13213.296148428424
917;ACHHL;MACAU;IDR;40069194.053558156
918;ACHHL;SRI LANKA;XCD;12640.882851893379
919;ACHHL;SAUDI ARABIA;HRK;13080.682747134135
920;ACHHL;INDONESIA;SEK;43116.861120465386
921;CLMY1;MACAU;HNL;273133.05328894267
922;CLMY1;ALBANIA;SLL;191023901.77689868
923;CLMY1;LIBYAN ARAB JAMAHIRIYA;NZD;1278.654705949017
924;CLMY1;HUNGARY;IQD;18984142.933993533
925;CLMY1;UNITED KINGDOM;BND;995.2865597662902
926;CLMY1;PAKISTAN;COP;19740238.115837913
927;CLMY1;JORDAN;NAD;263808.2652898784
928;CLMY1;GHANA;UAH;501901.4630631219
929;CLMY1;ARGENTINA;XCD;17392.406551735592
930;CLMY1;SRI LANKA;STD;87604521.44805054
931;CLMY1;MAURITIUS;GBP;7437.138346884403
932;CLMY1;JAPAN;SZL;29438.972498860443
933;CLMY1;INDIA;THB;284005.60052657337
934;CLMY1;MAURITANIA;XPF;1400693.1115873866
935;CLMY1;MEXICO;ALL;1412976.0617619315
936;IKMN3;CYPRUS;OMR;761.8786443286746
937;KLNa1;INDONESIA;KHR;16128425.554462584
938;KLNa1;MADAGASCAR;MOP;9037.961833779696
939;KLNa1;BURUNDI;CLP;3651830.6056011585
940;KLNa1;ROMANIA;NZD;6845.188022643261
941;AAGXY;BANGLADESH;AWG;6687.843849443541
942;AAGXY;JAMAICA;BZD;7705.990876477619
943;AAGXY;VANUATU;MAD;24884.160448600072
944;AAGXY;EL SALVADOR;CHF;1046.8403223206144
945;AAGXY;SOLOMON ISLANDS;CNY;26329.427779951624
946;AAGXY;SAMOA;TOP;1889.0847013012153
947;AAGXY;URUGUAY;RUB;238540.6802633292
948;FJJKa;CAYMAN ISLANDS;ETB;313141.26782036084
949;FJJKa;ETHIOPIA;STD;13724757.315234656
950;FJJKa;IRAN (ISLAMIC REPUBLIC OF);SYP;4817147.203878382
951;FJJKa;BOLIVIA;HKD;98771.77264777143
952;FJJKa;ANGOLA;VND;81476009.1352864
953;FJJKa;BELIZE;CYP;278.3673978416305
954;FJJKa;DJIBOUTI;NPR;1575472.588844908
955;FJJKa;CZECH REPUBLIC;SEK;120217.11465335438
956;FJJKa;DOMINICAN REPUBLIC;LRD;1616867.783990346
957;FJJKa;COLOMBIA;CLP;8624747.943628391
958;FJJKa;PERU;CZK;141226.05820479066
959;FJJKa;TAIWAN, PROVINCE OF CHINA;SCR;59741.346319649456
960;FJJKa;CYPRUS;LAK;103049768.83468394
961;FJJKa;VENEZUELA;PES;890428.0764128241
962;FJJKa;GUYANA;CAD;17225.225613094724
963;FJJKa;BRUNEI DARUSSALAM;TZS;10687677.105443042
964;FJJKa;DOMINICAN REPUBLIC;YER;2939838.0577688166
965;FJJKa;SWITZERLAND;XPF;800406.2548314193
966;FJJKa;INDONESIA;COP;23048452.55876348
967;HHYZ1;BELIZE;AZN;41091.70622087846
968;HHYZ1;UKRAINE;MXN;411744.13038449
969;HHYZ1;TAIWAN, PROVINCE OF CHINA;CVE;2127590.1332409168
970;HHYZ1;AUSTRALIA;DOP;43254.18479510416
971;HHYZ1;INDIA;AOA;5164288.052738381
972;LVXc3;CROATIA;ALL;4.6852324798861975
973;LVXc3;SWITZERLAND;SLL;68.74614318347241
974;LVXc3;DOMINICA;PHP;4.482616281283799
975;LVXc3;MALAYSIA;NIO;2.680322298908491
976;LVXc3;MOROCCO;SCR;0.6090513035556951
977;LVXc3;BERMUDA;MGA;131.15616106732702
978;LVXc3;SURINAME;SGD;0.08960796691742917
979;LVXc3;BAHRAIN;LBP;108.57438419217665
980;LVXc3;ICELAND;GMD;1.4323520218708583
981;LVXc3;ISRAEL;KES;6.50750945035202
982;LVXc3;SERBIA;AED;0.28046479002328883
983;LVXc3;BULGARIA;HUF;18.002826321301203
984;LVXc3;BULGARIA;KRW;55.18395818435996
985;LVXc3;MALAYSIA;KYD;0.04232599717907492
986;LVXc3;EGYPT;KZT;23.204395067197456
987;LVXc3;TURKEY;BTN;3.9162680715626115
988;LVXc3;CROATIA;IRR;0.3367275384400728
989;LVXc3;CAYMAN ISLANDS;PLN;0.21730465140332625
990;LVXc3;UKRAINE;SOS;13.795969759586654
991;EFXXb;KOREA, REPUBLIC OF;SGD;35778.565219923395
992;EFXXb;SUDAN;KYD;6876.600688748919
993;EFXXb;BHUTAN;NGN;15181044.830720661
994;EFXXb;KAZAKHSTAN;PHP;509020.22587930283
995;EFXXb;LAO PEOPLE'S DEMOCRATIC REP;KHR;14809622.830333356
996;EFXXb;TRINIDAD AND TOBAGO;AZN;31770.136173193074
997;EFXXb;KENYA;IQD;12940496.558273628
998;EFXXb;MALAWI;THB;98729.63348316832
999;EFXXb;MYANMAR;KHR;143341470.22547048
1000;EFXXb;ALBANIA;JPY;1318906.8431328407
1001;EFXXb;NIGERIA;IQD;15055192.37466746
1002;EFXXb;COSTA RICA;PAB;21438.241291968447
1003;EFXXb;TRINIDAD AND TOBAGO;OMR;5202.110644992171
1004;EFXXb;SAO TOME AND PRINCIPE;JPY;490130.3479136676
1005;EFXXb;TOGO;HTG;3963295.1813537297
1006;EFXXb;GUATEMALA;ISK;2012099.135809397
1007;EFXXb;CHINA;MWK;996591.6522583489
1008;NWWc1;RWANDA;RON;3953.919625489977
1009;NWWc1;MOROCCO;SZL;182554.36730385805
1010;NWWc1;JORDAN;XCD;13941.89569146512
1011;NWWc1;BANGLADESH;BMD;2769.6944870858083
1012;NWWc1;CAPE VERDE;GBP;11703.722296250366
1013;NWWc1;SOUTH AFRICA;LKR;6585382.084278691
1014;NWWc1;PANAMA;NPR;460996.5428529248
1015;HWa11;BHUTAN;YER;306697.9701603854
1016;HWa11;SWITZERLAND;MYR;7795.06227568711
1017;HWa11;SERBIA;IRR;4049236.7860640273
1018;HWa11;EGYPT;KES;103891.59197160287
1019;HWa11;BOTSWANA;ANG;722.7382064354962
1020;HWa11;TOGO;GHS;466.96574473003
1021;HWa11;ETHIOPIA;BWP;12116.01295482127
1022;HWa11;HONG KONG;LBP;2052097.7861660693
1023;HWa11;LIBERIA;NIO;61782.69684920648
1024;HWa11;NEW ZEALAND;NIO;62253.65677593315
1025;HWa11;HAITI;PEN;450.86349570491296
1026;HWa11;SOUTH AFRICA;PGK;1504.096899641616
1027;HWa11;SYRIAN ARAB REPUBLIC;LVL;937.8294640756969
1028;HWa11;BANGLADESH;LYD;4793.1418472944615
1029;HWa11;MOZAMBIQUE;ZMW;8834.354417910434
1030;HWa11;CAYMAN ISLANDS;QAR;3077.573931059977
1031;HWa11;BAHAMAS;NGN;583838.0490932119
1032;BB123;ZIMBABWE;UGX;6100651.992165419
1033;BB123;DOMINICAN REPUBLIC;MXN;89412.9828601167
1034;BB123;ICELAND;PYG;57198092.459074795
1035;BB123;OMAN;SCR;230162.60646287564
1036;BB123;TOGO;CNY;74385.18397956005
1037;BB123;MYANMAR;RWF;9665757.93936
1038;BB123;SOMALIA;AWG;28682.14894142187
1039;BB123;SIERRA LEONE;RUB;768633.3297498719
1040;BB123;CZECH REPUBLIC;CAD;8780.178299567595
1041;BB123;TONGA;SGD;8113.79051641664
1042;BB123;PAKISTAN;GBP;10184.457810723668
1043;BB123;FRENCH POLYNESIA;BDT;1357486.408292263
1044;BB123;BAHRAIN;SYP;3253430.1548405006
1045;BB123;SAO TOME AND PRINCIPE;NGN;295263.71906698425
1046;BB123;TOGO;GMD;647003.5758120737
1047;BB123;SEYCHELLES;JPY;289457.46894388326
1048;BB123;NEW ZEALAND;KZT;2058968.4010457117
1049;BB123;TAIWAN, PROVINCE OF CHINA;SVC;20568.160125534214
1050;BB123;GUINEA;MVR;83218.10393811026
1051;BB123;CANADA;ANG;2677.0415482188655
1052;GGKYb;ANGOLA;UYU;114905.9969761009
1053;GGKYb;BERMUDA;KHR;21786923.02293161
1054;GGKYb;CYPRUS;BND;12584.953777782008
1055;AIILb;RWANDA;SVC;95097.82011086216
1056;AIILb;HONDURAS;SYP;2160808.2197154383
1057;AIILb;TONGA;DOP;101806.61356451976
1058;AIILb;CROATIA;PLN;41660.66423271306
1059;AIILb;BAHAMAS;DJF;1622643.1404775244
1060;AIILb;ARUBA;DZD;1157083.7491642495
1061;AIILb;TUNISIA;DOP;199924.01291351722
1062;AIILb;MOZAMBIQUE;XCD;21256.580950624495
1063;AIILb;CENTRAL AFRICAN REPUBLIC;TOP;14067.897822825875
1064;AIILb;EURO;CAD;7966.01140360411
1065;AIILb;MOROCCO;QAR;43546.167336051854
1066;AIILb;TURKEY;SZL;215839.0576593476
1067;AIILb;NORWAY;BIF;11228184.072986595
1068;AIILb;PERU;MOP;59716.44716275603
1069;BFLXa;ARUBA;DKK;261.59266553637656
1070;BFLXa;SYRIAN ARAB REPUBLIC;KWD;6.271892288982036
1071;BFLXa;IRAN (ISLAMIC REPUBLIC OF);KES;1034.0021310359516
1072;BFLXa;SWAZILAND;DOP;1165.9921675109015
1073;CDHLV;KUWAIT;MUR;109459.49742282371
1074;CDHLV;ZIMBABWE;TOP;8382.388590455967
1075;BBbb3;LEBANON;TRY;2173.3096622612443
1076;BBbb3;CHILE;BBD;897.8914959172463
1077;BBbb3;LAO PEOPLE'S DEMOCRATIC REP;TTD;3480.8978042760277
1078;BBbb3;RUSSIAN FEDERATION;MXN;4190.905780062751
1079;BBbb3;TAIWAN, PROVINCE OF CHINA;XOF;59736.56374177095
1080;BBbb3;PHILIPPINES;XCD;1315.8737162555256
1081;BBbb3;SOLOMON ISLANDS;BZD;130.8365864190476
1082;BBbb3;BELIZE;KHR;1340424.2066493125
1083;BBbb3;MACAU;SOS;162967.42034042228
1084;BBbb3;TONGA;ZWL;172105.98434174663
1085;BBbb3;ROMANIA;MWK;447280.9387371413
1086;BBbb3;SIERRA LEONE;GMD;1133.5617736109546
1087;BBbb3;ANGOLA;JMD;33001.10317420379
1088;BBbb3;BAHAMAS;KZT;119824.60085837863
1089;BBbb3;POLAND;TRY;8871.01664174689
1090;BBbb3;PANAMA;SOS;141122.78288103192
1091;HJNV3;POLAND;CHF;1602.5824116538874
1092;HJNV3;FRENCH POLYNESIA;GHS;20104.48904177228
1093;HJNV3;INDONESIA;CYP;1080.9396527175934
1094;HJNV3;SOLOMON ISLANDS;CAD;2593.7931184592844
1095;HJNV3;TONGA;HTG;166054.53755687535
1096;HJNV3;THAILAND;ZWL;1141330.9745073915
1097;HJNV3;SYRIAN ARAB REPUBLIC;RSD;193620.4487244652
1098;HJNV3;PAPUA NEW GUINEA;STD;50810794.14013437
1099;HJNV3;LATVIA;MYR;1718.5174761927976
1100;HJNV3;QATAR;MOP;17039.539457995583
1101;HJNV3;VENEZUELA;BRL;11182.661950465059
1102;HJNV3;TANZANIA, UNITED REPUBLIC OF;PEN;5027.061450279955
1103;HJNV3;ROMANIA;BOB;5719.074274493125
1104;HJNV3;TRINIDAD AND TOBAGO;CAD;1955.8036820640575
1105;HJNV3;SAO TOME AND PRINCIPE;SYP;179296.0776840886
1106;HJNV3;SURINAME;MZN;119221.37074264194
1107;CIIN3;INDIA;NOK;56539.63261889371
1108;CIIN3;NEPAL;BSD;12995.5700210269
1109;CIIN3;KENYA;NGN;2953617.9464205424
1110;CIIN3;SAO TOME AND PRINCIPE;COP;25821527.257441267
1111;CIIN3;JAMAICA;KWD;317.67201644603944
1112;CIIN3;VENEZUELA;STD;286527264.404595
1113;CIIN3;SOLOMON ISLANDS;EGP;37559.15414720435
1114;CIIN3;MEXICO;KES;1081924.6479188811
1115;CIIN3;VANUATU;XPF;425340.6912907542
1116;CIIN3;CENTRAL AFRICAN REPUBLIC;PES;652017.7932371254
