;Client;Country;Currency;Transaction
0;AACDJ;AZERBAIJAN;ILS;21806.32529193716
1;AACDJ;LEBANON;ILS;27921.438908371336
2;AACDJ;MALDIVES;BND;1798.2713775284685
3;AACDJ;TUNISIA;SRD;257179.7584159306
4;AACDJ;FIJI;CLP;7887982.46917134
5;AACDJ;SUDAN;BMD;-57.49071425554211
6;AACDJ;AUSTRALIA;LVL;1816.4110944727772
7;AACDJ;LEBANON;BMD;1768.756868372636
8;AACDJ;VENEZUELA;XCD;5746.625017928261
9;AACDJ;MADAGASCAR;TOP;11107.678816731586
10;BHKY2;NETHERLANDS ANTILLES;PES;9535.794269396698
11;BHKY2;SINGAPORE;MGA;287145.1381363036
12;BHKY2;ROMANIA;MWK;9433.043818139375
13;BHKY2;THAILAND;EUR;84.39631548625862
14;BHKY2;UGANDA;MAD;422.6734390787445
15;BHKY2;BELARUS;KHR;319107.325694315
16;BHKY2;TURKEY;TRY;1160.1609003058481
17;BHKY2;THAILAND;CNY;297.04782936432423
18;BHKY2;ZAMBIA;TZS;73272.75918811248
19;BHKY2;SWAZILAND;VND;964910.9709832811
20;BHKY2;GUATEMALA;KZT;2424.2817199873884
21;BHKY2;AUSTRALIA;STD;755988.1601865024
22;BHKY2;VANUATU;DKK;83.36257106498091
23;HHKXZ;UKRAINE;CLP;1817536.1311129073
24;HHKXZ;SWITZERLAND;DJF;691705.3035278886
25;HHKXZ;PERU;AED;25302.60719530109
26;HHKXZ;DOMINICAN REPUBLIC;JOD;4034.850067459892
27;HHKXZ;SAMOA;STD;37287261.17462763
28;HHKXZ;BELIZE;XCD;11661.916042335073
29;HHKXZ;NORWAY;ZWL;5413636.75054095
30;HHKXZ;CHINA;UGX;31174561.93853228
31;HHKXZ;SWAZILAND;TWD;98548.75310776982
32;HHKXZ;CANADA;BHD;3548.7921803338077
33;HHKXZ;COLOMBIA;GBP;5546.821767955903
34;HHKXZ;CHILE;LBP;199747.1264131693
35;HHKXZ;HUNGARY;HKD;13833.222335734046
36;HHKXZ;URUGUAY;SDG;2651915.357177856
37;HHKXZ;POLAND;CNY;42903.28393408848
38;HHKXZ;CAYMAN ISLANDS;THB;53310.426437286
39;HHKXZ;MALAYSIA;MUR;351782.0415804675
40;HHKXZ;BURUNDI;GNF;64917787.54897624
41;HHKXZ;BHUTAN;ZMW;49989.06193685638
42;HHKXZ;MOROCCO;DJF;1718327.2065900317
43;ADMM3;PANAMA;HRK;23369.395310327516
44;ADMM3;INDONESIA;XCD;15172.88474267022
45;ADMM3;LEBANON;MYR;18963.870740005314
46;ADMM3;BANGLADESH;UAH;155444.69814981465
47;ADMM3;INDONESIA;MVR;45499.01105418046
48;ADMM3;BANGLADESH;BGN;14059.63962239239
49;ADMM3;LIBERIA;COP;29635081.427490547
50;ADMM3;OMAN;BSD;4239.386103272169
51;ADMM3;CAMBODIA;DJF;798596.102841023
52;ADMM3;UKRAINE;BZD;15412.088764813932
53;ADMM3;SWITZERLAND;BZD;8072.5592523980495
54;CFJaa;SYRIAN ARAB REPUBLIC;IQD;568728.5966834734
55;CFJaa;BOLIVIA;HKD;2765.9870095679885
56;CFJaa;CENTRAL AFRICAN REPUBLIC;NGN;23295.140852600904
57;CFJaa;MEXICO;CVE;2135.189081457854
58;CFJaa;SINGAPORE;MUR;17368.3654737941
59;CFJaa;SEYCHELLES;CYP;507.1145807518678
60;HIYYb;ARUBA;XOF;333505.7122049462
61;HIYYb;ROMANIA;BRL;2069.309197347165
62;HIYYb;MALAWI;PKR;94270.48913885924
63;HIYYb;SOMALIA;IDR;30980502.40555493
64;HIYYb;CROATIA;OMR;183.18059973615678
65;HIYYb;BARBADOS;SEK;13705.7569211318
66;HIYYb;MALDIVES;BHD;638.4180953847224
67;HIYYb;BOLIVIA;PES;284881.4395569232
68;HIYYb;BULGARIA;THB;11639.012128288847
69;HIYYb;BAHRAIN;CRC;1087809.5122804258
70;HIYYb;SOMALIA;BRL;3955.275455447508
71;HIYYb;SOLOMON ISLANDS;ZWL;315854.45018765744
72;HIYYb;YEMEN;NAD;20098.74740808575
73;HIYYb;BULGARIA;LAK;26997337.349732365
74;HIYYb;SWAZILAND;XOF;235034.7171483187
75;HIYYb;TURKEY;JMD;50713.65468016291
76;HMMYa;AZERBAIJAN;ALL;140590.94746168563
77;HMMYa;SOMALIA;ZMW;-134.76494463846018
78;HMMYa;THAILAND;BGN;782.1483810218283
79;HMMYa;PHILIPPINES;BZD;1584.3429824402178
80;HMMYa;ZAMBIA;HNL;38633.171465355575
81;HMMYa;SAMOA;KZT;334936.89424258133
82;HMMYa;BURUNDI;AED;-54.29794526977525
83;HMMYa;UGANDA;PES;315999.65315657604
84;HMMYa;BULGARIA;XOF;1051216.7718583005
85;HMMYa;KENYA;DJF;38154.10210480441
86;HMMYa;TAIWAN, PROVINCE OF CHINA;TZS;4261975.578264667
87;HMMYa;QATAR;SCR;24749.502574070546
88;HMMYa;MALAWI;MGA;353920.7200143729
89;HMMYa;EL SALVADOR;JPY;169080.9273546357
90;HMMYa;RWANDA;HKD;10516.136242013668
91;HMMYa;PAKISTAN;PKR;143395.7978699292
92;CHMa3;BOLIVIA;SDG;4154676.9504674305
93;CHMa3;LAO PEOPLE'S DEMOCRATIC REP;TWD;65222.97252491724
94;CHMa3;RUSSIAN FEDERATION;ANG;12498.749841229423
95;CHMa3;PHILIPPINES;RON;31662.522346473244
96;CHMa3;LIBYAN ARAB JAMAHIRIYA;TOP;16291.800864001134
97;CHMa3;CHILE;DOP;309378.4002117729
98;CHMa3;SEYCHELLES;JMD;967020.4221028232
99;CHMa3;GUATEMALA;BMD;2462.1103404549194
100;CHMa3;DENMARK;MOP;24909.336241043144
101;CHMa3;PHILIPPINES;SAR;24191.993520642383
102;CHMa3;NAMIBIA;BWP;12515.872325875956
103;CHMa3;BELIZE;KWD;1184.668609576365
104;CHMa3;UKRAINE;MWK;2373032.1947948057
105;CHMa3;BELIZE;ISK;446817.311428688
106;CHMa3;SAO TOME AND PRINCIPE;NZD;5565.538519751188
107;ADIYY;JAPAN;KES;65078.147234579774
108;ADIYY;CAMBODIA;UYU;31104.61336464437
109;ADIYY;MALAYSIA;IRR;39588517.65205039
110;ADIYY;CAYMAN ISLANDS;TOP;3101.4295400232613
111;ADIYY;ALGERIA;TOP;3147.5126736198526
112;ADIYY;ANGOLA;XCD;2192.790556336043
113;ADIYY;SINGAPORE;PGK;2098.8199894589175
114;ADIYY;PHILIPPINES;OMR;549.0164385704693
115;ADIYY;ALBANIA;ZMW;7560.652641060494
116;ADIYY;EGYPT;RSD;24665.522947369187
117;ADIYY;VIET NAM;XAF;712185.6496920572
118;ADIYY;BOTSWANA;HKD;4098.364118480211
119;ADIYY;TAIWAN, PROVINCE OF CHINA;BWP;11726.925837633704
120;EHNWY;JORDAN;SDG;1489363.8295063258
121;EHNWY;SAMOA;PGK;26870.87924994931
122;EHNWY;UKRAINE;GTQ;51008.21147288013
123;EHNWY;ALGERIA;TOP;29733.277998447207
124;BNVVY;PAPUA NEW GUINEA;LKR;1799581.6207871556
125;BNVVY;EL SALVADOR;THB;68111.56031936179
126;BNVVY;IRAQ;PLN;17034.451802439096
127;BNVVY;HONG KONG;NIO;21679.30175704871
128;BNVVY;SAO TOME AND PRINCIPE;MAD;12897.548014525208
129;BNVVY;TONGA;GMD;179470.29508156722
130;IJMNW;JORDAN;UAH;264914.9428951365
131;IJMNW;LIBYAN ARAB JAMAHIRIYA;MGA;72716403.16645549
132;IJMNW;CROATIA;NPR;2409075.009864619
133;IJMNW;TRINIDAD AND TOBAGO;BMD;9428.586013897611
134;IJMNW;CAYMAN ISLANDS;BMD;7442.093213543694
135;IJMNW;HUNGARY;IDR;129127843.81231526
136;IJMNW;SAMOA;TWD;29874.289079671456
137;IJMNW;NORWAY;RON;19996.90389423762
138;IJMNW;ARGENTINA;CAD;9343.881464641647
139;IJMNW;DOMINICAN REPUBLIC;SCR;340518.1262229941
140;IJMNW;PHILIPPINES;SBD;163179.71292686297
141;IJMNW;ZAMBIA;BHD;7382.67466508585
142;IJMNW;DOMINICA;RON;24461.861443141825
143;IJMNW;JAMAICA;SCR;121727.0153049129
144;IJMNW;CAMBODIA;SEK;51429.66342380413
145;IJMNW;MALAWI;INR;1184765.9002379314
146;IJMNW;NIGERIA;LYD;75736.73876546098
147;IJMNW;SRI LANKA;VUV;1201703.6161049053
148;CCDJV;RUSSIAN FEDERATION;MMK;14506051.728082463
149;CCDJV;ARUBA;LKR;2339814.043095271
150;CCDJV;LIBYAN ARAB JAMAHIRIYA;LYD;33673.77316619735
151;CJJLM;SUDAN;GTQ;486.72450860540886
152;CJJLM;THAILAND;ARS;15721.22530377084
153;CJJLM;MEXICO;GMD;5381.442275949918
154;CJJLM;RWANDA;ILS;58.185141077114416
155;CJJLM;IRAQ;SYP;48107.3248409214
156;CJJLM;ALBANIA;DOP;3492.1799804866664
157;CJJLM;BANGLADESH;PKR;2849.0404072536376
158;CJJLM;HONDURAS;ALL;9317.955558981595
159;CJJLM;BURUNDI;GTQ;818.5740596038814
160;DVXWW;KOREA, REPUBLIC OF;ZAR;48075.952685978074
161;DVXWW;ROMANIA;HNL;22342.422362758734
162;DVXWW;PAKISTAN;INR;53961.7486400255
163;DVXWW;GAMBIA;XCD;3176.381824134205
164;DGYY3;MACAU;DZD;280329.5885803572
165;DGYY3;ICELAND;XCD;5479.897271470815
166;DGYY3;THAILAND;BMD;2211.7387385803468
167;DGYY3;UNITED KINGDOM;PHP;26889.139490501817
168;DGYY3;TUNISIA;SEK;2778.467081637164
169;DGYY3;BOLIVIA;LKR;1028589.150045174
170;DGYY3;SERBIA;GYD;570368.5309322565
171;DGYY3;SYRIAN ARAB REPUBLIC;GBP;2011.5655288034652
172;DGYY3;IRAN (ISLAMIC REPUBLIC OF);LYD;4791.357342649995
173;DGYY3;TRINIDAD AND TOBAGO;GBP;54.884266239912655
174;DGYY3;EURO;HKD;10031.295204030597
175;DGYY3;SWEDEN;NGN;317146.18956681195
176;DGYY3;SWITZERLAND;KYD;114.23439554017627
177;DGYY3;CZECH REPUBLIC;ALL;167128.4191329881
178;DGYY3;ISRAEL;BGN;5091.818563125602
179;DGYY3;COLOMBIA;TZS;2812156.678930187
180;AAC23;TRINIDAD AND TOBAGO;PEN;26771.44156359237
181;AAC23;BULGARIA;DKK;146370.30987432523
182;AAC23;DOMINICA;BRL;159137.72034703428
183;AAC23;BELIZE;VUV;5684049.15900143
184;AAC23;MOROCCO;PEN;55653.29791829167
185;AAC23;YEMEN;NOK;398737.70976482093
186;AAC23;BURUNDI;CZK;589772.4855672618
187;AAC23;SRI LANKA;IDR;175217084.07510516
188;AAC23;PARAGUAY;BYR;1274143863.6545124
189;AAC23;ALBANIA;PEN;227355.6968217216
190;AAC23;VIET NAM;CLP;53208616.32713611
191;AAC23;INDONESIA;RWF;8035165.179952166
192;AAC23;NETHERLANDS ANTILLES;CHF;36433.71477511785
193;AAC23;MOROCCO;NIO;804512.3535686017
194;AAC23;LAO PEOPLE'S DEMOCRATIC REP;BGN;32353.588186535293
195;AAC23;LIBYAN ARAB JAMAHIRIYA;ZWL;28026820.785670042
196;AAC23;KENYA;ZMW;364981.9559110054
197;AAC23;MOROCCO;LVL;11105.484598924782
198;AAC23;MYANMAR;GHS;398758.70913730055
199;CDMab;TUNISIA;AOA;1065496.3416796601
200;CDMab;ROMANIA;PES;997438.1982661022
201;CDMab;NETHERLANDS ANTILLES;BYR;11040765.851541163
202;BWbc1;COSTA RICA;SZL;53452.56841519373
203;BWbc1;BULGARIA;RWF;2492955.377618776
204;BWbc1;TANZANIA, UNITED REPUBLIC OF;XAF;2401096.343732629
205;BWbc1;TAIWAN, PROVINCE OF CHINA;RUB;27345.96954059089
206;BWbc1;LEBANON;WST;6964.9618535142945
207;BWbc1;DJIBOUTI;INR;297935.6981923539
208;BWbc1;JAPAN;UAH;52117.325296526134
209;BWbc1;MAURITIUS;NZD;1395.1436033916739
210;BWbc1;FIJI;LRD;275448.11930826714
211;BWbc1;BERMUDA;IDR;1925062.7196333443
212;BWbc1;SIERRA LEONE;RON;8512.766644960615
213;BWbc1;CAMBODIA;SAR;1613.1049604372627
214;BWbc1;VIET NAM;KWD;724.8200801465317
215;BWbc1;MAURITANIA;NIO;58071.823297923955
216;BWbc1;MOROCCO;DJF;461548.4172007416
217;BWbc1;ZIMBABWE;NOK;23507.54653601724
218;BWbc1;PARAGUAY;ZWL;2770822.2329742173
219;BWbc1;NORWAY;UAH;64830.10338149023
220;BWbc1;GUINEA;CRC;2353910.3763387864
221;BWbc1;RWANDA;KZT;1787712.3290600295
222;CNVVa;MYANMAR;HKD;37877.88561744364
223;CNVVa;GHANA;MRO;4041663.2584463195
224;CNVVa;CROATIA;SZL;6623.17271653906
225;CNVVa;HONG KONG;HRK;43771.307628952185
226;CNVVa;KAZAKHSTAN;IQD;596964.5007563086
227;CNVVa;SOUTH AFRICA;IDR;121651000.79675438
228;CNVVa;CAMBODIA;PLN;11437.9805442646
229;CNVVa;ANGOLA;MXN;145399.4756940559
230;CNVVa;GUYANA;TOP;23764.386642383095
231;CNVVa;NIGERIA;HRK;60116.38963990796
232;CNVVa;PERU;UYU;107658.77630975623
233;CNVVa;PAPUA NEW GUINEA;PAB;6949.868050597237
234;CNVVa;AUSTRALIA;RUB;593225.4452218951
235;CNVVa;BAHAMAS;XAF;1129301.2178943327
236;CNVVa;PAKISTAN;IRR;117999445.34949169
237;CNVVa;BURUNDI;UAH;142922.521863815
238;CNVVa;IRAQ;XPF;811942.2790611358
239;DEKVa;PHILIPPINES;RUB;284470.1248986186
240;DEKVa;FIJI;XAF;3328245.1198836733
241;DEKVa;BAHAMAS;KES;1027780.8258330016
242;DEKVa;LIBYAN ARAB JAMAHIRIYA;SVC;8019.979439091993
243;DEKVa;JAMAICA;VND;37289150.91029657
244;DEKVa;MALDIVES;UAH;70616.87152446389
245;DEKVa;TUNISIA;GHS;29041.12889366707
246;DEKVa;KOREA, REPUBLIC OF;UAH;69050.03691375598
247;DEKVa;SUDAN;DJF;1185379.3595958625
248;DEKVa;MEXICO;MXN;97481.89794395996
249;DEKVa;FIJI;OMR;2088.728648470462
250;DEGLW;MOROCCO;MYR;8204.508216722379
251;DEGLW;SOLOMON ISLANDS;BGN;2859.20219751438
252;DEGLW;CHINA;GHS;4611.113380186698
253;DEGLW;CAYMAN ISLANDS;KYD;738.6434383688008
254;DEGLW;TAIWAN, PROVINCE OF CHINA;TWD;42925.42887897739
255;DEGLW;KUWAIT;STD;3903009.979161804
256;DEGLW;AZERBAIJAN;LKR;213640.7600700026
257;DEGLW;DOMINICAN REPUBLIC;LYD;8501.171218303838
258;DEGLW;BELARUS;HNL;11130.157205208148
259;CEKNW;TUNISIA;ZWL;438620.3449794458
260;CEKNW;BARBADOS;PHP;53726.844625315345
261;CEKNW;MACAU;PKR;110482.4544660757
262;CEKNW;NORWAY;BRL;5513.8547355400315
263;CEKNW;BAHRAIN;SZL;18890.87086010725
264;HJWbc;ARGENTINA;GNF;22039703.74157187
265;HJWbc;ETHIOPIA;DKK;105919.44489211966
266;HJWbc;LIBERIA;BBD;3392.1024530389373
267;HJWbc;ARUBA;CAD;935.9520931187315
268;HJWbc;SUDAN;ALL;953175.9569363403
269;HJWbc;UKRAINE;INR;1107453.2202784652
270;HJWbc;TURKEY;BRL;61955.814211589975
271;HJWbc;PERU;BZD;7909.875915849693
272;HJWbc;MEXICO;BOB;27293.626413609894
273;HJWbc;ZAMBIA;MAD;30107.987136236134
274;HJWbc;COLOMBIA;TOP;11689.745457424498
275;HJWbc;LEBANON;GBP;4039.6177578374763
276;HJWbc;BURUNDI;CNY;59703.9998861234
277;HJWbc;NETHERLANDS ANTILLES;XCD;25964.522321198638
278;HJWbc;BOTSWANA;LAK;71212578.0789966
279;LNVZ1;SAMOA;DZD;-7655.656175792183
280;LNVZ1;ARUBA;SRD;228906.16619547416
281;LNVZ1;CENTRAL AFRICAN REPUBLIC;TND;59450.78341299554
282;LNVZ1;BURUNDI;UYU;605491.6653085625
283;LNVZ1;KENYA;GNF;108224054.46712738
284;LNVZ1;KOREA, REPUBLIC OF;CRC;4519598.970429379
285;LNVZ1;BULGARIA;GHS;46619.68222537385
286;LNVZ1;THAILAND;RSD;658863.8761671954
287;LNVZ1;RUSSIAN FEDERATION;TWD;297474.6602540257
288;LNVZ1;KAZAKHSTAN;UAH;402855.9909609927
289;DDHW3;PANAMA;YER;4936203.727984211
290;DDHW3;HAITI;CNY;97091.25085592076
291;DDHW3;SYRIAN ARAB REPUBLIC;SEK;62004.15805476716
292;DDHW3;JAPAN;GNF;124328997.02509524
293;DDHW3;ZIMBABWE;DOP;1086229.8631411751
294;DDHW3;SEYCHELLES;AOA;1878148.7619950261
295;DDHW3;EGYPT;DOP;822513.9056970825
296;DDHW3;CENTRAL AFRICAN REPUBLIC;STD;205741963.783925
297;DDHW3;DENMARK;BOB;96335.00405966476
298;ELWb2;EURO;NAD;59377.92872070278
299;ELWb2;THAILAND;EUR;15658.706765829555
300;ELWb2;MAURITANIA;PES;464835.11935243604
301;ELWb2;MALDIVES;STD;258878304.31714955
302;ELWb2;MOZAMBIQUE;TOP;4111.663688136971
303;ELWb2;SOUTH AFRICA;AWG;15313.81332639523
304;ELWb2;SINGAPORE;DZD;1751972.5334407224
305;ELWb2;MALDIVES;GBP;4352.373463994601
306;ELWb2;KUWAIT;KZT;3014714.152816215
307;ELWb2;PERU;QAR;61026.77737768899
308;CJMXY;MALAWI;RUB;909344.7102685455
309;CJMXY;MALAYSIA;BHD;-61.920733276844565
310;CJMXY;SOUTH AFRICA;KHR;58866736.28937959
311;CJMXY;SWEDEN;CVE;1527924.5723067904
312;CJMXY;TOGO;XAF;9452666.741056798
313;CJMXY;DJIBOUTI;KRW;7514588.490942237
314;CJMXY;JORDAN;HNL;455973.6481599321
315;CJMXY;FRENCH POLYNESIA;SYP;4976377.615304013
316;CJMXY;MALAWI;RUB;1276332.0961766967
317;CJMXY;EL SALVADOR;HUF;7617527.033793789
318;CJMXY;SAMOA;BDT;1084582.7450420107
319;AKKMW;CYPRUS;CLP;1045644.1025047587
320;AKKMW;LAO PEOPLE'S DEMOCRATIC REP;KZT;858197.356055291
321;AKKMW;LATVIA;IQD;1304833.340152828
322;AKKMW;TAIWAN, PROVINCE OF CHINA;LVL;606.9108341952405
323;AKKMW;SWITZERLAND;GYD;316343.33150572656
324;AKKMW;IRAQ;IQD;1239523.9247889998
325;AKKMW;ETHIOPIA;AOA;560680.6802027266
326;AKKMW;MYANMAR;ARS;124667.96249744137
327;AKKMW;CAYMAN ISLANDS;KYD;30.897203658477725
328;AKKMW;HAITI;ILS;3211.6274997608093
329;AKKMW;SURINAME;GNF;3636700.2967012236
330;AKKMW;NAMIBIA;KWD;403.2937101316026
331;AKKMW;HONDURAS;VUV;174617.6526273611
332;AKKMW;SAUDI ARABIA;SLL;332408.48615644535
333;DEIa3;RUSSIAN FEDERATION;CNY;8879.30189846915
334;DEIa3;DENMARK;FJD;10127.74024782547
335;DEIa3;NAMIBIA;ANG;2382.9454643887657
336;DEIa3;ALBANIA;TZS;13889347.015721692
337;DEIa3;MAURITIUS;MRO;2045453.685504399
338;DEIa3;SAO TOME AND PRINCIPE;SZL;142563.6199232103
339;DEIa3;MADAGASCAR;OMR;95.3606885486228
340;DEIa3;SYRIAN ARAB REPUBLIC;HRK;31585.483352540374
341;DEIa3;ARGENTINA;MRO;2540445.773239456
342;DEIa3;ALGERIA;KZT;1051616.571505567
343;DEIa3;KOREA, REPUBLIC OF;UAH;43122.68964188515
344;DEIa3;SUDAN;DKK;31911.645898599698
345;DEIa3;AZERBAIJAN;ARS;1270130.5200407705
346;DEIa3;BOLIVIA;BOB;33459.02228660545
347;DEIa3;UKRAINE;EGP;86282.09127415495
348;DEIa3;ALBANIA;BZD;6968.205134113193
349;DEIa3;BOTSWANA;PAB;2267.905315787085
350;DEIa3;PERU;LVL;3425.9928703411447
351;DEIa3;BELIZE;TOP;19153.485294093134
352;BCFNV;BRAZIL;MWK;-98839.98094130342
353;BCFNV;CANADA;SGD;20897.17733398337
354;BCFNV;MALAYSIA;VND;134963155.72084284
355;CIab3;KUWAIT;BWP;116453.73134815652
356;CIab3;PAKISTAN;HNL;484461.9919411858
357;DEHJa;HONDURAS;HTG;9860.213224312563
358;DEHJa;RUSSIAN FEDERATION;OMR;304.4375882325517
359;DEHJa;SAMOA;KRW;5501739.828641158
360;DEHJa;BANGLADESH;RUB;26652.897777556755
361;DEHJa;TURKEY;PYG;33848570.91324596
362;DEHJa;DOMINICA;DKK;3967.671876461651
363;DEHJa;MAURITIUS;RWF;214983.1075625484
364;DEHJa;SAO TOME AND PRINCIPE;BYR;7075472.653071875
365;DEHJa;LIBYAN ARAB JAMAHIRIYA;GTQ;748.8810173753278
366;DEHJa;NEPAL;COP;22726219.02256447
367;DEHJa;KUWAIT;BHD;644.1867408160542
368;DEHJa;AUSTRALIA;ZAR;9347.43637375375
369;ADFMZ;MOROCCO;PAB;6069.950548841768
370;ADFMZ;MOZAMBIQUE;KYD;3442.9175336187645
371;ADFMZ;ZAMBIA;AWG;3130.1503499409173
372;ADFMZ;SAUDI ARABIA;JOD;918.5120829048755
373;ADFMZ;UNITED KINGDOM;YER;1488841.922449976
374;ADFMZ;ARUBA;MMK;10651930.81646078
375;ADFMZ;AZERBAIJAN;AUD;9506.554527570772
376;ADFMZ;NEPAL;SCR;13684.531169240212
377;ADFMZ;VENEZUELA;PEN;17412.78743304103
378;ADFMZ;UNITED ARAB EMIRATES;HNL;113866.84931530872
379;ADFMZ;BELIZE;SZL;51174.6675396379
380;ADFMZ;CHINA;CVE;558109.2581304564
381;ADFMZ;SAUDI ARABIA;UAH;181152.85148078197
382;ADFMZ;BERMUDA;NPR;750710.3747395735
383;ADFMZ;SERBIA;MVR;7233.370957133721
384;ADFMZ;GUYANA;CAD;3125.1835553388673
385;ADFMZ;HUNGARY;MUR;231642.5229059067
386;ADFMZ;EGYPT;SAR;9350.922279511153
387;ADFMZ;ARUBA;HUF;1945540.6656769575
388;CCLVa;BANGLADESH;SVC;325.298043938461
389;CCLVa;EL SALVADOR;GNF;265382.7159792134
390;CCLVa;JAMAICA;KYD;63.51981490218041
391;CCLVa;TONGA;OMR;25.794752950354706
392;CCLVa;MACAU;KYD;41.24424713098916
393;CCLVa;BAHAMAS;MWK;8880.780640075214
394;DFFGH;SWAZILAND;BOB;162.73461731774617
395;DDDDK;BANGLADESH;LBP;1227289.628332706
396;DDDDK;JORDAN;RON;2950.0631344650114
397;DDDDK;NIGERIA;HRK;14298.6924875262
398;DDDDK;PHILIPPINES;LVL;524.9762181242326
399;DDDDK;MOZAMBIQUE;PAB;131.21343886775384
400;DDDDK;NAMIBIA;CZK;7118.321900019751
401;DDDDK;VANUATU;BGN;3884.1893732673548
402;DDDDK;NIGERIA;STD;38681732.1244376
403;DDDDK;POLAND;TWD;29816.85896541405
404;DDDDK;LIBYAN ARAB JAMAHIRIYA;BOB;10476.028554992088
405;DDDDK;SIERRA LEONE;EGP;18050.415064540666
406;DDDDK;ANGOLA;MMK;265168.24556503166
407;DDDDK;DJIBOUTI;BBD;239.06010095083917
408;DDDDK;VENEZUELA;PAB;1945.2841673236517
409;ALWbb;UNITED ARAB EMIRATES;SZL;51315.38346736908
410;ALWbb;NORWAY;ZAR;127062.33888645901
411;ALWbb;CAPE VERDE;LYD;20795.813246037487
412;ALWbb;BOTSWANA;VES;61680.1097446451
413;ALWbb;CANADA;HNL;139194.98816615946
414;ALWbb;COLOMBIA;JOD;410.4749144462454
415;ALWbb;TRINIDAD AND TOBAGO;COP;5878965.569260708
416;ALWbb;SOUTH AFRICA;NAD;81092.57817220145
417;ALWbb;SINGAPORE;JOD;4464.7775946494585
418;ALWbb;PERU;UGX;19665011.43077492
419;ALWbb;QATAR;SAR;24019.79916604969
420;ALWbb;ZIMBABWE;MAD;26938.523935332323
421;ALWbb;RWANDA;SOS;3646101.6592087746
422;ALWbb;ICELAND;HRK;17666.46314036568
423;ALWbb;JORDAN;BBD;2984.76316870932
424;ALWbb;LAO PEOPLE'S DEMOCRATIC REP;BOB;38880.009720603564
425;CCDHI;MAURITIUS;LYD;37161.99198495976
426;CCDHI;RUSSIAN FEDERATION;HNL;111016.34105407145
427;CCDHI;YEMEN;RUB;67585.3284807078
428;CCDHI;SWAZILAND;BZD;3400.0190195964024
429;CCDHI;GUINEA;SDG;9336185.987956516
430;CCDHI;SWITZERLAND;QAR;41588.35771336609
431;CCDHI;MOZAMBIQUE;AUD;28435.07157020551
432;CCDHI;ALBANIA;DJF;3550665.380913764
433;CCDHI;SOMALIA;AUD;819.8936176150095
434;CCDHI;MAURITANIA;SOS;4859424.3901083525
435;CCDHI;MACAU;UGX;38851520.5860832
436;CCDHI;PHILIPPINES;MRO;7117277.800936324
437;CCDHI;PHILIPPINES;ZMW;100819.90000310687
438;CCDHI;UNITED ARAB EMIRATES;WST;13807.150445234578
439;CCDHI;TONGA;ZAR;342986.57252504973
440;CCDHI;PAPUA NEW GUINEA;PES;669771.6060725113
441;CCDHI;MALAWI;CRC;7023494.010701361
442;CCDHI;PHILIPPINES;LVL;3345.2441418634367
443;CCDHI;SOUTH AFRICA;SBD;117271.30380631321
444;CKZZZ;BELARUS;CAD;1050.2191236727583
445;CKZZZ;NEW ZEALAND;BMD;316.3118580267151
446;CKZZZ;TURKEY;IDR;26482596.940757375
447;CKZZZ;NEW ZEALAND;COP;2878974.029836373
448;CKZZZ;EURO;NPR;250018.1101885328
449;DHIM1;CHILE;CNY;944.5377554936848
450;DHIM1;COSTA RICA;MYR;16525.527167789463
451;DHIM1;JAMAICA;NGN;41230.410483767155
452;DHIM1;TONGA;SDG;14988.70081687586
453;DHIM1;LIBERIA;SGD;2243.645668583378
454;DHIM1;MAURITANIA;THB;33909.15952635196
455;DHIM1;BRUNEI DARUSSALAM;AED;13367.66613944403
456;DHIM1;ROMANIA;CHF;1306.9162343914534
457;DHIM1;SINGAPORE;IQD;4759871.771748729
458;DHIM1;KOREA, REPUBLIC OF;RWF;857811.0187206599
459;DHIM1;TURKEY;TTD;23468.709764340278
460;DHIM1;COSTA RICA;GNF;26240526.32915391
461;DHIM1;AZERBAIJAN;CAD;4605.180189078352
462;DHIM1;UKRAINE;SVC;20906.809779020816
463;DHIM1;SWITZERLAND;TWD;66037.88686984664
464;CGLY1;MADAGASCAR;ALL;341111.40453418175
465;CGLY1;BAHAMAS;BBD;18219.14654760556
466;CGLY1;NEPAL;HNL;84536.73835539068
467;CGLY1;THAILAND;LVL;5335.965504462465
468;CGLY1;BHUTAN;ZWL;4740142.506587478
469;CGLY1;GHANA;NPR;580050.0838262038
470;CGLY1;LAO PEOPLE'S DEMOCRATIC REP;HRK;39818.927159280116
471;CGLY1;NAMIBIA;INR;281392.7136915629
472;CGLY1;MOZAMBIQUE;TZS;4959096.4525518855
473;CGLY1;DOMINICA;MMK;17153168.258335907
474;CGLY1;IRAQ;HRK;54941.74551187786
475;CGLY1;ARUBA;ARS;91153.63798056233
476;CGLY1;ISRAEL;RWF;7993427.091221905
477;BDG11;NICARAGUA;COP;11274208.02157044
478;BDG11;SEYCHELLES;XCD;-65.4247711167421
479;BDG11;JORDAN;KWD;269.8376965443176
480;BDG11;QATAR;MWK;2467761.0198029913
481;BDG11;PAKISTAN;OMR;158.89672315870138
482;BDG11;BRAZIL;HTG;134619.90516803187
483;Jb123;BELARUS;TWD;44807.01432202355
484;Jb123;BOLIVIA;SYP;560948.2191064908
485;Jb123;SAMOA;RWF;1633958.5638403585
486;Jb123;GUATEMALA;KES;130620.40853730428
487;Jb123;ARGENTINA;MUR;69491.04317487676
488;Jb123;RWANDA;AZN;2915.5831137287346
489;Jb123;GAMBIA;IRR;52998494.96922938
490;Jb123;UKRAINE;KZT;973444.9253419825
491;Jb123;ALGERIA;NGN;883326.45704224
492;Jb123;BULGARIA;AUD;3018.0384465685156
493;Jb123;HONDURAS;AZN;588.147104034711
494;HHN23;NAMIBIA;HTG;419813.090510743
495;HHN23;BRUNEI DARUSSALAM;FJD;12140.39440066128
496;HHN23;UNITED ARAB EMIRATES;IRR;164245123.98359954
497;HHN23;MEXICO;MMK;2905424.405398821
498;HHN23;IRAQ;SGD;1627.034738197446
499;HHN23;FRENCH POLYNESIA;SVC;32173.533767573896
500;HHN23;BRAZIL;MOP;17706.274203274854
501;HHN23;VENEZUELA;IDR;39372086.35745802
502;HHN23;BELARUS;TRY;58184.597462450554
503;HHN23;IRAN (ISLAMIC REPUBLIC OF);ILS;6681.282140249353
504;HHN23;YEMEN;BZD;7667.438177943973
505;HHN23;CHILE;AUD;4814.9762727645475
506;HHN23;BAHAMAS;NAD;73641.69348431643
507;HHN23;BAHRAIN;BWP;71558.04080584244
508;EJNZ1;PAPUA NEW GUINEA;NIO;3395.6018339890416
509;EJNZ1;YEMEN;BWP;1300.6444867354548
510;EJNZ1;DOMINICAN REPUBLIC;PAB;23.890065169421717
511;EJNZ1;TURKEY;CLP;91825.06050747064
512;EJNZ1;LATVIA;WST;166.7435930366635
513;EJNZ1;DOMINICA;JMD;7255.3163358838565
514;EJNZ1;SEYCHELLES;GTQ;933.728846037991
515;EJNZ1;GAMBIA;TND;167.7795246668128
516;EJNZ1;SWAZILAND;AOA;4397.14947294156
517;EJNZ1;INDONESIA;KES;9691.288905946418
518;EJNZ1;COLOMBIA;MZN;2923.1917181014296
519;EJNZ1;INDIA;SVC;248.1993719213894
520;EJNZ1;MALAYSIA;HNL;2033.9091328798393
521;EJNZ1;BRUNEI DARUSSALAM;PES;20245.63780956785
522;EJNZ1;CAMBODIA;SDG;24680.918714409832
523;EJNZ1;GUYANA;TWD;2534.8463908799195
524;EJNZ1;ZAMBIA;COP;525422.8983279911
525;EJNZ1;BULGARIA;SZL;891.312226848579
526;AEJJY;SAMOA;PGK;104845.61797898191
527;AEJJY;DOMINICAN REPUBLIC;QAR;81621.37546306902
528;AEJJY;LATVIA;DZD;193497.8205511158
529;AEJJY;HUNGARY;UGX;12411394.990426881
530;Kaac2;GUATEMALA;CLP;41537384.17622141
531;Kaac2;HUNGARY;MAD;895564.5730230295
532;Kaac2;GUINEA;BYR;711134232.405093
533;Kaac2;OMAN;AZN;44148.5964102266
534;Kaac2;GHANA;MXN;442672.7100007188
535;Kaac2;SINGAPORE;ZWL;10238895.4406979
536;Kaac2;ANGOLA;BND;134297.4871152769
537;Kaac2;YEMEN;HUF;24089277.57271284
538;bb112;HUNGARY;ARS;378414.99847044895
539;bb112;UKRAINE;VND;43306038.41411045
540;bb112;SAO TOME AND PRINCIPE;RON;22380.725460531394
541;bb112;SURINAME;AUD;2876.9834833884906
542;ADHNY;BHUTAN;BDT;1437940.3569172316
543;ADHNY;KAZAKHSTAN;RON;61514.49198214666
544;ADHNY;YEMEN;KYD;6587.648203075032
545;ADHNY;UNITED KINGDOM;KZT;4840755.492590628
546;CJNVb;HONDURAS;NOK;91054.8773207173
547;CJNVb;INDIA;SRD;524630.3238052508
548;CJNVb;ROMANIA;BIF;26317758.66059076
549;CJNVb;CHINA;XAF;5894886.169164344
550;CJNVb;EL SALVADOR;CHF;12207.74742057832
551;CJNVb;NEW ZEALAND;PYG;131615601.59294827
552;CJNVb;SURINAME;DJF;2012978.7645724397
553;CJNVb;DENMARK;SOS;1554135.0922964413
554;CJNVb;IRAQ;ZWL;122547.05153866412
555;CJNVb;TOGO;SAR;26387.217663035426
556;CJNVb;INDONESIA;BHD;191.32536404374562
557;CJNVb;CZECH REPUBLIC;RUB;928427.2068063248
558;CJNVb;BAHAMAS;PKR;2956230.6094931015
559;CJNVb;VENEZUELA;FJD;35305.074022400615
560;CJNVb;NAMIBIA;MMK;6593787.245314323
561;CJNVb;JAPAN;IDR;28963705.229869653
562;CJNVb;KAZAKHSTAN;LYD;38532.12785012358
563;CJNVb;INDONESIA;RWF;10653695.292714376
564;CJNVb;SWEDEN;BIF;38811408.173995905
565;CJNVb;CENTRAL AFRICAN REPUBLIC;MRO;4033946.1155194407
566;ILMX2;SWAZILAND;MWK;4320555.85244138
567;ILMX2;PERU;FJD;8576.474886319595
568;ILMX2;OMAN;AUD;664.8267420619071
569;ILMX2;VANUATU;ARS;1001913.109073837
570;ILMX2;SAO TOME AND PRINCIPE;BIF;12366942.313113272
571;ILMX2;INDIA;LAK;49629619.06307053
572;ILMX2;MACAU;BND;4085.405371907878
573;ILMX2;PAPUA NEW GUINEA;TZS;10530682.71637712
574;ILMX2;ZIMBABWE;XAF;3242551.0178635637
575;ILMX2;RUSSIAN FEDERATION;LYD;27262.723155728287
576;ILMX2;CHILE;GYD;1008311.0346438478
577;ILMX2;SWITZERLAND;NIO;98310.56119570631
578;ILMX2;LIBYAN ARAB JAMAHIRIYA;SDG;2758205.972399912
579;ILMX2;GAMBIA;UYU;111248.56875559
580;ILMX2;ALGERIA;PEN;13538.631085567407
581;ILMX2;COLOMBIA;TRY;2633.1201924011234
582;ILMX2;HONG KONG;BHD;2232.560233170372
583;ILMX2;NAMIBIA;RUB;44443.044256327405
584;ILMX2;SOMALIA;GBP;438.7136451766562
585;ILMX2;HUNGARY;KRW;6737529.290917313
586;IJa13;BELARUS;SCR;116867.83296847048
587;IJa13;BRAZIL;PYG;50497807.79695755
588;IJa13;VENEZUELA;DOP;815257.1255121779
589;IJa13;FRENCH POLYNESIA;LVL;8656.318759264963
590;IJa13;SAO TOME AND PRINCIPE;INR;1086557.9259311948
591;IJa13;CAPE VERDE;ILS;1149.485991627699
592;IJa13;KAZAKHSTAN;SVC;16377.979066951217
593;IJa13;BELIZE;PKR;1713759.34964258
594;IJa13;MEXICO;SBD;103221.08413722366
595;IJa13;CHINA;BBD;20916.086039544196
596;IJa13;BRUNEI DARUSSALAM;XCD;27044.749839670443
597;IJa13;NETHERLANDS ANTILLES;PLN;43679.830198822354
598;IJa13;SUDAN;EGP;348680.96107194666
599;IJa13;EL SALVADOR;PLN;43125.795396738955
600;IJa13;BAHRAIN;SVC;120701.13815954726
601;IJa13;ALBANIA;SOS;1043179.1712766523
602;IJa13;UNITED ARAB EMIRATES;MOP;69229.67601233844
603;BCHXX;CROATIA;ISK;15336276.3604615
604;BCHXX;YEMEN;ALL;5419945.067459289
605;BCHXX;LAO PEOPLE'S DEMOCRATIC REP;GMD;2041774.5893110086
606;BCHXX;RUSSIAN FEDERATION;ETB;3975137.8505315534
607;BCHXX;AUSTRALIA;BHD;36372.72959897736
608;BCHXX;TONGA;ANG;3112.4797639354047
609;BCHXX;AUSTRALIA;MWK;28947940.029185094
610;BCHXX;LIBYAN ARAB JAMAHIRIYA;BIF;185723159.07851183
611;BCHXX;BHUTAN;BRL;90877.25871655025
612;BCHXX;JORDAN;TND;314272.92233672505
613;BCHXX;HAITI;ANG;214307.2004126357
614;BCHXX;ICELAND;MXN;2189857.0951960436
615;BCHXX;AZERBAIJAN;VND;419795154.24708086
616;BCHXX;MALAWI;KRW;32989683.349735226
617;BCHXX;RWANDA;CNY;413487.5304192653
618;BCHXX;GAMBIA;PLN;36992.270506981564
619;BCHXX;JAPAN;INR;4640151.690062769
620;BCHXX;SWITZERLAND;VND;167618208.0172273
621;BCHXX;BURUNDI;AZN;136977.3231779392
622;HNNXY;MALDIVES;PKR;244043.30732833766
623;HNNXY;MOROCCO;NIO;56288.60908387854
624;HNNXY;ARGENTINA;UYU;9108.639118997638
625;HNNXY;KENYA;NAD;27251.94958653735
626;HNNXY;RWANDA;KRW;2326432.3268344826
627;HNNXY;HONG KONG;NIO;27312.127282812282
628;HNNXY;TAIWAN, PROVINCE OF CHINA;ZMW;11132.974966157013
629;GGXcc;NICARAGUA;CHF;-3.7272437528931026
630;GGXcc;VIET NAM;HUF;305244.38140557363
631;GGXcc;YEMEN;KZT;51261.887928675416
632;CKMN3;FRENCH POLYNESIA;DOP;650820.861957712
633;CKMN3;JAPAN;GNF;23843929.269580536
634;CKMN3;SOUTH AFRICA;KRW;6050728.362612542
635;CKMN3;CAYMAN ISLANDS;RON;38831.014683253954
636;CKMN3;TANZANIA, UNITED REPUBLIC OF;KZT;1167159.2859280754
637;CKMN3;URUGUAY;KWD;3907.0165664698225
638;CKMN3;ANGOLA;UGX;19409696.555228334
639;CKMN3;MACAU;DOP;236615.92917449618
640;CKMN3;ARUBA;ANG;2337.873646489835
641;CKMN3;NIGERIA;ANG;6051.238599305378
642;CKMN3;HONG KONG;BHD;3228.54289899019
643;CKMN3;DJIBOUTI;HRK;2022.576768652968
644;CKMN3;ZIMBABWE;SRD;185678.49605972233
645;CKMN3;VIET NAM;UAH;34998.63681293751
646;CKMN3;MOZAMBIQUE;GHS;-1626.4690301416185
647;CKMN3;TONGA;XOF;5630951.220016646
648;DHNb3;IRAQ;QAR;22725.76724109709
649;DHNb3;DOMINICAN REPUBLIC;GTQ;81533.90710005153
650;DHNb3;MEXICO;BDT;428816.06837625895
651;DHNb3;HUNGARY;BIF;3989767.464671497
652;DHNb3;HONDURAS;UAH;487743.2255136776
653;DHNb3;MALAYSIA;VUV;29792.491192491423
654;DHNb3;CZECH REPUBLIC;SCR;23440.194234034978
655;DHNb3;CHILE;WST;3675.1873791321955
656;DHNb3;SUDAN;ARS;92118.81078425441
657;DHNb3;CAPE VERDE;HUF;2486951.0773595884
658;DHNb3;DOMINICAN REPUBLIC;MAD;58518.820211197315
659;DHNb3;SIERRA LEONE;DKK;49594.42594761314
660;DHNb3;GUATEMALA;XOF;136232.43160019914
661;BGGZb;SIERRA LEONE;XCD;9328.661831924946
662;BGGZb;CAPE VERDE;ZMW;142178.22310957016
663;BGGZb;LEBANON;PES;778801.4359689511
664;BGGZb;ARGENTINA;YER;1300780.7816780673
665;BGGZb;NAMIBIA;PEN;50592.953610462384
666;BGGZb;NIGERIA;JOD;8498.287156491897
667;BGGZb;AZERBAIJAN;NOK;41398.4580491563
668;BGGZb;SWAZILAND;ZAR;166361.2993292692
669;BGGZb;SAUDI ARABIA;NIO;343926.6426286604
670;BGGZb;GUINEA;SAR;53886.13335691372
671;BGGZb;NETHERLANDS ANTILLES;MRO;2304853.7048337315
672;BGGZb;BHUTAN;SYP;2973725.759408794
673;BGGZb;POLAND;SCR;197374.05355926388
674;BGGZb;HAITI;YER;1033041.9489107968
675;BGGZb;PHILIPPINES;INR;1172848.036199814
676;BGGZb;POLAND;BIF;295497.60963549494
677;BGGZb;INDONESIA;STD;295023250.1538528
678;BGGZb;VENEZUELA;SRD;5596.237352282824
679;BGGZb;LIBYAN ARAB JAMAHIRIYA;FJD;12708.575589950648
680;BGGZb;NETHERLANDS ANTILLES;SOS;8683515.427566446
681;ADH23;BANGLADESH;SCR;134498.10866483516
682;ADH23;BELIZE;DKK;66733.99889559532
683;ADH23;LEBANON;KES;1233483.0694677294
684;ADH23;TANZANIA, UNITED REPUBLIC OF;NGN;1688626.9509238508
685;ADH23;NORWAY;SCR;195660.38727665436
686;ADH23;MALDIVES;ETB;722263.588602574
687;ADH23;KOREA, REPUBLIC OF;PEN;21163.861616962855
688;ADH23;COSTA RICA;NPR;1400336.2663883187
689;ADH23;NETHERLANDS ANTILLES;SYP;7194369.120753675
690;CDGLW;SWAZILAND;ARS;877811.2455496363
691;CDGLW;IRAN (ISLAMIC REPUBLIC OF);BIF;10217867.72632321
692;CDGLW;TONGA;SVC;23666.92705003686
693;CDGLW;SRI LANKA;PKR;838397.4594025572
694;CDGLW;ANGOLA;WST;2639.666357854673
695;CDGLW;CAPE VERDE;ARS;301499.36587105016
696;CDGLW;SERBIA;GBP;3101.6848141757755
697;CDGLW;SRI LANKA;PES;187090.04549072203
698;CDGLW;CHILE;PGK;2970.9554048492905
699;CDGLW;HONG KONG;CNY;4075.0287457933077
700;CDGLW;SAO TOME AND PRINCIPE;AWG;2579.346546254949
701;CDGLW;HONG KONG;RSD;378024.4938594374
702;CDGLW;BOTSWANA;TZS;11536076.704837738
703;CDGLW;INDIA;PLN;1901.8077938313388
704;CDGLW;BURUNDI;ISK;145003.78936009778
705;CDGLW;BAHRAIN;SGD;518.4073805426156
706;CDGLW;ARUBA;VUV;185893.75137321677
707;CDGLW;TONGA;WST;2055.312736650203
708;CDGLW;POLAND;KZT;779591.4631388144
709;CDGLW;AUSTRALIA;XPF;473085.9383017406
710;ABEEG;CHILE;AZN;7603.765936629577
711;ABEEG;YEMEN;BMD;7229.158684133264
712;ABEEG;KOREA, REPUBLIC OF;IRR;376104634.16414475
713;ABEEG;ETHIOPIA;TRY;230204.38514963616
714;ABEEG;NEPAL;NPR;1585138.3634809284
715;ABEEG;AZERBAIJAN;DOP;401106.4567675052
716;ABEEG;SINGAPORE;NZD;13303.1440655943
717;ABEEG;SAMOA;CLP;8332997.493395731
718;ABEEG;INDIA;BND;13027.023687855284
719;ABEEG;PERU;PES;1771044.1374191174
720;ABEEG;BARBADOS;PAB;7456.794406057307
721;ABEEG;TONGA;COP;28185441.20550431
722;IW222;GUYANA;XCD;77050.199619178
723;IW222;TUNISIA;HUF;506148.6645816197
724;IW222;SYRIAN ARAB REPUBLIC;COP;62801216.26613469
725;IW222;FRENCH POLYNESIA;BZD;38642.320198444126
726;IW222;EGYPT;CAD;46578.83367867475
727;IW222;MYANMAR;TOP;35512.315327734876
728;DJKV3;MALDIVES;CAD;857.7626762091053
729;DJKV3;TUNISIA;VUV;41585.23115506714
730;DJKV3;SAUDI ARABIA;SEK;1247.7055569693932
731;DJKV3;GAMBIA;XCD;1302.1387195383777
732;DJKV3;HUNGARY;AOA;570209.5121723287
733;DJKV3;KAZAKHSTAN;MRO;600533.9493300499
734;DJKV3;BELIZE;NZD;1833.7264860290197
735;IJZcc;CAYMAN ISLANDS;RSD;544095.5983354617
736;IJZcc;ROMANIA;STD;149829101.81630966
737;IJZcc;DENMARK;SCR;82420.19049295242
738;AEMb2;ETHIOPIA;HRK;3553.2142547232766
739;AEMb2;DOMINICA;JPY;41213.35847241983
740;AEMb2;BURUNDI;LYD;738.0153562256717
741;AEMb2;CANADA;PHP;12546.775070992393
742;AEMb2;YEMEN;VND;29227538.778641496
743;AEMb2;THAILAND;MAD;5681.232457692113
744;AEMb2;INDIA;KZT;601356.8505321095
745;AFLX2;TAIWAN, PROVINCE OF CHINA;TZS;128606332.3491198
746;AFLX2;FRENCH POLYNESIA;NIO;2270826.366514463
747;AFLX2;LIBERIA;GNF;558307830.2600758
748;AFLX2;SOUTH AFRICA;PHP;1610081.3451169918
749;AFLX2;PAPUA NEW GUINEA;KRW;85262445.5286204
750;AFLX2;SAMOA;MZN;235551.64840838555
751;AFLX2;BAHAMAS;CHF;28086.16425889139
752;AFLX2;SAO TOME AND PRINCIPE;QAR;118778.44792401491
753;AFLX2;AZERBAIJAN;SYP;4581240.22997469
754;AFLX2;IRAQ;GNF;153977494.4324792
755;AFLX2;CAYMAN ISLANDS;KHR;254581520.06741217
756;AFLX2;VENEZUELA;MUR;2912296.712042135
757;AFLX2;BAHRAIN;DKK;243883.3466354431
758;AFLX2;JORDAN;PYG;347874313.7396786
759;AFLX2;JORDAN;SLL;294574076.0315571
760;JXXWY;MAURITANIA;ALL;18103.651360343254
761;JXXWY;SWITZERLAND;VND;26636112.247325037
762;JXXWY;PERU;HRK;608.1406999310553
763;JXXWY;CAPE VERDE;XOF;85077.28480593696
764;JXXWY;HONDURAS;AOA;47486.77266749091
765;JXXWY;BRUNEI DARUSSALAM;PHP;33341.47965001265
766;JXXWY;SOMALIA;MUR;15079.307567080288
767;JXXWY;EURO;AED;755.4601840308877
768;EEVW3;INDIA;BYR;65017662.72033997
769;EEVW3;NAMIBIA;NGN;1624448.7515917646
770;EEVW3;JAMAICA;QAR;20856.314382592394
771;EEVW3;BERMUDA;GNF;35917060.60091387
772;EEVW3;INDIA;DZD;271512.1920436095
773;EEVW3;THAILAND;DJF;504641.70929807116
774;EEVW3;MALAYSIA;SAR;9091.058940135606
775;EEVW3;ROMANIA;SDG;2805442.0253571193
776;EEVW3;IRAN (ISLAMIC REPUBLIC OF);CYP;725.5923185654168
