Client;Country;Currency;Transaction
DDEEG;YEMEN;MUR;12384.195604291293
DDEEG;BRUNEI DARUSSALAM;RON;4810.439572820261
DDEEG;OMAN;GBP;528.0606322097361
AJLWc;CANADA;MXN;6936.874283850761
AJLWc;PANAMA;LBP;1653375.11122836
AJLWc;ARGENTINA;VES;16282.624627032623
AJLWc;VANUATU;MAD;2987.5043761708807
AJLWc;RWANDA;BBD;291.56217812511863
AJLWc;BURUNDI;MRO;186057.7007654054
AJLWc;BAHRAIN;SVC;9464.757462815583
AJLWc;SYRIAN ARAB REPUBLIC;ZAR;14445.374328966538
AJLWc;BOTSWANA;BZD;816.7860390333976
AJLWc;YEMEN;RON;3249.312753308337
AJLWc;TANZANIA, UNITED REPUBLIC OF;BZD;470.52734554571737
AJLWc;BULGARIA;BYR;208155.7771931869
AJLWc;GUATEMALA;UYU;39810.62032117732
AJLWc;NORWAY;PEN;3573.8108113044373
AJLWc;PARAGUAY;ZMW;17194.780246740916
AJLWc;KUWAIT;FJD;1297.8297020093958
AJLWc;SYRIAN ARAB REPUBLIC;TTD;6740.006637606291
AJLWc;SURINAME;RWF;353455.87667635264
AJLWc;KOREA, REPUBLIC OF;GNF;980810.1977745638
EEEY3;RUSSIAN FEDERATION;MAD;774.3457930631653
EEEY3;HAITI;BIF;23373.80895003531
EEEY3;MAURITIUS;SVC;811.7927711712722
EEEY3;LEBANON;PYG;373661.0202576719
EEEY3;ZAMBIA;PAB;93.57187303694309
EEEY3;LATVIA;MMK;156085.48113521465
EEEY3;ZAMBIA;SLL;826239.013480364
EEEY3;BULGARIA;CRC;13661.669678967688
DGG12;ARUBA;BHD;5671.379174938611
DGG12;HUNGARY;IRR;1011971642.3792752
DGG12;AUSTRALIA;PLN;14889.63541398855
DGG12;SWEDEN;JMD;3621664.3177109384
DGG12;BELIZE;SVC;31895.727910740028
DGG12;CHILE;SBD;62467.416257050114
DGG12;BERMUDA;ANG;25649.97725028329
DGG12;SYRIAN ARAB REPUBLIC;MOP;159778.75274171712
DGG12;MOZAMBIQUE;JOD;11177.229792643891
DGG12;INDIA;LBP;9450600.17887469
DGG12;MOZAMBIQUE;DOP;1035641.5251145147
AAAc1;VANUATU;SAR;3088.786299587295
AAAc1;SUDAN;GNF;25225712.172799855
GJKK2;YEMEN;XOF;867879.9155167476
GJKK2;TOGO;CAD;2549.593294016953
GJKK2;LIBERIA;RON;10819.327211616634
GJKK2;EURO;LAK;44461655.11025137
GJKK2;GAMBIA;STD;35399319.040669106
GJKK2;LATVIA;CZK;5636.595662454618
GJKK2;BAHAMAS;COP;14022321.756453771
GJKK2;VENEZUELA;OMR;921.759717220113
GJKK2;MALAWI;CYP;1737.7657564028996
GJKK2;COSTA RICA;VES;7233.252828683944
GJKK2;MOROCCO;MGA;2307262.5279952167
GJKK2;COLOMBIA;BIF;2784454.350832711
GJKK2;TURKEY;PGK;6920.708823372573
GJKK2;NIGERIA;MAD;19770.63858278943
BDEFV;HAITI;LRD;509861.78567115543
BDEFV;COSTA RICA;MZN;53214.874556294846
BDEFV;CHINA;CZK;81218.35127412218
BDEFV;JAMAICA;SVC;920.7884908072147
BDEFV;HONDURAS;PHP;9777.554440510472
BDEFV;LAO PEOPLE'S DEMOCRATIC REP;CLP;3492299.384497867
BDEFV;NICARAGUA;ZWL;770197.3219485943
BDEFV;DJIBOUTI;RON;17374.27142354089
BDEFV;INDIA;TND;16902.13583108772
BDEFV;TOGO;KYD;4571.542145316013
BDEFV;DJIBOUTI;SOS;2404662.448202997
ADHX2;RUSSIAN FEDERATION;KRW;5929567.639110636
ADHX2;CHINA;DKK;33569.676502226
ADHX2;IRAN (ISLAMIC REPUBLIC OF);TTD;35681.1966346312
ADHX2;RUSSIAN FEDERATION;HKD;47021.192713494325
CCXXb;NEPAL;SVC;12312.46722452438
CCXXb;BOTSWANA;MWK;-16807.898222046606
CCXXb;CAPE VERDE;CZK;7995.491044044958
CCXXb;SOMALIA;XPF;394158.3573522425
CCXXb;EGYPT;BSD;1089.5887634537871
CCXXb;PARAGUAY;BBD;7054.34796079934
CCXXb;GHANA;BZD;8095.257810812812
CCXXb;PERU;PGK;7097.1766676692605
EJV22;SYRIAN ARAB REPUBLIC;MUR;20945.440434978864
EJV22;NETHERLANDS ANTILLES;PGK;2182.098957842487
EJV22;ALGERIA;AWG;843.0623929842427
EJV22;NAMIBIA;BHD;181.30673789608986
EJV22;PANAMA;GBP;903.3233401958441
EJV22;NETHERLANDS ANTILLES;PHP;96466.3308881565
EJV22;EL SALVADOR;SZL;21506.191602123108
EJV22;CHILE;CRC;440970.27392411255
EJV22;PAPUA NEW GUINEA;SAR;1269.8102773064418
EJV22;TANZANIA, UNITED REPUBLIC OF;WST;4051.768490945142
EJV22;TURKEY;NAD;16305.972954583614
EJV22;PHILIPPINES;STD;25877630.0125639
HJLMa;SWITZERLAND;VUV;1109423.0195716347
HJLMa;CENTRAL AFRICAN REPUBLIC;CRC;527352.726062957
HJLMa;NAMIBIA;SVC;25666.57306801522
HJLMa;DENMARK;INR;728406.3528728739
HKVbc;HONG KONG;XOF;1544028.5578569605
HKVbc;BAHRAIN;RON;25824.96987040031
HKVbc;ETHIOPIA;PYG;67324150.8205387
HKVbc;ROMANIA;HNL;91296.97374249532
HKVbc;SINGAPORE;BOB;25767.544015153675
GGGVb;BRUNEI DARUSSALAM;THB;5199.230581208307
GGGVb;JAMAICA;MUR;36247.59202253056
GGGVb;TAIWAN, PROVINCE OF CHINA;ETB;60496.302986996045
GGGVb;URUGUAY;KES;65135.39468151992
GGGVb;KUWAIT;SLL;8660583.223018134
GGGVb;VENEZUELA;PYG;4305614.212107571
GGGVb;SERBIA;NAD;20455.229092714068
EGGYc;BURUNDI;SGD;3729.0610782800877
EGGYc;VENEZUELA;ALL;35450.048532588284
EGGYc;BULGARIA;ALL;109888.77454301422
EGGYc;NETHERLANDS ANTILLES;AUD;3960.7306714782026
EGGYc;CAYMAN ISLANDS;SRD;-76.85384265701985
EGGYc;GUINEA;ARS;173757.1324225151
EGGYc;CROATIA;ANG;494.88733540297017
EGGYc;PAKISTAN;HKD;20348.917930560176
EGGYc;SERBIA;KES;41152.638781773014
EGGYc;CHINA;UYU;2351.2602876214423
EGGYc;BELIZE;GTQ;8099.674964421048
EGGYc;LIBERIA;THB;3534.2699407922914
EGGYc;RWANDA;KWD;145.24403370831232
EGGYc;SOMALIA;ZAR;13827.388813769512
EGGYc;MALDIVES;MRO;374289.29846966296
EGGYc;ANGOLA;PLN;2104.694514234599
EGGYc;SUDAN;CLP;2609538.714520638
EGGYc;DOMINICAN REPUBLIC;BBD;3937.5834343842707
EGGYc;NIGERIA;LKR;749427.8460085648
EGGYc;HAITI;EGP;34374.91218310445
DX113;NAMIBIA;SYP;5662245.190293433
DX113;THAILAND;KWD;69.40540443618606
DX113;LIBERIA;BMD;1336.3793871650396
DX113;TAIWAN, PROVINCE OF CHINA;LAK;151015872.58749697
DX113;CYPRUS;INR;582319.3795869523
DFGLa;CHINA;BND;5756.063695855752
DFGLa;PAKISTAN;HKD;19890.974480916553
DFGLa;IRAN (ISLAMIC REPUBLIC OF);RWF;381228.40389878955
DFGLa;BURUNDI;AUD;5532.186962340566
DGJb1;MALAWI;PGK;47046.68641577146
DGJb1;TURKEY;CVE;1638366.5837731224
DGJb1;BERMUDA;UYU;656904.5561055285
DGJb1;THAILAND;LAK;247588402.12594903
DGJb1;RWANDA;CVE;1472058.0965086175
DGJb1;ARUBA;SDG;9171022.588701716
DGJb1;SWEDEN;SVC;30257.639614095155
DGJb1;PHILIPPINES;AUD;6066.694431966651
DGJb1;ANGOLA;HRK;47012.70664479636
DGJb1;CZECH REPUBLIC;GYD;2771946.653877796
DGJb1;CZECH REPUBLIC;UAH;21312.681773706707
DGJb1;HONG KONG;LYD;67512.20946519886
DGJb1;FIJI;ETB;719211.7273678175
DGJb1;ROMANIA;MMK;1887705.6490669795
DGJb1;ZIMBABWE;ZAR;63333.82497882753
DGJb1;LIBYAN ARAB JAMAHIRIYA;STD;162419399.37479976
DGJb1;SEYCHELLES;NPR;1884736.1431802148
DDDDc;SWEDEN;KHR;2643516.4821710363
DDDDc;TONGA;KRW;442205.98009642813
DDDDc;NORWAY;XAF;1428002.824831622
DDDDc;MYANMAR;DJF;19040.525464015922
DDDDc;NORWAY;TOP;7376.789395856479
DDDDc;UNITED KINGDOM;BGN;3149.651947346976
DDDDc;NICARAGUA;SVC;29463.919168720786
DDDDc;MACAU;BOB;20887.92188623044
DDDDc;ZAMBIA;HUF;1328419.6470841893
DDDDc;ALGERIA;LVL;395.5128644635156
DDDDc;EL SALVADOR;PYG;15208748.000925649
DDDDc;ARGENTINA;INR;82383.97062121896
DDDDc;LATVIA;HRK;10978.086775538275
DDDDc;NAMIBIA;CRC;1020361.6880729352
DDDDc;TOGO;GHS;45620.89437174926
DDDDc;VIET NAM;KYD;-21.509277481345826
DDDDc;ZAMBIA;BSD;3026.3075910293487
DDDDc;SERBIA;LAK;35177562.06630396
GHLa2;HONG KONG;XPF;295019.67233710695
GHLa2;SWITZERLAND;ZMW;138788.65921077883
GHLa2;ALBANIA;BTN;62747.92166260554
GHLa2;SINGAPORE;CAD;3070.098932141555
GHLa2;IRAN (ISLAMIC REPUBLIC OF);LYD;23927.477000095758
GHLa2;SINGAPORE;QAR;2830.966850572256
GHLa2;MAURITANIA;AZN;14551.239789033903
GHLa2;ISRAEL;PYG;57205075.338588014
GHLa2;NORWAY;RON;16676.526772573037
GHLa2;MADAGASCAR;DKK;49981.43584591738
GHLa2;IRAQ;TZS;10659360.946453338
GHLa2;ETHIOPIA;HUF;1688081.2145024643
GHLa2;BANGLADESH;RUB;-1330.0871935555733
GHLa2;BULGARIA;AED;25160.103398513475
GHLa2;HONG KONG;SGD;1383.1817601554114
GHLa2;YEMEN;MRO;922852.8620404233
GHLa2;PERU;SYP;4631236.785534594
BJLV3;LATVIA;XAF;3726704.2026086547
BJLV3;AUSTRALIA;PYG;21589582.562067688
BJLV3;LIBERIA;TRY;48165.0330370743
BJLV3;LIBERIA;MZN;419335.14620982367
BJLV3;SUDAN;BIF;10786905.788730435
BJLV3;EURO;BDT;571655.9965789319
BJLV3;MAURITANIA;QAR;3512.714377734126
BJLV3;MEXICO;BSD;2562.137023514536
BJLV3;COLOMBIA;TOP;4249.314785835576
BJLV3;BANGLADESH;CZK;51067.93895749493
BJLV3;ISRAEL;JPY;81404.22254896566
BJLV3;MEXICO;FJD;5057.666145196948
BJLV3;SAMOA;SYP;2675389.6637651366
BJLV3;LATVIA;SGD;4462.812151615391
BJLV3;GUINEA;FJD;15758.091712755815
BJLV3;ANGOLA;KZT;2115905.9437021087
BJLV3;COLOMBIA;BGN;5370.705741073145
JWZZc;KUWAIT;RSD;174995.90746861428
JWZZc;BOLIVIA;TND;1142.5685716525734
JWZZc;BULGARIA;AOA;282837.04604943586
FGX13;CHILE;PHP;11955.637444972499
FGX13;MACAU;PLN;816.2724610431479
FGX13;IRAN (ISLAMIC REPUBLIC OF);SZL;4180.146562616183
FGX13;SOMALIA;NAD;188.88392531807568
FGX13;AUSTRALIA;SRD;8412.678042271778
CEJV1;AUSTRALIA;JPY;5966407.4560819445
CEJV1;BULGARIA;CAD;22460.269592452274
CEJV1;ARUBA;BOB;197229.7657718293
CEJV1;MALAYSIA;PHP;816318.9709494744
CEJV1;CHILE;KES;161966.60954830368
CEJV1;ISRAEL;KRW;32336814.41658767
CEJV1;MYANMAR;RON;161569.2412366832
CEJV1;CROATIA;NIO;711823.0985174022
CEJV1;NETHERLANDS ANTILLES;NGN;1828256.3681300865
CEJV1;CANADA;CZK;64074.40328044313
CEJV1;SRI LANKA;JPY;4150962.5390389543
CEJV1;SWAZILAND;HTG;3531289.3720468604
CEJV1;HUNGARY;ZMW;688022.5153714715
CEJV1;KAZAKHSTAN;MUR;77987.23173933553
CEJV1;LEBANON;IQD;64294701.895650774
CEJV1;PANAMA;ILS;69307.86648446151
CEJV1;JORDAN;TZS;98938991.56065679
CEJV1;BRUNEI DARUSSALAM;YER;3191247.000053928
CEJV1;COLOMBIA;SZL;474746.8781478926
ABXZ1;MOZAMBIQUE;SYP;51921.89915127047
BJJb1;SWEDEN;KZT;4257992.987055409
BJJb1;CANADA;ARS;643499.4661512882
BJJb1;SERBIA;MVR;146374.35012618251
BJJb1;DJIBOUTI;NZD;13497.308422524015
BJJb1;IRAQ;MWK;12304372.448677074
BJJb1;EL SALVADOR;SOS;5733218.786738005
BJJb1;CYPRUS;LRD;1328435.3968526272
BJJb1;TUNISIA;PAB;2663.861211360101
BJJb1;POLAND;AED;51804.75292390803
BJJb1;HUNGARY;SGD;3062.721375079352
BJJb1;MALAYSIA;LBP;732836.3338144383
BJJb1;SOLOMON ISLANDS;VND;155182351.29920167
BJJb1;SOUTH AFRICA;HUF;1851792.7343210669
BJJb1;ARGENTINA;EGP;276142.6443101565
BJJb1;AUSTRALIA;MYR;22501.91770764957
BJJb1;UKRAINE;DKK;44204.59685927055
BJJb1;PERU;RSD;576876.1242265562
CGYbb;KAZAKHSTAN;TTD;99744.4466319549
CGYbb;UKRAINE;HRK;106841.02379955187
CGYbb;QATAR;DOP;1361032.4487427091
CGYbb;BARBADOS;BRL;34339.51647027945
CGYbb;LIBYAN ARAB JAMAHIRIYA;XAF;8270117.561638292
CGYbb;TUNISIA;ZMW;61710.4483884732
CGYbb;KUWAIT;KZT;5335915.830333362
CGYbb;ROMANIA;XAF;14977558.077112976
CGYbb;ZAMBIA;HKD;189520.79682835084
CGYbb;CANADA;NPR;122371.80489249044
CGYbb;SOLOMON ISLANDS;MOP;119221.44196322787
CGYbb;CZECH REPUBLIC;LRD;2141375.087068397
CGYbb;TANZANIA, UNITED REPUBLIC OF;PEN;3585.946985797469
CGYbb;NAMIBIA;PEN;51405.36502935804
CGYbb;KOREA, REPUBLIC OF;BGN;27303.35544776465
CGYbb;NETHERLANDS ANTILLES;SEK;267648.46722113225
CGYbb;EGYPT;BYR;235958882.12810004
CGYbb;MYANMAR;KES;936092.5809749305
CGYbb;FIJI;HTG;601907.0638084952
CGYbb;QATAR;CNY;124511.9264589453
JXWYa;LATVIA;PEN;3800.808026946797
JXWYa;SOUTH AFRICA;SCR;15055.883139216088
JXWYa;SOMALIA;PEN;8353.791597950985
JXWYa;NICARAGUA;DJF;363428.2274005087
JXWYa;EURO;ETB;103333.10651177377
JXWYa;RUSSIAN FEDERATION;QAR;6380.859183877848
JXWYa;TAIWAN, PROVINCE OF CHINA;PKR;299169.92773109156
JXWYa;SRI LANKA;ZWL;546131.3285223254
JXWYa;KENYA;MAD;4594.619214930229
JXWYa;NIGERIA;UGX;1588826.5995268254
JXWYa;KENYA;KES;246544.18655525666
JXWYa;GHANA;MUR;6097.696113128379
JXWYa;FRENCH POLYNESIA;CLP;1304968.4881558833
JXWYa;YEMEN;PKR;388696.82824354846
JXWYa;BELARUS;DJF;293047.30917224794
CLMb2;NORWAY;JOD;4908.584663111827
CLMb2;ICELAND;IQD;13514321.226275612
CLMb2;SOMALIA;DKK;8254.314711505323
CLMb2;TURKEY;KZT;2716656.7721113195
CLMb2;NIGERIA;XPF;199745.06276001155
CLMb2;TOGO;COP;42264451.966797546
CLMb2;DJIBOUTI;QAR;6108.19358481475
CLMb2;SAUDI ARABIA;JMD;465162.0236470334
CLMb2;ALGERIA;DJF;448091.8405061983
CLMb2;MALAYSIA;GBP;6612.682371210726
CLMb2;MADAGASCAR;MUR;155400.36064383705
ABIM2;TANZANIA, UNITED REPUBLIC OF;ISK;14366.9219147229
ABIM2;SWEDEN;TRY;2545.730915580587
ABIM2;ETHIOPIA;VUV;1499.440302711426
ABIM2;CHILE;UYU;4917.913225771275
ABIM2;RUSSIAN FEDERATION;PEN;137.9893524326637
ABIM2;GUINEA;BTN;6018.292576463045
ABIM2;TRINIDAD AND TOBAGO;BMD;64.33478925051386
ABIM2;SWAZILAND;HNL;2969.5397758193258
ABIM2;MOROCCO;RUB;285.3210960158165
ABIM2;KENYA;COP;775437.0838746183
ABIM2;JAPAN;ZWL;81575.53355120035
ABIM2;BHUTAN;TTD;1137.211880279288
ABIM2;OMAN;VND;673177.2567207032
ABIM2;ANGOLA;BDT;9839.101511856665
ABIM2;EL SALVADOR;EGP;3373.0358578460205
ABIM2;BRUNEI DARUSSALAM;PAB;17.363837363124095
FYYZZ;GHANA;DOP;86042.36781235752
FYYZZ;INDIA;LBP;446979.23682030546
FYYZZ;SOLOMON ISLANDS;BHD;280.3171386864459
FYYZZ;BRAZIL;BHD;592.0790603991816
FYYZZ;PARAGUAY;RSD;96868.6539244415
FYYZZ;BHUTAN;THB;53842.07344403162
FYYZZ;ARUBA;PEN;1712.1744813004357
FYYZZ;DOMINICA;CZK;40114.51282043725
DFKX2;IRAN (ISLAMIC REPUBLIC OF);BIF;535646.9851106735
DFKX2;CAMBODIA;HRK;9077.471088570783
DFKX2;MOZAMBIQUE;CNY;2628.8372340079804
DFKX2;MADAGASCAR;CAD;1179.8193569489113
DFKX2;SEYCHELLES;CNY;4595.8135263900895
DFKX2;EGYPT;BYR;13327750.096323706
DFKX2;TONGA;IRR;63450453.707263924
DFKX2;TONGA;MWK;392695.6381078088
DFKX2;QATAR;PAB;1520.5858774841108
DFKX2;LIBERIA;UAH;44424.060127877405
DFKX2;DOMINICA;NZD;221.93452794112014
DFKX2;PERU;CNY;8299.842531031263
DFKX2;GUINEA;ANG;2152.1131178960236
BCDGW;MEXICO;KZT;172950.94565803107
BCDGW;CYPRUS;BND;133.3453179653923
BCDGW;MAURITIUS;HNL;2515.4944361972794
BCDGW;KENYA;RWF;5306.759598764012
BCDGW;EURO;BYR;10420832.964294815
BCDGW;EURO;SEK;6649.002550431354
BCDGW;KOREA, REPUBLIC OF;RWF;730161.8775208483
BCDGW;BARBADOS;AUD;746.4236114549598
BCDGW;TONGA;KYD;355.5271462310666
BCDGW;CAPE VERDE;COP;2160992.99447062
BCDGW;MOROCCO;ETB;29562.654179523142
BCDGW;KENYA;VUV;83325.32204902082
BCDGW;GAMBIA;HTG;42480.51445115666
BCDGW;TRINIDAD AND TOBAGO;HUF;32311.40195127263
BCDGW;DOMINICA;ALL;69690.65618431086
BCDGW;FIJI;GTQ;1473.4002292092166
BCDGW;GUINEA;RUB;40759.41772667614
BCDGW;ALGERIA;BHD;168.15511502190782
EJMMM;MEXICO;RSD;63801.18277620089
EJMMM;PERU;LKR;202277.499903064
EJMMM;BOLIVIA;ALL;166401.03004943722
EJMMM;TUNISIA;LVL;4937.731870490187
EJMMM;TOGO;SBD;38509.40474239262
EJMMM;SRI LANKA;AUD;12035.933149264487
EJMMM;VENEZUELA;ZAR;68686.78584620118
EJMMM;BELIZE;BZD;15026.14324957948
EJMMM;CYPRUS;AWG;6452.573000967954
EJMMM;SWAZILAND;HRK;16049.651959620373
EJMMM;VIET NAM;ALL;676103.6115775412
ACFWc;SOUTH AFRICA;LYD;28919.10280505725
ACFWc;QATAR;BSD;2213.4967632993876
ACFWc;ARUBA;YER;1465223.6003783385
ACFWc;BURUNDI;GTQ;7216.348647316211
ACFWc;MALAYSIA;SBD;24119.442310057504
ACFWc;NAMIBIA;CZK;36899.55857884266
ACFWc;TANZANIA, UNITED REPUBLIC OF;KZT;1281734.1023797488
ACFWc;SWAZILAND;PEN;3904.454446466984
ACFWc;UKRAINE;FJD;14361.632157445083
ACFWc;RUSSIAN FEDERATION;MRO;2150950.5141170905
ACFWc;LAO PEOPLE'S DEMOCRATIC REP;YER;1169823.6420045756
ACFWc;TURKEY;STD;22150951.985210326
Wbcc1;TRINIDAD AND TOBAGO;NZD;2316.7606809881554
Wbcc1;DOMINICAN REPUBLIC;XCD;2065.9897642951546
Wbcc1;URUGUAY;ARS;251468.83352435596
Wbcc1;SUDAN;JMD;157402.01526114708
Wbcc1;BAHRAIN;UYU;23079.26388497679
Wbcc1;IRAQ;UAH;9608.344084132712
Wbcc1;NICARAGUA;UYU;25372.265411467724
Wbcc1;MALAWI;BDT;105341.36968791309
Wbcc1;TANZANIA, UNITED REPUBLIC OF;SGD;1556.8840367489001
Wbcc1;JAPAN;HTG;20904.581855445223
LNXac;BANGLADESH;YER;48462.85550883567
LNXac;NORWAY;UAH;603842.3281821791
LNXac;LIBYAN ARAB JAMAHIRIYA;BTN;780026.3980222583
LNXac;RUSSIAN FEDERATION;PHP;212713.60585568703
LNXac;DJIBOUTI;GMD;675725.5331293396
LNXac;SRI LANKA;PKR;3670549.347966483
EKN22;EGYPT;OMR;4933.824139559049
EKN22;KOREA, REPUBLIC OF;ALL;362678.1294313718
EKN22;MOROCCO;KZT;1619581.4172107105
EKN22;PAPUA NEW GUINEA;GTQ;26757.5441948434
EKN22;TAIWAN, PROVINCE OF CHINA;SOS;4082055.755640632
EKN22;FIJI;PKR;1016980.5694042551
EKN22;SOUTH AFRICA;UGX;34126648.70724362
EKN22;SOLOMON ISLANDS;THB;408363.79331454285
EKN22;COSTA RICA;VUV;256984.02695112085
EKN22;LATVIA;RWF;422155.57627460244
EKN22;THAILAND;MMK;4399310.694383077
EKN22;KAZAKHSTAN;ALL;715951.3154739237
EKN22;LEBANON;JMD;185040.60361948842
EKN22;ALGERIA;PGK;2435.313425858085
EKN22;RWANDA;ETB;342119.8089876911
EKN22;NIGERIA;UAH;446169.21994866163
EKN22;JAMAICA;CRC;4803721.214887721
EKN22;KAZAKHSTAN;XOF;6136243.820938673
BBVWb;HAITI;AOA;1756435.9430195075
BBVWb;LAO PEOPLE'S DEMOCRATIC REP;TND;3078.7269398395383
BBVWb;JAMAICA;AUD;2887.928777942603
BBVWb;EL SALVADOR;MRO;1060854.9769583594
BBVWb;SOUTH AFRICA;SYP;1003930.4032144556
BBVWb;CYPRUS;XOF;693775.5757439625
BBVWb;SOLOMON ISLANDS;LBP;1503277.051793741
BBVWb;BULGARIA;DZD;391353.4739936835
BBVWb;SYRIAN ARAB REPUBLIC;THB;3045.0946196492396
BBVWb;COSTA RICA;IQD;1239584.8004339885
BBVWb;GAMBIA;SDG;727253.135523818
BBVWb;TURKEY;BDT;72364.91949509112
BBVWb;KOREA, REPUBLIC OF;MAD;31111.421154010408
BBVWb;ZAMBIA;XOF;1123159.749437709
BBVWb;MAURITANIA;UAH;40651.14720042393
BBVWb;LAO PEOPLE'S DEMOCRATIC REP;BHD;1127.8528186578874
BBVWb;SWAZILAND;MGA;10834061.549439063
BBVWb;CAPE VERDE;CYP;1970.4445319653883
KKVc3;MACAU;JPY;1050092.5304707477
DJMNV;SWAZILAND;KHR;12260952.73320419
DJMNV;MALAYSIA;TWD;230855.3882696177
DJMNV;PHILIPPINES;STD;222669944.7966171
DJMNV;ZAMBIA;GMD;233866.67017455
DJMNV;TUNISIA;AOA;5291750.847337349
CEWcc;CAYMAN ISLANDS;LAK;11651067.293792592
CEWcc;SYRIAN ARAB REPUBLIC;BTN;1110065.2427218617
CEWcc;MYANMAR;BND;10418.825828666228
CEWcc;TOGO;ETB;540355.9851506092
CEWcc;BAHAMAS;ETB;15297.46712322285
HMMMa;BERMUDA;SBD;30610.69027804814
HMMMa;HONG KONG;JOD;1129.3481444027161
HMMMa;CHILE;SGD;1767.9503403791373
HMMMa;HUNGARY;PAB;1854.262266019079
HMMMa;LEBANON;CZK;27523.743456377433
HMMMa;ALBANIA;BDT;-3363.627334250464
HMMMa;TONGA;SYP;586697.7439733401
HMMMa;LIBYAN ARAB JAMAHIRIYA;LBP;10355.005965275262
HMMMa;MACAU;DJF;325850.47940350155
HMMMa;PARAGUAY;JMD;418689.28699603357
HMMMa;CAYMAN ISLANDS;CVE;103280.26521984726
BBFa3;HONG KONG;FJD;3323.6273395221215
BBFa3;HONDURAS;NPR;181513.10427645015
BBFa3;GUYANA;ZMW;18471.381916648093
BBFa3;MADAGASCAR;KES;135735.6406507873
BBFa3;THAILAND;BDT;186900.38168359888
BBFa3;MADAGASCAR;KRW;3292543.657320047
ABFMb;AZERBAIJAN;AOA;4276007.489483863
ABFMb;SOLOMON ISLANDS;OMR;4765.88048504416
ABFMb;NEPAL;UAH;667383.5265739262
ABFMb;PAPUA NEW GUINEA;THB;252333.04941246088
ABFMb;COSTA RICA;SLL;340491444.3856268
ABFMb;OMAN;STD;41909558.16451332
ABFMb;AZERBAIJAN;MGA;43477311.16593474
ABFMb;URUGUAY;RUB;385387.044597925
ABFMb;IRAN (ISLAMIC REPUBLIC OF);BHD;486.6639867426702
ABFMb;LAO PEOPLE'S DEMOCRATIC REP;SAR;37716.43163314111
ABFMb;DOMINICAN REPUBLIC;LAK;280138464.3639657
ABFMb;CAMBODIA;BSD;8465.983625525814
ABFMb;DJIBOUTI;CNY;150306.4468005025
ABFMb;PERU;ZAR;181883.37655377414
XXY23;MOZAMBIQUE;CHF;1005.1775266346202
XXY23;CZECH REPUBLIC;MVR;11949.122068918223
XXY23;BAHRAIN;MMK;3553696.7058876785
XXY23;LIBERIA;LBP;2225647.877886423
XXY23;CHINA;BYR;21181617.316007774
XXY23;COSTA RICA;BOB;9412.744465817485
XXY23;DOMINICA;QAR;3022.6310063484475
XXY23;JAPAN;XAF;624083.4670493203
XXY23;ETHIOPIA;AED;3948.55041584328
XXY23;IRAQ;FJD;1181.732653032797
XXY23;CAYMAN ISLANDS;SOS;387629.7723145498
XXY23;MOROCCO;CHF;2268.5463250649022
XXY23;SWITZERLAND;TTD;12610.94984593121
XXY23;JORDAN;XAF;505758.1240162379
XXY23;CYPRUS;NAD;33950.744994926834
XXY23;TRINIDAD AND TOBAGO;LRD;234125.94590807144
XXY23;BARBADOS;BIF;2860866.3287789333
XXY23;AUSTRALIA;DZD;133391.6027224196
FKbb3;SOUTH AFRICA;ZWL;2092143.4781075297
FKbb3;GHANA;NGN;677836.8880286085
FKbb3;HUNGARY;MZN;202260.7906715275
FKbb3;GUINEA;BMD;1376.429865885785
FKbb3;BRUNEI DARUSSALAM;TWD;67073.66108848211
FKbb3;NAMIBIA;MWK;1502469.8863132843
FKbb3;SRI LANKA;XOF;2285437.0630305116
FKbb3;SWEDEN;XCD;786.1079507897816
FKbb3;PANAMA;JMD;402711.70227639587
FKbb3;GHANA;TOP;1890.6666075791854
