;Client;Country;Currency;Transaction
0;AGHKc;NEPAL;MZN;193867.81991470023
1;AGHKc;TURKEY;CYP;1426.5269062818277
2;AGHKc;PERU;NPR;442796.9256307611
3;AGHKc;SRI LANKA;YER;1432141.4121985342
4;AGHKc;DJIBOUTI;BGN;7312.957284374751
5;AGHKc;BAHRAIN;CNY;8652.575350796642
6;AGHKc;ISRAEL;OMR;248.17705983956645
7;AGHKc;NAMIBIA;VES;104978.4707152892
8;AGHKc;ISRAEL;KYD;3184.8744331291223
9;AGHKc;YEMEN;BBD;501.2316704882694
10;AGHKc;URUGUAY;HNL;130636.43096201982
11;AGHKc;FRENCH POLYNESIA;BHD;1409.6919985343438
12;AGHKc;BOTSWANA;MWK;212913.68627097007
13;BNZZb;CHILE;KRW;18223051.317941677
14;BNZZb;SWITZERLAND;PHP;113674.60661902065
15;BNZZb;GHANA;BYR;488610520.68649936
16;BNZZb;BELIZE;HNL;252025.74898102498
17;BNZZb;SAMOA;MAD;139118.18329956578
18;BNZZb;BHUTAN;THB;395017.6674444292
19;BNZZb;SWAZILAND;SYP;6617963.482416863
20;BNZZb;HUNGARY;RUB;12941.24356680086
21;BNZZb;PAPUA NEW GUINEA;GMD;761459.6320538466
22;BNZZb;DOMINICAN REPUBLIC;YER;3580018.5930471504
23;BNZZb;NEW ZEALAND;NIO;882198.6185079968
24;BNZZb;MALAWI;ALL;26802.631800956362
25;BNZZb;MAURITIUS;RSD;1016167.1084587049
26;BNZZb;UGANDA;PHP;103031.4704986442
27;BNZZb;JAPAN;SVC;42671.00373093894
28;BNZZb;INDONESIA;MMK;35746246.91812599
29;BNZZb;BANGLADESH;GYD;3771483.971982399
30;KLNXa;UGANDA;UAH;56367.891638833426
31;KLNXa;CHILE;HKD;4174.893885900456
32;KLNXa;HUNGARY;RSD;84562.42386679567
33;KLNXa;MACAU;PKR;131267.68868975402
34;KLNXa;ROMANIA;TTD;7556.800610830282
35;KLNXa;ICELAND;SCR;11096.365294351981
36;KLNXa;OMAN;JOD;527.3302349665306
37;KLNXa;TOGO;AWG;189.1767862640497
38;KLNXa;HAITI;VES;29543.98599073311
39;KLNXa;MOZAMBIQUE;CHF;360.77598486908107
40;KLNXa;GHANA;ISK;163143.00486664823
41;KLNXa;LIBERIA;BZD;2367.351971182928
42;KLNXa;MOZAMBIQUE;KWD;169.05973131749488
43;KLNXa;TAIWAN, PROVINCE OF CHINA;VUV;86738.49385329883
44;KLNXa;POLAND;IQD;1485175.304746266
45;KLNXa;GAMBIA;LAK;22837274.655101508
46;KLNXa;PANAMA;AWG;1885.041576906664
47;GI333;SEYCHELLES;GMD;30648.71878429508
48;GI333;BAHAMAS;SDG;645047.5398075748
49;GI333;AUSTRALIA;GTQ;1104.0880889264042
50;GI333;BHUTAN;XAF;194018.74924809742
51;GI333;LEBANON;KZT;326328.91717242124
52;GI333;POLAND;STD;37279092.832247086
53;GI333;SYRIAN ARAB REPUBLIC;BYR;22212390.695250377
54;GI333;POLAND;GBP;905.0135283579375
55;KLMWY;NAMIBIA;NGN;1045160.9013455193
56;KLMWY;LEBANON;SLL;112285851.82964256
57;KLMWY;TONGA;PLN;5826.9525820810495
58;KLMWY;AUSTRALIA;BGN;4499.569372980064
59;KLMWY;BAHRAIN;IQD;5661414.118902782
60;KLMWY;UNITED KINGDOM;HNL;88577.43629014416
61;KLMWY;COSTA RICA;XAF;2409175.118264144
62;KLMWY;EL SALVADOR;BGN;1859.4021001786969
63;KLMWY;PARAGUAY;HTG;88417.43435597762
64;KLMWY;OMAN;CRC;629035.7775790361
65;KLMWY;YEMEN;GMD;349264.5707558394
66;KLMWY;BELIZE;BSD;5148.92771342254
67;KLMWY;SURINAME;NAD;75847.67549101528
68;KLMWY;NICARAGUA;YER;646940.9296757969
69;KLMWY;JAPAN;EUR;5179.338135304388
70;KLMWY;LIBERIA;SCR;74396.67572108468
71;KLMWY;THAILAND;MRO;2225319.3369343886
72;KLMWY;PAPUA NEW GUINEA;VND;143968500.61678615
73;KLMWY;ICELAND;GNF;54812567.94799171
74;GIVVV;IRAN (ISLAMIC REPUBLIC OF);ARS;60652.84661579479
75;GIVVV;TANZANIA, UNITED REPUBLIC OF;ZAR;97064.67520447397
76;GIVVV;SURINAME;ANG;13123.14507745117
77;GIVVV;IRAN (ISLAMIC REPUBLIC OF);SVC;30100.30707512473
78;GIVVV;BURUNDI;TZS;3343058.899341259
79;GIVVV;RUSSIAN FEDERATION;BOB;56255.245644861614
80;GIVVV;CANADA;MXN;6693.948710294004
81;GIVVV;GAMBIA;TTD;20641.315535412796
82;GIVVV;CAYMAN ISLANDS;LAK;13837188.209772179
83;GIVVV;DJIBOUTI;AED;29501.595936073718
84;GIVVV;CZECH REPUBLIC;ZMW;97835.56880899769
85;GIVVV;SUDAN;QAR;26531.006335915783
86;KKKb2;VANUATU;KWD;1047.4150819009308
87;KKKb2;CZECH REPUBLIC;THB;42334.13370831623
88;CGGZ1;BERMUDA;DJF;99831.03891281711
89;CGGZ1;MOROCCO;VUV;51750.30962395656
90;CGGZ1;DOMINICAN REPUBLIC;LRD;122248.32896726225
91;CGGZ1;QATAR;HRK;1845.4733939007915
92;CGGZ1;SWITZERLAND;BZD;955.6682241634641
93;CGGZ1;LEBANON;ZAR;4248.558053719301
94;CGGZ1;NORWAY;KZT;252839.23992066883
95;CGGZ1;BULGARIA;DOP;79948.54974315215
96;CGGZ1;GUYANA;FJD;763.0833620273431
97;CGGZ1;HONDURAS;SRD;26374.37792637414
98;CGGZ1;CHILE;TWD;34064.930957352626
99;CGGZ1;FIJI;RWF;575012.5063591258
100;CGGZ1;INDONESIA;UYU;30617.63844317048
101;CGGZ1;MYANMAR;HTG;128429.46465926082
102;CGGZ1;BAHAMAS;AWG;416.38339804364136
103;CGGZ1;KOREA, REPUBLIC OF;CZK;27024.186717100398
104;CGGZ1;JAPAN;DOP;24689.27362502771
105;CGGZ1;RWANDA;XAF;253441.68292979838
106;CGGZ1;MYANMAR;BMD;541.7094814142704
107;GMVYY;SOMALIA;XPF;965232.2930034368
108;GMVYY;AUSTRALIA;NOK;34954.889453277014
109;GMVYY;ANGOLA;QAR;21008.3348315546
110;GMVYY;KENYA;SEK;89099.5429211927
111;GMVYY;INDIA;LBP;7809058.839705788
112;GMVYY;CROATIA;SYP;2503931.545928797
113;GMVYY;ZIMBABWE;SCR;29800.95786725187
114;GMVYY;HUNGARY;PAB;8669.981856758985
115;GMVYY;ETHIOPIA;THB;120518.2406855104
116;EJac2;MALDIVES;BDT;16349.06766368565
117;EJac2;DENMARK;KHR;6169055.620284311
118;EJac2;HUNGARY;GYD;266148.07564001455
119;EJac2;UNITED ARAB EMIRATES;BBD;2994.9278609845223
120;EJac2;SERBIA;IDR;791601.8262417442
121;EJac2;SWAZILAND;NPR;192200.5387028136
122;EJac2;ROMANIA;PAB;1181.1673608432409
123;EJac2;SERBIA;STD;30827391.061606754
124;EJac2;CYPRUS;CAD;288.98779421758167
125;EJac2;VIET NAM;AOA;125186.13389045885
126;EJac2;JORDAN;THB;50238.89963648398
127;EJac2;OMAN;FJD;1233.0055207777268
128;EJac2;NEPAL;VES;11038.427977826053
129;EJac2;MAURITIUS;SBD;3449.3327887900887
130;EJac2;ANGOLA;PEN;6043.952409455782
131;EJac2;UGANDA;AZN;757.8962459386039
132;EJac2;NORWAY;LRD;140974.65346869285
133;EJac2;NORWAY;RWF;1546683.4988530958
134;EJac2;INDONESIA;XOF;981934.7059601553
135;EJac2;PAPUA NEW GUINEA;AZN;1054.2273670796253
136;DNWYb;HONDURAS;DZD;99030.84288223326
137;DNWYb;NAMIBIA;KES;135263.0756657779
138;DNWYb;TRINIDAD AND TOBAGO;PLN;4515.931685146875
139;DNWYb;NEPAL;ARS;146336.78577057258
140;DNWYb;VIET NAM;NGN;798335.9168222126
141;GJKN1;VIET NAM;KRW;419729.72465946304
142;GJKN1;SAMOA;KZT;4302603.772201728
143;GJKN1;ALBANIA;RUB;195372.41115267482
144;GJKN1;CROATIA;TTD;53712.43413654869
145;GJKN1;TOGO;RWF;5197417.50225162
146;GJKN1;MOROCCO;QAR;39841.3420433839
147;GJKN1;PANAMA;RSD;487130.0483126121
148;GJKN1;JAMAICA;CVE;480583.9510102135
149;BDY13;DJIBOUTI;BHD;101.91443906385867
150;BDY13;BOTSWANA;AUD;1215.2296363713529
151;BDY13;ICELAND;BYR;34456646.2103846
152;BDY13;PAPUA NEW GUINEA;GTQ;3665.5134057922064
153;BDY13;BELARUS;JMD;183334.56164624685
154;BDY13;LIBYAN ARAB JAMAHIRIYA;SZL;22097.1131602027
155;BDY13;FRENCH POLYNESIA;ANG;1886.7194107608748
156;BDY13;SOMALIA;NGN;84800.70998323846
157;BDY13;VANUATU;UYU;22755.64174055905
158;BDY13;BAHAMAS;THB;50367.651537092155
159;BDY13;SAMOA;KZT;96577.08301102645
160;BDY13;VIET NAM;DJF;210890.78585600154
161;BDY13;ZIMBABWE;CNY;250.91242283023317
162;BDY13;TANZANIA, UNITED REPUBLIC OF;NOK;182.7114228471365
163;BDY13;PERU;KYD;687.121539119627
164;BDY13;ZAMBIA;VND;25877050.129726823
165;BDY13;KOREA, REPUBLIC OF;UYU;24317.85701307055
166;BDY13;CHILE;BRL;6480.319646263101
167;BDY13;VANUATU;AWG;253.8609173947356
168;BDY13;NIGERIA;CAD;1030.0255543482206
169;AHLWZ;SERBIA;PGK;7842.019924032996
170;AHLWZ;KOREA, REPUBLIC OF;CYP;123.46930099955549
171;AHLWZ;ALGERIA;CAD;1470.6335838838293
172;AHLWZ;BULGARIA;BRL;16189.608268732145
173;AHLWZ;UGANDA;KES;73474.1703947061
174;AHLWZ;SOMALIA;MOP;21191.259149643858
175;AHLWZ;KAZAKHSTAN;KRW;948804.066794291
176;AHLWZ;SWAZILAND;WST;8305.993751530805
177;AHLWZ;HONG KONG;FJD;3427.465848295225
178;AHLWZ;EGYPT;OMR;513.8854431540054
179;AHLWZ;SINGAPORE;RUB;101258.38778982732
180;AHLWZ;BRUNEI DARUSSALAM;BOB;14930.192153018688
181;AHLWZ;NIGERIA;MAD;7196.811485841935
182;AHLWZ;SERBIA;DZD;74463.48284306223
183;AHLWZ;BANGLADESH;CLP;616609.2280023763
184;AHLWZ;HONG KONG;NIO;101993.3329263936
185;AHLWZ;PERU;SCR;1325.5153651352055
186;GKKXa;DENMARK;VND;53857208.16629181
187;GKKXa;CAMBODIA;PKR;585200.6754676345
188;GKKXa;NIGERIA;KYD;499.745167236554
189;GKKXa;PHILIPPINES;SAR;27777.735082549865
190;GKKXa;JORDAN;HKD;48418.1548611202
191;GKKXa;NAMIBIA;BWP;14019.218431677004
192;GKKXa;ISRAEL;AOA;4292674.351132321
193;GKKXa;SEYCHELLES;GHS;41827.84424505986
194;GKKXa;MALAWI;CNY;38767.611883135316
195;GKKXa;LIBERIA;XPF;438279.17478436744
196;GKKXa;GHANA;NOK;23691.339462510194
197;GKKXa;NEW ZEALAND;VES;148697.35341968256
198;DHYa2;VIET NAM;FJD;49816.34682235579
199;DHYa2;TOGO;BBD;92126.09851399792
200;DHYa2;SOLOMON ISLANDS;VUV;5147323.372283791
201;DHYa2;PAPUA NEW GUINEA;TRY;660095.8081859876
202;La122;ISRAEL;SZL;53164.479738241505
203;La122;MALAYSIA;RSD;220482.46922646833
204;La122;ICELAND;SDG;2598795.7790185213
205;La122;ROMANIA;BWP;66412.85256602148
206;La122;MYANMAR;GHS;-1145.3571849880368
207;La122;IRAQ;PGK;19838.358608364022
208;La122;BANGLADESH;COP;34794728.75840179
209;La122;UKRAINE;UGX;29518004.427092195
210;La122;NETHERLANDS ANTILLES;HKD;33901.980564634614
211;La122;HONG KONG;YER;868885.6066597457
212;La122;TRINIDAD AND TOBAGO;EUR;3064.4639518230833
213;La122;URUGUAY;BMD;3141.377656895499
214;La122;INDIA;COP;26986855.85876791
215;La122;INDONESIA;BBD;6933.773065289099
216;La122;BERMUDA;PEN;18509.736710593985
217;La122;SEYCHELLES;PKR;467626.3770704833
218;La122;ROMANIA;BBD;17223.325633633736
219;La122;ISRAEL;MYR;34714.11526317219
220;La122;SEYCHELLES;BDT;505828.36467888526
221;CFZ22;LIBYAN ARAB JAMAHIRIYA;ALL;368788.27600390674
222;CFZ22;MOZAMBIQUE;BGN;5919.991361396609
223;CFZ22;QATAR;GBP;1199.5563466982264
224;CFZ22;BAHRAIN;UGX;5635339.641741553
225;CFZ22;CYPRUS;AOA;2617452.162170441
226;CFZ22;TURKEY;JMD;832981.9420325732
227;CFZ22;INDONESIA;LBP;-29446.491726476426
228;CFZ22;JAMAICA;MAD;55821.88451638541
229;CFZ22;MALDIVES;ANG;6172.455045042479
230;CFZ22;BRUNEI DARUSSALAM;JOD;1646.0890120271595
231;CFZ22;ALGERIA;DOP;266197.1707958285
232;CFZ22;SURINAME;SRD;136740.4913565861
233;CFZ22;CAYMAN ISLANDS;SZL;68067.21824248345
234;CFZ22;NICARAGUA;UAH;56084.9008750479
235;CFZ22;LEBANON;NIO;113115.41010453318
236;CFZ22;PAPUA NEW GUINEA;BWP;17680.90162743616
237;CFZ22;PERU;RSD;255227.39133098107
238;CFZ22;MAURITIUS;GHS;-174.75844317812005
239;BCKYc;PAPUA NEW GUINEA;NAD;8855.05685035471
240;BCKYc;LEBANON;ARS;4118338.1176202293
241;BCKYc;SWITZERLAND;TWD;171095.4785386972
242;BCKYc;CENTRAL AFRICAN REPUBLIC;VUV;2529136.3181928126
243;BCKYc;GAMBIA;LAK;107589259.09251714
244;BCKYc;CANADA;SLL;368155581.48503315
245;BCKYc;LIBYAN ARAB JAMAHIRIYA;ZWL;8201790.433044191
246;BCKYc;LIBYAN ARAB JAMAHIRIYA;PEN;20622.18771752907
247;BCKYc;BELIZE;NZD;21182.58869300825
248;BCKYc;INDONESIA;GNF;17689803.036979582
249;BCKYc;THAILAND;PKR;3449917.351862572
250;BCKYc;SEYCHELLES;MUR;561592.62256369
251;BCKYc;PERU;XPF;1819865.4808877052
252;BCKYc;CANADA;IRR;286432303.14583796
253;BCKYc;URUGUAY;MGA;1522762.0581815806
254;BCKYc;RWANDA;AOA;8343845.41325648
255;BCKYc;FIJI;ZAR;331314.2033416613
256;BCKYc;SWEDEN;CAD;5893.541120739594
257;BCKYc;KENYA;BTN;655805.3695781741
258;KKXb2;URUGUAY;BSD;881.6359958528782
259;KKXb2;KENYA;SCR;2007.3141509642765
260;CKKaa;DJIBOUTI;GTQ;103417.58573963563
261;CKKaa;JORDAN;GBP;4981.593437413334
262;CKKaa;MAURITANIA;LRD;3442917.945677536
263;CKKaa;TUNISIA;WST;32874.23561311879
264;CKKaa;SERBIA;BZD;21576.98996708389
265;CKKaa;IRAQ;CZK;423738.3347021405
266;CKKaa;ALBANIA;TND;4800.599219428389
267;CKKaa;INDONESIA;KZT;9932998.316638842
268;CKKaa;SWAZILAND;EUR;20547.411623983648
269;CKKaa;MALAYSIA;ISK;2694826.171117011
270;CKKaa;SOMALIA;IRR;93708939.7329502
271;CKKaa;JORDAN;LVL;10641.173306555316
272;CKKaa;SWAZILAND;GBP;17204.155583281718
273;CKKaa;BELARUS;EUR;4768.258174813544
274;CKKaa;ARGENTINA;EUR;875.4917883505445
275;CKKaa;RUSSIAN FEDERATION;MVR;134235.57238989996
276;CKKaa;BURUNDI;GTQ;132230.9470229149
277;CKKaa;AUSTRALIA;DOP;138179.15996242643
278;BDLZ3;OMAN;BHD;303.35405301763734
279;BDLZ3;UKRAINE;NOK;8718.661565504399
280;BDLZ3;IRAQ;BOB;10546.108700032615
281;BDLZ3;GHANA;BND;2554.93816319497
282;BDLZ3;IRAQ;AOA;82965.59295287606
283;BDLZ3;PAKISTAN;PKR;289181.16129236727
284;BDLZ3;BELIZE;ZMW;8682.901464234283
285;BDLZ3;HONG KONG;MZN;117347.33143396163
286;BDLZ3;MALAWI;ILS;4021.784763655551
287;BDLZ3;DENMARK;MAD;3594.1821592202514
288;BDLZ3;BARBADOS;BGN;467.2292288339755
289;CCHNW;BARBADOS;SOS;8979295.961158175
290;CCHNW;PARAGUAY;XAF;7203445.34582661
291;CCHNW;ICELAND;SYP;-72237.10636141342
292;CCHNW;BAHAMAS;HNL;343651.67019258905
293;CCHNW;COLOMBIA;AED;25042.836274390094
294;CCHNW;NICARAGUA;WST;20449.3095223553
295;CCHNW;CZECH REPUBLIC;COP;34992003.94906344
296;CCHNW;PAPUA NEW GUINEA;KWD;5030.541694530098
297;CCHNW;EGYPT;CYP;9090.846542574793
298;CCHNW;MOROCCO;IDR;199897270.66720137
299;CCHNW;CHILE;JOD;7933.123990438487
300;CCHNW;LAO PEOPLE'S DEMOCRATIC REP;NZD;16150.397695052136
301;CCHNW;SYRIAN ARAB REPUBLIC;BMD;18065.11508223791
302;CCHNW;SRI LANKA;HKD;22410.568136706577
303;CCHNW;IRAN (ISLAMIC REPUBLIC OF);KYD;13351.902678030187
304;CCHNW;THAILAND;CHF;4911.254527198887
305;CCHNW;CROATIA;BYR;325160306.4856554
306;CCHNW;HONDURAS;AED;52031.14908579893
307;CCHNW;LIBYAN ARAB JAMAHIRIYA;MVR;118389.71457869746
308;CCHNW;GHANA;CAD;17330.765763169344
309;ACHV1;HONDURAS;NGN;8245.938957593715
310;ACHV1;MOROCCO;MYR;1029.4111393787578
311;ACHV1;GUINEA;LAK;1988540.7250107941
312;ACHV1;CYPRUS;MWK;265783.8886487716
313;ACHV1;UKRAINE;BND;743.181802787912
314;LYbb2;VENEZUELA;PEN;2791.6466466550078
315;LYbb2;CHINA;DKK;62923.21644039626
316;LYbb2;MYANMAR;BDT;700976.9986136092
317;LYbb2;ALGERIA;NOK;47840.41576153155
318;LYbb2;SAMOA;BOB;46808.01469424169
319;LYbb2;UNITED KINGDOM;SBD;31859.07745139684
320;LYbb2;BANGLADESH;RSD;429963.667912232
321;LYbb2;EGYPT;GTQ;22754.53890487536
322;LYbb2;BULGARIA;VUV;939871.5397867104
323;LYbb2;ALGERIA;OMR;3937.174078960599
324;MMMY3;BRUNEI DARUSSALAM;BBD;599.3211322428332
325;MMMY3;COSTA RICA;TRY;7901.601051953562
326;MMMY3;MAURITANIA;XPF;166993.65330777247
327;MMMY3;NICARAGUA;IDR;6499381.494701319
328;MMMY3;NAMIBIA;MVR;292.64321648984964
329;MMMY3;BOLIVIA;CHF;1142.4174796085788
330;MMMY3;JAPAN;AZN;2024.461029191451
331;MMMY3;AZERBAIJAN;IQD;535504.6699203368
332;MMMY3;ROMANIA;MXN;15284.852631177384
333;MMMY3;MALAYSIA;MYR;5568.041278817622
334;MMMY3;NEW ZEALAND;MXN;18341.823157412866
335;MMMY3;MEXICO;KZT;389253.3769271523
336;MMMY3;HAITI;MMK;169703.3741827015
337;MMMY3;MAURITIUS;ZMW;26721.08276976637
338;MMMY3;SOUTH AFRICA;BBD;2236.322111506004
339;MMMY3;DOMINICAN REPUBLIC;MVR;4404.91658907765
340;MMMY3;MOROCCO;BTN;92679.5750793133
341;MMMY3;LIBYAN ARAB JAMAHIRIYA;BGN;889.998409698076
342;HHNZa;BELIZE;LKR;883476.7249793205
343;HHNZa;MAURITANIA;BRL;42955.077191793716
344;HHNZa;MEXICO;NAD;72544.62365463073
345;HHNZa;CENTRAL AFRICAN REPUBLIC;JMD;2347386.5400012746
346;HHNZa;MACAU;JPY;763017.0454226598
347;HHNZa;INDONESIA;IRR;1025118540.3795168
348;HHNZa;VIET NAM;CRC;17216299.016193733
349;HHNZa;INDONESIA;CNY;116736.79090181008
350;HHNZa;PANAMA;PAB;3911.550071544278
351;HHNZa;DOMINICA;PES;2978655.6229601577
352;HHNZa;ZIMBABWE;UAH;264129.37176204793
353;HHNZa;BELIZE;MWK;22832964.02674807
354;HHNZa;BERMUDA;PLN;116660.64466639145
355;JKbb2;LEBANON;LVL;2159.1963695936834
356;JKbb2;BURUNDI;SAR;4798.937212831764
357;JKbb2;INDONESIA;YER;640538.2364135956
358;JKbb2;BELARUS;MAD;41095.39030926252
359;JKbb2;CYPRUS;BIF;4052815.163592153
360;JKbb2;TURKEY;KRW;6446754.4014635375
361;JKbb2;BANGLADESH;EGP;145116.3882224788
362;JKbb2;BURUNDI;SDG;3651574.9453390697
363;JKbb2;BULGARIA;BBD;12971.590173851848
364;JKbb2;SWAZILAND;BBD;700.308403593109
365;JKbb2;ZAMBIA;NOK;31744.22949096048
366;JKbb2;UGANDA;LRD;304768.7810005473
367;JKbb2;DENMARK;YER;872534.690432867
368;JKbb2;CAMBODIA;BZD;5092.775313703733
369;BDIMc;DENMARK;RWF;2300073.0097560165
370;BDIMc;KENYA;WST;11204.948235994487
371;CGHMa;DOMINICA;MRO;1220023.2872559174
372;CGHMa;URUGUAY;IQD;5500993.150708153
373;CGHMa;KENYA;BTN;124986.4043361316
374;CGHMa;CAMBODIA;PAB;3924.5945509743815
375;CGHMa;BULGARIA;LBP;6539925.321048111
376;CGHMa;GUATEMALA;EGP;10310.468865447654
377;CGHMa;ARGENTINA;COP;26958528.815557715
378;CGHMa;CROATIA;EGP;128937.35653790632
379;FFVW3;AZERBAIJAN;MMK;6970691.4021484
380;FFVW3;BOLIVIA;PHP;209050.32123316446
381;FFVW3;INDONESIA;PHP;74040.36269469389
382;FFVW3;BOLIVIA;GMD;385467.30613586004
383;FFVW3;DOMINICA;MXN;129084.66355202587
384;FFVW3;INDIA;HUF;2310730.4904181105
385;FFVW3;GHANA;ETB;41937.61202384981
386;FFVW3;AUSTRALIA;RON;31136.332588405625
387;FFVW3;JORDAN;HTG;26804.83583782649
388;FFVW3;POLAND;CRC;3300581.6467032367
389;FFVW3;URUGUAY;IDR;43390659.33260131
390;ACKNY;MALAYSIA;RSD;56206.02230930707
391;ACKNY;KOREA, REPUBLIC OF;LYD;7337.101754104657
392;ACKNY;BRAZIL;SOS;708906.0793781392
393;ACKNY;CAMBODIA;ANG;1623.447066108731
394;ACKNY;BANGLADESH;XPF;130531.34662404918
395;ACKNY;NAMIBIA;MMK;2560509.3580033057
396;ACKNY;NAMIBIA;MGA;3661516.454209719
397;ACKNY;NIGERIA;MOP;5578.979062776982
398;ACKNY;UKRAINE;CNY;14396.110675724494
399;ACKNY;PERU;SRD;33685.71208508459
400;ACKNY;BANGLADESH;COP;4208339.648795529
401;ACKNY;GHANA;DOP;17168.071757147412
402;ACKNY;MADAGASCAR;UAH;28397.94598622254
403;ACKNY;TURKEY;MYR;2701.160254490301
404;ACKNY;SEYCHELLES;XCD;5411.255355837382
405;ACKNY;BELIZE;UYU;63203.55376275875
406;ACKNY;GUYANA;RWF;1929359.178211394
407;ACKNY;ICELAND;IDR;13417599.824732527
408;ACKNY;SURINAME;NZD;1982.2007009658937
409;ACKNY;BELIZE;TND;2573.526108628328
410;ABG33;KUWAIT;YER;302741.9190471685
411;ABG33;CAPE VERDE;CVE;257098.93250993747
412;ABG33;SWITZERLAND;BWP;54961.93014047001
413;ABG33;MOROCCO;PLN;11280.311042474628
414;CKLXW;TUNISIA;BHD;1241.1058044193242
415;CKLXW;SERBIA;BBD;1815.8708743493116
416;CKLXW;BERMUDA;MZN;24589.299709197963
417;CKLXW;RWANDA;MUR;128610.80428044838
418;CKLXW;COLOMBIA;GYD;550869.7781124654
419;CKLXW;PHILIPPINES;GHS;38851.43357524128
420;CKLXW;KAZAKHSTAN;TRY;55105.71282382295
421;CKLXW;MYANMAR;NZD;293.30208555889897
422;CKLXW;CAPE VERDE;IQD;1188032.2357680702
423;CKLXW;BERMUDA;ISK;35727.716062733605
424;CKLXW;SAUDI ARABIA;SVC;9243.30162681876
425;CKLXW;ETHIOPIA;PEN;13335.36527881611
426;CKLXW;MACAU;PYG;4873574.027578531
427;CKLXW;CAYMAN ISLANDS;WST;4383.462787716303
428;CKLXW;DOMINICA;BTN;98001.2144308901
429;CKLXW;BANGLADESH;BTN;54284.85045039682
430;CKLXW;CZECH REPUBLIC;SGD;1941.9142400354767
431;CKLXW;CHINA;GNF;13597413.313643087
432;CKLXW;UNITED KINGDOM;XCD;6273.600030397336
433;CKLXW;NEW ZEALAND;SBD;7929.281639713337
434;CJZ12;BHUTAN;KES;1638702.943873354
435;CJZ12;MOZAMBIQUE;RWF;12805881.830517016
436;CJZ12;NEW ZEALAND;ZMW;185673.68323560723
437;AFWY1;KUWAIT;INR;43479.99397598204
438;AFWY1;GUATEMALA;WST;692.0303732773281
439;AFWY1;KAZAKHSTAN;ARS;173458.56511983107
440;AFWY1;ETHIOPIA;VND;13350173.648405366
441;AFWY1;LAO PEOPLE'S DEMOCRATIC REP;BTN;73226.71523497056
442;AFWY1;PAKISTAN;ZWL;539.6778979052473
443;AFWY1;MACAU;PGK;492.5452493166363
444;AFWY1;AZERBAIJAN;MZN;10139.661623945165
445;AFWY1;BULGARIA;THB;8055.241438450186
446;AFWY1;MAURITANIA;XPF;58393.28908826125
447;AFWY1;TONGA;GHS;15078.853391502962
448;AFWY1;HUNGARY;PHP;27837.852138483446
449;AFWY1;NEPAL;BSD;132.16991407770098
450;AFWY1;SOUTH AFRICA;MOP;5655.283847151675
451;AFWY1;DJIBOUTI;WST;1765.568415402351
452;AFWY1;VENEZUELA;COP;3373363.2535117157
453;AH333;MACAU;NOK;17442.28569351618
454;AH333;IRAN (ISLAMIC REPUBLIC OF);SAR;3064.4889934425737
455;AH333;SOUTH AFRICA;LBP;3621489.845689449
456;AH333;POLAND;UGX;19195402.14411597
457;AH333;ICELAND;LRD;762206.2261334056
458;AH333;PERU;CNY;-178.99771995762183
459;AH333;PERU;TND;10570.047302032162
460;AH333;BOTSWANA;SYP;1504589.6513199466
461;AH333;SIERRA LEONE;KWD;364.65957058569785
462;AH333;CROATIA;KZT;835088.3713654334
463;AH333;NEPAL;JPY;685562.8596071457
464;AH333;NEW ZEALAND;EUR;3962.3526621572596
465;AH333;MACAU;EGP;45452.68232191334
466;AH333;SRI LANKA;CZK;91706.19442177715
467;ADFIZ;BULGARIA;PAB;1933.6843994613869
468;ADFIZ;BANGLADESH;BDT;206410.41965348774
469;ADFIZ;BERMUDA;MUR;35479.8128280178
470;ADFIZ;EGYPT;CRC;239373.44475276626
471;ADFIZ;INDIA;BYR;32561599.18769101
472;ADFIZ;ISRAEL;SAR;5540.373765969289
473;ADFIZ;PANAMA;GHS;36258.17151592002
474;ADFIZ;TURKEY;MUR;78521.63661048177
475;ADFIZ;CZECH REPUBLIC;GNF;10995993.219253073
476;ADFIZ;CHINA;DKK;5125.785905954392
477;ADFIZ;ARUBA;GBP;2116.851657492398
478;ADFIZ;IRAQ;AED;9207.937596273909
479;ADFIZ;ZAMBIA;ZWL;333940.6689447125
480;ADFIZ;SWITZERLAND;MOP;10159.734406786942
481;ADFIZ;PAKISTAN;BOB;4431.872413565222
482;ADFIZ;CENTRAL AFRICAN REPUBLIC;INR;263532.1626659552
483;ADFIZ;MACAU;TRY;6172.618604761748
484;DDVab;GHANA;LAK;4741999.3294048
485;DDVab;HONG KONG;ILS;3870.814006984509
486;DDVab;PAKISTAN;BHD;200.55773753427727
487;DDVab;BULGARIA;BZD;430.8738808024684
488;DDVab;PHILIPPINES;SAR;2777.3018045518884
489;DDVab;MALDIVES;XCD;3496.141316944275
490;DDVab;MALAWI;AUD;253.17032644739353
491;DDVab;TAIWAN, PROVINCE OF CHINA;LAK;16246659.284919782
492;DDVab;MOROCCO;LVL;901.9656137512177
493;DDVab;NAMIBIA;VND;7219458.505229438
494;DDVab;DJIBOUTI;SAR;3596.841622123857
495;DDVab;UNITED KINGDOM;QAR;3072.5911118306376
496;IMcc1;CHINA;BND;18528.537883039535
497;IMcc1;NETHERLANDS ANTILLES;GTQ;35590.02942628966
498;IMcc1;ICELAND;PAB;5457.881930704103
499;IMcc1;LIBYAN ARAB JAMAHIRIYA;HUF;2675392.010320956
500;JVXb1;SWITZERLAND;LVL;576.304143133681
501;JVXb1;BHUTAN;SRD;49116.339136764866
502;JVXb1;MACAU;CNY;11338.165495847685
503;JVXb1;RUSSIAN FEDERATION;AED;7851.5585854068995
504;JVXb1;PHILIPPINES;HRK;942.8095584301129
505;JVXb1;IRAN (ISLAMIC REPUBLIC OF);UAH;66049.1665992504
506;JVXb1;KENYA;CVE;37997.62038146715
507;JVXb1;QATAR;JPY;72706.28966561027
508;JVXb1;KENYA;KWD;258.954951863106
509;JVXb1;UNITED KINGDOM;BWP;28322.254185232916
510;JVXb1;CAYMAN ISLANDS;SLL;23801441.899642926
511;JVXb1;BANGLADESH;PGK;8443.624447636468
512;JVXb1;YEMEN;XCD;692.0088946145945
513;LLMMc;MADAGASCAR;THB;255157.03838082828
514;LLMMc;HONG KONG;BHD;8421.354391967767
515;LLMMc;BAHAMAS;BBD;16216.749786437906
516;LLMMc;NIGERIA;DJF;2235451.5671377364
517;DGKNX;JORDAN;HUF;12888392.286246412
518;DGKNX;PAKISTAN;MXN;281310.5634270066
519;DGKNX;NICARAGUA;NOK;427060.3864957609
520;DGKNX;BERMUDA;HRK;339693.64546130615
521;DGKNX;PAPUA NEW GUINEA;TZS;61125363.8186809
522;ABGJc;BERMUDA;GNF;84942423.75956273
523;ABGJc;MALAWI;EUR;2585.647445818214
524;ABGJc;CROATIA;CHF;9458.518022081917
525;ABGJc;FIJI;PGK;5699.914884111888
526;ABGJc;DOMINICAN REPUBLIC;SOS;5891155.5050431155
527;ABGJc;BANGLADESH;MAD;117593.93594198556
528;ABGJc;PANAMA;MMK;10037176.223456984
529;ABGJc;SRI LANKA;DZD;1526661.8065541496
530;ABGJc;KAZAKHSTAN;KWD;4862.529398615654
531;BMNZb;BRAZIL;BBD;649.422138824626
532;BMNZb;KENYA;KZT;16585.40892461635
533;BMNZb;LIBYAN ARAB JAMAHIRIYA;MGA;521307.16898506903
534;BMNZb;DOMINICAN REPUBLIC;KWD;47.33729124804713
535;BMNZb;SWITZERLAND;MAD;2400.0573159160094
536;BMNZb;CANADA;LAK;3040421.0015931185
537;BMNZb;CYPRUS;TRY;2911.6840917342447
538;BMNZb;FRENCH POLYNESIA;LRD;15324.023490861475
539;BMNZb;LIBERIA;GYD;10716.936753655964
540;BMNZb;SAMOA;PEN;1218.3266477089448
541;BMNZb;VENEZUELA;SAR;93.04784126897636
542;GIIX1;JORDAN;BMD;2314.403591694337
543;GIIX1;ALGERIA;ANG;3786.376826771622
544;GIIX1;AZERBAIJAN;HUF;1283488.3027229067
545;AGJW1;HONDURAS;LRD;80266.7956257858
546;AGJW1;PANAMA;BIF;1985111.132674686
547;AGJW1;CHILE;CNY;6806.8996093427795
548;AGJW1;INDIA;ZMW;3714.618030745524
549;AGJW1;CHINA;BMD;476.598880094944
550;AGJW1;SYRIAN ARAB REPUBLIC;CRC;212704.46070492687
551;AGJW1;MALDIVES;FJD;781.0666339441007
552;GGLZ2;CROATIA;PHP;373511.88610303885
553;GGLZ2;POLAND;PHP;34171.8476694658
554;GGLZ2;SAMOA;KHR;13366014.725577146
555;GGLZ2;CZECH REPUBLIC;NZD;4876.257643613503
556;GGLZ2;MOROCCO;LRD;912750.4888180183
557;GGLZ2;SWAZILAND;HNL;69752.74340175294
558;GGLZ2;SYRIAN ARAB REPUBLIC;COP;7943220.46624162
559;GGLZ2;CZECH REPUBLIC;FJD;8120.151582925434
560;DINZc;VANUATU;PHP;643389.0823330167
561;DINZc;TOGO;XOF;8347559.238492915
562;DINZc;POLAND;CLP;425545.17247940396
563;DINZc;SAMOA;MRO;1710949.2628857405
564;DKVXZ;NORWAY;THB;24296.16012205429
565;DKVXZ;BELARUS;KZT;285818.4806200086
566;DKVXZ;NIGERIA;ARS;104600.88157990504
567;DKVXZ;CHINA;ISK;124903.35301310183
568;DKVXZ;SURINAME;UGX;1748725.90941175
569;DKVXZ;TONGA;QAR;919.5064326756088
570;ACYZc;SWITZERLAND;BND;20379.13338542253
571;ACYZc;MALAWI;RSD;740037.0410362616
572;ACYZc;CAMBODIA;CAD;5613.376632037802
573;ACYZc;DJIBOUTI;MWK;15946990.6687277
574;ACYZc;PHILIPPINES;CHF;10891.538935156794
575;ACYZc;AUSTRALIA;GTQ;153817.47628928313
576;ACYZc;SIERRA LEONE;KYD;15285.529459494566
577;AJLXb;FIJI;BRL;11513.137796281904
578;AJLXb;BAHRAIN;HUF;1705392.3000295092
579;AJLXb;TURKEY;VES;1449.939187839552
580;AJLXb;ZIMBABWE;KYD;151.75194113155496
581;AJLXb;BRUNEI DARUSSALAM;ZAR;37688.86928997842
582;AJLXb;COLOMBIA;DKK;30884.72435052707
583;AJLXb;CROATIA;KYD;1130.9814480559282
584;AJLXb;ARUBA;BDT;317030.21779963165
585;AJLXb;PARAGUAY;HRK;4133.881490062059
586;AFHXa;GHANA;SLL;76961135.61477715
587;AFHXa;AUSTRALIA;NGN;413525.9394105801
588;AFHXa;PAKISTAN;BMD;14869.986616935617
589;AFHXa;MADAGASCAR;HNL;244223.69925076558
590;AFHXa;GUATEMALA;XCD;43147.71045345288
591;AADDY;GAMBIA;SEK;36763.18883510653
592;AADDY;CHINA;VUV;974506.1776947033
593;AADDY;SAUDI ARABIA;CLP;7735418.3888889775
594;AADDY;UNITED ARAB EMIRATES;BOB;33502.31078451528
595;AADDY;BELIZE;NZD;9020.1899104229
596;AADDY;EGYPT;MWK;8341557.208302133
597;AADDY;CZECH REPUBLIC;HTG;1099200.3762022292
598;AADDY;INDONESIA;CHF;2892.3378080985435
599;AADDY;HUNGARY;QAR;18686.456972159907
600;AADDY;EGYPT;MVR;74440.37272896616
601;YYY12;LIBERIA;CNY;6087.35255507072
602;YYY12;ISRAEL;LAK;49651766.55647046
603;YYY12;RWANDA;INR;135980.5767682949
604;YYY12;TANZANIA, UNITED REPUBLIC OF;BND;13465.492645785414
605;YYY12;PHILIPPINES;VES;227309.62840505035
606;YYY12;SWEDEN;CLP;7322719.620990049
607;YYY12;INDIA;JPY;1341987.8889369813
608;YYY12;UGANDA;EUR;1015.4722254423583
609;YYY12;CZECH REPUBLIC;GYD;2181138.237729594
610;YYY12;JAPAN;TND;15136.901199141192
611;YYY12;POLAND;MRO;216378.69564521147
612;YYY12;BURUNDI;JPY;1467069.3951509092
613;YYY12;ARGENTINA;QAR;31797.93474037815
614;YYY12;EGYPT;KZT;2942697.154867012
615;YYY12;BHUTAN;NGN;4316295.458488016
616;YYY12;VANUATU;MMK;18175613.070499495
617;YYY12;ZAMBIA;MVR;8864.34422611668
618;YYY12;BHUTAN;ZWL;1060983.3289695808
619;YYY12;CHILE;ILS;26510.954687482877
620;GGGJK;MEXICO;PEN;9588.870052177159
621;GGGJK;COLOMBIA;LBP;2867673.851801917
622;GGGJK;GUINEA;RWF;1963007.517050266
623;GGGJK;SINGAPORE;OMR;748.6247195714059
624;GGGJK;MEXICO;GTQ;18556.47982992401
625;GGGJK;CAYMAN ISLANDS;SAR;5591.434430586096
626;GNZ22;EURO;VES;82736.3694255657
627;GNZ22;MAURITIUS;XOF;2739489.3444323684
628;GNZ22;FIJI;HRK;19367.6406946485
629;GNZ22;MAURITIUS;SVC;20060.060959107035
630;GNZ22;EL SALVADOR;MYR;18883.160858763607
631;GNZ22;TOGO;BSD;9180.491165540754
632;GNZ22;SINGAPORE;BTN;196388.76877009112
633;GNZ22;NETHERLANDS ANTILLES;AWG;11302.296520479209
634;GNZ22;UKRAINE;UYU;4923.533340480882
635;GNZ22;NEPAL;KHR;7887946.985814243
636;GNZ22;SUDAN;HUF;779575.0052101135
637;GNZ22;MALAWI;PKR;317563.3471188179
638;GNZ22;KENYA;CLP;1716255.7038617262
639;GNZ22;SWITZERLAND;KZT;4280707.114672062
640;GNZ22;COSTA RICA;DJF;472618.83610103803
641;GNZ22;GAMBIA;MZN;494112.4198368541
642;GNZ22;SIERRA LEONE;MGA;14376411.333485497
643;GNZ22;SUDAN;MXN;236659.52220236967
644;VY113;PHILIPPINES;KWD;4933.624866367784
645;VY113;UKRAINE;LBP;16240594.407009922
646;VY113;GUINEA;BMD;10426.06665510768
647;GIKa1;SEYCHELLES;NZD;-39.847400452044354
648;GIKa1;KOREA, REPUBLIC OF;GNF;50444146.1236774
649;GIKa1;NICARAGUA;BWP;11112.506608781137
650;GIKa1;CHINA;RWF;6514467.06411423
651;GIKa1;CROATIA;CYP;1057.0164556232185
652;GIKa1;HUNGARY;SZL;92907.82679393809
653;GIKa1;BULGARIA;FJD;2989.5889870570445
654;GIKa1;NEW ZEALAND;PLN;24510.682496378373
655;GIKa1;MOROCCO;BND;5671.468646189198
656;GIKa1;OMAN;PGK;17359.780702934706
657;GIKa1;BULGARIA;AUD;3244.361204380251
658;GIKa1;BURUNDI;SVC;48158.77317536273
659;GIKa1;FIJI;ANG;9198.015812462532
660;GIKa1;HONDURAS;PHP;76719.35065852085
661;GIKa1;FRENCH POLYNESIA;HRK;22051.09327111766
662;GIKa1;ZAMBIA;SEK;29268.284580924545
663;GIKa1;FIJI;SVC;53655.91548132649
664;GIKa1;CROATIA;SYP;0.0
665;GIKa1;PARAGUAY;LAK;4871550.696183019
666;CIL22;RUSSIAN FEDERATION;MMK;3386685.71206501
667;CIL22;SOMALIA;BBD;953.3972799922306
668;CIL22;BHUTAN;MOP;11280.883333163336
669;CIL22;MYANMAR;MZN;110021.1304063202
670;CIL22;ARGENTINA;XAF;194290.5965372871
671;CIL22;TUNISIA;BGN;2565.9721170324697
672;CIL22;JAMAICA;BMD;1538.8848259184938
673;CIL22;VANUATU;PYG;19142504.235560488
674;CIL22;ANGOLA;GTQ;14977.016878253396
675;CIL22;SAUDI ARABIA;SRD;29676.145542327416
676;CIL22;LATVIA;BHD;483.30831387319733
677;CIL22;ZAMBIA;MZN;53801.64639699963
678;CIL22;ZAMBIA;EGP;18174.61870125851
679;AJM33;CHINA;CHF;3560.3852848454003
680;AJM33;BRUNEI DARUSSALAM;DKK;43129.29221068081
681;AJM33;BHUTAN;XCD;13235.598876001084
682;AJM33;HAITI;MWK;1129211.705103113
683;AJM33;TONGA;CNY;31585.494894661242
684;AJM33;RWANDA;BRL;26612.910933703442
685;AJM33;SWITZERLAND;LRD;556795.1593323052
686;AJM33;JAPAN;CNY;41925.228772078946
687;AJM33;HONDURAS;UAH;136406.06175543249
688;AJM33;ALGERIA;BHD;2020.4212719088534
689;AJM33;OMAN;MUR;215478.5743005946
690;CGJJN;LIBERIA;SCR;5650.75118477923
691;CGJJN;PAPUA NEW GUINEA;XAF;438889.84274750977
692;CGJJN;KENYA;MOP;937.7966272619392
693;AIMV1;PERU;ETB;26428.08061709105
694;AIMV1;HAITI;UYU;65766.97151836722
695;AIMV1;CAMBODIA;MZN;98673.71370839118
696;AIMV1;GUYANA;JOD;409.6171321018734
697;AIMV1;CAYMAN ISLANDS;BWP;18021.254977174725
698;AIMV1;SOMALIA;VND;-141290.11313888384
699;AIMV1;PERU;MOP;5890.921094515706
700;AIMV1;CENTRAL AFRICAN REPUBLIC;BND;561.3624850862333
701;AIMV1;ARGENTINA;EGP;16907.031915951076
702;AIMV1;DOMINICAN REPUBLIC;PLN;3052.1562437790953
703;EHYa2;AUSTRALIA;HTG;643482.0401468943
704;EHYa2;SOLOMON ISLANDS;VUV;327068.57794498466
705;EHYa2;DOMINICA;GBP;798.9619368325349
706;AEFG3;ETHIOPIA;DJF;520332.96495048405
707;AEFG3;EL SALVADOR;IDR;21366466.641875993
708;AEFG3;KENYA;ANG;6546.494236509495
709;AEFG3;NIGERIA;ANG;6339.728564279526
710;AEFG3;EURO;MXN;82763.59469614289
711;AEFG3;ISRAEL;AUD;2679.0080122641048
712;AEFG3;GUYANA;GBP;1197.0468161097435
713;AEFG3;DOMINICAN REPUBLIC;RSD;402813.6403908827
714;AILLa;BRUNEI DARUSSALAM;XPF;180049.68689673377
715;AILLa;SWEDEN;ARS;173887.14807115134
716;AILLa;PERU;XOF;276924.5346324144
717;AILLa;PHILIPPINES;BND;1390.414818916055
718;AILLa;MAURITANIA;TWD;1216.8623997602115
719;AILLa;RWANDA;TND;365.68050894741367
720;EFXXW;RUSSIAN FEDERATION;PES;1373743.207206939
721;EFXXW;SAUDI ARABIA;ZWL;2852442.969251424
722;EFXXW;PAPUA NEW GUINEA;ANG;9226.519527505874
723;EFXXW;FRENCH POLYNESIA;LAK;116984315.84970713
724;EFXXW;PAPUA NEW GUINEA;KYD;2294.925608255807
725;EFXXW;SIERRA LEONE;PHP;253763.7876390092
726;EFXXW;RWANDA;SYP;601250.0301881515
727;EFXXW;SOLOMON ISLANDS;AUD;11410.670932766649
728;ADHH2;JAMAICA;UGX;12519355.290623192
729;ADHH2;PHILIPPINES;CLP;3553716.5041677975
730;ADHH2;BARBADOS;XCD;3776.244762192823
731;ADHH2;BERMUDA;KES;471156.69240209257
732;ADHH2;UGANDA;GTQ;13589.135619221532
733;ADHH2;GUYANA;SEK;28623.519105777425
734;ADHH2;SINGAPORE;AOA;2424562.3618628895
735;ADHH2;VIET NAM;SOS;367813.7202712071
736;ADHH2;ALBANIA;PKR;814212.0834590646
737;ADHH2;SERBIA;BTN;25179.02838513621
738;ADHH2;ARGENTINA;PLN;8426.065349873636
739;ADHH2;JORDAN;BOB;20356.826709009212
740;ADHH2;BHUTAN;ANG;9140.79981059841
741;ADHH2;IRAQ;DOP;223052.26847753927
742;ADHH2;BANGLADESH;SBD;28117.598551324507
743;ADHH2;INDIA;NAD;15557.50606770778
744;ADHH2;HONG KONG;PEN;24181.072726346505
745;ADHH2;SOLOMON ISLANDS;RON;22903.10990078548
746;ELMWW;DOMINICAN REPUBLIC;VND;50436531.467835166
747;ELMWW;ALBANIA;ZAR;44266.06035681665
748;ELMWW;LAO PEOPLE'S DEMOCRATIC REP;SAR;978.9834853002014
749;ELMWW;INDIA;KWD;37.100607198596585
750;ELMWW;NEPAL;RON;9391.114766267812
751;ELMWW;MADAGASCAR;BIF;764926.7587445044
752;ELMWW;JAPAN;PLN;1177.795398585471
753;AEFNY;SERBIA;LAK;76446570.58440547
754;AEFNY;SWEDEN;SAR;320.7875273842003
755;AEFNY;COSTA RICA;MUR;48674.346942226315
756;AEFNY;LEBANON;JOD;3182.4681895130416
757;AEFNY;ISRAEL;ZWL;1237599.3841172867
758;AEFNY;BRAZIL;SLL;79581197.45512715
759;AEFNY;LEBANON;IQD;2133757.07310933
760;AEFNY;MALDIVES;TWD;41387.52738596783
761;AEFNY;UGANDA;SCR;35788.87095505744
762;AIKKL;CYPRUS;PAB;3968.9292449079585
763;AIKKL;INDONESIA;HNL;8734.940988318549
764;AIKKL;DOMINICAN REPUBLIC;AWG;1916.4833905413743
765;AIKKL;NICARAGUA;DKK;2741.5036199242795
766;AIKKL;PANAMA;GHS;62473.937062024816
767;AIKKL;MEXICO;FJD;5696.957848319905
768;AIKKL;UGANDA;KZT;1594435.2536832418
769;AIKKL;TONGA;STD;55969127.34968735
770;AIKKL;BRAZIL;INR;258456.38270523224
771;AIKKL;LIBERIA;CZK;102987.04423549269
772;AIKKL;MACAU;CNY;4767.258180260708
773;AIKKL;INDIA;ISK;81406.46073137598
774;AIKKL;HAITI;ALL;238549.83335410792
775;AIKKL;LIBERIA;NGN;1097904.546372629
776;AIKKL;PANAMA;NAD;28889.100366203013
777;AIKKL;ALGERIA;IDR;39865869.07895124
778;AAGbb;KUWAIT;XAF;2202657.8582314393
779;AAGbb;LIBERIA;BGN;1020.5737004726449
780;AAGbb;DOMINICAN REPUBLIC;HNL;39365.47369819832
781;AAGbb;LAO PEOPLE'S DEMOCRATIC REP;SRD;83898.17905465199
782;AAGbb;MAURITIUS;RUB;146070.00769390102
783;AAGbb;SUDAN;VUV;288085.8411078589
784;AAGbb;NIGERIA;BIF;3557134.898846362
785;AAGbb;BURUNDI;ZMW;58668.79397468792
786;AAGbb;SWEDEN;XCD;8238.536721307466
787;AAGbb;JAMAICA;SEK;24541.65960168874
788;AAGbb;BHUTAN;BRL;5782.427776863224
789;AAGbb;TUNISIA;MYR;8590.733501023933
790;AAGbb;SYRIAN ARAB REPUBLIC;COP;11461682.908236705
791;AAGbb;BERMUDA;RON;2868.6659247572006
792;AAGbb;GUYANA;XCD;5739.972857519309
793;AAGbb;LEBANON;PGK;7947.714197267265
794;AAGbb;SYRIAN ARAB REPUBLIC;BYR;81506616.3453281
795;AAGbb;BANGLADESH;LKR;1266003.8887457587
796;KVX33;GUYANA;WST;1112.9570341097792
797;KVX33;BURUNDI;SDG;3644155.486543808
798;KVX33;BERMUDA;RWF;2271611.055090832
799;KVX33;CHINA;PKR;1833223.257457015
800;KVX33;ARGENTINA;SDG;2053341.4568410309
801;KVX33;VIET NAM;ANG;7312.533627797355
802;KVX33;LIBYAN ARAB JAMAHIRIYA;CHF;8186.185405702907
803;KVX33;BAHRAIN;RSD;967508.7315235988
804;KVX33;SUDAN;PYG;52556488.34896582
805;KVX33;ALGERIA;XCD;9229.057094955137
806;KVX33;SURINAME;BZD;5708.299061205914
807;HIVYY;SIERRA LEONE;BMD;5705.66885844459
808;HIVYY;AUSTRALIA;DKK;30224.49268710554
809;HIVYY;LIBYAN ARAB JAMAHIRIYA;CVE;806619.6620197538
810;HIVYY;MEXICO;TZS;14009399.319675975
811;HIVYY;BAHRAIN;THB;227266.55560791653
812;BNNW2;SERBIA;MRO;3606245.354126324
813;BNNW2;BELARUS;PEN;4968.060956604478
814;BNNW2;ANGOLA;ISK;996037.0386374769
815;BNNW2;OMAN;LYD;69025.62617117414
816;BNNW2;HUNGARY;NPR;1640020.0701809737
817;BNNW2;TURKEY;XOF;739758.2664085658
818;BNNW2;SOUTH AFRICA;BIF;24344621.647781778
819;BNNW2;IRAQ;BRL;18118.27185276135
820;BNNW2;ALGERIA;NGN;3119970.030498232
821;BNNW2;DOMINICAN REPUBLIC;MOP;42945.958184648865
822;BNNW2;SURINAME;CVE;514297.5852185607
823;CYc23;LATVIA;GYD;519396.9476444144
824;CYc23;UNITED KINGDOM;BMD;1869.3823627407012
825;CYc23;ISRAEL;BYR;69468558.74380212
826;CYc23;RWANDA;LRD;515047.097967505
827;CYc23;INDIA;GTQ;12951.60563083331
828;CYc23;MACAU;CHF;4570.873473563672
829;CYc23;ALGERIA;GYD;1003050.9328670752
830;CYc23;KAZAKHSTAN;HUF;1481117.264503646
831;CYc23;SYRIAN ARAB REPUBLIC;BYR;98653494.26292677
832;CYc23;SAO TOME AND PRINCIPE;DJF;443039.40283445
833;CYc23;YEMEN;LBP;8047794.017640937
834;CYc23;BELIZE;NGN;1582775.4607077593
835;DDKKa;INDONESIA;KZT;12447996.401166087
836;DDKKa;MAURITIUS;KYD;5812.487301100221
837;DDKKa;PANAMA;TZS;31039387.88413374
838;DDKKa;ANGOLA;KRW;33675648.607842736
839;DDKKa;HONG KONG;SGD;5696.75245597978
840;DDKKa;BRAZIL;ISK;906706.2761960905
841;DDKKa;GUYANA;PYG;113223981.03526598
842;DDKKa;MALAYSIA;BGN;24184.516775533953
843;DDKKa;PAPUA NEW GUINEA;DJF;181648.31832781507
844;DDKKa;SERBIA;XPF;2431129.8848489523
845;ACELW;ALGERIA;KHR;12772399.821571141
846;ACELW;BRAZIL;MXN;15903.608496678979
847;ACELW;UGANDA;AOA;5115207.269453907
848;CFFbb;SWEDEN;ILS;184.50119525526227
849;CFFbb;ROMANIA;CLP;106755.88121856021
850;CFFbb;RUSSIAN FEDERATION;JOD;2.8869369521544264
851;CFFbb;LEBANON;BWP;3809.134494905498
852;CFFbb;PERU;MVR;5095.898964269262
853;CFFbb;MYANMAR;PLN;771.580229865711
854;CFFbb;EL SALVADOR;THB;9141.967580909866
855;CFFbb;ARGENTINA;EGP;5694.64462082601
856;BHIIN;TRINIDAD AND TOBAGO;XAF;2179028.6894802167
857;BHIIN;SOUTH AFRICA;ZMW;35957.9212475612
858;BHIIN;GUATEMALA;TWD;74988.23591510487
859;BHIIN;PERU;LVL;77.72493855119588
860;BHIIN;BAHAMAS;SOS;1079054.678700793
861;BHIIN;EL SALVADOR;PKR;-15380.505043896506
862;BHIIN;TANZANIA, UNITED REPUBLIC OF;PES;1893105.4748822954
863;BHIIN;IRAN (ISLAMIC REPUBLIC OF);NZD;5409.153468011031
864;BHIIN;SRI LANKA;VND;204631805.86340916
865;BHIIN;KOREA, REPUBLIC OF;MRO;2452778.9036531043
866;BHIIN;CAMBODIA;SLL;142517151.56365827
867;BHIIN;BELARUS;AWG;1977.4178310670388
868;BHIIN;SUDAN;VND;218313280.75059453
869;BHIIN;ARUBA;SZL;106906.29491678764
870;BHIIN;MALAWI;PES;1214259.092911779
871;BHIIN;PAPUA NEW GUINEA;HKD;89206.29621080986
872;BHIIN;BHUTAN;NOK;7147.875611469542
873;BHIIN;ARUBA;DZD;812074.6609144076
874;BHIIN;BAHRAIN;SLL;-2124856.3598415502
875;BHIIN;LIBERIA;GMD;654711.02325374
876;DINYa;LIBERIA;ARS;1522172.261044286
877;DINYa;BRAZIL;PYG;72685529.24803406
878;DINYa;INDIA;TOP;38073.52683858075
879;DINYa;SIERRA LEONE;STD;143215888.33395484
880;DINYa;SRI LANKA;STD;5280441.925982148
881;DINYa;BOTSWANA;VUV;603975.8351301517
882;DINYa;ARGENTINA;XOF;160845.96703753265
883;DINYa;SAMOA;JPY;1101154.78399007
884;DINYa;BAHRAIN;BSD;8460.3459483239
885;DINYa;HONDURAS;DJF;1727325.3195011886
886;DINYa;IRAQ;ETB;617390.6213416102
887;DINYa;MADAGASCAR;THB;49345.074781870186
888;DINYa;THAILAND;ETB;179261.18276130522
889;DINYa;SRI LANKA;GMD;1106400.4685441842
890;DINYa;SRI LANKA;ZWL;11247600.107240703
891;DINYa;ETHIOPIA;LAK;283373843.5788061
892;DINYa;ICELAND;TOP;9239.22183388954
893;DINYa;DENMARK;UYU;386406.69506422983
894;DINYa;PHILIPPINES;SAR;18642.802602301355
895;DINYa;HONG KONG;MOP;125866.81550335289
896;CXZaa;SUDAN;BIF;2929741.9929891382
897;CXZaa;MAURITANIA;IDR;25165479.450495586
898;CXZaa;KENYA;EGP;136770.38939919588
899;CXZaa;KENYA;CNY;39210.54574795992
900;ABCF3;TURKEY;STD;47455207.83040321
901;ABCF3;DOMINICAN REPUBLIC;SVC;19400.93265601285
902;ABCF3;MAURITIUS;KZT;456332.19059968257
903;ABCF3;SRI LANKA;ZWL;1074257.2848195648
904;ABCF3;FRENCH POLYNESIA;MVR;2976.121338732215
905;ABCF3;NIGERIA;GNF;4511191.0970744025
906;ABCF3;BAHRAIN;ETB;9886.223335717186
907;LNYc1;QATAR;CYP;1112.6878747285054
908;LNYc1;ICELAND;VUV;1003410.8996356396
909;LNYc1;SIERRA LEONE;XAF;7391148.466060363
910;LNYc1;TAIWAN, PROVINCE OF CHINA;BMD;13153.947888314033
911;LNYc1;MOZAMBIQUE;XPF;202212.4045811674
912;AGGVa;NEPAL;TTD;15127.805363665693
913;AGGVa;RUSSIAN FEDERATION;HTG;261119.7340901798
914;AGGVa;PHILIPPINES;SZL;69986.47585305752
915;AGGVa;NEW ZEALAND;TTD;95714.80069236204
916;AGGVa;MACAU;TTD;69200.58418700962
917;JY133;LIBERIA;WST;7.127177370670181
918;JY133;NIGERIA;PHP;8.83229495686175
919;JY133;KAZAKHSTAN;AUD;6.0862752763270365
920;JY133;IRAQ;GBP;1.314516941428519
921;JY133;PHILIPPINES;BRL;2.4892955501291385
922;JY133;UGANDA;HNL;126.12034983197015
923;JY133;DOMINICA;JPY;190.000111285625
924;JY133;URUGUAY;MXN;18.44692710204686
925;JY133;SERBIA;ILS;22.680458304195376
926;JY133;CZECH REPUBLIC;SDG;4866.067718674402
927;JY133;CYPRUS;IDR;4973.639405155291
928;JY133;PARAGUAY;JMD;1300.8912790268002
929;JY133;THAILAND;MXN;41.212708227037396
930;JY133;ALBANIA;KRW;3105.235080635378
931;FFccc;SINGAPORE;YER;3788712.196835309
932;FFccc;CANADA;NZD;30584.85843533954
933;FFccc;TANZANIA, UNITED REPUBLIC OF;COP;53468206.909494735
934;FFccc;EURO;RSD;426814.79431247135
935;FFccc;EGYPT;JPY;3005001.346432225
936;FFccc;ANGOLA;AOA;11513076.867151288
937;FFccc;RUSSIAN FEDERATION;TZS;15747436.402141098
938;FFccc;BAHAMAS;TRY;251956.8828222704
939;FFccc;SOMALIA;BND;22560.640647659304
