Client;Country;Currency;Transaction
IKWYa;CENTRAL AFRICAN REPUBLIC;THB;36410.02303786546
IKWYa;SOUTH AFRICA;ZWL;933566.7720481768
IKWYa;CAMBODIA;QAR;4264.943933087729
IKWYa;TRINIDAD AND TOBAGO;MZN;110983.64683118077
IKWYa;INDONESIA;BND;1656.2268481154688
IKWYa;BERMUDA;ZWL;841842.476376499
IKWYa;CHINA;ARS;392242.8764097971
IKWYa;SYRIAN ARAB REPUBLIC;BWP;19907.401465135823
IKWYa;THAILAND;HTG;110360.92472725845
IKWYa;MOROCCO;ALL;91074.94206606575
IJJJN;BANGLADESH;YER;792385.363535237
IJJJN;PAPUA NEW GUINEA;ANG;7655.424740355951
IJJJN;PHILIPPINES;KRW;10006122.161605312
IJJJN;BAHRAIN;JPY;270704.6038109263
IJJJN;IRAQ;CRC;1627026.8374358332
IJJJN;SOMALIA;KYD;6628.111283770783
IJJJN;AUSTRALIA;AUD;913.6785735373844
IJJJN;SRI LANKA;YER;23864.23755676299
IJJJN;ALBANIA;RSD;630192.7234118758
IJJJN;CROATIA;UYU;314665.0150058841
IJJJN;NICARAGUA;SOS;3940063.892220379
IJJJN;PARAGUAY;LAK;52972762.99041015
IJJJN;INDONESIA;JPY;79657.72631595838
IJJJN;FIJI;KHR;3859465.458692709
ELXa3;CHINA;SVC;101505.64511190887
FILb1;JORDAN;JMD;253116.9543450896
FILb1;ANGOLA;XOF;1120206.447662796
FILb1;PAKISTAN;KRW;2276759.03125219
FILb1;BHUTAN;CRC;943573.2843728183
FILb1;JORDAN;MXN;68828.98997617108
FILb1;SWEDEN;STD;81779242.8221923
ACMXW;EURO;KZT;4386190.364027847
ACMXW;SWAZILAND;BTN;69527.83388354392
ACMXW;SRI LANKA;BBD;1463.8957067508666
ACMXW;PANAMA;SLL;82140959.08699456
ACMXW;SEYCHELLES;EUR;962.1031656895638
ACMXW;BELARUS;PEN;22210.699613392393
ACMXW;MYANMAR;PLN;28878.87673677851
ACMXW;KUWAIT;BHD;3012.6532224380776
ACMXW;PAPUA NEW GUINEA;MAD;87697.59159127483
ACMXW;SUDAN;RUB;247719.8035446297
ACMXW;ROMANIA;SGD;8118.3846121311235
AMNYa;MACAU;KHR;5176207.579111611
AMNYa;BHUTAN;PAB;1972.8569801927865
AMNYa;UNITED ARAB EMIRATES;LBP;2339466.740552731
AMNYa;NORWAY;EUR;7559.081828495824
AMNYa;PERU;MAD;64840.79046161767
AMNYa;QATAR;TRY;39024.9631921342
AMNYa;BULGARIA;JMD;803346.4705607225
AMNYa;VIET NAM;JPY;1065988.4697727547
AMNYa;NAMIBIA;XAF;2329317.4428717955
AMNYa;MAURITIUS;YER;525595.873448216
AMNYa;BRUNEI DARUSSALAM;MXN;86381.45208061751
AMNYa;THAILAND;INR;424847.664771029
AMNYa;KAZAKHSTAN;EUR;7478.491265579453
AMNYa;SAUDI ARABIA;NOK;62912.60589916439
CFHLL;BANGLADESH;RSD;1480398.1922822846
CFHLL;MAURITANIA;TRY;168177.2634773536
CFHLL;CAMBODIA;SLL;95932717.23015416
CFHLL;TAIWAN, PROVINCE OF CHINA;HNL;277870.39829765307
CFHLL;SEYCHELLES;UAH;101233.04831414913
CFHLL;LEBANON;LKR;4863103.984784198
CFHLL;KENYA;KES;1241901.7730769299
CFHLL;MALAWI;NPR;2115919.509513368
CFHLL;GUINEA;MVR;230925.00422899352
CFHLL;COSTA RICA;LBP;22974425.911561176
CFHLL;TAIWAN, PROVINCE OF CHINA;BZD;3809.8166089162582
BGIN3;ALBANIA;MOP;41245.06283127732
BGIN3;BELARUS;ALL;1169768.5507639393
AALLb;INDONESIA;DOP;59141.305700134544
AALLb;KUWAIT;IQD;1149956.9237996382
AALLb;UKRAINE;TOP;455.5632938838201
AALLb;PERU;KZT;10051.884975180248
AALLb;BOLIVIA;DOP;69988.8076490058
AALLb;YEMEN;NPR;19097.893093538292
AALLb;LATVIA;MGA;5561332.852313694
AALLb;THAILAND;CLP;1472697.5550667057
AALLb;NICARAGUA;NGN;208376.8623204045
AALLb;SRI LANKA;BND;2045.9424114519898
DGNWZ;COLOMBIA;PLN;21586.107475573495
DGNWZ;KAZAKHSTAN;MYR;14546.607107637396
DGNWZ;CAPE VERDE;TRY;73457.40294559176
DGNWZ;GAMBIA;AWG;4679.077768152344
DGNWZ;QATAR;TWD;120809.07604237663
DGNWZ;PARAGUAY;SZL;46829.90567813917
DGNWZ;RWANDA;BMD;6114.136497608502
DGNWZ;FRENCH POLYNESIA;UGX;7127999.85397989
AGLL2;ARGENTINA;MAD;24178.07780239686
AGLL2;PERU;YER;28457.19086692086
AGLL2;ARUBA;DOP;166261.4015200775
AGLL2;CHILE;HKD;9567.90256853577
AGLL2;POLAND;BND;5301.982417974703
AGLL2;NIGERIA;BSD;3876.3985168856616
AGLL2;PERU;NAD;-581.1394473410951
AGLL2;HUNGARY;HUF;1761732.589600717
AGLL2;GUINEA;UYU;182823.65210529894
AGLL2;MAURITIUS;UYU;98782.86685847177
AGLL2;SERBIA;CLP;1594724.9082550453
AGLL2;AZERBAIJAN;NPR;369858.0988849006
AGLL2;CYPRUS;TWD;34557.6862662085
AGLL2;BOLIVIA;VUV;385748.99704988
AGLL2;BAHAMAS;PES;357230.70092021005
AGLL2;JORDAN;PKR;346365.0137706568
AGLL2;LATVIA;MGA;11612653.975088708
IMMYY;MALAWI;XOF;3470483.1095502237
IMMYY;TUNISIA;LKR;629430.959456606
IMMYY;KENYA;BRL;2164.252960920194
IMMYY;EL SALVADOR;CZK;116988.4037264122
IMMYY;VIET NAM;HTG;264153.156746764
IMMYY;MYANMAR;LBP;15429919.045778994
IMMYY;KOREA, REPUBLIC OF;YER;1982294.834549835
IMMYY;SWEDEN;SVC;17982.2987282315
IMMYY;MALAWI;ALL;1063708.487899392
IMMYY;ICELAND;KES;684524.9069068474
EEFFY;ICELAND;XAF;1047002.4863315743
EEFFY;ZAMBIA;NGN;3809921.857993358
EEFFY;PHILIPPINES;KYD;1677.033004087304
EEFFY;NEPAL;CLP;1635977.1990755089
EEFFY;SUDAN;JMD;596595.7641751348
EEFFY;SEYCHELLES;TTD;78599.5111043669
EEFFY;NEW ZEALAND;BRL;6518.247887077924
EEFFY;UGANDA;RON;4960.820325475764
EEFFY;COSTA RICA;ANG;19770.82196655549
EEFFY;PANAMA;VND;209409403.7161453
EEFFY;MAURITANIA;BWP;4585.681533501542
EEFFY;CHILE;HTG;15386.10066966682
DLM13;SURINAME;EGP;1546.630550289272
DLM13;IRAQ;XOF;32174.53993094006
DLM13;URUGUAY;MXN;591.6826413849697
DLM13;BERMUDA;IQD;-466.0165772482928
DLM13;SYRIAN ARAB REPUBLIC;COP;278185.2583927267
DLM13;FIJI;BZD;79.09333148300415
DLM13;CHINA;PGK;21.490698991325388
DLM13;IRAN (ISLAMIC REPUBLIC OF);BRL;29.84332747407682
DLM13;INDONESIA;PHP;2195.7183321885555
DLM13;NEPAL;MXN;823.44463110313
DLM13;HAITI;TRY;401.4203286582985
DLM13;KUWAIT;TRY;925.6746682879668
DLM13;JAMAICA;TRY;105.0032674432679
DLM13;MOZAMBIQUE;ISK;2761.4042021872847
DLM13;UNITED KINGDOM;BND;29.412846553097047
DLM13;UNITED ARAB EMIRATES;BTN;5953.776944532592
DLM13;BURUNDI;THB;2460.1430800041626
DLM13;CENTRAL AFRICAN REPUBLIC;JMD;3008.9204209101035
DLM13;VENEZUELA;GNF;664099.6375701627
CWYYb;MACAU;KRW;853122.9501872598
CWYYb;PAPUA NEW GUINEA;KWD;323.75787172779474
CWYYb;CHINA;THB;33599.92914601335
CWYYb;MAURITIUS;TTD;3173.3515198565497
CWYYb;CENTRAL AFRICAN REPUBLIC;BSD;3110.7195296934924
CWYYb;PHILIPPINES;JOD;2398.9733762761675
CWYYb;PARAGUAY;KES;208027.2494989398
CWYYb;TONGA;NOK;38541.831422867705
CWYYb;PERU;MXN;43052.81092565206
CWYYb;NETHERLANDS ANTILLES;MVR;5504.964251365456
CWYYb;ICELAND;BHD;739.0258120673203
CWYYb;UNITED ARAB EMIRATES;SYP;842689.0489297543
CWYYb;CHILE;MXN;67943.08014449243
CWYYb;NAMIBIA;SGD;3621.9024832668765
CWYYb;POLAND;ALL;246675.25387025054
CWYYb;KOREA, REPUBLIC OF;CAD;4049.9255109852297
CWYYb;DENMARK;MOP;24788.03527632526
CWYYb;SERBIA;BDT;384269.6092698399
CWYYb;BANGLADESH;BND;3897.7875531334257
CWYYb;TUNISIA;UGX;4860488.906987228
EKVZa;HONG KONG;MUR;61916.42885547405
EKVZa;AZERBAIJAN;GTQ;4133.407126208124
EKVZa;KENYA;VND;20866803.105113532
EKVZa;SERBIA;LBP;-6487.401465530815
IMVZ2;DOMINICAN REPUBLIC;SDG;255569.3750318013
IMVZ2;BRUNEI DARUSSALAM;PEN;2471.538605674745
IMVZ2;FIJI;YER;580060.1553763114
HKKab;MALAYSIA;NOK;11759.428702143457
HKKab;LIBYAN ARAB JAMAHIRIYA;XOF;531975.7756776398
HKKab;NEPAL;VES;26516.83509886411
HKKab;SERBIA;EGP;35397.631056234575
HKKab;UNITED KINGDOM;VND;23439925.541134194
HKKab;GUATEMALA;LKR;350600.39770663023
HKKab;YEMEN;CZK;37110.13624734636
HKKab;VENEZUELA;NIO;28258.372295150377
HKKab;PERU;STD;39077695.34043508
HKKab;DENMARK;COP;7836224.466193438
DMMNW;BANGLADESH;ARS;158064.39462838855
DMMNW;IRAN (ISLAMIC REPUBLIC OF);SAR;6052.147052742366
DMMNW;SIERRA LEONE;TRY;4353.80737703355
DMMNW;CZECH REPUBLIC;LKR;555005.4422115028
DMMNW;DENMARK;NPR;12353.871237827469
DMMNW;TURKEY;GHS;19198.71481724485
DMMNW;TRINIDAD AND TOBAGO;BRL;7912.347036481264
DMMNW;MAURITANIA;AED;695.6239322879219
DMMNW;RWANDA;COP;7621467.219895462
EHMb1;PERU;MRO;700005.3391283699
EHMb1;CENTRAL AFRICAN REPUBLIC;BOB;25086.859718163047
EHMb1;CAMBODIA;PYG;29597856.261305388
EHMb1;UNITED ARAB EMIRATES;UAH;13538.777638187854
EHMb1;URUGUAY;BOB;10315.155892098977
EHMb1;HAITI;LRD;123711.97579923554
EHMb1;ALBANIA;RUB;209049.40384964368
EHMb1;LATVIA;TWD;113515.97955224925
EHMb1;ALBANIA;SYP;1390921.6502233085
EHMb1;JAPAN;PHP;189461.9552339865
EHMb1;NIGERIA;DOP;149941.37872841995
EHMb1;ICELAND;VES;44340.79469075744
EHMb1;CHILE;HNL;32371.72006633155
EHMb1;BAHAMAS;BMD;4173.461922289564
EHMb1;ARUBA;MVR;35771.70499758455
EHMb1;RUSSIAN FEDERATION;NIO;145053.5081857168
EHMb1;CHILE;CAD;4374.91832856979
EHMb1;IRAN (ISLAMIC REPUBLIC OF);ZAR;64672.712857274295
MVbc1;GAMBIA;CNY;7135.643540771035
MVbc1;INDONESIA;SYP;702613.4091641313
FGJNZ;BELARUS;TRY;26071.370009838425
FGJNZ;MACAU;DOP;19876.438061309218
FGJNZ;JORDAN;QAR;899.3268720481873
FGJNZ;JORDAN;MVR;7789.639483754833
FGJNZ;EURO;ALL;22545.599079427175
FGJNZ;ALBANIA;NOK;4297.420409322314
