Client;Country;Currency;Transaction
GVYZb;NORWAY;KWD;1166.049471698757
GVYZb;PERU;SEK;13421.972193759813
GVYZb;GUATEMALA;MXN;30729.201955614975
GVYZb;PERU;NAD;35051.74525752935
GVYZb;SIERRA LEONE;SGD;2031.4429685845537
GVYZb;RUSSIAN FEDERATION;MOP;18456.459070226854
GVYZb;SUDAN;BBD;5826.478019284332
GVYZb;TRINIDAD AND TOBAGO;SBD;27159.362634550587
GVYZb;NEPAL;KHR;7062309.193333605
GVYZb;BRUNEI DARUSSALAM;ZAR;46333.111589077416
GVYZb;BOTSWANA;FJD;2686.445440781974
GVYZb;URUGUAY;BRL;2586.7381048317293
GVYZb;SINGAPORE;VES;40227.184036757535
GVYZb;ETHIOPIA;KRW;3001575.252037698
GXXXZ;BELARUS;LKR;2264969.336715727
GXXXZ;CAYMAN ISLANDS;AUD;5222.541504262128
GXXXZ;TURKEY;NIO;316498.2295489735
GXXXZ;LIBYAN ARAB JAMAHIRIYA;KRW;11716599.94048785
GXXXZ;RWANDA;ZAR;41920.74992105886
GXXXZ;FRENCH POLYNESIA;RUB;489658.5974126978
GXXXZ;CAYMAN ISLANDS;YER;521894.17418413213
GXXXZ;SWITZERLAND;DZD;813371.1712865186
BGKMX;BRAZIL;SVC;195191.7340766647
BGKMX;SWAZILAND;BWP;73813.415602473
BGKMX;UGANDA;BSD;-228.99605067355955
BGKMX;JAMAICA;GNF;29697562.802650075
BGKMX;DENMARK;RSD;1404765.6294309183
BGKMX;NICARAGUA;PES;1133524.2667606275
BGKMX;RWANDA;MVR;63789.31434040135
BGKMX;ARUBA;ZWL;8608718.368316436
BGKMX;YEMEN;ALL;2424659.0879289797
BGKMX;SERBIA;RUB;1430017.5507653907
EJNb3;PANAMA;ZMW;63279.556092583196
EJNb3;OMAN;MUR;129130.70106863753
GIXWY;VENEZUELA;KZT;15493.485127000467
GIXWY;EURO;XOF;80591.23090206401
GIXWY;SIERRA LEONE;SRD;2164.2941031832815
GIXWY;ALBANIA;LRD;12404.421947094152
GIXWY;AUSTRALIA;IQD;196148.6650156668
GIXWY;SAO TOME AND PRINCIPE;JPY;11357.48025287356
GIXWY;ETHIOPIA;VUV;7118.846105834899
GIXWY;BERMUDA;CLP;28209.523148686818
GIXWY;HONDURAS;AZN;61.76947040298811
GIXWY;SWAZILAND;ILS;320.4186644859638
GIXWY;ISRAEL;OMR;19.553687355529334
GIXWY;GAMBIA;SYP;33941.858989371576
GIXWY;URUGUAY;ZMW;1816.8863915409854
GIXWY;TRINIDAD AND TOBAGO;NGN;31628.56587711146
GIXWY;SAO TOME AND PRINCIPE;NAD;2657.944654205803
GIXWY;BHUTAN;GMD;5683.701985199812
HHHHI;PERU;VUV;203567.87405721797
HHHHI;CENTRAL AFRICAN REPUBLIC;ISK;447498.7938925921
HHHHI;BANGLADESH;NAD;182526.0820324929
HHHHI;HUNGARY;MYR;87029.88149467402
HHHHI;MEXICO;SGD;29668.920272479427
HHHHI;VIET NAM;NGN;7440397.8783843275
HHHHI;SRI LANKA;STD;546995395.6779777
HHHHI;BAHRAIN;SLL;420461545.311799
HHHHI;COSTA RICA;CAD;1525.5647855088407
HHHHI;SAMOA;JOD;11981.411367796656
EJVVW;NETHERLANDS ANTILLES;IRR;634285315.7934477
EJVVW;DENMARK;GYD;3014510.972068776
EJVVW;ARUBA;NIO;288545.9152111337
EJVVW;INDIA;GNF;59986407.14826836
EJVVW;JORDAN;SYP;7138327.310725908
EJVVW;BERMUDA;GYD;2234101.28255194
EJVVW;SWAZILAND;CZK;299515.4068047355
EJVVW;TANZANIA, UNITED REPUBLIC OF;DOP;36246.66354010029
EJVVW;MADAGASCAR;CVE;1410884.3851505276
EJVVW;UKRAINE;STD;2378311.9757761457
EJVVW;NAMIBIA;HUF;2506956.47197089
EJVVW;ALBANIA;LRD;1460495.467908892
EJVVW;QATAR;SAR;43791.42174347177
EJVVW;LIBYAN ARAB JAMAHIRIYA;ARS;2474570.2829614044
EJVVW;YEMEN;MZN;673424.0886335836
EJVVW;KUWAIT;DZD;784356.6728464023
EJVVW;ZAMBIA;MRO;3523822.7440997935
BBGGM;CANADA;NPR;689489.0045431431
CEXbc;AZERBAIJAN;MZN;66432.62793640494
CEXbc;NIGERIA;PLN;5208.266788521204
CEXbc;VANUATU;VES;34190.013905295935
CEXbc;EGYPT;BYR;111021405.47561146
GNW12;EGYPT;ILS;18507.01990971638
GNW12;MEXICO;HNL;219693.30279351753
GNW12;CHINA;FJD;16255.053901631107
GNW12;QATAR;UAH;84202.04738208557
GNW12;NETHERLANDS ANTILLES;PLN;8216.11550814601
GNW12;GUYANA;SAR;23072.882287631517
GNW12;UGANDA;IRR;363995252.3100544
GNW12;PANAMA;HTG;549727.6091689528
GNW12;THAILAND;SZL;179929.6994806249
GNW12;ZIMBABWE;BZD;23132.55733970008
GNW12;LEBANON;KWD;265.7216355808635
GNW12;QATAR;XAF;1835885.2060659064
GNW12;SINGAPORE;SBD;76245.08936719697
GNW12;SAO TOME AND PRINCIPE;PYG;34911190.25379147
GNW12;EL SALVADOR;ILS;24312.016837919342
GNW12;SUDAN;MWK;10525277.378871562
GNW12;SWAZILAND;AUD;7390.782301049253
GNW12;TURKEY;BBD;4372.978071884822
GNW12;PHILIPPINES;KES;775995.4103424927
GNW12;IRAQ;SAR;3986.204817412456
JV113;FRENCH POLYNESIA;CRC;1192870.5225491535
JV113;ARUBA;BTN;84993.92347335271
JV113;YEMEN;XPF;214804.95961358625
JV113;BOLIVIA;TRY;36817.22309926426
JV113;SYRIAN ARAB REPUBLIC;AUD;2802.491973501205
JV113;BOTSWANA;CYP;160.74158472324518
JV113;KENYA;JOD;1085.6932054796619
ILVc3;OMAN;UYU;5879.937845468969
ILVc3;QATAR;CVE;120935.41946939398
ILVc3;BOLIVIA;PYG;13241222.182565752
ILVc3;SEYCHELLES;AOA;856348.3593852487
ILVc3;INDIA;PES;187721.7602932937
ILVc3;MAURITANIA;TND;1183.5497815022932
EIJLa;JORDAN;SAR;16422.862051348253
EIJLa;CHILE;SOS;3366405.1921386193
EIJLa;SYRIAN ARAB REPUBLIC;XPF;287346.2353141814
EIJLa;HUNGARY;GTQ;15450.467437498672
EIJLa;IRAQ;BYR;20980132.765283518
EIJLa;COLOMBIA;TWD;101446.80421976572
EIJLa;ZIMBABWE;ZWL;4819934.430166894
EIJLa;HONDURAS;UYU;187716.04138001072
AAFIY;NIGERIA;BGN;2074.120993281842
AAFIY;PHILIPPINES;BBD;6032.70510302154
AAFIY;MALAYSIA;UAH;185.42721246917472
AAFIY;BOTSWANA;LAK;47719805.01421884
GGGNb;BULGARIA;IDR;42736225.61336207
GGGNb;MADAGASCAR;BHD;324.0733610908953
GGGNb;PANAMA;RWF;3196835.246123924
GGGNb;ARUBA;UYU;7202.869024400976
GGGNb;BRUNEI DARUSSALAM;ARS;84362.31149050227
GGGNb;ZAMBIA;BRL;15965.980947389624
GGGNb;PAKISTAN;BHD;1281.1185806299602
GGGNb;RUSSIAN FEDERATION;XCD;7373.677603762999
GGGNb;URUGUAY;MWK;355368.4739588597
GGGNb;TOGO;BBD;3025.413418686492
GGGNb;BHUTAN;BTN;276746.4680931215
Accc3;PANAMA;BGN;5981.9677160434885
Accc3;OMAN;JMD;483352.2162563353
Accc3;BRAZIL;AUD;12293.170728157858
Accc3;IRAN (ISLAMIC REPUBLIC OF);BZD;10373.600791880282
Accc3;SAUDI ARABIA;KES;946206.9230823906
Accc3;HUNGARY;JMD;967983.1420794862
Accc3;SURINAME;BIF;7211086.3982218485
Accc3;BAHAMAS;VES;61137.395491663825
Accc3;SEYCHELLES;INR;80401.65620515657
Accc3;FIJI;MRO;131792.54641933518
Accc3;EL SALVADOR;MXN;42783.31106901649
Accc3;COLOMBIA;RUB;205994.04712531518
Accc3;MYANMAR;ETB;174764.38325538445
Accc3;SUDAN;ETB;306439.5441000373
Accc3;TUNISIA;PHP;395311.3182381675
Accc3;THAILAND;VES;62518.572532671504
Accc3;YEMEN;TZS;13442022.432800705
Accc3;MOROCCO;SLL;22747143.83034914
Accc3;THAILAND;BYR;101608462.9294458
Accc3;CYPRUS;BRL;1825.1665087912834
BDFI3;DOMINICAN REPUBLIC;EUR;7418.359941021699
BDFI3;NAMIBIA;TOP;96901.47730446162
BDFI3;ANGOLA;CLP;3518308.0753486454
BDFI3;JAMAICA;ANG;34202.09815406042
BDFI3;MADAGASCAR;NPR;3640802.35157914
BDFI3;SOUTH AFRICA;UGX;11242716.630759837
BDFI3;FRENCH POLYNESIA;KES;1361196.4802669028
BDFI3;IRAN (ISLAMIC REPUBLIC OF);NIO;1429168.1019012653
BDFI3;GUATEMALA;GNF;325825923.43071765
BDFI3;SUDAN;HRK;186796.54205001026
BDFI3;LIBYAN ARAB JAMAHIRIYA;DZD;2705950.1079157353
BDFI3;NAMIBIA;ZMW;535337.2739162018
BDFI3;CAMBODIA;YER;8263150.226241022
BDFI3;BANGLADESH;DJF;1229610.0383896425
BDFI3;BAHRAIN;RSD;3352730.394178231
BDFI3;ALGERIA;GBP;5301.493187550557
BDFI3;QATAR;BBD;52487.768335494
BDFI3;RUSSIAN FEDERATION;BRL;96339.9608255246
BDFI3;JORDAN;PHP;1042001.309944292
BDFI3;MYANMAR;BDT;1441607.140294279
DJLV1;SYRIAN ARAB REPUBLIC;TZS;4980686.511109586
DJLV1;ZIMBABWE;GYD;85936.54615996953
DJLV1;SWAZILAND;IDR;26943632.733480323
DJLV1;BRAZIL;LBP;1185085.007686702
DJLV1;NEPAL;HNL;12895.603884363118
DJLV1;ZAMBIA;ZWL;2885190.081981546
DJLV1;SOLOMON ISLANDS;KWD;497.93509866342066
DJLV1;ETHIOPIA;WST;13989.866414649441
DJLV1;GUATEMALA;CVE;36803.8216328494
DJLV1;AZERBAIJAN;NGN;2615625.916178227
DJLV1;NAMIBIA;RWF;5130325.230100657
DJLV1;DOMINICA;STD;21998464.13276609
EEGIN;YEMEN;SAR;5396.549442939898
FILMV;THAILAND;BTN;436901.31238827406
FILMV;SERBIA;CRC;9000556.69913
FILMV;TUNISIA;DOP;476205.4724528168
FILMV;GHANA;KRW;5649103.138139242
FILMV;BRAZIL;BOB;61617.34449523514
BCFIK;FRENCH POLYNESIA;STD;55748998.77178812
BCFIK;UNITED KINGDOM;KZT;1405696.7627713021
BCFIK;MALAYSIA;BND;5914.1925164408485
BCFIK;COSTA RICA;BOB;38333.45167867758
BCFIK;TOGO;JOD;1247.7560772241522
BCFIK;ALBANIA;TRY;72301.42767897774
BCFIK;CENTRAL AFRICAN REPUBLIC;VES;52261.46174852408
BCFIK;NEPAL;DZD;61403.387314013526
BCFIK;TONGA;MZN;157285.8978358193
BCFIK;IRAQ;WST;15324.735008464291
BCFIK;SAMOA;CRC;-47057.9314731035
ABHKX;MALAWI;MGA;18652102.15920603
ABHKX;NORWAY;MGA;50240339.68689365
AADZZ;PAPUA NEW GUINEA;MXN;99646.134446943
AADZZ;AZERBAIJAN;XPF;413667.5801269046
AADZZ;PAKISTAN;PYG;10677896.694163349
AADZZ;GHANA;BZD;6427.186012464416
AADZZ;KUWAIT;UAH;71601.23052999319
AADZZ;JAPAN;GYD;58928.462348423374
AADZZ;MEXICO;VES;-83.86600126596046
AADZZ;NICARAGUA;AZN;11.089264777963631
AADZZ;KUWAIT;RWF;3958307.6812620787
AADZZ;QATAR;ALL;506425.2312948384
AADZZ;NAMIBIA;ILS;8920.010949903748
AADZZ;ZAMBIA;LAK;12132939.608126648
AADZZ;VANUATU;MOP;7699.506543614459
AADZZ;HONDURAS;SRD;150354.0800627749
AADZZ;GUATEMALA;MXN;71265.33964040129
AADZZ;TAIWAN, PROVINCE OF CHINA;TND;14201.787509367747
AADZZ;SURINAME;KRW;3803700.1815525778
JKKXb;BELIZE;BDT;2712296.088660125
JKKXb;SAMOA;ZWL;5572920.919459356
BKKc1;SAUDI ARABIA;RWF;9070131.33489067
BKKc1;DOMINICAN REPUBLIC;DJF;3433458.0236817244
BKKc1;VIET NAM;TRY;116707.84331198454
BKKc1;SERBIA;XAF;1919338.794667564
BKKc1;SINGAPORE;HNL;549012.7347701847
BKKc1;NEW ZEALAND;PHP;1290937.9975672886
BKKc1;MAURITANIA;GTQ;109567.94579216148
BKKc1;BANGLADESH;PAB;8364.377643358097
BKKc1;COSTA RICA;MZN;721958.5022919821
ENWaa;DOMINICA;DOP;291027.7303803359
ENWaa;SURINAME;MGA;1869113.865479022
KZabc;YEMEN;MRO;712439.1956174282
KZabc;ALGERIA;BTN;947291.2861492375
KZabc;IRAN (ISLAMIC REPUBLIC OF);PAB;3871.8186678939805
KZabc;RUSSIAN FEDERATION;PEN;97183.75796776867
KZabc;ISRAEL;SEK;112030.53205461997
KZabc;MADAGASCAR;HNL;149592.70163850722
ELYab;VIET NAM;LYD;57203.480651872276
ELYab;GHANA;SDG;1452067.6625648
ELYab;GAMBIA;LAK;52787398.69134996
ELYab;SERBIA;XOF;3869351.1657721046
ELYab;DOMINICA;SGD;12436.27224642698
ELYab;BULGARIA;SZL;50239.009163035415
ELYab;BERMUDA;PGK;7337.764356536847
ELYab;PHILIPPINES;NOK;68132.41808104177
ELYab;MEXICO;AUD;18175.312657363822
ELYab;BRUNEI DARUSSALAM;XAF;1943814.3433153678
ELYab;THAILAND;XAF;710995.5614007317
AKMVX;UNITED KINGDOM;LKR;7946378.694352502
AKMVX;UGANDA;DJF;2011314.7361170133
EGGGM;THAILAND;XAF;2857271.2905261763
EGGGM;SEYCHELLES;IRR;254437940.5876612
EGGGM;ISRAEL;KES;267077.6111395786
EGGGM;TONGA;BBD;43023.403481732385
EGGGM;MALDIVES;NAD;593504.7080446449
EGGGM;TONGA;SLL;446840681.9231876
EGGGM;MOZAMBIQUE;NIO;1456727.2096718985
EGGGM;CHILE;BBD;8262.71537514812
EGGGM;MEXICO;LBP;50877926.914247565
EGGGM;URUGUAY;TTD;233105.50732143244
EGGGM;HAITI;CHF;8743.406636263437
EGGGM;VANUATU;TWD;365661.6107325612
EGGGM;ARUBA;TZS;56311202.63694494
EGGGM;KUWAIT;SEK;172642.62201295287
EGGGM;TURKEY;KYD;35521.525591977246
EGGGM;SWEDEN;ILS;121236.12371825105
EGGGM;MALAWI;PYG;136979534.8458094
EGGGM;BHUTAN;RSD;2019136.3245374078
ACCFV;JAMAICA;CAD;54.9778313452337
ACCFV;AZERBAIJAN;BMD;139.09498708920972
ACCFV;ICELAND;VUV;47171.81884144618
ACCFV;YEMEN;SDG;166008.92969858964
ACCFV;SRI LANKA;LAK;5400679.386591032
ACCFV;ZAMBIA;BGN;527.589882873599
ACCFV;SIERRA LEONE;UYU;7873.92107211306
ACCFV;RUSSIAN FEDERATION;DJF;48115.639007908125
ACCFV;LIBERIA;GNF;247324.00691241416
ACCFV;SOUTH AFRICA;BTN;5059.813703721033
ACCFV;UNITED ARAB EMIRATES;BWP;4370.825396303188
ACCFV;FIJI;ARS;10514.97174977045
ACCFV;YEMEN;XAF;6030.734755812145
ACCFV;ETHIOPIA;JOD;186.10039182718427
ACCFV;BAHAMAS;KWD;97.72625469337652
AADEb;SOMALIA;ANG;820.6055520371523
AADEb;TRINIDAD AND TOBAGO;NIO;63832.66473640612
CCDMN;BOTSWANA;SYP;14798770.292639446
CCDMN;AUSTRALIA;LBP;51069420.9507466
CCDMN;BANGLADESH;DKK;13100.215497986306
CCDMN;MEXICO;ILS;88586.8011043921
CCDMN;SINGAPORE;BRL;87539.87383682265
CCDMN;ARUBA;GMD;2431248.2687392035
CCDMN;SURINAME;AOA;5995210.08568338
CCDMN;ETHIOPIA;XCD;76110.42680361966
CCDMN;PERU;MVR;280856.2143026004
CCDMN;SOUTH AFRICA;PEN;79246.5077579546
CCDMN;FIJI;NPR;4456205.219156298
CCDMN;MACAU;IRR;810757866.4659547
CCDMN;MALAYSIA;LBP;16353758.53379218
CCDMN;PAKISTAN;KZT;121289.73666820387
CCDMN;QATAR;QAR;40879.11568182799
CIJK3;LIBERIA;BOB;3322.081330595112
CIJK3;SOMALIA;MYR;5114.90300492967
CIJK3;ALGERIA;DOP;267700.6832326123
CIJK3;CHINA;AUD;6643.698982704027
CIJK3;CAMBODIA;SCR;58311.862158689306
CIJK3;ANGOLA;BHD;756.8779784516646
CIJK3;ZIMBABWE;LKR;1722945.6916143426
CIJK3;GUINEA;CZK;81649.55828428255
CIJK3;LIBERIA;DOP;171586.52932991838
CIJK3;POLAND;GNF;21730521.559458554
CIJK3;ARGENTINA;ZMW;5012.635429702547
CIJK3;MALAYSIA;RWF;776849.3501571396
CIJK3;YEMEN;DKK;19249.715624722394
CIJK3;AUSTRALIA;TZS;4584696.194524011
CIJK3;DENMARK;SDG;2182079.3203064534
ELL13;ARGENTINA;BYR;64208035.85182293
LNWZ3;SIERRA LEONE;SZL;68162.44029623466
LNWZ3;KOREA, REPUBLIC OF;GTQ;30185.043248720525
LNWZ3;SINGAPORE;KHR;6508039.767765088
LNWZ3;RUSSIAN FEDERATION;SGD;3354.4847546271794
LNWZ3;SIERRA LEONE;BWP;34248.11665661806
LNWZ3;GUINEA;LAK;51631505.87372974
LNWZ3;FIJI;PHP;275730.3047695663
LNWZ3;EGYPT;MZN;316079.7648792004
LNWZ3;BERMUDA;NZD;8800.553958935894
LNWZ3;HONG KONG;CZK;61579.61133084778
LNWZ3;BERMUDA;MRO;377163.2094828972
LNWZ3;ROMANIA;EGP;9244.44531454807
LNWZ3;QATAR;GTQ;32411.84545958799
LNWZ3;LIBYAN ARAB JAMAHIRIYA;LRD;188864.4722793183
LNWZ3;AUSTRALIA;STD;18344673.553539332
LNWZ3;GAMBIA;XPF;256646.69682847735
DDK23;INDIA;KWD;10461.007251045781
IYbb2;BARBADOS;LRD;113706.30435835749
IYbb2;IRAN (ISLAMIC REPUBLIC OF);SBD;2231.8186315249136
IYbb2;SUDAN;RWF;469871.079107214
IYbb2;SYRIAN ARAB REPUBLIC;RWF;496348.1732686314
IYbb2;POLAND;LYD;2022.962070934234
AGJbc;PARAGUAY;HNL;85987.11488158339
AGJbc;SAO TOME AND PRINCIPE;PEN;11635.486344593433
AGJbc;BERMUDA;RON;1466.9970238753087
AGJbc;SINGAPORE;NIO;502664.1965475657
AGJbc;COSTA RICA;JOD;1558.3456841979332
AGJbc;LIBYAN ARAB JAMAHIRIYA;CYP;1001.5327123865258
AGJbc;SOMALIA;AOA;1386940.9830233804
AGJbc;INDONESIA;NOK;74627.8908048682
DENb2;BOLIVIA;PKR;1186047.193567588
DENb2;NETHERLANDS ANTILLES;KHR;45280742.420371026
DENb2;NORWAY;SAR;21115.406393445854
DENb2;BELIZE;LBP;3152004.5864456957
DENb2;NAMIBIA;LAK;201868093.78257993
DENb2;SRI LANKA;BZD;47790.15481245885
DENb2;NICARAGUA;BTN;410655.16530684027
DENb2;BERMUDA;HRK;168190.718342717
DENb2;TUNISIA;MOP;248636.52369676653
DENb2;LAO PEOPLE'S DEMOCRATIC REP;TZS;55797006.23598613
DENb2;SOLOMON ISLANDS;LKR;6690492.56878379
DENb2;BELARUS;CRC;526655.3774106469
DENb2;NORWAY;JMD;757471.7535844782
DENb2;SAUDI ARABIA;LAK;375074696.35369325
DENb2;NICARAGUA;RUB;5827.131557806476
DENb2;UKRAINE;OMR;12886.432159846836
DENb2;VANUATU;MRO;13016083.629031064
DENb2;NEPAL;GMD;810019.3144453072
ADDWc;MYANMAR;XOF;339287.24771269865
ADDWc;AZERBAIJAN;XCD;3057.8943677110974
ADDWc;BRAZIL;PES;93554.91980485208
ADDWc;GUATEMALA;NIO;85400.1293579583
ADDWc;ZIMBABWE;ISK;99879.73797325988
ADDWc;ARGENTINA;IQD;2938534.343640081
ADDWc;SAMOA;TOP;1336.062175733779
GLXZ3;KENYA;PGK;558.3784162765511
GLXZ3;EL SALVADOR;SLL;34110800.08181523
GLXZ3;DOMINICA;DKK;24404.683892852536
GLXZ3;LIBYAN ARAB JAMAHIRIYA;MYR;13978.638711607393
GLXZ3;VENEZUELA;XAF;1256252.6121707873
GLXZ3;GAMBIA;GBP;843.664990533354
GLXZ3;CANADA;TRY;9839.875860184695
GLXZ3;BAHAMAS;ALL;144131.885977185
GLXZ3;MAURITIUS;VUV;281143.1110290158
GLXZ3;ANGOLA;CAD;2978.3421802317703
GLXZ3;INDONESIA;LAK;48088853.748861074
KXZZ1;MALDIVES;JMD;32159.738852124847
KXZZ1;POLAND;ZAR;23747.76411554832
KXZZ1;SOMALIA;CLP;1681716.1154113815
KXZZ1;TURKEY;SRD;8000.098383967503
KXZZ1;SINGAPORE;SYP;203718.3541880605
KXZZ1;HONDURAS;ZMW;31512.57257423162
KXZZ1;PHILIPPINES;YER;320052.73845564114
KXZZ1;SAO TOME AND PRINCIPE;SGD;1960.3149870870052
KXZZ1;BAHAMAS;PLN;5034.010462585776
GKLYc;HONG KONG;GMD;-21434.035066957826
GKLYc;SUDAN;BRL;170699.65930669414
GKLYc;SEYCHELLES;ZAR;81713.20769487137
GKLYc;KAZAKHSTAN;NIO;727901.445845257
GKLYc;BOTSWANA;BND;61683.60855706674
GKLYc;SEYCHELLES;TTD;93621.72897110767
GKLYc;SWEDEN;CYP;10805.480367987728
GKLYc;NICARAGUA;RON;57938.15385126587
GKLYc;SAO TOME AND PRINCIPE;COP;44261746.59597662
GKLYc;ALGERIA;NOK;406430.4917017287
GKLYc;UNITED ARAB EMIRATES;NIO;745460.0907056275
GKLYc;INDONESIA;CLP;11157937.013538843
GKLYc;SOLOMON ISLANDS;PGK;100651.41981071632
GKLYc;POLAND;AUD;65965.65417889688
GKLYc;BAHRAIN;NAD;338908.87781643367
GKLYc;SRI LANKA;BWP;78729.80703616957
GKLYc;TURKEY;TZS;42782329.91607779
GKLYc;MADAGASCAR;MMK;16571730.40363812
CFIIY;VENEZUELA;GYD;320714.502777393
CFIIY;FRENCH POLYNESIA;KES;175984.25170691597
CFIIY;BAHRAIN;EUR;2945.675450276235
CFIIY;CHILE;SAR;6528.564868873134
CFVXX;DOMINICAN REPUBLIC;CVE;1307093.897979878
CFVXX;YEMEN;SAR;19573.099679686657
CFVXX;YEMEN;BWP;614619.0260535096
CFVXX;SYRIAN ARAB REPUBLIC;ISK;3647106.743216854
CFVXX;TUNISIA;TWD;1993940.0082704949
CFVXX;NEPAL;SRD;99311.60870550334
CFVXX;MOZAMBIQUE;MMK;1314904.3257466655
CFVXX;INDONESIA;MGA;67964890.6265438
ELNXZ;IRAQ;GTQ;26201.230419398486
ELNXZ;AZERBAIJAN;MVR;29528.99701425468
ELNXZ;PARAGUAY;CAD;8151.998966679347
ELNXZ;BAHAMAS;LYD;20928.893910826235
ELNXZ;SWAZILAND;CLP;1299244.130201421
ELNXZ;DOMINICAN REPUBLIC;CLP;1382608.5999890887
ELNXZ;LATVIA;EGP;63287.55921010742
ELNXZ;TURKEY;HUF;3470552.5037221867
ELNXZ;ISRAEL;HNL;188147.1345981961
ELNXZ;KENYA;LBP;8403508.801065532
ELNXZ;MACAU;GTQ;4261.426873651821
ELNXZ;GUYANA;SDG;1715916.3715566294
ELNXZ;BARBADOS;IQD;3778121.4909047633
KWY11;UNITED KINGDOM;MZN;215823.26390572978
KWY11;TUNISIA;MMK;5384175.349982086
KWY11;ALGERIA;MVR;81819.374762666
KWY11;EL SALVADOR;MZN;234776.97362052786
KWY11;URUGUAY;ZAR;113669.23873350248
KWY11;MALAWI;LVL;3151.3613734720607
KWY11;TUNISIA;PAB;8658.152747499465
KWY11;SWITZERLAND;GYD;283425.7076971925
KWY11;FIJI;KWD;1024.6034284879445
KWY11;CROATIA;STD;92198086.85597976
KWY11;GAMBIA;OMR;3775.8293237534826
KWY11;LEBANON;SEK;86611.74451318756
KWY11;MACAU;STD;102880665.96655032
KWY11;SWAZILAND;BND;160.5465637076601
KWY11;SOMALIA;ILS;18476.95383976322
KWY11;INDONESIA;XPF;170224.93258732845
KWY11;SIERRA LEONE;TZS;2435328.8433328886
KWY11;KUWAIT;STD;203250797.75363803
KWY11;PHILIPPINES;CRC;3055017.00571657
KWY11;SAUDI ARABIA;BHD;921.0214518989573
CCFJY;SYRIAN ARAB REPUBLIC;ARS;569542.6753408221
CCFJY;ALBANIA;QAR;14863.068226621712
CCFJY;NEPAL;ILS;14659.577813291491
CCFJY;FIJI;BWP;26279.023221882257
CCFJY;MADAGASCAR;EGP;101565.02992769338
CCFJY;PERU;VES;51857.831762870686
CCFJY;LIBYAN ARAB JAMAHIRIYA;KHR;6746277.891676032
CCFJY;KUWAIT;MRO;568205.6264663696
CCFJY;KUWAIT;IRR;76400184.25063582
CCFJY;SOLOMON ISLANDS;ETB;360624.13076751743
CCFJY;NIGERIA;TRY;119327.62003190174
CCFJY;SAUDI ARABIA;MWK;608934.2331787134
CCFJY;PERU;HUF;216745.61282321822
CCFJY;PARAGUAY;DOP;62294.95859117961
CCFJY;SWAZILAND;BTN;309284.9816055658
CCFJY;SAMOA;HUF;717402.0208864304
CCFJY;QATAR;GTQ;30873.506538835027
CCFJY;CHINA;SAR;7923.562077052919
AFFNW;EL SALVADOR;MMK;24874415.312850934
AFFNW;SINGAPORE;CZK;227084.63688306505
AFFNW;BHUTAN;IQD;8635328.32030055
AFFNW;RWANDA;PEN;42853.2421353558
AFFNW;MALDIVES;AED;30826.52621149799
AFFNW;PERU;CNY;47727.36793131974
AFFNW;AUSTRALIA;BIF;25627033.967062123
AFFNW;DOMINICA;BRL;28682.5640834802
AFFNW;NICARAGUA;KYD;7413.043281232016
AFFNW;FRENCH POLYNESIA;HNL;32889.13544056609
AFFNW;SIERRA LEONE;SZL;115721.06993449948
AFFNW;UGANDA;ZMW;151901.08047911178
AFFNW;KAZAKHSTAN;IQD;15313120.358740764
AFFNW;ALGERIA;SAR;14518.370680539565
AFFNW;QATAR;IQD;8198228.872748402
AFFNW;SWEDEN;ANG;17769.140616942037
KVVYc;COLOMBIA;MOP;52284.244131100895
KVVYc;NIGERIA;QAR;24779.708361710826
KVVYc;LEBANON;SAR;27075.28795702517
KVVYc;SAO TOME AND PRINCIPE;LVL;8866.563562127742
KVVYc;HUNGARY;HNL;386351.1840302088
KVVYc;SWEDEN;KZT;6846489.480503431
KVVYc;BAHRAIN;MRO;501061.3836091864
KVVYc;GUYANA;KYD;6188.240650609751
KVVYc;DENMARK;CAD;10544.525667553871
KVVYc;VENEZUELA;UYU;364229.8441305458
KVVYc;CHILE;BTN;1304228.1271002726
EJW22;UNITED KINGDOM;WST;32992.37813396774
EJW22;FRENCH POLYNESIA;BRL;66545.10787919187
EJW22;MAURITANIA;SDG;7258258.696642712
EJW22;MALDIVES;MMK;441368.26852464775
EJW22;HONG KONG;BSD;15176.473857998231
EJW22;MALAYSIA;KZT;4065403.092410836
EJW22;BHUTAN;STD;67818603.66077048
EJW22;UNITED ARAB EMIRATES;LRD;1719258.719274805
EJW22;CYPRUS;MGA;1672364.1689892889
EJW22;UKRAINE;MWK;3075963.6322660013
EJW22;OMAN;RUB;986089.9385485139
EJW22;CROATIA;LVL;522.9698305512263
EJW22;PARAGUAY;SZL;57726.90501529229
EJW22;BERMUDA;GBP;1795.084786729282
EJW22;SWAZILAND;CRC;4517787.886498517
EJW22;POLAND;PLN;16989.50779239389
EJW22;SWITZERLAND;NIO;143026.53597015445
DGMZ3;SOLOMON ISLANDS;AUD;1385.3462845430922
DGMZ3;DOMINICA;BYR;30753387.930733934
DGMZ3;CHINA;IDR;9934333.602793
DGMZ3;KENYA;AOA;123428.46207821844
DGMZ3;FRENCH POLYNESIA;ARS;235376.8110978892
DFKX1;ZIMBABWE;ARS;4015985.4439134863
DFKX1;SWITZERLAND;CYP;148.68924789654992
DFKX1;MYANMAR;INR;1249627.757425307
DFKX1;EL SALVADOR;HNL;40558.72018400736
DFKX1;NEPAL;ZAR;246858.8434480898
DFKX1;NIGERIA;AUD;17155.821820622863
DFKX1;URUGUAY;OMR;5416.625290893166
DFKX1;NIGERIA;GTQ;51228.009753782484
DFKX1;SINGAPORE;CNY;82525.93903213965
DFKX1;LIBYAN ARAB JAMAHIRIYA;BYR;376071117.27187985
DFKX1;NEW ZEALAND;SBD;68147.82090201923
DFKX1;GHANA;AED;17030.198041522293
MNWb2;NEW ZEALAND;JMD;3023586.064006516
MNWb2;ROMANIA;YER;4200481.770607834
XZ133;LIBERIA;SRD;345.9514757899539
XZ133;LATVIA;JMD;315964.03227925365
XZ133;FRENCH POLYNESIA;BND;4061.539886097005
XZ133;PARAGUAY;AED;6365.816522525655
XZ133;VANUATU;BOB;8773.996291469624
XZ133;MAURITANIA;PGK;3750.0971393263426
XZ133;NEPAL;PYG;18729596.81247675
XZ133;EURO;TOP;2122.40267846328
XZ133;BERMUDA;PYG;18862188.15780372
XZ133;BRUNEI DARUSSALAM;SCR;37875.45352344383
XZ133;ARUBA;BTN;139613.41763330268
XZ133;ARGENTINA;IDR;40090737.04777407
XZ133;LAO PEOPLE'S DEMOCRATIC REP;JMD;20414.3065908369
XZ133;TANZANIA, UNITED REPUBLIC OF;KES;267020.5989914389
XZ133;VIET NAM;BIF;4740381.213145366
XZ133;ARUBA;PHP;112598.17857270816
XZ133;FIJI;IDR;44399860.33502607
XZ133;MALDIVES;PHP;133306.2817066678
XZ133;INDIA;AOA;945787.4439749608
XZ133;COLOMBIA;TRY;20586.445875597652
HJXc1;JORDAN;ARS;4602007.244658434
HJXc1;GUATEMALA;CAD;9427.349576815128
HJXc1;CHILE;CNY;144513.24270360178
DINb1;MACAU;HRK;7671.462048778098
DINb1;SRI LANKA;ETB;321646.099487315
DINb1;ZAMBIA;PKR;493094.89336489653
DINb1;UNITED ARAB EMIRATES;THB;164366.5410304081
DINb1;BULGARIA;AWG;10675.62507992164
DINb1;IRAQ;PLN;2736.664154175684
DINb1;CHINA;SYP;416929.9294316839
ACDMb;CAMBODIA;ZWL;2211494.4525232627
ACDMb;GUYANA;MXN;113119.7419018506
ACDMb;MACAU;RUB;1350743.1368227163
ACDMb;KOREA, REPUBLIC OF;GTQ;85461.12893079812
ACDMb;LATVIA;UGX;59289771.221685186
ACDMb;SAMOA;KZT;4359913.026005703
ACDMb;ROMANIA;COP;22266519.424319524
ACDMb;HAITI;SRD;670535.2563950459
ACDMb;BULGARIA;CHF;22012.02616188846
ACDMb;YEMEN;YER;1017775.573267177
ACDMb;GUATEMALA;GTQ;97432.76112740785
ACDMb;BULGARIA;BRL;68845.28210897537
ACDMb;OMAN;ILS;110733.809684278
GGJXX;INDIA;MRO;328508.0762813318
GGJXX;BELARUS;LYD;17685.253080321098
GGJXX;BHUTAN;XOF;2630678.238068396
GGJXX;MALAWI;CVE;215893.06587720138
GGJXX;AZERBAIJAN;IQD;2827500.115457043
GGJXX;SWITZERLAND;UYU;92396.94366153463
GGJXX;ISRAEL;MWK;2795397.8222762556
GGJXX;UNITED ARAB EMIRATES;MUR;136103.57130014556
GGJXX;DOMINICAN REPUBLIC;ZAR;52586.81674984812
GGJXX;CENTRAL AFRICAN REPUBLIC;AZN;4096.253642622323
GGJXX;NETHERLANDS ANTILLES;HRK;24913.225471730806
GGJXX;NEW ZEALAND;HTG;42201.93650419413
GGJXX;CHINA;AED;11806.762211808418
GGJXX;KENYA;TTD;15958.017273586045
GGJXX;DOMINICA;ZWL;959217.6063961113
GGJXX;OMAN;LAK;31621667.187982857
GGJXX;QATAR;PEN;6337.792072915612
AAGIJ;BRUNEI DARUSSALAM;BIF;20087957.685960192
AAGIJ;MEXICO;GMD;1012746.1590024659
AAGIJ;ICELAND;RUB;1231724.66108167
AAGIJ;SOMALIA;IDR;125531235.38829169
AAGIJ;VANUATU;GYD;5611786.816284802
AAGIJ;INDIA;KRW;24096569.93303205
AAGIJ;SWAZILAND;BSD;1773.4716813770742
AAGIJ;ETHIOPIA;JMD;3623122.140488648
AAGIJ;MADAGASCAR;RWF;25338302.121812627
AAGIJ;GUYANA;CZK;468301.209518311
AAGIJ;KOREA, REPUBLIC OF;NGN;858340.0015620036
AAGIJ;ZAMBIA;WST;27389.118866237655
AAGIJ;PARAGUAY;GMD;761691.5368987897
AAGIJ;ARGENTINA;BWP;220689.2244534132
AAGIJ;CHILE;MZN;1438546.9462714116
AAGIJ;POLAND;GHS;63180.60822632678
KKKNb;SOLOMON ISLANDS;NPR;880785.2712901965
KKKNb;TOGO;CRC;3544428.2733361805
KKKNb;EURO;AZN;16366.909696494396
KKKNb;ROMANIA;PYG;-480733.04999271757
KKKNb;BERMUDA;WST;12430.223755564353
KKKNb;NORWAY;BMD;9323.560892622072
KKKNb;PERU;MXN;149810.6111963207
KKKNb;COLOMBIA;CAD;1193.2672433883542
EFFGb;GUINEA;JPY;59626.461958725624
EFFGb;ARGENTINA;BIF;997772.6847705173
EFFGb;NORWAY;ALL;2721.967600434068
EFFGb;BOTSWANA;EUR;637.0975379248099
EFFGb;DOMINICA;THB;25566.6207131123
EFFGb;SUDAN;ZWL;46981.03595013764
EFFGb;BHUTAN;CNY;1429.527423923484
EFFGb;NETHERLANDS ANTILLES;MVR;1703.6268309036777
EFFGb;LIBERIA;ZAR;1850.3034625365449
EFFGb;ALGERIA;TND;1670.3051066035207
EFFGb;VANUATU;AED;2352.1703855447836
EFFGb;BAHRAIN;IRR;27770115.74738186
EFFGb;FIJI;MWK;712788.2555325712
EFFGb;ICELAND;ILS;611.9620243246667
EFFGb;MEXICO;PLN;1930.7282997072455
EFFGb;MOROCCO;EUR;805.2421228536472
EFFGb;INDIA;OMR;162.64412594984077
EFFGb;VIET NAM;MMK;861274.2990922881
EFFGb;RWANDA;BDT;60942.099417316575
DMWb1;MACAU;RSD;3619100.7967145434
DMWb1;MOZAMBIQUE;MXN;175322.5597380865
DMWb1;BHUTAN;ISK;1642605.1728680707
DMWb1;TURKEY;LAK;439468752.3372657
DMWb1;ICELAND;BRL;46655.555387313536
DMWb1;PAPUA NEW GUINEA;NAD;210323.04115768542
DMWb1;BELARUS;SDG;18715229.428303007
DMWb1;UGANDA;CNY;17391.68511267176
DMWb1;PERU;AED;104286.09157773266
DMWb1;SWEDEN;INR;1134401.8685617715
DMWb1;CAMBODIA;NAD;279834.34240986314
DMWb1;VIET NAM;AUD;34835.75785263809
DMWb1;SWITZERLAND;GYD;240007.1216581329
DMWb1;QATAR;SBD;75155.5659296902
DMWb1;BAHAMAS;LAK;273269898.38742316
DMWb1;NIGERIA;FJD;-543.0982802776143
DMWb1;CENTRAL AFRICAN REPUBLIC;HNL;739923.3446010932
DMWb1;LIBERIA;MOP;234601.76798013013
DMWb1;URUGUAY;GTQ;234811.239991492
DMWb1;VIET NAM;SOS;7207644.664931041
GXWY3;MALDIVES;THB;538503.5616669541
GXWY3;PAKISTAN;EUR;17377.92140860245
GXWY3;BHUTAN;SLL;185309069.03405365
GXWY3;ETHIOPIA;KRW;22244666.89985027
GXWY3;PHILIPPINES;LKR;7286665.428663153
GXWY3;AZERBAIJAN;BWP;189468.57161766195
GXWY3;PHILIPPINES;DOP;1327361.3577979
GXWY3;SAMOA;CRC;9785239.154720677
GXWY3;IRAN (ISLAMIC REPUBLIC OF);CHF;21202.187995859305
GXWY3;SURINAME;SVC;142207.26333827374
GXWY3;BERMUDA;DOP;751034.8360527578
GXWY3;BHUTAN;ETB;247161.21765841258
GXWY3;IRAQ;MAD;143296.776505422
GXWY3;KENYA;DOP;517973.241714832
GXWY3;LEBANON;ISK;1458012.2690457767
GXWY3;BERMUDA;GHS;23036.25615467481
GXWY3;POLAND;LVL;16393.49803087598
GXWY3;NEPAL;HKD;241470.7148639933
GXWY3;SAMOA;BIF;58662646.41864441
GXWY3;NORWAY;INR;259041.68320997525
ACGG3;BAHRAIN;SRD;325980.6025829049
ACGG3;HUNGARY;IDR;87395768.74222668
ACGG3;MALDIVES;SAR;15261.505867701213
ACGG3;BOLIVIA;BTN;776591.6112931296
CIMY1;TRINIDAD AND TOBAGO;HNL;326818.2100426017
CIMY1;TUNISIA;BBD;4714.453344274814
CIMY1;OMAN;BDT;1158188.2538565989
CIMY1;UNITED KINGDOM;UGX;41735624.98943006
CIMY1;SERBIA;DZD;1948807.5377531406
CIMY1;SOUTH AFRICA;AWG;884.261799949895
CIMY1;NICARAGUA;CZK;187113.6391382645
ABMN1;NEW ZEALAND;QAR;176427.0477761757
ABMN1;IRAQ;ZAR;522512.9419005609
ABMN1;CROATIA;HTG;1773672.3198359013
ABMN1;COSTA RICA;CVE;495525.0206662128
ABMN1;BURUNDI;UAH;839356.028793226
ABMN1;SAUDI ARABIA;VND;221872423.30930507
ABMN1;TURKEY;MXN;215760.87550500006
ABMN1;RUSSIAN FEDERATION;GHS;594094.5384550614
ABMN1;BAHAMAS;CYP;16991.452506552043
ABMN1;OMAN;TTD;164284.56117319522
ABMN1;ETHIOPIA;MYR;-1631.9204860995806
DEWbc;COLOMBIA;HUF;26148.63794501515
DEWbc;JAPAN;CYP;83.0764957704134
DEWbc;LIBERIA;SOS;102094.96357696546
HWWa2;NICARAGUA;INR;792410.440371165
HWWa2;SOMALIA;TWD;248774.99796359148
HWWa2;KUWAIT;BMD;7215.2427996360975
HWWa2;CHINA;YER;559360.3414747381
