Client;Country;Currency;Transaction
FVXc3;CHINA;PAB;2238.3090148895603
FVXc3;PARAGUAY;XCD;6939.502071785599
FVXc3;NICARAGUA;NOK;9257.082832838672
FVXc3;MAURITIUS;PAB;3187.804461365318
FVXc3;NIGERIA;SOS;1366470.8336994562
FVXc3;HUNGARY;BBD;6214.879286023141
FVXc3;LIBYAN ARAB JAMAHIRIYA;RSD;409621.06128667097
FVXc3;DENMARK;GBP;3702.936388678636
FVXc3;PAPUA NEW GUINEA;AOA;568996.1462294775
FVXc3;FIJI;SLL;82048687.51321147
FVXc3;MALDIVES;YER;611966.9556402866
FVXc3;MEXICO;JPY;516011.6443085132
FVXc3;COSTA RICA;VUV;17497.370758579433
FVXc3;MALDIVES;TWD;91012.50485148645
FVXc3;MOROCCO;BDT;80863.45278495474
KKbbc;THAILAND;EUR;47552.898252423525
KKbbc;CZECH REPUBLIC;SZL;841415.2500850294
KKbbc;NIGERIA;DKK;365811.6089131829
KKbbc;BANGLADESH;TND;75521.60393249047
KKbbc;CAPE VERDE;BMD;3578.6422933274134
KKbbc;SRI LANKA;NOK;146654.90467789862
KKbbc;MAURITANIA;KRW;34874411.471632116
KKbbc;SAUDI ARABIA;PHP;1167696.1339722916
KKbbc;COSTA RICA;KZT;19298738.999325603
KKbbc;COSTA RICA;AUD;80353.54891553117
KKbbc;KENYA;KES;2210375.9882544437
BBFF3;POLAND;LVL;3686.9998726893286
BBFF3;BELARUS;BIF;6684356.755210619
BBFF3;SAUDI ARABIA;INR;486625.46081756405
BBFF3;CAYMAN ISLANDS;DJF;903486.4685168993
BBFF3;MYANMAR;SOS;2329921.8424042678
BBFF3;SYRIAN ARAB REPUBLIC;QAR;20719.531068320226
BBFF3;DENMARK;BGN;8851.164200494775
BBFF3;DOMINICAN REPUBLIC;BDT;620091.3476882335
BBFF3;CANADA;SDG;1258325.1390490483
BBFF3;VENEZUELA;MXN;15267.607023967375
BBFF3;EURO;SAR;14038.35430988673
BBFF3;DOMINICAN REPUBLIC;NZD;9062.29021105588
BBFF3;ALBANIA;KHR;10867690.941858985
BBFF3;CZECH REPUBLIC;NAD;42742.80968648371
BBFF3;IRAN (ISLAMIC REPUBLIC OF);COP;20312833.29545426
BBFF3;SINGAPORE;TTD;39462.67594441238
AACK3;NAMIBIA;JMD;174797.2925034539
AACK3;TAIWAN, PROVINCE OF CHINA;TZS;138834.04375844687
AACK3;BARBADOS;NGN;449824.42554868414
AACK3;PAPUA NEW GUINEA;CVE;291488.3888669974
NVVac;CHINA;BDT;291055.05472833087
NVVac;SAMOA;RWF;388492.8027046077
NVVac;EL SALVADOR;BIF;5442016.81233521
NVVac;RWANDA;BGN;609.131737431329
NVVac;SIERRA LEONE;BYR;87683476.3714507
NVVac;BAHRAIN;BIF;4893364.28375596
NVVac;SOLOMON ISLANDS;TRY;15671.37168757977
NVVac;DENMARK;BWP;44657.578626560986
NVVac;SURINAME;LVL;1833.1320789213585
NVVac;SOMALIA;MVR;13050.162811606995
NVVac;SWAZILAND;SEK;40756.22522102329
NVVac;INDIA;CNY;5815.489342450097
NVVac;SAUDI ARABIA;XAF;1659482.108010097
NVVac;VANUATU;ARS;1649.0570245474003
NVVac;VANUATU;GMD;220612.07045780314
NVVac;VANUATU;JPY;215100.35175372357
NVVac;IRAN (ISLAMIC REPUBLIC OF);SDG;1250334.8763178017
DEHLc;BANGLADESH;MAD;16067.35016310979
DEHLc;SUDAN;SOS;9189838.867826005
DEHLc;CHINA;WST;27429.895296719405
BBNX3;DOMINICA;TOP;16659.326646492245
BBNX3;ISRAEL;UYU;306016.52468879067
BBNX3;BRAZIL;KYD;3592.5377610981523
BBNX3;MOZAMBIQUE;MVR;1212.3156549851712
BBNX3;BANGLADESH;MVR;116850.69756345708
BBNX3;TOGO;ZAR;154377.07772344016
BBNX3;KENYA;CVE;512315.89616223244
BBNX3;PERU;CZK;143277.28078819354
BBNX3;PARAGUAY;NIO;166804.58698070145
BBNX3;UKRAINE;DJF;1210570.787067327
BBNX3;GUATEMALA;KRW;953432.4082365318
BBNX3;BRUNEI DARUSSALAM;XCD;20958.031501952537
BBNX3;KOREA, REPUBLIC OF;AZN;11150.674820172835
BBNX3;ALGERIA;TOP;19950.5801078866
BBNX3;BULGARIA;TWD;45288.35691583671
DHJKM;CAYMAN ISLANDS;ISK;3849838.025156027
DHJKM;JAPAN;NPR;2157289.1843401585
DHJKM;DJIBOUTI;ILS;39898.91757565666
DHJKM;SAO TOME AND PRINCIPE;RUB;259327.0488207703
DHJKM;UNITED ARAB EMIRATES;PES;5386095.330160168
DHJKM;MAURITIUS;MRO;6193049.818399915
DHJKM;QATAR;KYD;7422.029409372243
JKXX2;INDONESIA;SYP;744034.1290795503
JKXX2;BOTSWANA;MOP;1948.898986321334
JKXX2;ANGOLA;FJD;2558.147768738867
JKXX2;BOTSWANA;GHS;19625.571848946685
JKXX2;AUSTRALIA;GTQ;19137.69669048392
JKXX2;VIET NAM;MWK;2067611.359284909
IJMV1;QATAR;SZL;249367.38266801173
IJMV1;PERU;XAF;1973459.9427318596
IJMV1;SEYCHELLES;PKR;3913337.6564427065
IJMV1;ARUBA;SCR;116152.48756233213
IJMV1;YEMEN;IDR;44904653.80966675
IJMV1;PARAGUAY;AOA;10332348.148466002
IJMV1;SAUDI ARABIA;SYP;3516794.5550833712
IJMV1;COSTA RICA;BOB;113923.51423957052
IJMV1;UGANDA;CYP;305.00189947144213
IJMV1;EURO;TWD;528495.4863551044
IJMV1;SIERRA LEONE;CYP;7301.7976104231575
IJMV1;MALAWI;SOS;4146277.5279566958
IJMV1;MOZAMBIQUE;ALL;1058105.268435889
IJMV1;SRI LANKA;MZN;1333394.5899286212
IJMV1;BAHRAIN;INR;108082.30120819678
IJMV1;SWAZILAND;RON;80401.7376648337
IJMV1;ZIMBABWE;JPY;741076.1260606981
IJMV1;CYPRUS;BDT;1136231.5301170377
CGaa2;JAPAN;BHD;13185.75018742003
CGaa2;PERU;MGA;84030906.65222266
CGaa2;BAHAMAS;RON;109648.25382414406
CGaa2;PERU;PHP;2741496.9620925877
CGaa2;CZECH REPUBLIC;BYR;338540409.0726067
CGaa2;RWANDA;SVC;187681.93799055196
CGaa2;BERMUDA;HKD;377752.4341878949
CGaa2;MYANMAR;BBD;80956.0753155985
CGaa2;FIJI;CLP;26679291.623560682
CGaa2;JAMAICA;BZD;60163.26669081643
CGaa2;BAHRAIN;SRD;1606474.7221797472
CGaa2;BOTSWANA;SLL;525165439.3121853
CGaa2;KOREA, REPUBLIC OF;MVR;720685.1285834193
CGaa2;CENTRAL AFRICAN REPUBLIC;HRK;385701.6163553528
CGaa2;PERU;CVE;3722306.943734097
CGaa2;CAYMAN ISLANDS;SLL;137049073.34656242
CGaa2;INDONESIA;PKR;9989540.81090862
CGaa2;MACAU;VUV;2259744.015426551
CGaa2;HONDURAS;PGK;165869.46571062502
GGN23;IRAQ;CAD;1573.9457597691162
GGN23;BURUNDI;PES;277668.3923195379
GGN23;BRAZIL;MXN;5902.539956938104
CJLcc;HONDURAS;SVC;5072.149657774545
CJLcc;AZERBAIJAN;SVC;17100.30537814441
CJLcc;MAURITIUS;MVR;16720.26767916733
CJLcc;GUINEA;CYP;892.1568341970102
CJLcc;SAO TOME AND PRINCIPE;CZK;63278.34266321748
CJLcc;SRI LANKA;DOP;3174.385114792864
CJLcc;BURUNDI;MWK;1825100.7915568193
HVac2;IRAQ;AZN;4334.863822677773
HVac2;ZAMBIA;MRO;819683.7964650389
HVac2;VENEZUELA;CHF;2388.8653072277434
HVac2;MOZAMBIQUE;QAR;6613.118102108869
HVac2;PERU;VES;9258.038473993327
HVac2;KENYA;LVL;57.663721856126415
HVac2;EURO;DOP;122345.94491061091
HVac2;HAITI;NOK;31054.515079889006
HVac2;SRI LANKA;MYR;6356.981946961282
HVac2;NEW ZEALAND;IRR;75651175.13376355
HVac2;LIBYAN ARAB JAMAHIRIYA;PEN;3224.199383769331
HVac2;NETHERLANDS ANTILLES;KYD;1504.3360506115248
HVac2;HONDURAS;PES;479287.1239622049
HVac2;PAKISTAN;MYR;12754.72345520681
HVac2;EL SALVADOR;SLL;44912065.44227628
HVac2;DOMINICA;MYR;1811.5360570775442
HVac2;TOGO;CRC;430198.870445224
HVac2;COSTA RICA;SCR;18655.203017471733
HVac2;UGANDA;IDR;12158314.362528525
BCEbb;BHUTAN;ETB;213302.9017222469
BCEbb;PHILIPPINES;NOK;174700.1782789043
AGKWW;ARGENTINA;BWP;108271.11311488302
AGKWW;UNITED ARAB EMIRATES;HRK;743807.8494086692
AGKWW;SERBIA;TTD;506364.3477558871
AGKWW;MADAGASCAR;SAR;850892.3592304867
AGKWW;HAITI;RUB;2728564.1967868926
AGKWW;BURUNDI;NOK;1989288.5248073458
AGKWW;PAKISTAN;KES;23192528.239517447
AGKWW;ANGOLA;BYR;5284116017.430372
AGKWW;BOLIVIA;BND;207139.18267155573
AGKWW;JORDAN;BIF;233469415.69016773
AGKWW;ALGERIA;UGX;733050922.6031322
AGKWW;JORDAN;GYD;33590949.81068274
AGKWW;HUNGARY;BSD;183930.54648922107
LNNc3;HONG KONG;UGX;289681724.3878392
ABDIa;CAMBODIA;IDR;26609332.679685976
BHIZ3;GHANA;CHF;200.31822684952752
BHIZ3;ROMANIA;HNL;45655.428087119064
BHIZ3;LATVIA;BZD;298.55909865735805
BHIZ3;GUINEA;BOB;21171.307755431837
BHIZ3;INDIA;SEK;-325.41211967741185
BHIZ3;CAYMAN ISLANDS;BDT;538904.6567378856
BHIZ3;CHINA;SAR;15692.044070005537
HKMXY;PERU;KRW;7918857.26983407
HKMXY;NORWAY;DZD;365403.94321044476
HKMXY;SOMALIA;INR;215123.4671479686
FKMNc;BURUNDI;BSD;1564.7746851729592
FKMNc;RUSSIAN FEDERATION;NOK;15291.66396101402
FKMNc;HUNGARY;BSD;791.5587000739675
FKMNc;BRUNEI DARUSSALAM;STD;38345051.71969521
DJVXX;PARAGUAY;IQD;4117271.1037201234
DJVXX;LEBANON;NZD;6660.625630323322
DJVXX;MALDIVES;BHD;1191.6369205439457
DJVXX;VANUATU;AOA;1219458.4360516802
DJVXX;GUINEA;VES;54519.956126785546
DJVXX;DJIBOUTI;KWD;817.5561721893712
DJVXX;HONDURAS;ISK;53062.84785799112
MWWW3;CAPE VERDE;LYD;26157.606428752217
MWWW3;SIERRA LEONE;BHD;1834.8764374523473
MWWW3;EGYPT;AWG;4057.4987692167474
MWWW3;GUYANA;KYD;897.368243431919
AGWb3;MAURITANIA;JPY;164423.7949910409
AGWb3;ALBANIA;KYD;1657.6047801584098
AGWb3;POLAND;KRW;526045.1804831425
AGWb3;PAPUA NEW GUINEA;TTD;13283.473339307726
AGWb3;MACAU;BTN;575050.2465590127
AGWb3;DENMARK;MYR;25619.218860351622
AGWb3;HONG KONG;DJF;1060738.8606391263
IKKac;AZERBAIJAN;CRC;7124655.209022709
IKKac;SWITZERLAND;BGN;19284.034407335275
IKKac;BAHRAIN;HKD;25873.49376902611
IKKac;LIBYAN ARAB JAMAHIRIYA;SOS;6803542.355968868
IKKac;SURINAME;MUR;246628.37353582375
IKKac;ALBANIA;IRR;168481741.26316
IKKac;CZECH REPUBLIC;MVR;108337.84023525674
IKKac;UNITED KINGDOM;GBP;8309.271115456451
IKKac;NORWAY;XPF;1302832.890887067
IKKac;SAO TOME AND PRINCIPE;XPF;601295.1702656017
IKKac;CHILE;STD;33094391.004424855
IKKac;GHANA;LRD;1543494.0242367513
IKKac;BELARUS;NZD;4955.707104736586
IKKac;ZAMBIA;FJD;9059.680928415084
IKKac;ARUBA;SCR;72805.29993167824
IKKac;DOMINICAN REPUBLIC;PKR;989556.1981883745
IKKac;BANGLADESH;XPF;717871.1713184267
IKKac;KAZAKHSTAN;DOP;625236.6867943492
IKKac;GUINEA;KHR;4434695.869236621
ABBE3;FRENCH POLYNESIA;NAD;80885.96203672922
ABBE3;PERU;PYG;23209152.461603794
ABBE3;SRI LANKA;WST;4508.056626995006
ABBE3;FRENCH POLYNESIA;XAF;2241352.978174714
ABBE3;URUGUAY;BND;6762.37600070122
ABBE3;MAURITANIA;DOP;116273.52301937118
ABBE3;SOUTH AFRICA;ANG;1008.6214987912758
ABBE3;UNITED KINGDOM;TOP;13238.096871792988
ABBE3;CENTRAL AFRICAN REPUBLIC;SVC;10743.635472783679
ABBE3;NETHERLANDS ANTILLES;KES;563697.7757928853
ABBE3;TONGA;JPY;295836.8118101003
ABBE3;INDONESIA;MGA;23792687.627133586
DHMW2;JORDAN;EUR;22161.2327747781
DHMW2;TURKEY;CVE;2150212.8297531647
DHMW2;TURKEY;VND;526707494.81386113
DHMW2;BANGLADESH;LKR;5898351.39926907
DHMW2;UKRAINE;XCD;10263.768933397183
DHMW2;MOROCCO;LKR;3977723.7959038145
DHMW2;ARUBA;AWG;27087.243547875518
DHMW2;BARBADOS;MRO;722195.9549320268
DHMW2;PHILIPPINES;THB;241836.06004568873
DHMW2;SERBIA;BWP;261040.02761113134
DHMW2;SWAZILAND;MMK;16144839.745840104
DHMW2;LEBANON;MYR;67202.89645362263
DHMW2;BOLIVIA;NZD;30714.87780703716
DHMW2;NORWAY;NGN;9033838.436075803
DHMW2;SWAZILAND;PHP;790177.4299373031
DHMW2;CANADA;DZD;3319784.2669765847
DHMW2;CAYMAN ISLANDS;TRY;199547.97842188555
BKMYc;LIBERIA;VND;344929599.0639364
BKMYc;ICELAND;BYR;405936757.32423407
DDLLY;UGANDA;SDG;4335121.67115379
DDLLY;FIJI;NAD;103122.68061583527
DDLLY;GUYANA;XAF;4090575.5295324703
DDLLY;CHILE;HRK;42000.49692476849
DDLLY;MADAGASCAR;WST;3324.90154304238
DDLLY;UGANDA;SGD;10730.392090335856
DDLLY;IRAQ;BIF;8886566.379917582
DDLLY;MACAU;XOF;2013478.3779745095
DDLLY;TANZANIA, UNITED REPUBLIC OF;DJF;884546.8377996788
DDLLY;CAMBODIA;ZAR;118590.3274520174
DDLLY;LIBERIA;STD;30051204.470228836
DDLLY;BAHAMAS;NAD;39666.055265443596
DDLLY;EGYPT;GNF;15683768.833703151
DDLLY;BRAZIL;AED;20447.101125050394
DDLLY;NEPAL;PEN;13582.143809986928
DDLLY;SAMOA;SEK;49195.028737375986
DDLLY;LAO PEOPLE'S DEMOCRATIC REP;SDG;999106.169890249
DDLLY;SOLOMON ISLANDS;CRC;4442629.952284812
DDLLY;PAPUA NEW GUINEA;GYD;292699.69581836613
DDLLY;SOMALIA;ILS;5726.255651445465
KWabc;URUGUAY;MAD;112701.64400868896
KWabc;MOZAMBIQUE;BZD;26449.54650381526
KWabc;CAYMAN ISLANDS;GHS;505235.51386005286
KWabc;JORDAN;GYD;5789659.9648115495
KWabc;TRINIDAD AND TOBAGO;IRR;658738579.6727264
KWabc;GUYANA;RWF;28032814.778491206
KWabc;DJIBOUTI;KYD;23207.191231349472
HLWbc;MYANMAR;SCR;13355.21748315557
HLWbc;LATVIA;NAD;31728.85281208552
HLWbc;OMAN;SZL;11218.238849541116
HLWbc;KUWAIT;LVL;1217.6168452675627
HLWbc;NICARAGUA;BTN;116424.93816768467
HLWbc;TAIWAN, PROVINCE OF CHINA;RSD;144875.12318411746
HLWbc;IRAN (ISLAMIC REPUBLIC OF);LRD;261183.37804090255
HLWbc;BRAZIL;ZMW;17499.17569874745
HLWbc;CAPE VERDE;KHR;187038.82849479612
HLWbc;NEPAL;CVE;26062.90483685219
HLWbc;NORWAY;ZAR;25535.037192860076
EIbcc;TAIWAN, PROVINCE OF CHINA;KHR;1118384.9273435732
EIbcc;CROATIA;ISK;127507.65157456606
EIbcc;AZERBAIJAN;MMK;2562548.3851017896
EIbcc;IRAN (ISLAMIC REPUBLIC OF);BGN;688.0976516198635
EIbcc;MADAGASCAR;CLP;763326.8446080999
EIbcc;VIET NAM;KHR;1664680.8858568775
EIbcc;SOMALIA;NPR;149812.15286779616
EIbcc;RUSSIAN FEDERATION;RSD;88076.8873402868
EIbcc;NEPAL;GHS;11280.522133982271
EIbcc;IRAN (ISLAMIC REPUBLIC OF);BHD;30.752773209847795
EIbcc;POLAND;IRR;46887085.54612446
DHNNW;PAPUA NEW GUINEA;XCD;6124.246532377181
DHNNW;SWAZILAND;ALL;194009.18048365792
DHNNW;LEBANON;MOP;868.879087377081
DHNNW;COLOMBIA;BIF;895684.2449026793
DHNNW;MOZAMBIQUE;COP;7058324.290921093
BJJZb;AZERBAIJAN;RSD;2116367.690023088
BJJZb;ALBANIA;BSD;28198.114838280213
BJJZb;NETHERLANDS ANTILLES;SYP;16425715.026441986
BJJZb;MALAYSIA;DJF;4326032.551778163
BJJZb;MALAYSIA;MWK;17795672.597625423
BJJZb;MACAU;STD;34639675.94417908
BJJZb;ZIMBABWE;ARS;3282050.4048997043
BJJZb;CANADA;AWG;1029.6796478385634
BJJZb;PERU;INR;336388.3163977214
BJJZb;BELARUS;BND;22892.595059608848
IJLVc;EL SALVADOR;VUV;337216.03260950814
IJLVc;RUSSIAN FEDERATION;SRD;72918.74192537877
IJLVc;MADAGASCAR;THB;172823.18976028688
IJLVc;PARAGUAY;QAR;20457.441447981175
IJLVc;BOLIVIA;MUR;49692.875979681914
IJLVc;COLOMBIA;PKR;86208.09217658827
IJLVc;UKRAINE;MZN;67758.57776479218
IJLVc;ZIMBABWE;ILS;38302.61564762118
HHNNV;GAMBIA;XPF;1447851.8679963297
HHNNV;URUGUAY;NOK;165638.58629300175
HHNNV;THAILAND;NGN;338013.20997626736
HHNNV;NICARAGUA;VES;375541.6712067879
HHNNV;LIBYAN ARAB JAMAHIRIYA;AOA;8078934.124085746
HHNNV;PERU;IDR;289041931.8294207
HHNNV;BRAZIL;BYR;178673992.55989328
HHNNV;VIET NAM;ILS;28406.833627001237
HHNNV;EURO;BYR;105176204.2690399
HHNNV;BAHAMAS;BBD;4694.223576291496
HHNNV;SIERRA LEONE;PYG;22290590.61204202
HHNNV;ARUBA;DOP;365083.58671861066
HHNNV;EGYPT;XPF;494166.3454965229
HHNNV;SYRIAN ARAB REPUBLIC;BBD;27247.90362524901
FXY11;NORWAY;NOK;9483.988665629127
FXY11;TANZANIA, UNITED REPUBLIC OF;BRL;36207.738193141624
FXY11;JAPAN;SAR;3519.352230083087
ILLb2;SOMALIA;SVC;1547.6648846463218
ILLb2;ZIMBABWE;MUR;105117.89628092806
ILLb2;MAURITANIA;UAH;137553.03417597656
ILLb2;LIBYAN ARAB JAMAHIRIYA;MMK;3044537.5444717477
ILLb2;EL SALVADOR;INR;239507.50997652585
ILLb2;SOMALIA;MRO;721618.5595934574
ILLb2;BURUNDI;BRL;10279.820064819181
ILLb2;TUNISIA;MUR;150957.08221832805
ILLb2;EURO;PHP;203859.36227409038
ILLb2;MAURITIUS;ZAR;58827.6119025984
ILLb2;SAMOA;SCR;25966.98543768615
ILLb2;BARBADOS;VND;120943343.85894729
ILLb2;IRAN (ISLAMIC REPUBLIC OF);BIF;6300555.79013333
ILLb2;JAMAICA;RON;9.719410678261966
ILLb2;CENTRAL AFRICAN REPUBLIC;JMD;364710.5500190535
HIc13;LIBERIA;RWF;1170345.1133431983
HIc13;SOUTH AFRICA;LYD;1498.4338662667785
HIc13;CYPRUS;XOF;852037.272551709
HIc13;SOLOMON ISLANDS;SOS;342986.5485900166
HIc13;PANAMA;KRW;-390.34779973321076
HIc13;SWITZERLAND;MUR;39334.95562717021
HIc13;KENYA;ARS;201323.958717157
HIc13;KUWAIT;BSD;35.28508925038886
HIc13;CAPE VERDE;LKR;327701.28754459386
HIc13;PANAMA;INR;12589.310792841068
HIc13;EGYPT;NOK;10921.476126006875
HIc13;CHINA;BWP;15302.207072872723
HIc13;ICELAND;WST;2459.4316526173716
HIc13;PANAMA;VES;14885.409468859834
HIc13;SWITZERLAND;PAB;1076.6992948404372
HIc13;TUNISIA;SYP;209742.57410369196
HIc13;VIET NAM;NZD;1779.6633396243617
CGGa2;ALBANIA;PYG;6029729.500712395
CGGa2;CYPRUS;AOA;780535.7534187443
CGGa2;PAPUA NEW GUINEA;NPR;205755.82233290578
CGGa2;PAKISTAN;GNF;1153830.5000552712
CGGa2;ZIMBABWE;LBP;728767.7252569259
CGGa2;PARAGUAY;NAD;34643.691679999676
CGGa2;DENMARK;XPF;213345.36254296327
CGGa2;MALDIVES;LBP;-31657.74673121354
CGGa2;DENMARK;HUF;60943.25143774368
CGGa2;ARUBA;XAF;1235344.5790080053
CGGa2;ARUBA;KHR;4872323.013897218
CGGa2;FIJI;PYG;3076268.83503783
CGGa2;INDIA;VUV;30308.571564740545
CGGa2;RUSSIAN FEDERATION;JOD;1090.2048005295846
CGGa2;SIERRA LEONE;AZN;1217.657415926492
CGGa2;FIJI;KES;206248.3745615662
CGGa2;SOMALIA;SDG;159340.45348935304
CGGa2;MYANMAR;BWP;11998.505023845377
DDXXc;MOZAMBIQUE;BGN;4114.11131203993
DDXXc;BOLIVIA;PEN;11992.525852851357
DDXXc;VENEZUELA;QAR;123301.16212461377
EHIb3;INDIA;KZT;2374.3114225869067
EHIb3;JORDAN;GMD;14186.045045701616
EHIb3;GUYANA;MWK;178695.97436757054
EHIb3;SOLOMON ISLANDS;PKR;67877.3951575634
EHIb3;PERU;MRO;98303.5995363841
EHIb3;DOMINICA;CNY;1258.8170765092189
EHIb3;LIBYAN ARAB JAMAHIRIYA;PLN;233.32833729624474
EHIb3;BHUTAN;ETB;1869.4934425504164
ABBHc;MOROCCO;LBP;9769263.91215478
ABBHc;UNITED ARAB EMIRATES;BTN;141045.82689325168
ABBHc;UNITED KINGDOM;MZN;384279.9862331193
ABBHc;THAILAND;VES;691.5103294679877
ABBHc;SERBIA;CHF;2160.1668963977877
ABBHc;SURINAME;MYR;5457.2711719526205
ABBHc;BAHAMAS;PYG;44183296.37946066
ABBHc;NICARAGUA;CHF;161.93719760304197
ABBHc;MACAU;BZD;5349.775902043515
ABBHc;JAMAICA;PKR;279929.81740076485
ABBHc;CHINA;EUR;2392.0897813191395
ABBHc;LIBERIA;ISK;162515.18823512434
ABBHc;PANAMA;MUR;291851.73606175557
ABBHc;POLAND;SZL;13540.939289006772
ABBHc;KAZAKHSTAN;GYD;695377.0105792654
ABBHc;IRAN (ISLAMIC REPUBLIC OF);KRW;2450356.453950356
ABBHc;CAMBODIA;BZD;10355.368219319835
DFIVV;DOMINICA;MYR;5370.510916074719
BCJMY;DENMARK;XCD;36981.11805887773
BCJMY;BRAZIL;MYR;102122.89339908148
BCJMY;CAYMAN ISLANDS;DKK;138067.4946624167
AMMX1;SUDAN;KRW;24895685.690926556
AMMX1;ALGERIA;PES;3268085.817973149
AMMX1;HAITI;UAH;343624.89889193786
GKXbc;PANAMA;PKR;2186981.064204394
GKXbc;AZERBAIJAN;QAR;36656.244666011924
GKXbc;SOUTH AFRICA;THB;13897.665920929323
GKXbc;SOLOMON ISLANDS;SRD;79094.92149646548
GKXbc;ALGERIA;BOB;889.6250242997318
GKXbc;PHILIPPINES;KHR;3446969.5389041677
GKXbc;BAHAMAS;SEK;82255.14105115984
GKXbc;CANADA;AUD;11202.056177075126
GKXbc;AZERBAIJAN;UGX;36137693.023633145
GKXbc;YEMEN;SZL;28515.948540208934
GKXbc;SEYCHELLES;THB;207395.93758925298
GKXbc;MADAGASCAR;CRC;2013648.8726251218
GKXbc;ARGENTINA;LVL;3187.1523037395086
JLcc1;SWEDEN;BYR;14257009.139647901
JLcc1;ARGENTINA;ETB;14674.606392200007
JLcc1;JAPAN;SRD;5493.230088369998
JLcc1;KAZAKHSTAN;TZS;718278.0704278358
JLcc1;UNITED KINGDOM;PEN;77.12424898595862
JLcc1;MALAYSIA;PES;76491.78271936846
JLcc1;COSTA RICA;PLN;1423.5001724730116
JLcc1;ALGERIA;MMK;1021897.3209612726
CHMZ3;GAMBIA;NIO;38845.25063296167
CHMZ3;RWANDA;JPY;121832.36684196319
CHMZ3;MEXICO;KWD;857.8647851232313
CHMZ3;BAHRAIN;PEN;2656.262621146932
CHMZ3;CROATIA;KZT;1550714.0731674982
CHMZ3;TOGO;TTD;36211.61927956542
CHMZ3;THAILAND;BRL;1952.5581665551126
CHMZ3;ZAMBIA;GBP;5750.978037357491
FHK33;EGYPT;SLL;76215959.00274223
FHK33;SERBIA;VUV;144680.7075659624
FHK33;CAYMAN ISLANDS;LKR;1591805.5496322731
FHK33;DENMARK;SGD;15393.893351101664
FHK33;TUNISIA;SYP;2399186.2209658558
FHK33;PAPUA NEW GUINEA;DJF;1310218.9456395868
FHK33;BELIZE;CLP;4070677.3059974206
FHK33;PERU;DOP;156436.24918650507
FHK33;UKRAINE;AUD;8664.99065366901
FHK33;VIET NAM;MGA;10149684.350552006
FHK33;GAMBIA;BTN;33022.02953713227
FHK33;BURUNDI;PYG;41573813.837027825
FHK33;INDIA;GTQ;21782.377096798977
FHK33;TURKEY;BHD;4481.880817711293
FHK33;BAHAMAS;BIF;2547766.2778084837
FHK33;SEYCHELLES;BWP;7073.044890181837
FHK33;PANAMA;WST;32931.521107694025
FHK33;IRAQ;CZK;116917.27314978026
DZZ22;MALAYSIA;SYP;4688399.60637816
DZZ22;JAPAN;HUF;2350551.998074497
DZZ22;PAPUA NEW GUINEA;VES;43256.97233839745
DZZ22;RUSSIAN FEDERATION;IQD;1714233.2828413253
DZZ22;KENYA;CYP;1114.7988728680737
DZZ22;CAPE VERDE;KRW;10647097.578647897
DZZ22;LAO PEOPLE'S DEMOCRATIC REP;BOB;26835.517521233138
VYZ33;ALBANIA;KRW;935300.264146911
VYZ33;HONG KONG;LAK;30129973.82645487
FIMNY;DOMINICA;DOP;174871.64407619473
FIMNY;GUATEMALA;BTN;998264.5074310587
FIMNY;SWAZILAND;MYR;79428.86594498389
FIMNY;MADAGASCAR;LBP;7681229.520626729
ALMa3;BANGLADESH;PAB;6534.400834093477
ALMa3;FRENCH POLYNESIA;BSD;7746.193918067566
ALMa3;JAPAN;ZAR;144692.66202795604
