Client;Country;Currency;Transaction
ADILa;UGANDA;HTG;185590.7894024309
ADILa;BOTSWANA;ETB;68546.14738102554
ADILa;IRAN (ISLAMIC REPUBLIC OF);NIO;3485.0290640285884
ADILa;GUATEMALA;HNL;61097.77538523201
ADILa;SRI LANKA;NGN;993937.2661168387
ADILa;TURKEY;CVE;193142.3157265139
ADILa;JAMAICA;TWD;87823.44677155644
ADILa;BRUNEI DARUSSALAM;UYU;90723.43940125678
ADILa;BULGARIA;THB;17571.041301718447
ADILa;GHANA;CNY;14400.646790971094
ADILa;YEMEN;BDT;320951.31192482373
ADILa;MEXICO;HTG;228238.20655267863
ADILa;SWITZERLAND;KZT;72204.50904327037
ADILa;TOGO;MAD;6285.160688273149
ADILa;PANAMA;EGP;70428.53582080129
ADILa;CAYMAN ISLANDS;CHF;1154.7057670432798
ADILa;BOTSWANA;LRD;117059.7993847704
ADILa;VANUATU;NAD;11117.406669994785
BBBFX;TRINIDAD AND TOBAGO;MWK;10588308.587521717
BBBFX;TOGO;BBD;20828.919256716803
BBBFX;IRAQ;MUR;359607.7571298843
BBBFX;SEYCHELLES;NIO;159682.60071457975
BBBFX;SOLOMON ISLANDS;XAF;4567938.855310182
BBBFX;JAPAN;RON;25785.181190099258
BBBFX;PAKISTAN;UAH;135477.21774464112
BBBFX;PANAMA;BMD;2950.6766438283344
BBBFX;JAPAN;MXN;213544.7247920394
BBBFX;ALGERIA;ALL;285805.27557040204
BBBFX;CENTRAL AFRICAN REPUBLIC;XOF;62794.128750973556
EXXXY;MEXICO;BYR;161402583.81558192
EXXXY;MYANMAR;LBP;2078482.9511241566
EXXXY;VENEZUELA;KWD;1012.7051004923296
EXXXY;BOTSWANA;BIF;4981565.156457028
EXXXY;MOROCCO;UGX;15931917.200566532
EXXXY;THAILAND;TND;4308.305061310581
EXXXY;KAZAKHSTAN;CZK;132670.1589061168
EXXXY;VIET NAM;LRD;153977.39151726462
EXXXY;SERBIA;CRC;1295695.3895240596
EXXXY;VANUATU;CLP;6277698.46670042
EXXXY;THAILAND;HUF;119856.89234044244
EXXXY;MALDIVES;MYR;35357.25565320963
EXXXY;ARUBA;GBP;6032.716189283944
EXXXY;THAILAND;GHS;39634.283823858
EXXXY;ZIMBABWE;VND;62440645.583812214
EXXXY;BARBADOS;AWG;5391.510519557758
BBGbb;SRI LANKA;AZN;4330.327234785754
BBGbb;AUSTRALIA;IDR;48059443.08869611
BBGbb;MALDIVES;MMK;3820851.714241652
BBGbb;TAIWAN, PROVINCE OF CHINA;VUV;69689.93099619525
BBGbb;TURKEY;COP;5256975.801137806
BBGbb;EL SALVADOR;STD;44190291.08067576
BBGbb;INDIA;MZN;50602.568286145826
BBGbb;ISRAEL;SZL;37713.89020810569
BBGbb;QATAR;GYD;503763.75102646975
BBGbb;SOUTH AFRICA;BDT;103086.6096644969
BBGbb;GUATEMALA;SAR;11981.649497420689
BBGbb;BULGARIA;DJF;656650.7085019387
BBGbb;SYRIAN ARAB REPUBLIC;BRL;426.52893952292055
BBGbb;CHILE;BRL;715.4678985545764
BBGbb;SERBIA;XAF;127315.18749518324
BBGbb;SWEDEN;MOP;16552.834688468003
BBGbb;VENEZUELA;NAD;2095.9304820733814
ILb33;ARGENTINA;GYD;90712.7437077948
ILb33;VANUATU;IRR;855308241.6068491
ILb33;DOMINICA;PHP;1017091.8474687248
ILb33;VANUATU;WST;22719.19544269397
ILb33;BHUTAN;KRW;17255631.78153848
ILb33;BERMUDA;KHR;15854242.859306432
ILb33;ICELAND;XPF;2351394.034337083
ILb33;HUNGARY;PAB;2129.3625093236387
ILb33;DENMARK;TWD;195923.61870824164
ILb33;BRUNEI DARUSSALAM;BRL;72479.08314507686
ILb33;BURUNDI;MOP;95810.37193982417
ILb33;MAURITIUS;LBP;28021299.996187624
ILb33;CROATIA;BMD;3513.044342183753
ILb33;KAZAKHSTAN;HUF;2162127.1498867613
ILb33;YEMEN;TWD;522854.88644556893
ILb33;KAZAKHSTAN;RWF;22214922.95975073
BCNWb;TRINIDAD AND TOBAGO;BND;13890.440702870645
BCNWb;CAPE VERDE;ISK;1331693.3803367733
BCNWb;SEYCHELLES;PEN;32409.29225694855
BCNWb;TOGO;TND;302.40249900705084
BCNWb;MYANMAR;BZD;7966.190423493879
ELW11;BAHRAIN;PAB;177.43175497219713
ELW11;UKRAINE;FJD;986.1856242258333
ELW11;HUNGARY;BDT;108786.96818255394
ELW11;UKRAINE;COP;1062226.2742148982
ELW11;ROMANIA;BND;159.6012370875765
ELW11;SIERRA LEONE;NAD;17187.0040614065
ELW11;TURKEY;BDT;1392.918926793264
ELW11;PERU;SAR;3159.206833898142
AGLWY;BURUNDI;TOP;17149.109224448086
AGLWY;ICELAND;LAK;48252419.90226717
AGLWY;JAPAN;AWG;11634.56170937271
AGLWY;BOTSWANA;NAD;26794.358735807255
AGLWY;PANAMA;MWK;2708677.9396841605
AGLWY;LIBERIA;MVR;21736.619212270863
AGLWY;BOTSWANA;TOP;27663.55637946445
AGLWY;BELARUS;TZS;9596403.16012102
AGLWY;BULGARIA;VES;249214.5907353034
AGLWY;ARGENTINA;LBP;984575.4541501644
AGLWY;BAHRAIN;TND;17545.48884056721
AGLWY;BELARUS;MVR;116738.54135842115
AGLWY;SRI LANKA;PYG;56784426.44093989
AGLWY;BOTSWANA;AED;34075.271797792404
AGLWY;SWAZILAND;PLN;37535.6343090026
ILMY1;SAMOA;MXN;7647.190761450262
ILMY1;DOMINICA;IQD;3254846.337242213
ILMY1;DJIBOUTI;FJD;1651.1967441922682
ILMY1;NAMIBIA;TRY;33445.27222057321
ILMY1;PARAGUAY;UAH;2353.8040819086855
ILMY1;LATVIA;BYR;34300669.44383982
ILMY1;HAITI;NZD;1763.7907220231875
ILMY1;DOMINICAN REPUBLIC;IDR;19714751.09366193
ILMY1;BAHRAIN;ALL;204911.07953607535
ILMY1;BURUNDI;IRR;109303777.33580722
ILMY1;ROMANIA;MWK;2448948.530087602
KVa33;OMAN;OMR;28.105291692053935
KVa33;OMAN;KYD;148.02122695526614
KVa33;PHILIPPINES;RUB;9565.30757834836
KVa33;LAO PEOPLE'S DEMOCRATIC REP;BRL;273.51626522767003
KVa33;INDONESIA;VUV;26353.92472301035
KVa33;BANGLADESH;BBD;451.3497575416836
KVa33;CZECH REPUBLIC;NZD;264.46227319966533
KVa33;VENEZUELA;BGN;151.72819953662636
KVa33;NICARAGUA;NIO;275.3302081524011
KVa33;BAHRAIN;KWD;30.536476601407355
KVa33;DJIBOUTI;NZD;442.3624028012461
KVa33;MAURITANIA;CVE;14595.068046861936
KVa33;FRENCH POLYNESIA;MAD;2332.4178526744486
KVa33;MEXICO;MWK;190425.99733450887
GGMZZ;ROMANIA;PHP;597052.2333540992
GGMZZ;BOTSWANA;MYR;28568.05983482555
GGMZZ;ALBANIA;BWP;64767.32464623197
GGMZZ;BRUNEI DARUSSALAM;RON;41688.329295693045
GGMZZ;CROATIA;DOP;645764.7286165433
GGMZZ;LEBANON;XAF;4893764.366893716
GGMZZ;BULGARIA;MMK;20365677.641382635
GGMZZ;GUINEA;PKR;2040308.6497772331
GGMZZ;NIGERIA;KZT;2962057.958302732
GGMZZ;CROATIA;LRD;1295570.264443732
GGMZZ;AUSTRALIA;CYP;3606.3808051768824
GGMZZ;COSTA RICA;PYG;62062955.12522985
GGMZZ;MYANMAR;SOS;6123672.341448128
GGMZZ;UNITED ARAB EMIRATES;TWD;359660.0300426375
GGMZZ;CAPE VERDE;XOF;4047580.3265086357
AIZb3;NIGERIA;DOP;251908.26633789166
AIZb3;MOROCCO;TOP;10684.714755709016
AIZb3;LEBANON;TTD;52360.729365974665
AIZb3;HAITI;AOA;4880046.8399563255
AIZb3;MAURITANIA;ISK;1064944.539672674
AIZb3;SAMOA;FJD;19411.49996830462
AIZb3;BULGARIA;CAD;4131.592339112764
AIZb3;HUNGARY;GTQ;54974.39407195501
AIZb3;NIGERIA;BDT;954603.27655288
AIZb3;CZECH REPUBLIC;INR;406007.8199517477
AIZb3;SAUDI ARABIA;KHR;12283812.47954184
AIZb3;BARBADOS;JOD;3929.3024881427596
AIZb3;ETHIOPIA;JMD;1264398.055918629
AIZb3;BAHAMAS;ETB;436577.6334460357
AIZb3;LEBANON;RON;2260.559013889152
AIZb3;BURUNDI;TWD;26697.425627762772
DHHIc;CROATIA;BRL;14080.908544520336
DHHIc;SAUDI ARABIA;AED;12899.165486640715
DHHIc;FRENCH POLYNESIA;WST;4013.15247344036
DHHIc;MALAYSIA;PHP;103367.29358419907
DHHIc;THAILAND;BIF;7167264.518091813
DHHIc;ETHIOPIA;COP;35524859.766468555
DHHIc;MOROCCO;BMD;5552.01658864401
DHHIc;PERU;YER;1261528.8912101614
DHHIc;CENTRAL AFRICAN REPUBLIC;LYD;4144.730293897456
DHHIc;INDONESIA;BZD;5436.441012753924
EEEEa;ZAMBIA;MAD;6147.672585410601
CCI12;AZERBAIJAN;MGA;84474206.20866172
CCI12;BAHRAIN;NAD;165164.86493760248
CCI12;ALGERIA;ALL;1888933.3329070066
CCI12;BAHRAIN;CRC;20533839.871226538
CCI12;BOTSWANA;FJD;79524.97325963552
CCI12;CAPE VERDE;RUB;2387598.408055451
CCI12;NICARAGUA;HTG;1535767.8483350207
CCI12;SERBIA;VND;547862742.8819667
CCI12;EURO;INR;529585.4472392807
CCI12;MACAU;GHS;152109.48503475214
CCI12;CAPE VERDE;ARS;3079564.630368772
CCI12;SUDAN;EUR;28109.948375183918
CCI12;SYRIAN ARAB REPUBLIC;VUV;3818560.136252421
CCI12;INDONESIA;LRD;5894490.032182307
CCI12;HONDURAS;ISK;4044064.6118725487
ADDFc;HUNGARY;BOB;27772.741958917435
ADDFc;KAZAKHSTAN;MAD;605506.4678381889
ADDFc;ALGERIA;AED;9693.085140943884
ADDFc;CAMBODIA;CRC;33990421.7651913
ADDFc;ICELAND;MOP;372354.3010035923
ADDFc;BOTSWANA;XOF;22730037.04225714
ADDFc;TONGA;PES;1984531.588652463
ADDFc;NETHERLANDS ANTILLES;MAD;134707.16806816848
ADDFc;UNITED KINGDOM;SLL;216769495.5235978
EEFWY;IRAQ;BTN;444205.72991919913
EEFWY;CAMBODIA;BDT;446558.59928369574
EEFWY;SINGAPORE;UYU;178741.05964526284
EEFWY;CHILE;CRC;4587725.246578728
EEFWY;COLOMBIA;ETB;43239.68209456114
EEFWY;CAPE VERDE;BBD;9774.973441014437
EEFWY;VENEZUELA;HNL;133357.12756025573
EEFWY;PERU;SRD;252494.3555400487
EEFWY;ARUBA;JOD;2227.3325896578804
EEFWY;RWANDA;KHR;23593684.652865704
EEFWY;VENEZUELA;PHP;440900.73075230024
EILLX;VANUATU;GYD;1944593.8888562978
EILLX;JAPAN;ALL;865996.8915646255
EILLX;BAHAMAS;KES;181189.6663880839
CJLZ2;PAPUA NEW GUINEA;BMD;12131.484002173256
CJLZ2;HONG KONG;NPR;801917.2081547643
CJLZ2;GUYANA;CNY;112941.19316482851
CJLZ2;MALAWI;CNY;65191.11498390507
CJLZ2;PERU;MMK;10696033.26366616
FFMZc;ARGENTINA;MRO;445353.32649681944
FFMZc;MALAWI;HNL;180738.9993731493
FFMZc;GHANA;QAR;95328.35485625922
FFMZc;AZERBAIJAN;CVE;3186600.970888112
FFMZc;VIET NAM;DOP;592392.30384299
FFMZc;ALGERIA;LYD;44993.94277470178
FFMZc;RWANDA;STD;790614461.3940234
FFMZc;GHANA;CNY;245434.14894585256
FFMZc;NEPAL;KYD;28203.009479650063
FFMZc;BHUTAN;PGK;22955.901860588216
FFMZc;DOMINICA;NPR;3654365.27421298
FFMZc;BULGARIA;BWP;179845.24524980123
FFMZc;PHILIPPINES;DZD;4224183.070804947
FFMZc;PARAGUAY;BDT;1827892.2249469713
FFMZc;DOMINICA;CZK;812709.0406639242
FFMZc;SOMALIA;PHP;1760136.192083942
FFMZc;RUSSIAN FEDERATION;XCD;38330.28148062705
FFMZc;SYRIAN ARAB REPUBLIC;IDR;136967854.62989545
FFMZc;ETHIOPIA;BOB;63439.14789803987
FFMZc;LATVIA;VUV;1532372.43387231
EINNX;PERU;BMD;37509.94237915155
EINNX;PAKISTAN;NPR;6748720.894253474
EINNX;CHINA;PLN;144022.1291300789
EINNX;GHANA;BWP;475527.82578859635
EINNX;TUNISIA;YER;7734563.57301367
EINNX;PAKISTAN;XAF;34079211.60400509
EINNX;CYPRUS;PEN;137664.00304234226
EINNX;JAMAICA;BND;41427.246903973624
EINNX;MYANMAR;JOD;19283.204323249054
EINNX;SOLOMON ISLANDS;RON;184743.8295110551
EINNX;HUNGARY;ANG;70127.1383354068
EINNX;CHILE;XOF;27066610.325720504
EINNX;SEYCHELLES;YER;5110800.536666979
EINNX;IRAN (ISLAMIC REPUBLIC OF);DZD;1571995.351441816
EINNX;SURINAME;FJD;51137.41165604244
EINNX;CAPE VERDE;ISK;5374236.366951283
EINNX;ISRAEL;GYD;-56061.02968331343
EINNX;YEMEN;HUF;7502079.975893588
EINNX;KAZAKHSTAN;TZS;109489501.13112725
AGHNV;UKRAINE;AUD;109.61123016064025
AGHNV;DENMARK;RSD;73339.94252585967
AGHNV;PERU;TND;962.628927898433
AGHNV;PARAGUAY;COP;5007693.477834135
AGHNV;BULGARIA;NZD;1114.6833610869933
AGHNV;ARUBA;MGA;304004.2061649935
AGHNV;COLOMBIA;NGN;199621.24215338795
AGHNV;PANAMA;HTG;100633.18839711817
AGHNV;POLAND;MGA;4301225.225511566
AGHNV;LEBANON;MOP;5999.136173273748
AGHNV;JAMAICA;NGN;91651.41017120836
AGHNV;SAMOA;LBP;697154.6686022625
AGHNV;PAPUA NEW GUINEA;BSD;664.1708789870028
BGc23;PERU;RSD;49140.30056518885
BGc23;DJIBOUTI;JMD;1234578.5739976645
BGc23;FIJI;BBD;16185.913967314087
BGc23;KENYA;SDG;583238.8467218342
BGc23;ARGENTINA;CYP;1628.0516429772429
BGc23;FRENCH POLYNESIA;PLN;7929.591884255008
BGc23;CENTRAL AFRICAN REPUBLIC;WST;9491.046196907642
BGc23;SAMOA;BYR;30112905.36946013
BGc23;BOLIVIA;SLL;10142582.126606658
BGc23;GHANA;MZN;161575.21692171742
WWWWY;KOREA, REPUBLIC OF;BHD;3333.8306191183797
WWWWY;BOLIVIA;MZN;471520.61974239285
WWWWY;ETHIOPIA;SRD;257770.36521578804
WWWWY;EURO;XPF;1119869.8629117482
WWWWY;BERMUDA;MUR;344697.47762405203
WWWWY;IRAN (ISLAMIC REPUBLIC OF);AOA;4632244.580775467
WWWWY;RUSSIAN FEDERATION;MRO;3327293.621150282
WWWWY;PAPUA NEW GUINEA;BIF;22973680.359624185
FGKWb;JORDAN;BWP;159069.88313919725
FGKWb;KUWAIT;PKR;4021979.917395599
FGKWb;MOZAMBIQUE;HKD;100097.07828652457
FGKWb;CANADA;DJF;3189535.9374514692
FGKWb;DOMINICA;TTD;117838.3705015181
FGKWb;CANADA;ISK;812488.4796069968
FGKWb;MACAU;GMD;185332.81545122957
FGKWb;INDIA;BHD;1089.370888777458
FGKWb;ARGENTINA;TZS;2039145.4563224749
FGKWb;BELARUS;ETB;991852.4428702573
FGKWb;RUSSIAN FEDERATION;PES;3047689.7804683186
FGKWb;BANGLADESH;HTG;2263012.465844403
FGKWb;BOTSWANA;LYD;38910.91769479744
FGKWb;CAPE VERDE;XOF;10099665.074411104
GWbc2;PAKISTAN;KES;77801.2425305833
GWbc2;NICARAGUA;TZS;-12306.341550090863
GWbc2;CENTRAL AFRICAN REPUBLIC;SBD;6570.6663811468225
GWbc2;KUWAIT;SEK;3457.317529421223
GWbc2;BULGARIA;CRC;420138.82670562563
GWbc2;BELARUS;XPF;20396.3328232625
GWbc2;BELARUS;PLN;3480.3489395866554
GWbc2;KOREA, REPUBLIC OF;BGN;1448.1884988925467
ABb13;MOROCCO;DZD;329709.96068248065
ABb13;MACAU;SZL;554698.5232092986
ABb13;PANAMA;MRO;12482943.179322006
ABb13;ZIMBABWE;BWP;300209.2923031454
ABb13;MALAWI;BMD;14078.234078312993
ABb13;AUSTRALIA;SYP;11271406.057731634
ABb13;VIET NAM;SLL;443048298.72988373
ABb13;PAKISTAN;LRD;5708884.057109278
ABb13;DJIBOUTI;HNL;421884.4632450643
ABb13;ZAMBIA;AED;61804.84656920865
ABb13;ANGOLA;AZN;14818.063227579732
ABb13;PAPUA NEW GUINEA;MAD;156651.72170419586
ABb13;ANGOLA;MRO;15112633.912026271
ABb13;UGANDA;KRW;1391257.894086516
ABb13;PERU;BYR;172265030.7055266
ABb13;TAIWAN, PROVINCE OF CHINA;EGP;145006.0600849462
ABb13;BANGLADESH;BMD;10875.660782752542
ABb13;CZECH REPUBLIC;XAF;9650714.13249714
ABb13;SAMOA;SDG;15167396.672822446
ABb13;COLOMBIA;AOA;8589988.350681482
GNcc2;KOREA, REPUBLIC OF;BIF;13682709.721104128
GNcc2;SWEDEN;CVE;899426.5965035624
GNcc2;SERBIA;IQD;11778091.399785392
GNcc2;DOMINICA;CLP;4747418.615456677
GNcc2;DOMINICA;MGA;20668558.399859
GNcc2;LIBYAN ARAB JAMAHIRIYA;SCR;22536.87691257349
GNcc2;LEBANON;SAR;1877.9760333506574
GNcc2;MACAU;HUF;37041.97170073818
GNcc2;BELIZE;MGA;17284989.392534483
GNcc2;CAPE VERDE;ANG;10410.600221228326
GNcc2;KUWAIT;CHF;4228.443000653292
GNcc2;TONGA;HKD;41583.41403636813
GNcc2;SURINAME;JOD;849.0158011399883
GNcc2;FIJI;SZL;142851.06407030715
GNcc2;NIGERIA;HKD;11804.469974046095
CEKb2;RWANDA;JPY;807211.9949632516
CEKb2;NICARAGUA;AUD;6720.602590006056
CEKb2;SINGAPORE;CVE;519797.53268471267
CEKb2;PAPUA NEW GUINEA;BDT;495205.34453207854
CEKb2;TONGA;PHP;299367.60303762066
CEKb2;NIGERIA;BSD;4869.501245579791
CEKb2;KUWAIT;ILS;6955.048287667194
CEKb2;MOROCCO;AZN;5132.756272966182
CEKb2;PAKISTAN;DOP;348502.02411214396
CEKb2;NETHERLANDS ANTILLES;LVL;524.9331126345991
CEKb2;LIBYAN ARAB JAMAHIRIYA;YER;556604.9262961043
CEKb2;CANADA;SEK;12331.333599639958
CEKb2;PHILIPPINES;KWD;203.32549147272584
CEKb2;NETHERLANDS ANTILLES;DKK;14762.379196947442
CEKb2;ZIMBABWE;VND;74209499.65671867
CEKb2;DENMARK;GTQ;19034.700294708706
CEKb2;DENMARK;SCR;73633.73382057603
CEKb2;DOMINICAN REPUBLIC;BTN;337177.0690027182
CEKb2;TONGA;XOF;771064.7292827877
IJJJV;ICELAND;LRD;556742.9808816687
IJJJV;NAMIBIA;TRY;23095.451991870345
IKacc;CYPRUS;KHR;48428623.30059414
IKacc;EURO;ANG;25892.542861863993
IKacc;COLOMBIA;SEK;129670.05531324194
IKacc;BANGLADESH;ZWL;6684843.448790747
IKacc;FIJI;CNY;39451.38408235723
IKacc;CHILE;CLP;10339343.100597586
IKacc;MADAGASCAR;BRL;54512.68658415995
IKacc;MYANMAR;XPF;1834956.71066723
IKacc;PAKISTAN;MUR;447170.4784464182
IKacc;ALBANIA;ANG;28257.130309220218
IKacc;SIERRA LEONE;MUR;229928.91093659168
IKacc;QATAR;SEK;111007.81765180586
IKacc;UKRAINE;MZN;619292.1383298592
BBa11;NAMIBIA;MWK;4213074.702147927
BBa11;SAMOA;SOS;2156605.2912778454
BBa11;RUSSIAN FEDERATION;IDR;111830394.33834285
BBa11;PERU;KWD;500.6127557356043
BBa11;MYANMAR;CHF;2053.833385524836
BBa11;GUYANA;BOB;21417.681493723612
BBa11;GUINEA;LRD;313294.574238588
BBa11;URUGUAY;YER;1520275.3850187242
BBa11;CZECH REPUBLIC;ZMW;26423.821054722306
BBa11;VENEZUELA;SOS;1610059.7741527664
BBa11;LIBYAN ARAB JAMAHIRIYA;PHP;229767.50511866022
BBa11;UNITED ARAB EMIRATES;SOS;9581.20952277196
BBa11;GUATEMALA;KES;628322.8053736291
CFVV3;NORWAY;PYG;2864025.9663630724
CFKKb;YEMEN;GNF;6678297.425931462
BFHb2;SAUDI ARABIA;MVR;4507.605193868225
BFHb2;VIET NAM;BGN;251.34275122839816
BFHb2;TRINIDAD AND TOBAGO;ARS;75966.71645989345
BFHb2;SOUTH AFRICA;BSD;244.53154759190267
BFHb2;TRINIDAD AND TOBAGO;TOP;546.9535863820347
BFHb2;THAILAND;PKR;76269.37626565986
BFHb2;BARBADOS;BOB;2673.831634467255
BFHb2;NIGERIA;NAD;6459.083342527464
BFHb2;EGYPT;AUD;170.87937327677443
BFHb2;TANZANIA, UNITED REPUBLIC OF;KRW;412696.8732638524
BFHb2;POLAND;MZN;12120.43595307332
BFHb2;MAURITIUS;VES;7638.781886519396
BFHb2;BURUNDI;CAD;482.38357613830175
BFHb2;SRI LANKA;ARS;49087.36416410453
BFHb2;BURUNDI;KWD;3.0578939784873054
BFHb2;SRI LANKA;RON;1558.2251271062928
KLWb3;GUATEMALA;GHS;32340.455889865832
KLWb3;BELIZE;BSD;157.01702640154954
KLWb3;COSTA RICA;CVE;103452.26708789116
KLWb3;SINGAPORE;ETB;36795.6837254934
KLWb3;NEPAL;UAH;78608.46192712014
KLWb3;SURINAME;XOF;861374.3790083355
KLWb3;BRAZIL;KYD;738.6485348943224
KLWb3;UKRAINE;NOK;24853.64472131007
KLWb3;DENMARK;MWK;669684.7269090781
KLWb3;BANGLADESH;VES;46031.388446728284
KLWb3;KOREA, REPUBLIC OF;IRR;103417976.57384
KLWb3;SAUDI ARABIA;ETB;129086.22997987393
MYZZa;ROMANIA;XPF;781374.2868785502
MYZZa;SINGAPORE;GHS;60667.89818058182
MYZZa;PERU;SBD;-28.24395993476255
MYZZa;KOREA, REPUBLIC OF;COP;31270745.08414133
MYZZa;SUDAN;ILS;29687.46812408771
MYZZa;ALGERIA;IRR;248064292.07515606
MYZZa;PANAMA;LKR;536399.2902552983
CHHLM;PARAGUAY;THB;15963.061403097145
CHHLM;NORWAY;RON;7275.464167874549
CHHLM;NETHERLANDS ANTILLES;LYD;1144.9334169988454
CHHLM;FIJI;AWG;1363.0581418667311
CHHLM;COLOMBIA;TOP;2204.8275353652116
CHHLM;SRI LANKA;THB;33004.9119274811
CHHLM;PERU;QAR;2202.313361487965
CHHLM;BOTSWANA;MZN;65465.48137837195
CHHLM;SAUDI ARABIA;BWP;-227.31283213570478
CHHLM;ARGENTINA;EUR;162.3917778932497
CHHLM;NICARAGUA;EGP;40155.30835614868
FGHZZ;BAHAMAS;MUR;25551.425851049222
FGHZZ;IRAN (ISLAMIC REPUBLIC OF);BBD;13121.201833495528
FGHZZ;LIBYAN ARAB JAMAHIRIYA;NGN;1474316.9359706955
FGHZZ;VENEZUELA;ALL;329560.90614808147
FGHZZ;MOZAMBIQUE;PHP;207211.94733419002
FGHZZ;ICELAND;ALL;910520.9989115149
FGHZZ;CHILE;LAK;139430993.20451945
FGHZZ;UKRAINE;DKK;28735.403031823575
FGHZZ;TANZANIA, UNITED REPUBLIC OF;JPY;1016027.1673613964
FGHZZ;TONGA;TOP;18870.867722135186
FGHZZ;GUINEA;UYU;217151.76277677578
FGHZZ;FRENCH POLYNESIA;TND;28826.37094193345
FGHZZ;ETHIOPIA;RON;3284.922935254633
FGHZZ;CHINA;SDG;164455.00330445787
FGHZZ;URUGUAY;AUD;3726.2211773636595
FGHZZ;MADAGASCAR;UAH;81082.72401251731
FGHZZ;MEXICO;ZMW;27274.487881466994
FGHZZ;QATAR;BZD;13104.653232528395
FGHZZ;DJIBOUTI;NIO;320723.5980954472
FGHZZ;SURINAME;CVE;24751.97065287048
BJXW3;CANADA;SBD;70515.03188733482
BJXW3;URUGUAY;AUD;5800.637440462639
BJXW3;RUSSIAN FEDERATION;SBD;52720.89195764163
BJXW3;CZECH REPUBLIC;ETB;493005.081381465
BJXW3;COSTA RICA;SYP;5139364.7079161275
BJXW3;BURUNDI;SZL;55482.32135509408
BJXW3;HAITI;ZWL;6596735.80979146
BJXW3;SAUDI ARABIA;XAF;1702701.7031777145
BJXW3;VENEZUELA;XCD;395.63448574859837
BFIKM;CHINA;DJF;656812.0682447399
BFIKM;LAO PEOPLE'S DEMOCRATIC REP;ZMW;37971.67401668168
BFIKM;NEPAL;CLP;527140.9079191852
BFIKM;NEPAL;DJF;3346317.4093037695
BFIKM;BRUNEI DARUSSALAM;SDG;8398948.693289055
BFIKM;HONDURAS;TZS;29831233.041656476
BFIKM;SINGAPORE;LKR;2416002.8672678727
BFIKM;ETHIOPIA;BOB;41133.31870627668
BFIKM;CAMBODIA;BSD;9720.473759228189
BFIKM;ALBANIA;NIO;734377.9397842817
BFIKM;PARAGUAY;JOD;11057.02640300845
BFIKM;ZIMBABWE;SDG;3360439.291206762
BFIKM;COSTA RICA;SVC;146597.57211374535
BFIKM;BOTSWANA;SGD;3253.225361881825
KWW13;MAURITANIA;PHP;361964.4514381719
KWW13;SURINAME;TZS;8145217.588901495
KWW13;KUWAIT;UAH;75405.56394548192
KWW13;LIBERIA;EUR;2463.987236234387
KWW13;EURO;HRK;2227.9852285018796
KWW13;ZIMBABWE;IDR;68013056.12112741
KWW13;ALGERIA;MOP;5264.426560613002
KWW13;CZECH REPUBLIC;MOP;32165.491903334867
KWW13;TANZANIA, UNITED REPUBLIC OF;CLP;1737105.1334218478
FGJVc;EGYPT;ETB;1429792.095359898
FGJVc;SOUTH AFRICA;HKD;122609.0248563575
FGJVc;FRENCH POLYNESIA;BZD;47125.46238961966
FGJVc;CROATIA;VND;886052122.6417407
FGJVc;CAPE VERDE;CYP;17812.04375105693
FGJVc;PARAGUAY;MRO;7475653.353260436
FGJVc;ISRAEL;SVC;291572.30520927935
FGJVc;CHILE;CLP;24350868.460832912
FGJVc;BAHAMAS;NOK;286138.2285998506
FGJVc;SYRIAN ARAB REPUBLIC;ILS;96582.48026611455
FGJVc;TUNISIA;ETB;810513.037985927
FGJVc;SWITZERLAND;ILS;86882.11058315307
FGJVc;JORDAN;BSD;9185.290034142132
FGJVc;PERU;CRC;11587584.131338248
FGJVc;DOMINICAN REPUBLIC;DKK;83832.97294989084
FGJVc;SERBIA;SOS;15827933.368214225
FGJVc;TAIWAN, PROVINCE OF CHINA;MRO;8751164.865709942
ABMZ2;UGANDA;BTN;140651.6155530131
ABMZ2;NIGERIA;XPF;171814.07263618868
ABMZ2;KENYA;CNY;32076.190182764924
ABMZ2;CZECH REPUBLIC;THB;24134.37875447537
ABMZ2;JAPAN;RUB;234926.02085386976
ABMZ2;MAURITANIA;CAD;4853.503544900282
ABMZ2;BARBADOS;AWG;3108.142096697565
ABMZ2;MOROCCO;MGA;2258305.28393419
ABMZ2;MALAYSIA;KHR;15487854.16445523
ABMZ2;SOUTH AFRICA;AWG;3305.56088208037
ABMZ2;PAKISTAN;BND;4707.904980905735
KVXWb;BELARUS;HTG;642348.2113675385
KVXWb;MALAYSIA;AWG;11035.072494441009
KVXWb;DENMARK;OMR;1102.7339023421084
FHHL3;DOMINICAN REPUBLIC;CYP;591.356353049907
FHHL3;KUWAIT;NIO;23588.523675151027
FHHL3;BERMUDA;GNF;4152866.5246360097
FHHL3;MOZAMBIQUE;GYD;176519.65115571953
FHHL3;ARUBA;ZAR;18367.461668204323
FHHL3;SAMOA;AWG;563.1131689738929
FHHL3;NEW ZEALAND;COP;806144.678311696
FHHL3;KENYA;PES;45199.208499765955
FHHL3;KUWAIT;AOA;746009.8800572649
FHHL3;MALDIVES;TTD;9673.217458779054
FHHL3;SAUDI ARABIA;LYD;8183.988362583229
FHHL3;LIBERIA;SLL;11902453.12716428
FHHL3;KUWAIT;BDT;101044.80030849071
FHHL3;BHUTAN;CHF;643.3561393382258
FHHL3;GUATEMALA;CRC;1010698.9071261772
FHHL3;POLAND;LYD;4304.03902025767
FHHL3;BRUNEI DARUSSALAM;YER;73020.84703574187
FHHL3;KENYA;CRC;1035615.4426838019
FHHL3;TRINIDAD AND TOBAGO;IQD;763071.3597575659
FHHL3;MALDIVES;GMD;76991.93776846785
VZZbb;TOGO;BZD;61274.25479196018
VZZbb;GHANA;STD;866414969.7359778
VZZbb;CAMBODIA;VES;52008.27077420233
VZZbb;UNITED KINGDOM;CRC;468189.3475156403
VZZbb;MYANMAR;GHS;76594.79533616202
VZZbb;TURKEY;ETB;2015423.3047929518
HILaa;PERU;CHF;3773.162090909902
HILaa;KENYA;BWP;6897.311149241468
HILaa;SWAZILAND;JPY;381486.80008767755
HILaa;SWITZERLAND;SRD;136180.3678772141
HILaa;MALAYSIA;ALL;248059.27833726065
HILaa;AZERBAIJAN;MAD;12295.74790716174
HILaa;MEXICO;WST;11513.160684056287
HILaa;VENEZUELA;YER;807580.2037444314
HILaa;YEMEN;MGA;12851753.876187257
HILaa;IRAN (ISLAMIC REPUBLIC OF);MZN;221931.268745038
HILaa;PAKISTAN;GBP;449.76480877106974
HILaa;INDONESIA;PLN;11415.485715611088
HILaa;JAMAICA;WST;6315.814763120801
HILaa;TAIWAN, PROVINCE OF CHINA;SAR;8961.776635326458
HILaa;DOMINICA;SCR;55529.846531447365
HILaa;TURKEY;PLN;14221.927582866107
GIac3;CAPE VERDE;JMD;51788.97909222205
GIac3;IRAN (ISLAMIC REPUBLIC OF);SEK;1145.7018202250138
GIac3;IRAN (ISLAMIC REPUBLIC OF);HTG;44505.58139854883
GIac3;TOGO;CVE;6384.393584278155
GIac3;CENTRAL AFRICAN REPUBLIC;SGD;363.6660253336
GJLL2;PARAGUAY;AWG;1845.7143408935785
GJLL2;BRAZIL;PKR;7487.986291362749
GJLL2;COSTA RICA;UYU;31416.06907599218
JVbbc;SURINAME;MYR;7634.9433105581975
JVbbc;MAURITIUS;RUB;22745.6139683619
JVbbc;DOMINICAN REPUBLIC;NGN;5529988.008537166
JVbbc;INDONESIA;XPF;632164.3244847044
JVbbc;SOMALIA;TOP;25597.17360543654
JVbbc;BOTSWANA;MWK;5518342.474590901
JVbbc;COLOMBIA;MZN;564635.3397278119
JVbbc;BOTSWANA;VUV;99107.26975075956
JVbbc;TANZANIA, UNITED REPUBLIC OF;RSD;1134039.6246523391
JVbbc;MALAYSIA;CRC;126751.10481975686
JVbbc;CAMBODIA;TRY;27215.368974877
JVbbc;GUYANA;SOS;6810376.992729889
JVbbc;COSTA RICA;DJF;1934536.9748460632
JVbbc;ARGENTINA;TWD;-4205.970160012396
JVbbc;SUDAN;SLL;65513793.38918473
JVbbc;CZECH REPUBLIC;IRR;164453321.81840193
JVbbc;SOLOMON ISLANDS;BWP;50480.567004908306
JVbbc;EGYPT;MGA;6104186.148826606
MMMXc;MADAGASCAR;AWG;10680.462858400764
MMMXc;DOMINICA;CLP;10787400.786935993
MMMXc;NAMIBIA;AZN;12244.390046129523
MMMXc;MAURITIUS;SAR;12346.387158771315
MMMXc;JAPAN;GHS;176624.0605004286
MMMXc;PAKISTAN;TRY;208505.9070851932
MMMXc;ALGERIA;MAD;28530.956668087292
AFFc1;PAKISTAN;DKK;80650.57451202853
AFFc1;DOMINICA;JPY;1189343.1828934893
AFFc1;URUGUAY;BHD;5307.664968031119
AFFc1;BOTSWANA;MXN;169987.2809306034
AFFc1;RWANDA;BGN;28232.637827673352
AFFc1;TONGA;AOA;167558.11079889192
AFFc1;ALBANIA;PKR;409430.8920596434
AFFc1;VIET NAM;WST;16847.04446665347
AFFc1;DOMINICA;NGN;2023670.4360289448
AFFc1;ALBANIA;WST;13414.498061729619
AFFc1;CAMBODIA;SZL;0.0
AFFc1;MEXICO;PLN;72115.98127812053
AFFc1;NEW ZEALAND;BZD;16016.225954945632
AFFc1;BARBADOS;SGD;14526.476112386285
AFFc1;SOUTH AFRICA;BOB;1935.2250176265165
AFFc1;ISRAEL;JOD;8946.354531191862
AFFc1;CANADA;BTN;1276844.6094117875
AFFc1;DOMINICA;KZT;1423105.6963183712
CGGJ2;YEMEN;TWD;69324.9318143044
CGGJ2;SAMOA;MZN;398201.2556162794
CGGJ2;CANADA;SOS;5364716.478782713
CGGJ2;BOTSWANA;GMD;42078.82867852576
CGGJ2;TAIWAN, PROVINCE OF CHINA;GNF;81364119.47002177
CGGJ2;POLAND;SBD;20197.415114430358
CGGJ2;PHILIPPINES;NOK;3002.6249899832264
CGGJ2;SWAZILAND;CLP;606337.7251057538
CGGJ2;GUINEA;GMD;84469.35238429987
CGGJ2;CZECH REPUBLIC;PEN;50966.8643463071
CGGJ2;CAPE VERDE;HRK;50507.41980869705
CGGJ2;INDIA;BWP;26662.97446154045
CGGJ2;UGANDA;BND;6669.134535050076
CGGJ2;MALAWI;BDT;89453.85690461757
CGGJ2;MACAU;LKR;3913866.794613537
JVY12;SWEDEN;AZN;1039.9161610611684
JVY12;NICARAGUA;MRO;402946.9784170701
JVY12;ZIMBABWE;PKR;36021.47686512692
GKLVZ;SWEDEN;BBD;953.0405570961741
GKLVZ;CYPRUS;DZD;1028194.0403040807
GKLVZ;GHANA;QAR;7263.5212442126085
GKLVZ;INDONESIA;DKK;31604.417593028164
GKLVZ;SERBIA;ZWL;9079598.265333576
GKLVZ;SEYCHELLES;HKD;56025.04096957751
GKLVZ;BELARUS;KRW;15168771.004345851
GKLVZ;SUDAN;IDR;146633178.58330283
GKLVZ;NORWAY;AUD;10590.066613343231
GKLVZ;PARAGUAY;BND;3262.2031200746287
BCJXW;PERU;KHR;27323200.44912083
CDDZa;SWEDEN;KRW;11190113.859433107
CDDZa;ARGENTINA;BIF;21509300.858530805
CDDZa;BAHRAIN;LYD;52062.05768928138
CDDZa;CAYMAN ISLANDS;TWD;8081.548141980992
CDDZa;LATVIA;NPR;8991.789194419085
CDDZa;HONG KONG;ETB;392940.8580811046
CDDZa;CAYMAN ISLANDS;RON;11654.839487307425
CDDZa;JAMAICA;VND;140149781.92392838
CDDZa;EL SALVADOR;GTQ;24244.326162891448
CDDZa;CYPRUS;MRO;2799663.134394549
CDDZa;TAIWAN, PROVINCE OF CHINA;TWD;60066.57642272383
CDDZa;JAPAN;PAB;7629.535106503203
CDDZa;FRENCH POLYNESIA;DKK;9493.867339097558
CDDZa;GUYANA;KWD;1423.5901836133712
CDDZa;CHILE;CRC;5856419.983792462
CDDZa;CHILE;BWP;29903.281268497118
CDDZa;SAO TOME AND PRINCIPE;TZS;2357025.611623736
CDDZa;QATAR;BZD;1192.8679335815177
CDDZa;VANUATU;DZD;239631.3355637458
CDDZa;BRUNEI DARUSSALAM;XPF;851692.3137424303
CHLLc;QATAR;GYD;3888184.6971949455
CHLLc;LIBYAN ARAB JAMAHIRIYA;BGN;67136.49189478945
CHLLc;NETHERLANDS ANTILLES;WST;2054.587325011826
CHLLc;VIET NAM;RUB;1298645.8025915916
CHLLc;INDONESIA;BHD;12652.099093135268
CHLLc;MOZAMBIQUE;CAD;49783.872531554116
CHLLc;ROMANIA;PGK;12069.633826839972
CHLLc;EL SALVADOR;KWD;2893.068454888257
CHLLc;MAURITIUS;BOB;215730.36195265577
CHLLc;DENMARK;MOP;89896.79315204736
CHLLc;CENTRAL AFRICAN REPUBLIC;JOD;9352.064935265802
CHLLc;SURINAME;CAD;29000.16691621895
CHLLc;BAHRAIN;RUB;146303.71436107668
CHLLc;HONG KONG;SCR;514586.08573077986
FGXa2;THAILAND;TOP;10590.814937337065
FGXa2;AUSTRALIA;AZN;971.2961742817471
FGXa2;SWITZERLAND;MYR;71867.84875912702
FGXa2;MYANMAR;KHR;3759074.8214222584
BJZc2;URUGUAY;XCD;12767.65009434686
BJZc2;KENYA;XOF;3136304.025529524
BJZc2;SIERRA LEONE;MWK;1299603.8175490834
BJZc2;ALGERIA;AOA;-8839.807624787118
BJZc2;UGANDA;HNL;115618.6432401108
BJZc2;EURO;CVE;561608.9103798245
BJZc2;DENMARK;SYP;632952.2343473432
BJZc2;EL SALVADOR;MZN;159695.09404126398
BJZc2;NEW ZEALAND;HUF;1726857.2141697335
BJZc2;LAO PEOPLE'S DEMOCRATIC REP;SGD;3123.532128815493
BJZc2;PERU;AZN;880.588785171433
BJZc2;KENYA;MVR;19629.084698418523
BJZc2;ZIMBABWE;VND;87010019.97507495
BJZc2;SUDAN;MRO;997660.4692114237
GXW33;PAKISTAN;UGX;342947.45415037096
GXW33;SIERRA LEONE;KZT;542639.2740886203
GXW33;ALBANIA;CLP;1340618.7782218782
GXW33;HONG KONG;ILS;7253.363616550712
GXW33;BERMUDA;IQD;1255254.890823121
EINX3;BRAZIL;BZD;574.5924517641398
EINX3;SAMOA;GBP;800.3865800104384
EINX3;PANAMA;PEN;3660.9747640972337
EINX3;SEYCHELLES;NIO;85004.0780395813
EINX3;SURINAME;TND;1365.9019015620636
EINX3;VANUATU;JMD;96895.17491055808
EINX3;MAURITIUS;MYR;4165.082088206632
EINX3;BAHAMAS;NAD;30351.986357363952
EINX3;MOROCCO;DKK;11622.170159723046
EINX3;NAMIBIA;BBD;2343.2749314381267
LLVXc;LAO PEOPLE'S DEMOCRATIC REP;THB;235145.78960645956
LLVXc;SWITZERLAND;AED;45144.96811219177
LLVXc;SINGAPORE;BGN;107494.3008238258
ADDNX;MAURITIUS;ANG;488.01248263354097
ADDNX;SINGAPORE;HUF;17721.401347347204
ADDNX;MALDIVES;UAH;1130.720209393858
ADDNX;UNITED ARAB EMIRATES;PYG;1462005.5719723126
ADDNX;MOROCCO;NIO;1849.3880611512554
ADDNX;HONG KONG;DKK;978.5414035629115
ADDNX;ZIMBABWE;LBP;356313.0178510234
ADDNX;THAILAND;ILS;1250.462128891741
ADDNX;CAMBODIA;XAF;159023.10611843583
ADDNX;KENYA;INR;13403.254581646395
ADDNX;FIJI;ZMW;4353.407992318785
ADDNX;TOGO;BYR;4081757.3000171343
ADDNX;DJIBOUTI;CRC;177945.5691414436
ADDNX;NICARAGUA;WST;1018.2459960772445
ADDNX;GUATEMALA;GMD;15534.557828033652
ADDNX;MALDIVES;DJF;1707.1840150957132
HNNYY;OMAN;PYG;949869.4656688791
HNNYY;NORWAY;RSD;331841.57187315647
HNNYY;MALAYSIA;SCR;33878.1125246533
HNNYY;TRINIDAD AND TOBAGO;MWK;-1769.9200548091687
HNNYY;TRINIDAD AND TOBAGO;BRL;8679.93362607107
HNNYY;CHINA;THB;59372.5933135468
HNNYY;PERU;BOB;17589.49424062178
HNNYY;BERMUDA;ZMW;45814.97913653659
HNNYY;UKRAINE;ANG;25.931769636559586
EIJNa;ALGERIA;HNL;921558.3414696723
EIJNa;JAMAICA;OMR;11639.062157121638
EIJNa;SURINAME;CZK;90141.86229725051
EIJNa;ROMANIA;AZN;43264.53515850816
EIJNa;MALDIVES;DZD;2657264.269490711
EIJNa;NETHERLANDS ANTILLES;ARS;678387.0071055525
EIJNa;SWEDEN;JMD;5984040.381619366
EIJNa;SWEDEN;XCD;4961.751252200699
EIJNa;BANGLADESH;AUD;17400.6407485179
EIJNa;FIJI;NIO;535465.0028455813
EIJNa;BRUNEI DARUSSALAM;ZAR;370955.9251066145
EIJNa;SUDAN;LBP;7429273.995811035
EIJNa;SUDAN;HNL;340946.8622066151
EEFLZ;LATVIA;CNY;6526.700395584876
EEFLZ;GUINEA;LRD;122095.19145157712
EEFLZ;SWAZILAND;ZAR;26515.168820201652
EEFLZ;ZAMBIA;TND;275.12042771899326
GVWYb;VANUATU;MVR;14703.364019736937
GVWYb;MAURITIUS;STD;112907290.94543345
GVWYb;UGANDA;NGN;1382230.4141604814
GVWYb;TONGA;SAR;20797.615489864307
GVWYb;MAURITANIA;TRY;6093.445724395906
GVWYb;GUYANA;PLN;13913.962688265006
GVWYb;DOMINICA;OMR;884.7574365137716
GVWYb;EL SALVADOR;PAB;3793.228023992276
GVWYb;UKRAINE;LVL;2586.480106354225
GVWYb;LIBERIA;ALL;327397.7623181839
GVWYb;KUWAIT;BMD;1182.5334358701928
GVWYb;SUDAN;PAB;7058.396462277971
GVWYb;TRINIDAD AND TOBAGO;PLN;20625.101337219832
GVWYb;NETHERLANDS ANTILLES;NOK;35863.4037152099
GVWYb;ZAMBIA;SBD;39813.23114897855
GVWYb;PERU;BND;3516.5469629252275
GVWYb;MYANMAR;DJF;1224901.05667284
GVWYb;EGYPT;MXN;126470.23230294263
GVWYb;SAO TOME AND PRINCIPE;BSD;1531.372798549086
GVWYb;ZAMBIA;BDT;55434.19263301928
AHYc3;SERBIA;TZS;47444683.25054199
AHYc3;SAO TOME AND PRINCIPE;PES;-51640.1236248622
AHYc3;ALBANIA;ZWL;4734993.358788131
AHYc3;KUWAIT;XAF;18921572.308982607
AHYc3;CAYMAN ISLANDS;LYD;19117.835409786112
AHYc3;OMAN;NAD;476725.79042713327
AHYc3;BANGLADESH;CLP;23659486.59337551
AHYc3;SYRIAN ARAB REPUBLIC;AOA;8728135.239911752
AHYc3;BAHRAIN;ISK;657958.1544939112
AHYc3;GHANA;ZAR;335763.1553706585
AHYc3;TONGA;LVL;14745.662002188665
AHYc3;KAZAKHSTAN;BRL;101394.25802476112
AHYc3;NICARAGUA;MWK;17786063.933321778
AHYc3;BULGARIA;CVE;1493347.4545311714
AHYc3;DOMINICA;DKK;222155.8811476007
HIWW3;ALBANIA;BRL;4206.043279954725
HIWW3;EGYPT;CRC;1646386.4478096473
HIWW3;ZAMBIA;SRD;260008.4128258184
HIWW3;ROMANIA;ISK;113525.7732537013
HIWW3;INDIA;PLN;45678.116143690575
HIWW3;LATVIA;LYD;24309.226921104502
HIWW3;YEMEN;MAD;113422.80404517181
HIWW3;FIJI;UGX;19443179.29976929
HIWW3;CZECH REPUBLIC;AWG;15915.636365037293
HIWW3;YEMEN;SOS;492794.4362970072
HIWW3;QATAR;SYP;1686943.1800522343
HIWW3;SAO TOME AND PRINCIPE;DZD;-13133.894848768938
HIWW3;ARGENTINA;ZMW;6581.68851034663
HIWW3;URUGUAY;DOP;442419.36717353313
HIWW3;FRENCH POLYNESIA;CAD;7102.300694822553
HIWW3;SOMALIA;PYG;9844784.396884672
HIWW3;SOMALIA;PKR;1590406.8995399422
HIWW3;CAMBODIA;XOF;2548161.6424784986
KKVXb;ARUBA;BMD;8063.346402343277
KKVXb;NEW ZEALAND;CRC;10346416.362967132
KKVXb;SINGAPORE;IDR;107526733.36161044
KKVXb;PHILIPPINES;TWD;124173.02564043444
KKVXb;HONDURAS;INR;426314.7797766577
BEEMX;SAUDI ARABIA;PEN;4545.374088913465
BEEMX;SOLOMON ISLANDS;BND;794.9018140228475
BEEMX;SAUDI ARABIA;VES;10502.879629607221
BEEMX;SAUDI ARABIA;ZMW;4535.411743938901
BEEMX;BURUNDI;XAF;969266.5856367938
BEEMX;LATVIA;CYP;467.3398578636656
BEEMX;MALAWI;NZD;2052.942357431951
BEEMX;GUINEA;CRC;616503.0079483219
BEEMX;HUNGARY;GNF;5146233.483814288
BEEMX;CAMBODIA;VES;20297.535884816178
BEEMX;BARBADOS;RWF;198735.526259514
AKMVX;VENEZUELA;UGX;51569621.97847394
AKMVX;NICARAGUA;HRK;79436.56383501537
AKMVX;SAMOA;IQD;22501278.151731703
AKMVX;JAPAN;SCR;132270.02995430573
AKMVX;IRAN (ISLAMIC REPUBLIC OF);UYU;349076.51212667837
AKMVX;TANZANIA, UNITED REPUBLIC OF;EGP;197630.61983600727
AKMVX;GUYANA;BSD;12363.454838949649
AKMVX;EL SALVADOR;RSD;1091185.8208086856
AKMVX;IRAQ;AOA;4265792.581651579
AKMVX;ZIMBABWE;YER;1496159.3240848589
AKMVX;HUNGARY;SCR;177040.09150696278
AKMVX;JAMAICA;ZAR;215791.74139867656
BINWb;THAILAND;IRR;18071913.089109853
BINWb;SWITZERLAND;RSD;61389.91460010101
BINWb;LAO PEOPLE'S DEMOCRATIC REP;IDR;2306863.1475836625
BINWb;EURO;BGN;617.199906476486
BINWb;QATAR;RON;2550.4497270654456
BINWb;MEXICO;MZN;38147.15957079244
BINWb;COLOMBIA;XCD;1456.9334849047223
BINWb;MAURITIUS;KHR;-21545.461015875513
BINWb;DOMINICAN REPUBLIC;GTQ;3967.6610260002235
BINWb;BHUTAN;SZL;10450.799896326931
BINWb;MOROCCO;CLP;276498.1483030665
BFFF3;COLOMBIA;EGP;37739.93198591549
BFFF3;VANUATU;YER;183687.224404119
BFFF3;SURINAME;MWK;150097.62933479095
BFFF3;BHUTAN;GYD;284884.464192174
BFFF3;KAZAKHSTAN;XAF;848905.53617626
BFFF3;SRI LANKA;ISK;131500.4443178461
BFFF3;KOREA, REPUBLIC OF;JOD;545.3424786311039
BFFF3;UKRAINE;PLN;5909.822427623069
BFFF3;KENYA;CVE;195813.92458367065
BFFF3;CAYMAN ISLANDS;AZN;168.44465220776968
BFFF3;TAIWAN, PROVINCE OF CHINA;WST;1729.3258252379903
BFFF3;BOTSWANA;ZMW;16049.413400224663
BFFF3;SIERRA LEONE;PLN;399.27846224789073
BFFF3;VANUATU;BND;299.98151209153417
AHXXY;CHILE;SZL;68455.90348737323
AHXXY;SUDAN;TTD;34215.60132713481
AHXXY;BAHAMAS;SRD;28724.579482554876
AHXXY;MALAYSIA;UGX;9424245.3229248
AHXXY;BURUNDI;SGD;12528.706228532003
AHXXY;CYPRUS;BDT;694693.5779325599
AHXXY;SOMALIA;BRL;2270.7443356957715
XWYaa;GHANA;BYR;73173050.3889595
XWYaa;BELARUS;MGA;12903474.827403408
XWYaa;LEBANON;TTD;1020.8878277681607
XWYaa;SRI LANKA;MWK;272040.43116428255
XWYaa;KUWAIT;SDG;205651.77641196904
XWYaa;ETHIOPIA;GHS;8620.901218189607
XWYaa;EGYPT;ZAR;17647.12852808627
XWYaa;HONDURAS;LYD;10659.169009038129
NXWc1;TONGA;BND;334.86778315993615
NXWc1;MOZAMBIQUE;SGD;329.69518033071915
NXWc1;HONDURAS;MOP;2436.7757899615126
NXWc1;EGYPT;BBD;662.794891126939
NXWc1;NAMIBIA;TOP;321.8448072340399
NXWc1;ANGOLA;NIO;3813.4132927938695
NXWc1;SAUDI ARABIA;PES;51911.33214497952
NXWc1;CZECH REPUBLIC;BMD;319.55941346569034
NXWc1;NETHERLANDS ANTILLES;ARS;38620.35359233902
NXWc1;CHINA;NIO;8224.152067935584
NXWc1;MACAU;KHR;1257431.0943581932
NXWc1;COLOMBIA;STD;6628360.409049196
NXWc1;CENTRAL AFRICAN REPUBLIC;PES;9156.939804792903
NXWc1;NIGERIA;KWD;25.84416570247415
NXWc1;CAYMAN ISLANDS;MUR;6157.089736114264
NXWc1;GUATEMALA;QAR;991.0535437783404
BGHXX;OMAN;LVL;1237.325344474647
BGHXX;THAILAND;XOF;649781.4042601179
BGHXX;DJIBOUTI;GBP;2046.2036589690617
BGHXX;FRENCH POLYNESIA;HRK;30275.047643065547
BGHXX;SERBIA;MAD;42638.72620282196
BGHXX;POLAND;EUR;1951.2300045457637
BGHXX;IRAQ;EUR;1019.9995669343431
BGHXX;ETHIOPIA;PGK;8045.062228786452
BGHXX;BAHRAIN;LKR;76221.96161769031
BGHXX;CENTRAL AFRICAN REPUBLIC;MZN;175008.35681336847
BGHXX;ROMANIA;CAD;3366.577798020613
BGHXX;MACAU;GTQ;-70.53272683927159
BGHXX;TOGO;UGX;10810586.301850999
BGHXX;KENYA;CHF;4053.3621778992074
BGHXX;TUNISIA;MGA;-169354.0882282966
BGHXX;AUSTRALIA;CHF;3764.072462918636
DEMWa;BAHRAIN;DJF;201411.18419042428
DEMWa;UKRAINE;MUR;79586.36453111144
DEMWa;VANUATU;COP;3701161.4147250876
DEMWa;KOREA, REPUBLIC OF;LRD;601045.2028033255
DNXa3;IRAQ;SOS;6519484.292789095
DNXa3;SUDAN;PLN;49658.95488158419
DNXa3;UNITED KINGDOM;NZD;8355.840861245259
DNXa3;URUGUAY;TOP;26147.251128632885
DNXa3;AUSTRALIA;MXN;18308.681921332944
DNXa3;MYANMAR;PAB;432.4304362232313
DNXa3;BULGARIA;MRO;1154027.4225367615
DNXa3;AZERBAIJAN;LRD;711542.4090041599
DNXa3;URUGUAY;SYP;11040590.270205898
DNXa3;LIBERIA;BHD;3875.2513271051166
CGVX2;CAPE VERDE;ETB;55783.00777755264
CGVX2;ALBANIA;AZN;20096.190347513173
CGVX2;EGYPT;ZAR;344849.61857521423
CGVX2;MALDIVES;ETB;822885.9842961957
CGVX2;GAMBIA;BTN;1714278.6474696465
CGVX2;UNITED ARAB EMIRATES;VND;483624138.5923735
CGVX2;GUATEMALA;BWP;166242.1557409177
CGVX2;CAMBODIA;COP;39454578.89804641
CGVX2;NICARAGUA;NOK;104495.66752392343
CGVX2;MADAGASCAR;UGX;5232575.614614266
CGVX2;URUGUAY;NIO;476704.5310366808
CGVX2;ZAMBIA;QAR;10806.341490322344
CGVX2;BELARUS;CHF;4127.027072484418
CGVX2;BARBADOS;HUF;3838711.0038145976
CGVX2;FRENCH POLYNESIA;RSD;1428218.8751118206
CGVX2;TOGO;CHF;20327.27245580531
CGVX2;ETHIOPIA;PHP;214323.6730569037
CGVX2;DJIBOUTI;NZD;373.501033329391
CGVX2;SRI LANKA;COP;8051511.975343904
YYa22;ALGERIA;SRD;809761.6115906979
YYa22;CYPRUS;VUV;3454571.255434644
YYa22;MALAWI;BGN;29527.305264324154
YYa22;SWAZILAND;GNF;20679875.246214617
YYa22;BANGLADESH;SYP;5203703.279322917
YYa22;CENTRAL AFRICAN REPUBLIC;PYG;53554993.43924132
YYa22;TURKEY;MXN;36525.95880340768
YYa22;CAYMAN ISLANDS;HNL;553631.2816168126
YYa22;PARAGUAY;NPR;-13715.42100590024
FIJZ2;SOUTH AFRICA;JPY;2323.4512326988133
FIJZ2;SRI LANKA;ISK;24778.539814490003
FIJZ2;MALDIVES;COP;958640.6430753355
FIJZ2;COSTA RICA;TZS;208590.62856144868
FIJZ2;PARAGUAY;JPY;26729.164915158293
FIJZ2;SWEDEN;RUB;13603.939931355619
FIJZ2;CZECH REPUBLIC;TOP;354.4087633659396
FIJZ2;PARAGUAY;GNF;60950.72636282681
FIJZ2;EL SALVADOR;YER;58720.65999205064
FIJZ2;PAKISTAN;PHP;11651.675455705446
FIJZ2;TURKEY;CAD;58.12454825698291
FIJZ2;SINGAPORE;MXN;3100.4871207591646
FIJZ2;BANGLADESH;MYR;1093.0580031507031
FIJZ2;ICELAND;SLL;849470.4276801808
BGYYb;NETHERLANDS ANTILLES;STD;8530862.751079472
DKKWY;MEXICO;KHR;44929652.4528412
DKKWY;URUGUAY;TOP;5402.9876272765605
DKKWY;MAURITIUS;INR;235892.89442677458
DKKWY;ZAMBIA;INR;-1391.6984921933604
CGINY;CENTRAL AFRICAN REPUBLIC;PHP;1800.4525670327603
CGINY;BELIZE;NIO;187119.2703346805
CGINY;AUSTRALIA;VND;128774192.14785965
CGINY;SRI LANKA;PYG;57129455.56031211
CGINY;NIGERIA;AZN;1396.3897020335528
CMX22;THAILAND;CAD;13449.299843491373
CMX22;VIET NAM;VND;137117439.05181596
CMX22;SERBIA;MUR;13456.800850983673
CMX22;IRAQ;SBD;26265.070854292935
CMX22;TOGO;MGA;35864354.224382736
CMX22;NETHERLANDS ANTILLES;IQD;13737172.623150209
CMX22;RWANDA;SGD;11233.531342738317
CMX22;HUNGARY;CZK;122525.76288250383
CMX22;AZERBAIJAN;PAB;1033.0120727008493
FIIbc;ETHIOPIA;VUV;107083.59409581541
FIIbc;MAURITANIA;ILS;11090.664442968151
FIIbc;PARAGUAY;EGP;95217.9331324168
FIIbc;JORDAN;DOP;18574.038882046516
FIIbc;PARAGUAY;PHP;66378.96259813051
FIIbc;NIGERIA;ISK;492689.2323103518
BBBVZ;SIERRA LEONE;HRK;24626.091685578802
DLLb3;CHINA;ILS;31429.323751083295
DLLb3;EGYPT;CAD;3406.1649543256926
DLLb3;CROATIA;EUR;9002.511405413297
DLLb3;CAMBODIA;BIF;15956622.552023172
DLLb3;MACAU;SVC;95260.62346572554
DLLb3;PHILIPPINES;GTQ;58545.49541654669
DLLb3;ZAMBIA;HRK;78643.87953885391
DLLb3;UNITED KINGDOM;JPY;349883.53382488375
DLLb3;AZERBAIJAN;KHR;58998874.48777953
DLLb3;ANGOLA;HTG;483968.31109338766
DLLb3;BARBADOS;HUF;1721603.7219381991
DLLb3;BHUTAN;AED;50763.15998294785
DLLb3;THAILAND;WST;9443.743628582753
DLLb3;UGANDA;IQD;17710794.952634595
DLLb3;SWAZILAND;AZN;6094.49953274108
DLLb3;LATVIA;IDR;200724554.77060416
BHVW2;LEBANON;CZK;354165.50223936944
EV123;EGYPT;HNL;37661.95741233681
EV123;BANGLADESH;THB;42603.9520169446
EV123;NIGERIA;ZWL;803670.5928172431
EV123;TONGA;PKR;441662.229587201
IWYb3;CAPE VERDE;ANG;8.614770618564778
IWYb3;PAKISTAN;FJD;553.9348864327803
IWYb3;COSTA RICA;LVL;138.25104438926073
IWYb3;UKRAINE;CAD;216.93874559463825
IWYb3;BAHAMAS;BTN;20247.84453608626
IWYb3;NORWAY;BOB;2572.8047602693705
IWYb3;DOMINICA;TOP;1307.0190066236557
IWYb3;SIERRA LEONE;CHF;285.05115997274476
IWYb3;CZECH REPUBLIC;YER;11207.542811787442
IWYb3;THAILAND;XPF;30372.531487864584
GLMc1;MYANMAR;PHP;17435.795234454785
GLMc1;INDONESIA;DOP;360828.48871236725
GLMc1;EL SALVADOR;ISK;1044036.9659470862
GLMc1;UNITED ARAB EMIRATES;DJF;248063.15737955272
GLMc1;PHILIPPINES;ILS;32891.1697920858
GLMc1;GUINEA;KHR;18941609.602542806
GLMc1;DJIBOUTI;ALL;1085709.6999335457
GLMc1;FRENCH POLYNESIA;JMD;146091.40017540046
GLMc1;AZERBAIJAN;KYD;7791.11334650139
GLMc1;GUATEMALA;MAD;86543.54781853854
GLMc1;MALDIVES;AUD;933.488217898593
GLMc1;CAYMAN ISLANDS;SOS;2222869.7914058324
GLMc1;SWITZERLAND;KES;758960.3312422486
GLMc1;KUWAIT;PGK;11069.834951745537
GLMc1;URUGUAY;JOD;617.1169803768862
EEHKL;MOROCCO;BOB;61321.88856074497
EEHKL;AZERBAIJAN;KYD;5238.161981140137
EEHKL;SAO TOME AND PRINCIPE;KHR;16584714.768177133
EEHKL;KENYA;MUR;23684.246218366978
EEHKL;TURKEY;SVC;41275.672190030265
EEHKL;GUINEA;LYD;9038.866101155561
EEHKL;NEPAL;KYD;3041.0420094162714
EEHKL;LIBYAN ARAB JAMAHIRIYA;BGN;1265.9527271366073
EEHKL;PAKISTAN;VND;127428801.15236343
EEHKL;KUWAIT;XAF;1629336.4561795893
EEHKL;BRAZIL;AED;22248.679399657085
EEHKL;UGANDA;GMD;213941.9577042489
EEHKL;EURO;RWF;5524539.245987499
EEHKL;NICARAGUA;AED;21633.387883455915
EEHKL;PAPUA NEW GUINEA;INR;678032.5539016547
EEHKL;MYANMAR;RSD;223779.08909387366
EEHKL;SWITZERLAND;PGK;4670.093894973902
EEHKL;SERBIA;TTD;22383.875884731526
EEHKL;YEMEN;VND;184294927.03560254
