;Client;Country;Currency;Transaction
0;FLNXW;SWAZILAND;JPY;650051.4964383106
1;FLNXW;INDONESIA;VUV;3203630.105460988
2;FLNXW;GUYANA;THB;76073.68262293948
3;FLNXW;LATVIA;RON;149005.0519290891
4;FLNXW;JAMAICA;ZMW;541139.699661005
5;FLNXW;DOMINICA;JOD;6549.741325008892
6;FLNXW;HONG KONG;GNF;318493123.1364875
7;FLNXW;MOZAMBIQUE;TOP;45921.774691634455
8;FLNXW;URUGUAY;IRR;1764137869.065688
9;FLNXW;CZECH REPUBLIC;VUV;4360879.558509705
10;FLNXW;NEPAL;TRY;175927.4948791773
11;FLNXW;ZAMBIA;STD;330766033.1249899
12;FLNXW;IRAN (ISLAMIC REPUBLIC OF);AOA;13267341.878687516
13;FLNXW;DOMINICAN REPUBLIC;ETB;1551483.8936146665
14;FLNXW;BAHRAIN;QAR;47506.963688185075
15;Faabb;SOLOMON ISLANDS;HTG;136977.65683485355
16;Faabb;ARUBA;GBP;3333.180596712751
17;Faabb;ETHIOPIA;BZD;6813.11889314433
18;Faabb;QATAR;PGK;4585.330535804689
19;Faabb;SWITZERLAND;ZWL;2013268.2518578465
20;Faabb;EGYPT;BYR;109033865.66587552
21;Faabb;BOLIVIA;ISK;345764.76319981884
22;AFXY1;PAKISTAN;GTQ;58899.11824497979
23;AFXY1;BARBADOS;UGX;26542212.9958955
24;AFXY1;SAUDI ARABIA;MOP;48924.145574596274
25;AFXY1;CAMBODIA;DOP;129384.88883576628
26;AFXY1;SAUDI ARABIA;MAD;76854.65076925403
27;AFXY1;THAILAND;BWP;36974.07005763924
28;AFXY1;ICELAND;WST;1514.0253787064446
29;AFXY1;AZERBAIJAN;THB;261419.55915072322
30;AXWYY;ZAMBIA;PHP;520096.751683766
31;AXWYY;MACAU;MZN;536868.8413837457
32;AXWYY;SAMOA;PYG;22060268.26248522
33;AXWYY;MACAU;XAF;3581638.303998725
34;AXWYY;POLAND;XAF;5963606.912356773
35;AXWYY;SWEDEN;UGX;1510427.783099536
36;AXWYY;GUINEA;PYG;11225142.027485572
37;AXWYY;AZERBAIJAN;AWG;7546.154819452724
38;AXWYY;CANADA;ARS;1680394.2972076167
39;AXWYY;TURKEY;XOF;8379231.412628723
40;JMXWc;GHANA;BRL;8463.284139932937
41;JMXWc;EL SALVADOR;UAH;734129.5354132041
42;JMXWc;QATAR;SLL;98337044.92776069
43;JMXWc;PERU;CNY;-410.81222418459583
44;JMXWc;LATVIA;MWK;11087819.204417128
45;JMXWc;NEW ZEALAND;LVL;770.8288089045219
46;Jbbc1;IRAN (ISLAMIC REPUBLIC OF);EGP;81509.29076297718
47;Jbbc1;SINGAPORE;UAH;179726.8789604117
48;Jbbc1;BHUTAN;HKD;13480.237089236183
49;Jbbc1;CAPE VERDE;VUV;624461.4177075782
50;Jbbc1;TRINIDAD AND TOBAGO;PYG;46732599.122981235
51;Jbbc1;SINGAPORE;THB;204784.3483825996
52;Jbbc1;MOZAMBIQUE;GNF;37584104.91494166
53;Jbbc1;PERU;ANG;6932.867320995804
54;Jbbc1;SWEDEN;KYD;2629.4370087261354
55;Jbbc1;NIGERIA;VUV;51381.382086942394
56;Jbbc1;ETHIOPIA;CLP;1487921.4864103901
57;Jbbc1;SWEDEN;AWG;8391.333369568049
58;Jbbc1;JAMAICA;NGN;163430.44419812938
59;Jbbc1;BELIZE;HUF;1386641.8999700695
60;BLWWY;MALDIVES;UAH;66176.58702320319
61;BLWWY;NIGERIA;HRK;10255.95038202838
62;BLWWY;CYPRUS;KHR;7758229.98844607
63;BLWWY;KAZAKHSTAN;MOP;11263.615639634074
64;BLWWY;UNITED ARAB EMIRATES;TND;2977.298565714805
65;BLWWY;SURINAME;KHR;5580253.778634787
66;BLWWY;MOZAMBIQUE;ZMW;24683.644997919702
67;BLWWY;BELARUS;ZMW;6247.578663893236
68;BLWWY;VIET NAM;MOP;10493.104448314696
69;BLWWY;PHILIPPINES;LYD;7781.6410975212375
70;BLWWY;LEBANON;MGA;7584650.671963103
71;BLWWY;ARUBA;AOA;93189.47602650343
72;BLWWY;URUGUAY;LKR;189534.68189481288
73;BLWWY;QATAR;UAH;46718.83521039763
74;BLWWY;MALAYSIA;LVL;1260.4553301172557
75;BLWWY;SWAZILAND;CHF;45.75441633625979
76;BLWWY;TOGO;KZT;705504.8433420928
77;GKMW2;PARAGUAY;QAR;1994.717185295385
78;GKMW2;EURO;XCD;814.8715932913374
79;GKMW2;SWAZILAND;PEN;1955.4342198307259
80;BELNX;EURO;JOD;229.75162821112394
81;BELNX;UGANDA;NPR;51118.08127960456
82;BELNX;TAIWAN, PROVINCE OF CHINA;XOF;430925.5583682135
83;BELNX;DOMINICAN REPUBLIC;AWG;2427.4207538490227
84;BELNX;PERU;ZMW;16064.513716708661
85;BELNX;NEW ZEALAND;TND;1785.9705689217167
86;BELNX;BERMUDA;BND;3701.422518305196
87;BELNX;SAUDI ARABIA;CVE;316916.8349754407
88;BELNX;VIET NAM;LKR;731167.9453171047
89;BELNX;NETHERLANDS ANTILLES;BGN;6350.869803490828
90;BELNX;INDONESIA;HKD;20886.582674741272
91;BELNX;KUWAIT;BTN;42038.67422573692
92;BELNX;PAKISTAN;LYD;16668.010943118927
93;BELNX;BELARUS;AOA;66770.63978042774
94;BELNX;CANADA;ILS;5908.839115157552
95;BELNX;FRENCH POLYNESIA;EUR;2053.3175467130063
96;BELNX;CROATIA;IQD;4285567.430375521
97;BELNX;NIGERIA;PHP;73151.81637058493
98;BELNX;NIGERIA;BIF;1586742.7449403026
99;BELNV;LEBANON;CHF;722.0895699725045
100;BELNV;VIET NAM;KYD;4662.293338023768
101;BELNV;JORDAN;ZMW;68290.28435433714
102;BELNV;TANZANIA, UNITED REPUBLIC OF;NOK;13134.746201160158
103;BELNV;ROMANIA;MYR;25256.603616379693
104;BELNV;ISRAEL;RSD;-4935.977854458461
