;Client;Country;Currency;Transaction
0;KV112;MALAYSIA;BWP;7470.064476792619
1;KV112;SERBIA;LBP;118954.24038858214
2;KV112;VIET NAM;COP;8986231.156045701
3;KV112;LIBYAN ARAB JAMAHIRIYA;KRW;3223732.0052135107
4;KV112;BHUTAN;XAF;677916.7662720842
5;KV112;OMAN;GMD;44191.56186182823
6;KV112;NICARAGUA;BND;1083.36312545368
7;ACVX3;FRENCH POLYNESIA;NPR;1214772.4830692548
8;ACVX3;UNITED KINGDOM;TTD;68875.63024920673
9;ACVX3;BURUNDI;ANG;2921.5685892601105
10;ACVX3;RUSSIAN FEDERATION;RUB;273047.63236888556
11;ACVX3;CAMBODIA;DJF;111016.07093868747
12;ACVX3;UNITED KINGDOM;GNF;42918418.62412937
13;ACVX3;TUNISIA;UGX;34443740.21346303
14;ACVX3;SAUDI ARABIA;PLN;13888.517137726607
15;ACVX3;CAYMAN ISLANDS;RWF;4409596.887053424
16;ACVX3;ARGENTINA;MOP;37885.0035879527
17;ACVX3;LAO PEOPLE'S DEMOCRATIC REP;MUR;463657.81036880566
18;ACVX3;HONG KONG;PLN;27859.809601093137
19;ACVX3;PAPUA NEW GUINEA;STD;165540502.57802555
20;ACVX3;JAMAICA;KES;198988.29154655454
21;EVZc1;KUWAIT;CZK;6356.12426450074
22;EVZc1;CYPRUS;NPR;39589.755719002926
23;EVZc1;CANADA;ALL;10323.920790523816
24;EVZc1;UGANDA;BRL;2278.700731308168
25;EVZc1;HONDURAS;XOF;99210.43813118002
26;EVZc1;TONGA;TOP;1043.1644245480136
27;EVZc1;LATVIA;YER;44880.4609077476
28;DKKM2;AZERBAIJAN;GTQ;1487.4048145513495
29;DKKM2;BAHAMAS;ARS;92476.74774706832
30;DKKM2;HUNGARY;BMD;-3.861086126774059
31;DKKM2;LEBANON;TND;496.66834249153067
32;DKKM2;NORWAY;KRW;976890.8061966271
33;DKKM2;MEXICO;JOD;373.752736368686
34;DKKM2;IRAN (ISLAMIC REPUBLIC OF);SZL;7125.462600612687
35;DKKM2;VENEZUELA;NOK;2649.3179992987843
36;DKKM2;PERU;MYR;1570.5285387589547
37;DKKM2;CHINA;LAK;9601231.176763719
38;DKKM2;ARGENTINA;ETB;15387.426150260148
39;DKKM2;SINGAPORE;CVE;582.8905236068218
40;DKKM2;INDONESIA;HNL;9059.003443726184
41;DKKM2;VENEZUELA;MUR;2806.4455445813496
42;DKKM2;ZAMBIA;PYG;4789141.3733775085
43;DKKM2;ETHIOPIA;TTD;1708.7193364228613
44;GINN1;NAMIBIA;XPF;257421.18985676908
45;GINN1;MAURITANIA;JMD;1127133.9304129528
46;GINN1;KAZAKHSTAN;PHP;305565.0749596807
47;GINN1;EL SALVADOR;SGD;3127.2403895588573
48;GINN1;PERU;VES;156823.91865260986
49;GINN1;BARBADOS;NGN;2500970.424676574
50;GINN1;DENMARK;HNL;130559.61919117352
51;GINN1;POLAND;TWD;214549.94001558571
52;GINN1;CHINA;BDT;248283.89006520354
53;GINN1;CZECH REPUBLIC;KYD;747.9665558127264
54;GINN1;CHINA;ILS;10803.858608810326
55;GINN1;DJIBOUTI;PES;1483439.3105751914
56;GINN1;JORDAN;COP;5335042.894792734
57;GINN1;BANGLADESH;XOF;4476768.635070695
58;GINN1;HONDURAS;LVL;2102.527994628252
59;GINN1;PERU;COP;11351484.591823144
60;FHcc2;KENYA;CAD;2351.29134107831
61;FHcc2;SURINAME;MRO;435439.9312659803
62;FHcc2;PARAGUAY;NPR;767919.1975614484
63;FHcc2;ZAMBIA;MWK;6257164.766279519
64;FHcc2;INDIA;GMD;73402.50485850596
65;FHcc2;SYRIAN ARAB REPUBLIC;XOF;31162.239939595624
66;FHcc2;YEMEN;EUR;4855.517832070613
67;FHcc2;PARAGUAY;KES;488511.9823142689
68;FHcc2;INDONESIA;MAD;70796.95080327839
69;FHcc2;UKRAINE;KYD;4376.206362980439
70;FHcc2;ALBANIA;GHS;4527.805794931681
71;FHcc2;SWITZERLAND;BRL;31186.960353699567
72;FHcc2;SURINAME;PES;549417.3252101683
73;FHcc2;CENTRAL AFRICAN REPUBLIC;RON;16699.24634675153
74;FHcc2;ALGERIA;SGD;8592.93974890528
75;FHcc2;MAURITANIA;CYP;280.5525888195823
76;CCCEL;BULGARIA;NAD;15141.77567653752
77;CCCEL;BELIZE;TWD;3679.050273244571
78;CCCEL;JORDAN;SZL;14328.888494550547
79;CCCEL;BANGLADESH;ZMW;3537.286591133155
80;CCCEL;MAURITIUS;AOA;390509.9781872808
81;CCCEL;EL SALVADOR;KZT;402091.56807785627
82;CCCEL;RUSSIAN FEDERATION;MZN;24069.195772087936
83;BGM11;CAYMAN ISLANDS;LRD;20598.41785202162
84;BGM11;HUNGARY;ZMW;3456.0968649744445
85;BGM11;ARUBA;SVC;1325.6324736460897
86;BGM11;CHINA;XCD;1474.005377127944
87;CDHH3;DOMINICA;KYD;3498.741351843444
88;CDHH3;NEPAL;SGD;4418.690692631642
89;EYYY3;EGYPT;VUV;13103.656388754718
90;EYYY3;DOMINICAN REPUBLIC;EGP;5923.2387544443445
91;EYYY3;MACAU;MXN;11426.029596460174
92;EYYY3;CROATIA;GNF;982904.1226099707
93;EYYY3;UGANDA;CHF;67.91002330810569
94;EYYY3;RUSSIAN FEDERATION;JMD;98033.48384021933
95;EYYY3;CZECH REPUBLIC;LAK;10041067.906743981
96;EYYY3;MYANMAR;CYP;7.265592903293392
97;EYYY3;ARGENTINA;LRD;2513.071459076176
98;EYYY3;SOMALIA;BYR;6330295.337494244
99;EYYY3;VANUATU;IRR;27314825.733789857
100;EYYY3;SWAZILAND;TOP;515.4406384243259
101;EYYY3;TANZANIA, UNITED REPUBLIC OF;ISK;10950.700074851859
102;CVVZa;SOMALIA;VES;267735.77878365683
103;CVVZa;ALGERIA;INR;180031.37914476873
104;CVVZa;NEW ZEALAND;KRW;23846751.88432325
105;CVVZa;PARAGUAY;YER;4481239.543621106
106;CVVZa;TURKEY;MXN;182236.98494354915
107;CVVZa;MALDIVES;SVC;188577.42222705434
108;CVVZa;YEMEN;UGX;7120302.781505446
109;CVVZa;SERBIA;GYD;4251937.168327696
110;AELMW;MAURITIUS;ILS;6242.4130069607745
111;AELMW;BAHAMAS;UAH;284296.502004785
112;AELMW;BOTSWANA;BMD;1273.5747509657533
113;AELMW;ETHIOPIA;BHD;3042.238639937483
114;AELMW;ICELAND;HUF;3089424.477743427
115;AELMW;MYANMAR;THB;196768.57779423113
116;AELMW;LEBANON;TWD;198600.5016096217
117;AELMW;AZERBAIJAN;EUR;1716.5240720978202
118;AELMW;ALGERIA;UAH;291763.4930154597
119;CEHLa;SOMALIA;UAH;21666.14933050606
120;CEHLa;SWITZERLAND;IQD;18750029.399628013
121;CJXYY;SINGAPORE;NIO;556269.5636216723
122;CJXYY;BELARUS;KES;2216339.5282235183
123;CJXYY;COLOMBIA;TRY;468568.58761369804
124;CJXYY;NAMIBIA;CLP;37945146.49169327
125;CJXYY;BRUNEI DARUSSALAM;LYD;159771.02700311667
126;CJXYY;IRAN (ISLAMIC REPUBLIC OF);BTN;21652.946085068044
127;CJXYY;ALBANIA;LVL;2502.3820723891877
128;CJXYY;DENMARK;LRD;3074061.7561068223
129;CJXYY;PERU;HTG;6495635.771484474
130;CJXYY;MALAYSIA;UYU;858750.4203549855
131;CJXYY;SAMOA;JMD;6192223.851201103
132;CJXYY;FIJI;ARS;5647832.664421988
133;CJXYY;HONDURAS;PEN;95923.52650743932
134;CJXYY;PHILIPPINES;PYG;325530216.82927316
135;CJXYY;SAMOA;SZL;848456.380317336
136;CJXYY;SWITZERLAND;KWD;2922.849401972199
137;CJXYY;BERMUDA;BMD;45591.16777384189
138;CJXYY;DENMARK;TZS;99346414.94262774
139;CJXYY;THAILAND;DKK;373612.6797851917
140;CJXYY;MALAYSIA;KHR;141106554.1006783
141;FHWb1;KOREA, REPUBLIC OF;HNL;228606.47550603532
142;FHWb1;POLAND;PES;3442842.4760258156
143;FHWb1;MALDIVES;TND;7267.069304820626
144;FHWb1;CZECH REPUBLIC;BND;13007.974396899059
145;FHWb1;BRUNEI DARUSSALAM;SCR;99095.07903730712
146;FHWb1;TUNISIA;PGK;30027.12636198032
147;FHWb1;NIGERIA;XPF;2842527.202989993
148;FHWb1;CZECH REPUBLIC;QAR;19472.09719438747
149;FHWb1;PERU;JPY;2402166.091904035
150;FHWb1;MOROCCO;QAR;28504.74417394638
151;FHWb1;CZECH REPUBLIC;ZWL;6389132.905744189
152;FHWb1;SOUTH AFRICA;NZD;34700.29905101812
153;FHWb1;GUINEA;AOA;10241025.361634765
154;FHWb1;BAHRAIN;CVE;2175473.1913234894
155;FHWb1;NORWAY;KZT;10178530.032120535
156;FHWb1;LAO PEOPLE'S DEMOCRATIC REP;ZMW;-4235.972022385837
157;BBCcc;SWAZILAND;SZL;498542.21906043775
158;BBCcc;FIJI;TZS;8516831.661256386
159;BBCcc;UNITED ARAB EMIRATES;NGN;20314232.48479822
160;BBCcc;PANAMA;RON;253610.02078529773
161;BBCcc;MYANMAR;ETB;1105589.2817446005
162;BBCcc;BELARUS;ISK;1104936.4350419878
163;KLX12;MYANMAR;TWD;36185.3762675875
164;KLX12;BELIZE;PYG;465947.8063842058
165;KLX12;TRINIDAD AND TOBAGO;GMD;50688.400639995416
166;KLX12;COSTA RICA;BHD;276.67452367169216
167;KLX12;JAMAICA;XOF;28501.55329299361
168;KLX12;ARUBA;UGX;4379149.599900055
169;KLX12;BURUNDI;XOF;646896.1923969142
170;KLX12;UKRAINE;TTD;8604.515506684429
171;KLX12;COLOMBIA;YER;316666.5840340946
172;KLX12;INDONESIA;JMD;191215.10581560692
173;KLX12;DENMARK;BIF;876369.9736127739
174;KLX12;NETHERLANDS ANTILLES;BBD;2428.8992043938056
175;KLX12;VIET NAM;KYD;369.1279506514665
176;KLX12;GUINEA;TZS;1965121.716030081
177;KLX12;TUNISIA;EUR;358.4317322591632
178;KLX12;MYANMAR;SGD;1659.9433556561341
179;DGHIX;INDIA;WST;28373.056286465922
180;DGHIX;HONG KONG;IQD;1710201.7510065066
181;DGHIX;RUSSIAN FEDERATION;JPY;2060899.8804236567
182;DGHIX;ROMANIA;CAD;2813.842822011613
183;DGHIX;BELARUS;UYU;446946.71210502775
184;DGHIX;BURUNDI;KWD;3092.123499511935
185;DGHIX;ARUBA;CRC;7349650.572377048
186;DGHIX;COLOMBIA;DJF;2323030.83545817
187;DGHIX;MACAU;CAD;13615.962240935998
188;DGHIX;LIBYAN ARAB JAMAHIRIYA;FJD;11484.863067833416
189;DGHIX;POLAND;IDR;109875187.49169688
190;DGHIX;JORDAN;NAD;115553.5326693363
191;GNWYY;EL SALVADOR;VND;196905.0045298222
192;GNWYY;LAO PEOPLE'S DEMOCRATIC REP;MZN;595.0827253435469
193;GNWYY;JORDAN;NAD;1110.5569267797098
194;GNWYY;BANGLADESH;JOD;15.286493256748907
195;GNWYY;BERMUDA;BYR;516021.2421756894
196;GNWYY;BERMUDA;GMD;4516.055149783041
197;GNWYY;SUDAN;CZK;1642.4758500873154
198;GNWYY;PHILIPPINES;IRR;757184.5592059678
199;GNWYY;ALBANIA;MAD;619.3629129421427
200;GNWYY;TONGA;WST;25.5046463103319
201;AABIb;CANADA;SBD;22134.047985802943
202;AABIb;PAKISTAN;KYD;1803.0374895969433
203;AABIb;CAYMAN ISLANDS;BIF;5219972.324870504
204;AABIb;IRAQ;XOF;768489.1803838145
205;AABIb;FIJI;SZL;1630.880168516652
206;AABIb;BERMUDA;XCD;10521.086332214889
207;AABIb;JAPAN;MGA;16628751.971069463
208;AABIb;QATAR;TWD;74810.98653459326
209;AABIb;NAMIBIA;BND;2212.576225574368
210;AABIb;MALAWI;TOP;4679.386487245542
211;HJMM2;MALAYSIA;COP;159077580.77123064
212;HJMM2;UNITED KINGDOM;CNY;89983.64313529257
213;HJMM2;LATVIA;HNL;150337.85988064506
214;HJMM2;DJIBOUTI;UGX;71774809.75318475
215;HJMM2;INDONESIA;NIO;1120914.5074511026
216;HJMM2;SERBIA;XPF;2401699.1445975793
217;HJMM2;GHANA;XOF;6540127.693410852
218;HJMM2;BRUNEI DARUSSALAM;KES;2484850.534261412
219;HJMM2;COLOMBIA;SLL;322192725.04820704
220;HJMM2;TURKEY;LRD;2847889.595075017
221;HJMM2;ARGENTINA;DOP;626806.7928489245
222;HJMM2;VENEZUELA;BBD;48623.71336781012
223;HJMM2;DJIBOUTI;SLL;387463033.277765
224;HJMM2;MALDIVES;HUF;9981656.317964343
225;HJMM2;GAMBIA;AED;64082.12053084974
226;HJMM2;PERU;KHR;108057086.89461608
227;HJMM2;ALGERIA;SCR;143936.84745035798
228;HJMM2;AZERBAIJAN;SEK;157125.44486594087
229;KVXW2;COSTA RICA;PYG;18673917.25231705
230;KVXW2;OMAN;LKR;571051.1719234332
231;KVXW2;JAMAICA;GTQ;18086.984780664716
232;KVXW2;MOZAMBIQUE;JMD;535270.5770794725
233;KVXW2;TAIWAN, PROVINCE OF CHINA;ARS;1270743.8310991905
234;KVXW2;SINGAPORE;OMR;701.5244071757687
235;KVXW2;GAMBIA;KRW;8717237.688965285
236;KVXW2;OMAN;HKD;25212.151827127862
237;KVXW2;EURO;SVC;15180.449934205302
238;KVXW2;NEPAL;RON;5466.41448579239
239;KVXW2;MAURITIUS;BSD;385.03021699779686
240;KVXW2;GHANA;DZD;827843.5146953625
241;KVXW2;CENTRAL AFRICAN REPUBLIC;UGX;16763453.16863979
242;KVXW2;POLAND;AED;2501.707544291895
243;KVXW2;KAZAKHSTAN;GNF;52089529.2218974
244;HHbcc;KOREA, REPUBLIC OF;MMK;783285.1731124052
245;HHbcc;TOGO;PES;866188.6989935386
246;HHbcc;KUWAIT;TRY;-875.4777608281261
247;HHbcc;QATAR;BZD;1894.7395504224157
248;HHbcc;SEYCHELLES;NAD;32955.68810870175
249;BXb22;DOMINICAN REPUBLIC;NPR;719411.1318828854
250;BXb22;EGYPT;GNF;40190963.05362524
251;BXb22;TOGO;LKR;2430083.3451726884
252;BXb22;ETHIOPIA;XPF;332052.1930984016
253;BXb22;POLAND;BMD;6769.350016538195
254;BXb22;LAO PEOPLE'S DEMOCRATIC REP;TRY;54605.82542362528
255;BXb22;IRAQ;DKK;5929.858377984876
256;BXb22;ARGENTINA;NOK;32065.323969016365
257;BXb22;SYRIAN ARAB REPUBLIC;EGP;163425.55825881602
258;BXb22;KOREA, REPUBLIC OF;CLP;736191.5677963911
259;BXb22;RWANDA;BDT;313037.96258879366
260;BXb22;JAPAN;GHS;85777.76422115846
261;BXb22;MACAU;MZN;458927.15573480685
262;BIIa1;SUDAN;ARS;2515884.7077727593
263;BIIa1;NAMIBIA;IDR;67807117.8335244
264;BIIa1;BARBADOS;ZWL;4393099.551378197
265;BIIa1;ZAMBIA;PGK;26491.54543806848
266;BIIa1;MAURITIUS;ETB;525424.2964961422
267;BIIa1;ARUBA;DJF;14391.11706200637
268;BIIa1;DJIBOUTI;CLP;4286940.656989651
269;BIIa1;LIBYAN ARAB JAMAHIRIYA;BGN;3126.714975618313
270;BIIa1;PHILIPPINES;MXN;59034.66237107878
271;BIIa1;MAURITIUS;PAB;10486.008531578107
272;BIIa1;SAO TOME AND PRINCIPE;SGD;1198.9096229129802
273;BFIKL;GUATEMALA;DOP;357540.720635767
274;BFIKL;SWITZERLAND;MVR;9404.058403936691
275;BFIKL;CHINA;VUV;132632.09493837258
276;BFIKL;CYPRUS;DOP;376188.0555750684
277;BFIKL;CROATIA;DKK;29039.090384108105
278;Xaaa2;VANUATU;BTN;250502.2572905506
279;Xaaa2;VENEZUELA;NAD;19038.86420515197
280;Xaaa2;TANZANIA, UNITED REPUBLIC OF;LBP;1209164.9985723158
281;Xaaa2;NIGERIA;SOS;874273.385811937
282;Xaaa2;ROMANIA;THB;91064.3033940827
283;Xaaa2;SERBIA;RUB;141317.87646965354
284;Xaaa2;FIJI;TWD;44379.52932171141
285;DFXac;OMAN;BRL;21263.244584080352
286;DFXac;SIERRA LEONE;OMR;7447.215788939608
287;DFXac;INDONESIA;KYD;5177.599456494177
288;DFXac;GUYANA;IRR;885367448.4263108
289;DFXac;TOGO;DOP;382471.99366004777
290;DFXac;GUATEMALA;MAD;145970.83253162913
291;DFXac;RWANDA;LYD;16547.69782139052
292;DFXac;SOMALIA;ZMW;188211.4430038478
293;DFXac;JAPAN;RSD;1650690.435883472
294;DFXac;AUSTRALIA;HRK;124519.18475939846
295;DFXac;TRINIDAD AND TOBAGO;HNL;56847.378095469176
296;DFXac;DJIBOUTI;PGK;52774.168471684214
297;DFXac;VANUATU;ZMW;202430.200129387
298;DFXac;GUYANA;INR;1050847.224581503
299;DFXac;SRI LANKA;GBP;5234.92381461243
300;DFXac;NIGERIA;HUF;7237318.014096944
301;DFXac;CAMBODIA;BZD;27450.77674486117
302;DFXac;NETHERLANDS ANTILLES;SCR;15167.335709262345
303;DFXac;PANAMA;CLP;2920323.6491986345
304;DFXac;BURUNDI;GBP;17819.277539677838
305;CDDHI;SINGAPORE;BND;4704.6972312430335
306;CDDHI;MYANMAR;NIO;71161.45756679811
307;CDDHI;MALDIVES;ISK;551786.4225110855
308;CDDHI;NETHERLANDS ANTILLES;COP;14859222.639622783
309;EGMYb;CENTRAL AFRICAN REPUBLIC;INR;768100.7309250411
310;EGMYb;EGYPT;MZN;537517.7170662391
311;EGMYb;SEYCHELLES;VND;439485540.19646853
312;EGMYb;GAMBIA;NPR;2666334.2722187447
313;EGMYb;RWANDA;BND;29115.743768038457
314;EGMYb;GUATEMALA;MYR;2777.9192184682956
315;EGMYb;BULGARIA;CNY;89686.51370519535
316;EGMYb;INDIA;PEN;70968.3824803165
317;EGMYb;RWANDA;BYR;463085763.1373674
318;EGMYb;SIERRA LEONE;JMD;2085758.9920670309
319;EGMYb;CANADA;MRO;4181165.2583800033
320;EGMYb;ZIMBABWE;GMD;1255027.3887302338
321;EGMYb;NEPAL;AUD;26807.867241925713
322;EGMYb;ROMANIA;HUF;1819423.0125466243
323;EGMYb;VENEZUELA;TND;10958.081008025807
324;EGMYb;BOLIVIA;CVE;19035.390621265036
325;EGMYb;ARGENTINA;SGD;8740.128698992281
326;EGMYb;SAUDI ARABIA;MZN;818815.0213321411
327;EGMYb;LAO PEOPLE'S DEMOCRATIC REP;ALL;617772.7885457635
328;EGMYb;GUYANA;HRK;135873.17880921636
329;BCFJN;GHANA;VUV;606653.1076825904
330;BCFJN;MACAU;HTG;-9995.698452953235
331;BCFJN;IRAN (ISLAMIC REPUBLIC OF);AOA;4560435.042110008
332;BCFJN;BURUNDI;MRO;2793629.3590864046
333;BCFJN;PERU;JOD;6384.995713418631
334;BCFJN;OMAN;ZAR;7803.060922542269
335;BCFJN;AZERBAIJAN;NIO;200405.8622873442
336;BCFJN;THAILAND;ZMW;147127.96730526636
337;BCFJN;ALBANIA;KES;389360.1096088361
338;BCFJN;SURINAME;ZWL;819762.4944639929
339;DFGIN;INDONESIA;XPF;33216.7647160316
340;DFGIN;CAMBODIA;LRD;251906.89606016406
341;DFGIN;ETHIOPIA;DKK;53704.228972985744
342;DFGIN;FRENCH POLYNESIA;PAB;9084.974783114156
343;DFGIN;SURINAME;GTQ;37715.12642924069
344;DFGIN;BHUTAN;SCR;140954.6242104989
345;DFGIN;INDIA;LVL;2211.502911157005
346;DFGIN;UNITED ARAB EMIRATES;BHD;191.16354951299652
347;DFGIN;CAYMAN ISLANDS;GNF;22192111.68732226
348;DFGIN;CYPRUS;RWF;6143748.060077711
349;DFGIN;GUINEA;UAH;206454.79592831212
350;DFGIN;GAMBIA;LYD;-218.33160230190109
351;DFGIN;GUATEMALA;THB;84471.09932099296
352;DFGIN;BAHRAIN;YER;2613177.537652318
353;ACJK2;VENEZUELA;AOA;5043836.384852941
354;ACJK2;HONDURAS;NZD;15357.126183887403
355;ACJK2;COSTA RICA;BYR;33172223.641131133
356;ACJK2;OMAN;TTD;5544.514350397733
357;ACJK2;PAPUA NEW GUINEA;AED;36040.26285573905
358;ACJK2;BOLIVIA;IRR;392396815.3328311
359;BKKXY;CAMBODIA;CHF;2748.696051211125
360;BKKXY;ARGENTINA;PHP;590571.4873307706
361;BKKXY;BERMUDA;EUR;9869.525298199904
362;BKKXY;CAPE VERDE;CYP;4386.155209207255
363;BKKXY;BRUNEI DARUSSALAM;PLN;23960.44385973647
364;BKKXY;NEPAL;SVC;147194.52028540187
365;BKKXY;ETHIOPIA;MYR;66281.93678612298
366;BKKXY;NETHERLANDS ANTILLES;MGA;9024899.53526159
367;BKKXY;MEXICO;SGD;1170.6822551688304
368;BKKXY;SUDAN;ZMW;45031.2740334606
369;BKKXY;DOMINICAN REPUBLIC;PGK;24670.781507237425
370;BKKXY;CENTRAL AFRICAN REPUBLIC;NIO;352556.3458493236
371;BKKXY;JORDAN;CLP;4024570.4959219685
372;BKKXY;NEPAL;ZMW;107892.93511082896
373;BKKXY;TONGA;UYU;725925.3922268873
374;BKKXY;PERU;HTG;2325147.5441826084
375;BKKXY;ZIMBABWE;BWP;92776.39806576942
376;NNNNN;EL SALVADOR;SBD;18298.442751700295
377;NNNNN;ISRAEL;MWK;7476626.174259251
378;NNNNN;TURKEY;ANG;8150.867591775861
379;NNNNN;SIERRA LEONE;PHP;258140.6651111184
380;NNNNN;SRI LANKA;BDT;611867.7469054697
381;NNNNN;DJIBOUTI;JMD;1216717.102716554
382;NNNNN;TANZANIA, UNITED REPUBLIC OF;KZT;162330.8397704468
383;NNNNN;NAMIBIA;XCD;6533.250932168933
384;NNNNN;SWEDEN;NPR;373459.5243271207
385;NNNNN;OMAN;TZS;13165578.874151608
386;NNNNN;NORWAY;ZMW;73220.31417408267
387;NNNNN;ARUBA;OMR;2363.0576216634763
388;NNNNN;BRAZIL;BWP;20349.65235622341
389;NNNNN;BURUNDI;SYP;4060050.1335950983
390;Cbbb1;YEMEN;EUR;707.4512348539764
391;BKWWZ;VENEZUELA;SYP;1351613.7367911555
392;BKWWZ;BERMUDA;JPY;3405870.016627083
393;BKWWZ;MALDIVES;MAD;16404.179126042996
394;BKWWZ;ALGERIA;MWK;6125616.516219414
395;GYacc;LIBYAN ARAB JAMAHIRIYA;BRL;166045.56374751643
396;GYacc;SINGAPORE;HUF;4681183.103780466
397;GYacc;BAHRAIN;TOP;57384.60486167039
398;GYacc;COSTA RICA;AWG;31944.79937553547
399;GYacc;CANADA;XPF;3888159.7551994696
400;GYacc;SOMALIA;ISK;90254.54889164455
401;GYacc;CHINA;IQD;23193055.14687988
402;GYacc;MAURITIUS;EUR;28465.21120544746
403;GYacc;INDIA;TOP;48789.67017673218
404;GYacc;QATAR;AED;127675.19908662698
405;GYacc;PHILIPPINES;NPR;2230493.0267192028
406;GYacc;CANADA;SRD;1048852.4000165267
407;GYacc;SWITZERLAND;XPF;2246338.8842046876
408;GYacc;HONG KONG;GHS;271100.8185744785
409;GYacc;DOMINICA;XAF;21259586.850731757
410;GYacc;ZIMBABWE;BYR;355759010.0482678
411;GYacc;ALGERIA;BRL;139870.3119063173
412;GYacc;PAKISTAN;PHP;1221109.248715336
413;GYacc;BOTSWANA;FJD;59510.40193789882
414;ACMMW;KOREA, REPUBLIC OF;SRD;523462.09697145113
415;ACMMW;INDIA;JOD;6072.3316011684665
416;ACMMW;ETHIOPIA;MVR;64305.333964258236
417;ACMMW;OMAN;BTN;638051.8477565257
418;ACMMW;BANGLADESH;BYR;258148950.03823394
419;ACMMW;SWEDEN;ZWL;11902353.973981865
420;ACMMW;SAUDI ARABIA;MMK;13348318.796591075
421;ACMMW;LATVIA;IQD;2815868.791142811
422;ACMMW;MALAWI;MXN;196863.72177154847
423;BCJNc;NEW ZEALAND;TRY;282558.64223796653
424;BCJNc;VIET NAM;BOB;107143.44191963179
425;BCJNc;GUYANA;CNY;32331.983391129994
426;BCJNc;MEXICO;KRW;6357508.320484288
427;BCJNc;ISRAEL;DKK;-318.00483035873935
428;BLXWY;UGANDA;TOP;19128.362962250736
429;BLXWY;URUGUAY;BBD;19402.43943540563
430;BLXWY;BOLIVIA;KWD;9300.437359534964
431;BLXWY;VANUATU;MUR;110479.94671355162
432;BLXWY;NETHERLANDS ANTILLES;KYD;27532.242659484345
433;BLXWY;ALBANIA;GTQ;155348.12818219385
434;JJKLX;MALDIVES;MAD;25447.932109953552
435;JJKLX;MEXICO;MXN;68645.50215298939
436;JJKLX;SERBIA;ARS;772681.7288589258
437;JJKLX;POLAND;CHF;2761.1440034837387
438;JJKLX;COSTA RICA;LKR;1482269.7184708929
439;JJKLX;ZIMBABWE;CRC;2068280.8970631263
440;JJKLX;KAZAKHSTAN;TOP;6976.15624187663
441;JJKLX;HONDURAS;BMD;2076.0404065697203
442;JJKLX;KENYA;NIO;52201.84102378468
443;JJKLX;GUYANA;FJD;5094.724407110363
444;JJKLX;SIERRA LEONE;MYR;17083.548810429635
445;JJKLX;KOREA, REPUBLIC OF;NZD;4085.1805500256723
446;JJKLX;SINGAPORE;GYD;459914.16382078105
447;JJKLX;THAILAND;HKD;316.86895929077525
448;JJKLX;INDIA;ETB;107127.69107874161
449;JJKLX;CZECH REPUBLIC;LKR;1517778.3206840018
450;EHIN3;GUINEA;NIO;74797.90242877796
451;EHIN3;UGANDA;DKK;4749.334528021263
452;EHIN3;BAHRAIN;UGX;6332009.777599572
453;EHIN3;PERU;SDG;1901224.9098372324
454;EHIN3;CROATIA;KZT;2245947.361110862
455;EHIN3;JORDAN;THB;60534.669290834594
456;EHIN3;NIGERIA;EGP;88337.66841310471
457;BLLc1;KUWAIT;DJF;49363.04988201596
458;BLLc1;COLOMBIA;SZL;5046.733698266354
459;BLLc1;ETHIOPIA;MRO;69560.82017311912
460;BLLc1;UGANDA;CRC;119788.80936762692
461;BLLc1;TANZANIA, UNITED REPUBLIC OF;RSD;1187.3398243504262
462;BLLc1;ARUBA;MWK;60277.09009598429
463;BLLc1;SIERRA LEONE;RSD;10193.582242008488
464;BLLc1;BANGLADESH;AOA;78873.64022177889
465;BBCVc;CYPRUS;GBP;9721.587056615426
466;BBCVc;VANUATU;JOD;6045.305910534388
467;BBCVc;OMAN;TRY;6660.542074936452
468;BBCVc;BOLIVIA;ZMW;168109.85249848804
469;BBCVc;PAKISTAN;MMK;16112241.311014403
470;BDHIa;MALAWI;AWG;2234.540160191215
471;BDHIa;UGANDA;DZD;361107.6330778719
472;BDHIa;NIGERIA;XOF;2546499.9447502824
473;BDHIa;SURINAME;ZAR;25066.227192374485
474;BDHIa;MACAU;LVL;2253.260107721212
475;BDHIa;ZAMBIA;KYD;445.00766133040685
476;BDHIa;PAPUA NEW GUINEA;HNL;101680.93805331185
477;KLMWW;HONG KONG;TOP;43193.18489603338
478;KLMWW;ANGOLA;IQD;14679734.91393995
479;KLMWW;VANUATU;XCD;58303.53968472987
480;KLMWW;IRAQ;TND;55985.336318583715
481;BIIK1;CAMBODIA;ZWL;3420130.150325924
482;BIIK1;PANAMA;DOP;251219.6849955883
483;BIIK1;INDIA;NAD;222414.72218873556
484;BIIK1;AUSTRALIA;TOP;35346.130470167176
485;BIIK1;CENTRAL AFRICAN REPUBLIC;DZD;1729173.156191111
486;BIIK1;CHINA;HTG;1607649.4589869827
487;BIIK1;SYRIAN ARAB REPUBLIC;BIF;14409861.453680608
488;BIIK1;URUGUAY;BZD;24249.218129065786
489;BIIK1;ETHIOPIA;SGD;9736.307940566916
490;BIIK1;NAMIBIA;RUB;582519.4111548989
491;BIIK1;RUSSIAN FEDERATION;UYU;253113.224161371
492;Xa222;ZAMBIA;MMK;5183136.503132306
493;Xa222;TURKEY;SRD;64256.10629974898
494;Xa222;MAURITANIA;CHF;1184.1838875755582
495;Xa222;BAHRAIN;CVE;82447.14236132249
496;Xa222;QATAR;MAD;24552.309415867643
497;Xa222;SAO TOME AND PRINCIPE;TND;9100.91626557653
498;Xa222;NORWAY;BIF;9786314.344702855
499;Xa222;URUGUAY;IRR;42569502.21295495
500;Xa222;SURINAME;THB;73763.72800664509
501;Xa222;MALAYSIA;CHF;741.4342076843401
502;Xa222;PANAMA;TND;16440.709172489896
503;Xa222;GHANA;TOP;5119.511084016361
504;Xa222;QATAR;BND;591.0700515491028
505;HJJW1;SUDAN;CYP;27673.12436090532
506;HJJW1;GHANA;QAR;204749.75382962366
507;BCEVW;PARAGUAY;BYR;14855146.50294633
508;BCEVW;NORWAY;VES;45210.46404370969
509;BCEVW;ROMANIA;XPF;808651.0237201637
510;BCEVW;SWEDEN;JPY;757392.6012893377
511;BCEVW;PAPUA NEW GUINEA;SVC;1137.7033380861687
512;BCEVW;ROMANIA;NAD;18344.44084043867
513;BCEVW;NETHERLANDS ANTILLES;PGK;13793.339137608316
514;BCEVW;KAZAKHSTAN;IRR;275893971.0904585
515;BCEVW;FRENCH POLYNESIA;LAK;120662416.18931311
516;BCEVW;URUGUAY;CLP;6466662.077021265
517;BCEVW;LIBERIA;NIO;45245.06840820519
518;BCEVW;INDIA;IDR;42686770.173339814
519;BCEVW;JAPAN;MRO;100409.6093885079
520;BCEVW;SOMALIA;NGN;3294599.64951099
521;BCEVW;OMAN;MVR;1892.6968120210097
522;BCEVW;KUWAIT;DZD;761389.8446287828
523;BCEVW;CAPE VERDE;CZK;86561.10585475809
524;BCEVW;MOROCCO;ANG;2687.506633602492
525;CJLMZ;KENYA;NPR;825746.3899631025
526;CJLMZ;AZERBAIJAN;SDG;3736043.1675937236
527;CJLMZ;SIERRA LEONE;DJF;875737.5017566066
528;CJLMZ;YEMEN;HRK;3051.705784471862
529;CJLMZ;THAILAND;ETB;124166.02153829274
530;CJLMZ;HUNGARY;LKR;970457.942835618
531;CJLMZ;MALDIVES;XOF;2799022.833692318
532;CJLMZ;BOTSWANA;JMD;369113.7727171498
533;CJLMZ;MALAWI;BND;157.53866332348966
534;CJLMZ;MALDIVES;WST;1760.99891389854
535;CJLMZ;CROATIA;VND;49151342.92722518
536;CJLMZ;SWITZERLAND;PGK;7243.526078818152
537;CJLMZ;CHINA;BZD;2020.3432485241356
538;CJLMZ;KAZAKHSTAN;HRK;11336.37014567232
539;CJLMZ;BRUNEI DARUSSALAM;SDG;2605225.450057887
540;CJLMZ;NICARAGUA;UYU;90252.16837964462
541;CJLMZ;BAHAMAS;DJF;947355.0177900919
542;ADEKN;AZERBAIJAN;BIF;1827165.0905861724
543;ADEKN;CYPRUS;LKR;422684.84584678494
544;ADEKN;BERMUDA;GMD;-162.4128994016885
545;ADEKN;MEXICO;HUF;595633.5560561058
546;ADEKN;SWITZERLAND;PAB;505.71924439481376
547;ADEKN;PAKISTAN;IDR;27365337.070337925
548;ADEKN;COLOMBIA;LRD;50404.01942188213
549;ADEKN;BHUTAN;TOP;3113.7485910804835
550;JMNXc;CENTRAL AFRICAN REPUBLIC;AOA;3134887.2623124984
551;JMNXc;SWAZILAND;GBP;2463.628195687422
552;JMNXc;ALGERIA;DOP;469843.053351854
553;JMNXc;ANGOLA;COP;13509212.28890533
554;JMNXc;PANAMA;BGN;15523.055214861806
555;JMNXc;DOMINICA;ALL;644144.6469741813
556;JMNXc;KAZAKHSTAN;BRL;45189.46200197637
557;JMNXc;CROATIA;BOB;33196.6389831635
558;JMNXc;VIET NAM;BSD;2889.275163835944
559;JMNXc;BURUNDI;SOS;2157786.320594242
560;JMNXc;NEW ZEALAND;JOD;1106.4227610782696
561;JMNXc;ALBANIA;AUD;8417.432435555429
562;JMNXc;BURUNDI;SEK;55542.61525127089
563;JMNXc;CZECH REPUBLIC;GNF;44691746.53464363
564;KNXZ1;KAZAKHSTAN;NIO;15839.839364192063
565;KNXZ1;BHUTAN;QAR;2860.7609705944724
566;KNXZ1;MALDIVES;BWP;36.38660360663077
567;KNXZ1;POLAND;ANG;586.2122306212297
568;KNXZ1;MOROCCO;IDR;2605944.407988688
569;KNXZ1;DOMINICAN REPUBLIC;WST;91.24025438606044
570;KNXZ1;SAO TOME AND PRINCIPE;NGN;329003.69076307997
571;KNXZ1;PAPUA NEW GUINEA;INR;3967.4503456299863
572;CGNcc;PARAGUAY;NIO;96791.75124434488
573;CGNcc;QATAR;TOP;3216.9022696619313
574;CGNcc;QATAR;KZT;1218202.5661380538
575;CGNcc;AZERBAIJAN;KHR;11046035.141909113
576;CGNcc;CYPRUS;ETB;154753.61133923862
577;CGNcc;CROATIA;SAR;12033.6646388439
578;CGNcc;ROMANIA;MZN;217315.83027763522
579;CGNcc;TURKEY;KES;416527.13492477394
580;GV133;ZIMBABWE;EUR;8456.590113596263
581;GV133;AUSTRALIA;XCD;40128.89149184746
582;JJMZ2;NEPAL;VUV;869276.4125051685
583;JJMZ2;LIBYAN ARAB JAMAHIRIYA;TTD;32695.358061143183
584;JJMZ2;CHILE;PAB;3704.3095168344908
585;JJMZ2;CHINA;BRL;37881.28818880128
586;JJMZ2;NETHERLANDS ANTILLES;PEN;4479.901602001925
587;JJMZ2;SINGAPORE;KZT;504927.74749290105
588;JJMZ2;MALAWI;COP;3560573.2602230283
589;NNabb;KENYA;PEN;17258.383090878902
590;NNabb;NORWAY;MZN;18897.136928582117
591;NNabb;KOREA, REPUBLIC OF;CZK;52841.290303054775
592;NNabb;SIERRA LEONE;SGD;-7.93805190153402
593;NNabb;DOMINICAN REPUBLIC;KZT;389038.6001177491
594;NNabb;CANADA;LKR;1311629.3312649103
595;NNabb;NEW ZEALAND;CLP;4359858.301334943
596;NNabb;SUDAN;BMD;2899.2036235767096
597;BKNWW;ISRAEL;MYR;3583.7731799228063
598;BKNWW;CHILE;KZT;4426290.502292148
599;BKNWW;AUSTRALIA;BYR;212670861.9070171
600;BKNWW;ARUBA;SAR;-392.7841780263499
601;BKNWW;HUNGARY;ZWL;2537202.6334469263
602;BKNWW;CYPRUS;HTG;459692.1733776464
603;BKNWW;UKRAINE;BZD;4465.83203077929
604;BKNWW;TUNISIA;AWG;18839.381567077337
605;AFFXZ;COSTA RICA;FJD;9822.770026286176
606;AFFXZ;GHANA;CRC;6851109.865858609
607;AFFXZ;BHUTAN;TTD;26664.47674870537
608;AFFXZ;FIJI;LRD;423174.8447850049
609;AFFXZ;BRUNEI DARUSSALAM;CLP;6653308.0659868205
610;AFFXZ;GUYANA;BHD;1216.7035750075954
611;AFFXZ;CANADA;TND;32598.407098732336
612;AFFXZ;HONDURAS;XOF;677050.2343981393
613;AFFXZ;THAILAND;ARS;1047182.3315996686
614;AFFXZ;HUNGARY;BZD;17979.026498766038
615;AFFXZ;DOMINICAN REPUBLIC;ALL;1094146.5934990512
616;AFFXZ;BOTSWANA;BIF;20434856.907304898
617;BLYac;HAITI;GHS;13973.592835309455
618;BLYac;NEPAL;BGN;2070.1441245711067
619;BLYac;POLAND;KHR;13167541.500857424
620;BLYac;KAZAKHSTAN;GYD;607768.3288028215
621;BLYac;OMAN;BND;80.31051869796755
622;BLYac;BRAZIL;PYG;6454279.881244615
623;BLYac;PAPUA NEW GUINEA;CYP;387.4135685246147
624;BLYac;TANZANIA, UNITED REPUBLIC OF;BIF;1133902.2958557624
625;BLYac;SAMOA;SDG;1110747.7388796767
626;BLYac;VIET NAM;QAR;11583.145544575878
627;BLYac;NIGERIA;PES;479956.729069589
628;BLYac;VENEZUELA;COP;14123547.53341225
629;BLYac;SERBIA;CNY;21900.87771812233
630;ABHNW;DJIBOUTI;RWF;23598318.79249863
