Client;Country;Currency;Transaction
Eaaa2;UNITED KINGDOM;KYD;196.8751942039702
Eaaa2;UNITED ARAB EMIRATES;BGN;1338.524215969875
Eaaa2;JAPAN;KES;396756.7975545651
Eaaa2;CAMBODIA;BND;816.9803119222369
Eaaa2;PAPUA NEW GUINEA;NPR;599252.3220084604
Eaaa2;ETHIOPIA;TRY;51381.320121211356
Eaaa2;BERMUDA;LAK;26352663.76732649
Eaaa2;SAUDI ARABIA;STD;108991484.11624631
Eaaa2;RUSSIAN FEDERATION;BRL;3389.8482679111326
Eaaa2;TRINIDAD AND TOBAGO;CNY;16541.992416681904
Eaaa2;GHANA;AZN;3384.679465418589
Eaaa2;IRAQ;BRL;212.5055938343082
GZ233;GUYANA;RWF;3500976.310593901
GZ233;KENYA;LVL;1829.3458694792282
GZ233;CAYMAN ISLANDS;PHP;61890.47217363138
GZ233;SWAZILAND;LVL;2943.871122276787
GZ233;DJIBOUTI;MOP;24305.49807523674
GZ233;SYRIAN ARAB REPUBLIC;IQD;629578.1035494716
EGHHW;JAMAICA;COP;31649367.670201723
EGHHW;NEW ZEALAND;ISK;1159018.2111097954
EGHHW;MYANMAR;MAD;59001.430888343675
EGHHW;POLAND;SOS;1152392.7390453068
EGHHW;HONG KONG;NAD;37095.88262429755
EGHHW;BAHRAIN;BZD;11770.335159731492
EGHHW;VIET NAM;PES;1384543.3620608412
EGHHW;SYRIAN ARAB REPUBLIC;BDT;10895.989388696997
EGHHW;LIBYAN ARAB JAMAHIRIYA;TOP;19687.074421402547
EGHHW;BOLIVIA;GHS;76618.7746863384
EGHHW;YEMEN;SOS;3906212.3507480677
EGHHW;SUDAN;SGD;164.71003909564237
EGHHW;BANGLADESH;ANG;10619.197693474533
EGHHW;CROATIA;NAD;134650.2859223317
EGHHW;SIERRA LEONE;EUR;558.6591611005733
EGHHW;BULGARIA;BDT;323392.96505652694
FIIZ3;BAHRAIN;QAR;7325.822241226352
FIIZ3;BURUNDI;BBD;49590.380830313305
FIIZ3;NAMIBIA;GMD;156153.19281761177
FIIZ3;CAMBODIA;DJF;179311.40206275447
FIIZ3;SAMOA;CYP;13514.66713077037
FIIZ3;MADAGASCAR;AWG;30219.058870200563
FIIZ3;SAUDI ARABIA;CRC;4103213.6656472357
FIIZ3;BOLIVIA;SCR;119981.23497207732
FIIZ3;BELARUS;LAK;198349888.18457967
BI113;ARUBA;SRD;222441.52082069014
BI113;SURINAME;SBD;43033.76107480985
BI113;SAUDI ARABIA;CAD;6178.727818158732
BI113;VIET NAM;WST;16937.127811909297
BI113;UKRAINE;NGN;2536241.9807739677
BI113;DJIBOUTI;LRD;503376.3210964944
BI113;GUYANA;MAD;42054.3344797045
BI113;PHILIPPINES;MVR;28176.963465659817
BI113;PARAGUAY;BYR;51161953.85731188
BI113;JORDAN;BWP;52310.59944753067
BI113;PAKISTAN;ETB;315132.1492873927
BI113;JORDAN;AWG;14796.692994639341
BI113;VANUATU;PEN;22177.312781073084
BI113;KENYA;PAB;1574.2695210835486
BI113;INDONESIA;GBP;349.67665907644914
BI113;HONG KONG;XOF;4535479.064344648
DDGGV;NIGERIA;SDG;10485801.553113421
DDGGV;CENTRAL AFRICAN REPUBLIC;MGA;84375462.22119507
DDGGV;MACAU;HKD;116338.61941783362
DDGGV;CYPRUS;PGK;51161.92443915703
DDGGV;CANADA;BIF;36478007.34349848
DDGGV;IRAN (ISLAMIC REPUBLIC OF);BIF;19349024.483446196
DDGGV;MOROCCO;PAB;1074.0718179893668
DDGGV;BRAZIL;RON;7279.735139829327
DDGGV;PERU;ILS;55904.947999979704
DDGGV;SYRIAN ARAB REPUBLIC;JMD;241291.58591425544
DDGGV;EL SALVADOR;SEK;105952.78499391646
DDGGV;KOREA, REPUBLIC OF;UYU;176278.8702370275
DDGGV;ISRAEL;WST;34278.30106194883
DDGGV;SINGAPORE;ZAR;97659.29159170114
DDGGV;BARBADOS;AED;840.6308426038274
DEHJX;MOZAMBIQUE;BWP;11945.209520374898
DEHJX;UNITED ARAB EMIRATES;MXN;19695.436403813885
DEHJX;SWITZERLAND;QAR;2431.954839119881
DEHJX;SWAZILAND;DJF;88126.6382354566
DEHJX;LATVIA;MZN;43287.390509645804
DEHJX;SERBIA;KWD;212.3498775481156
DEHJX;GUINEA;XAF;300815.4308729798
DEHJX;ALBANIA;GMD;59159.47051141185
DEHJX;KUWAIT;AZN;331.81843001696654
DEHJX;LIBYAN ARAB JAMAHIRIYA;NGN;430844.9942422401
DEHJX;PHILIPPINES;LKR;212461.27940356944
DEHJX;NIGERIA;WST;598.8033232610416
DEHJX;UKRAINE;CLP;41501.13304248778
DEHJX;HONG KONG;MVR;6403.615618121706
DEHJX;LIBERIA;PEN;3551.2250160382628
DEHJX;SOLOMON ISLANDS;LYD;5501.399681791793
DEHJX;TONGA;AZN;1280.2072760938286
DEHJX;JAPAN;LBP;1581893.0258022263
DEHJX;VIET NAM;THB;20505.47001149601
DEHJX;IRAN (ISLAMIC REPUBLIC OF);DOP;56860.056908835744
AADa1;VANUATU;KYD;4775.3627228750565
AADa1;PHILIPPINES;KES;515598.5065524738
AADa1;SWAZILAND;BND;13735.582573099131
AADa1;ISRAEL;KWD;2195.7141036224803
AADa1;EURO;TRY;74757.03376696
AADa1;SWAZILAND;PES;297319.644422991
AADa1;HONG KONG;TTD;37127.09589578816
AADa1;TUNISIA;TWD;71443.17716681847
AADa1;HAITI;WST;8094.030761742732
AADa1;SAUDI ARABIA;MYR;28237.005383590746
AADa1;PERU;AZN;4549.240401021623
AADa1;ANGOLA;IDR;64037668.15956612
AADa1;BOLIVIA;JMD;428075.6077379173
DEEIX;UGANDA;CLP;125967.5066337534
DEEIX;ZAMBIA;KHR;386666.875902529
DEEIX;RWANDA;BZD;565.0398394853526
DEEIX;AUSTRALIA;ETB;10661.105836938792
DEEIX;RUSSIAN FEDERATION;BIF;171196.27745666326
DEEIX;MADAGASCAR;CNY;1486.1795185370827
DEEIX;SWEDEN;HRK;1945.8628103470242
DEEIX;NICARAGUA;PGK;631.4964090999392
DEEIX;PAKISTAN;BMD;155.3496795462297
DEEIX;BRUNEI DARUSSALAM;CNY;2008.5361647613938
DEEIX;KAZAKHSTAN;MWK;188942.69400452464
BBIVa;CROATIA;CVE;9512.838019603898
BBIVa;PERU;MAD;1673.9212073152426
BBIVa;UKRAINE;BWP;2178.852453633921
BBIVa;UNITED ARAB EMIRATES;MVR;985.6872079682615
BBIVa;NAMIBIA;SYP;2522.078341284859
BBIVa;BARBADOS;PYG;1276337.190267329
BBIVa;SAUDI ARABIA;XCD;293.47525805264934
BBIVa;NEW ZEALAND;MRO;67351.24119911944
BBIVa;SWEDEN;SLL;3085233.05407644
BBIVa;SUDAN;TND;128.23246622024706
BBIVa;CHILE;NOK;1758.554340028388
BBIVa;INDONESIA;TRY;2499.5185130279565
BBIVa;NETHERLANDS ANTILLES;SRD;3810.4601053138135
BBIVa;IRAN (ISLAMIC REPUBLIC OF);NGN;7976.7046663184
BBIVa;TURKEY;KWD;34.1279048207498
BBIVa;NEW ZEALAND;UAH;4503.3700719011895
BBIVa;PARAGUAY;AOA;32357.43458304096
BBIVa;NAMIBIA;KES;18215.872482142408
BBIVa;IRAQ;JOD;98.84785689078437
BBIVa;SURINAME;KZT;1183.7096850925375
CDGXb;BHUTAN;BIF;683846.1974024769
CDGXb;ALBANIA;NAD;-110.43846023243418
CDGXb;BRUNEI DARUSSALAM;MVR;1341.2773966609886
CDGXb;UGANDA;ZMW;4263.090416897484
CDGXb;TANZANIA, UNITED REPUBLIC OF;UGX;1131495.0195190355
MW223;SYRIAN ARAB REPUBLIC;VUV;3535818.378912185
MW223;NEW ZEALAND;MUR;1429992.4180378383
MW223;SWAZILAND;DZD;348160.4472043155
MW223;GHANA;SYP;3232629.6754174647
MW223;VIET NAM;JPY;2457233.4108716785
MW223;THAILAND;EGP;584970.595567033
MW223;SOMALIA;TZS;12544602.855878001
MW223;BOLIVIA;DZD;3810848.0514821657
MW223;ALBANIA;DZD;661639.9701722374
MW223;AZERBAIJAN;BZD;62555.088826184445
MW223;EL SALVADOR;JPY;1080576.769884538
MW223;SEYCHELLES;BOB;117431.92828871682
MW223;BAHRAIN;LBP;25780230.13990431
MW223;SIERRA LEONE;AUD;22836.360472442768
MW223;AZERBAIJAN;PES;4942312.383868479
MW223;NIGERIA;UGX;15452188.242608031
MW223;DOMINICAN REPUBLIC;MMK;22651617.54200772
EFLZ3;DOMINICAN REPUBLIC;AUD;10174.948585295964
EFLZ3;BHUTAN;NZD;2709.233588711751
EFLZ3;MALDIVES;GTQ;4536.413362274954
EFLZ3;PHILIPPINES;QAR;16655.361577051826
EFLZ3;JAMAICA;BRL;51173.42249083092
EFLZ3;QATAR;BIF;9623641.346955786
EFLZ3;CZECH REPUBLIC;TRY;55972.4964798492
EFLZ3;TANZANIA, UNITED REPUBLIC OF;RWF;7714511.019766526
EFLZ3;BELIZE;ANG;1177.9193375353743
EFLZ3;VIET NAM;SAR;18058.535551531124
EFLZ3;ANGOLA;JPY;1270461.314338162
EFLZ3;LAO PEOPLE'S DEMOCRATIC REP;NIO;260153.33831531482
EFLZ3;TRINIDAD AND TOBAGO;OMR;1527.4637693067766
EFMMX;NORWAY;BYR;35274142.74705667
EFMMX;BULGARIA;LRD;2297570.150380589
EFMMX;SWITZERLAND;AUD;4965.200103133542
EFMMX;NORWAY;ARS;2123154.9628898315
EFMMX;BELARUS;CNY;16804.198978792698
EFMMX;SWAZILAND;BZD;17161.671050581823
EFMMX;ARUBA;VND;106697109.42805082
EFMMX;LIBERIA;QAR;30019.602143248372
EFMMX;EGYPT;SDG;301294.20327663724
EFMMX;ALBANIA;UGX;36806799.71622768
EFMMX;KENYA;DOP;570481.2159319133
EFMMX;NETHERLANDS ANTILLES;XOF;8317066.756017661
EFMMX;HAITI;MAD;17789.372950939247
EFMMX;ICELAND;PGK;50269.3496459511
EFMMX;NIGERIA;FJD;594.3685812591884
M2222;CHILE;GTQ;15979.862133569639
DEXa1;SWAZILAND;ANG;43653.03364013618
DEXa1;ETHIOPIA;KWD;10844.2066885302
DEXa1;TAIWAN, PROVINCE OF CHINA;CAD;33634.6323879171
DEXa1;HAITI;BOB;116805.27036514065
DEXa1;CANADA;UYU;1419020.450829254
DEXa1;LAO PEOPLE'S DEMOCRATIC REP;NOK;237700.04886158256
DEXa1;MACAU;SCR;611152.0906324225
DEXa1;KUWAIT;CNY;290367.719943847
EGVVZ;PAKISTAN;BND;2805.1769676104495
EGVVZ;CAMBODIA;AUD;3490.3013634055014
EGVVZ;PAKISTAN;AUD;5408.84373052792
EGVVZ;UKRAINE;SLL;93174749.33039525
EGVVZ;TOGO;XPF;83682.52217200027
EGVVZ;BOTSWANA;PAB;4771.60242311008
EGVVZ;DOMINICAN REPUBLIC;CHF;5096.999780419759
EGVVZ;THAILAND;AOA;3075343.9671000866
EGVVZ;TUNISIA;LKR;1501584.4464680722
EGVVZ;SYRIAN ARAB REPUBLIC;EGP;130176.94220576542
EGVVZ;LIBERIA;ZMW;106933.59779008495
EGVVZ;KUWAIT;MGA;23717985.005763467
EGVVZ;SWEDEN;ISK;876706.8614490872
EGVVZ;BAHRAIN;NGN;1456446.6521584264
EGVVZ;CHILE;VUV;614685.8968921792
EGVVZ;JAPAN;MUR;180429.14259571652
EGVVZ;UGANDA;VUV;637193.3350359584
EGVVZ;UNITED KINGDOM;ANG;8346.132844360693
EGVVZ;CROATIA;OMR;1959.373015476197
EGVVZ;EGYPT;BIF;8807111.30683125
FNaab;KOREA, REPUBLIC OF;AED;3902.5593023834454
FNaab;ISRAEL;RWF;8473220.273501512
FNaab;BELARUS;LAK;110880437.27815446
FNaab;BELIZE;INR;543803.1063163043
FNaab;IRAQ;NZD;8277.145845821638
FNaab;MALAYSIA;VUV;344725.36337805627
FNaab;SYRIAN ARAB REPUBLIC;BMD;7361.40224856493
FNaab;BHUTAN;CVE;703937.8720264501
FNaab;MACAU;HUF;1052754.97586981
FNaab;ALGERIA;DJF;498917.45088670676
FNaab;UNITED KINGDOM;GMD;371470.15626220265
AGHJL;LAO PEOPLE'S DEMOCRATIC REP;MVR;94941.60756424406
AGHJL;ARGENTINA;YER;205386.13343485942
AGHJL;EL SALVADOR;ZWL;932461.428287083
AGHJL;GAMBIA;SVC;2848.8313280431457
AGHJL;MALDIVES;SGD;10330.303612019936
AGHJL;AZERBAIJAN;PHP;288616.62963136926
AGHJL;HONDURAS;EGP;129765.9214647389
AGHJL;CROATIA;BOB;17032.262870149116
AGHJL;SAUDI ARABIA;PEN;7455.375449708271
AGHJL;CENTRAL AFRICAN REPUBLIC;SGD;4469.337327901398
YYc12;UKRAINE;KYD;153.64885473663077
YYc12;CAPE VERDE;GYD;58864.69564580245
YYc12;GUYANA;NIO;111392.1949951399
YYc12;CAPE VERDE;OMR;13.534985967373975
YYc12;MALAWI;HTG;427002.52018498513
AGIW2;PAPUA NEW GUINEA;SOS;10770155.338215517
AGIW2;MADAGASCAR;UYU;848451.595939438
AGIW2;NORWAY;CZK;393665.85464160575
AGIW2;THAILAND;PEN;50079.90978840115
AGIW2;BURUNDI;NGN;7263321.306959915
AGIW2;IRAN (ISLAMIC REPUBLIC OF);INR;199277.97080310647
AGIW2;ANGOLA;SBD;43525.92381250284
AGIW2;KOREA, REPUBLIC OF;KHR;79821370.82602999
AGIW2;DOMINICA;CZK;168863.58639762332
AGIW2;SAUDI ARABIA;SBD;24562.875133956284
HXXb1;UNITED KINGDOM;ILS;13739.37222768816
HXXb1;GUYANA;MMK;13648643.289462227
HXXb1;LAO PEOPLE'S DEMOCRATIC REP;ISK;595352.061622933
HXXb1;LEBANON;GMD;146772.83852260624
HXXb1;AUSTRALIA;EUR;1784.6259075861467
HXXb1;EL SALVADOR;TND;4033.798702941778
HXXb1;PARAGUAY;MZN;414056.09298124054
HXXb1;MACAU;BGN;4590.677385550785
HXXb1;MAURITANIA;LYD;27008.690613647224
HXXb1;LIBYAN ARAB JAMAHIRIYA;LRD;1056607.8717401451
HXXb1;MACAU;XOF;3432470.3627009555
HXXb1;ETHIOPIA;BZD;7234.107557507259
HXXb1;BERMUDA;IDR;100690808.3156952
HXXb1;SINGAPORE;BZD;7757.3569835290755
HXXb1;BRAZIL;CVE;472527.1432929151
HXXb1;DJIBOUTI;IQD;6491387.7025978
HXXb1;IRAQ;PKR;746076.1290275077
HXXb1;TUNISIA;BND;5910.055689242614
CDHJ3;PAPUA NEW GUINEA;HRK;12533.164444895527
CDHJ3;BURUNDI;ILS;1668.9154636612009
CDHJ3;SWAZILAND;COP;588606.2635652917
CDHJ3;KENYA;JPY;344443.41337163263
CDHJ3;SIERRA LEONE;PLN;4282.148113286185
CDHJ3;TRINIDAD AND TOBAGO;PLN;6962.420200791518
CDHJ3;GUINEA;NPR;26181.491935604303
CDHJ3;CYPRUS;BYR;7913793.349244556
CDHJ3;KAZAKHSTAN;CYP;601.9224735173876
CDHJ3;MAURITIUS;YER;523148.6326890952
CDHJ3;ALGERIA;MAD;7083.844546287263
CDHJ3;CANADA;NOK;9648.255292603153
CDHJ3;FIJI;QAR;5613.61635752115
CDHJ3;TUNISIA;EGP;55779.49716327711
CDHJ3;CAMBODIA;RON;11963.55415888469
HJJaa;BHUTAN;KHR;84901395.99862203
HJJaa;DOMINICAN REPUBLIC;ANG;43607.637954911756
HJJaa;MAURITANIA;JMD;3454027.8148661093
HJJaa;MEXICO;NIO;190413.2704707566
DKWZc;ETHIOPIA;SAR;4245.859044636926
DKWZc;IRAQ;XAF;3673007.3520335974
DKWZc;NAMIBIA;VND;55504007.53839351
DKWZc;CAPE VERDE;BOB;10864.845342800563
DKWZc;JORDAN;PYG;42526822.25250868
DKWZc;NETHERLANDS ANTILLES;JMD;729592.2420359073
DKWZc;MEXICO;UGX;11502656.378112499
DKWZc;VENEZUELA;SRD;145272.72513117973
DKWZc;CZECH REPUBLIC;EUR;3745.0846437529544
DKWZc;OMAN;SDG;686556.5420306703
DKWZc;JAMAICA;BIF;10136806.247461615
DKWZc;CZECH REPUBLIC;SVC;12903.008153728306
DKWZc;CZECH REPUBLIC;EGP;32766.140480556118
DKWZc;DJIBOUTI;GBP;3463.3998050516075
CCCDJ;SAO TOME AND PRINCIPE;KHR;3804803.7054373827
VZb13;BERMUDA;FJD;6954.805597156927
VZb13;PHILIPPINES;KHR;6551422.2719294205
VZb13;VIET NAM;PLN;4893.508698370105
VZb13;SOMALIA;BND;2659.055392565712
VZb13;HUNGARY;KZT;1267216.9336009822
VZb13;CZECH REPUBLIC;TWD;30462.326077439655
VZb13;QATAR;NOK;16520.114771356344
VZb13;RUSSIAN FEDERATION;LRD;176407.3421824203
VZb13;SWEDEN;ETB;67258.82945291525
VZb13;BAHAMAS;TTD;3575.0651406292254
VZb13;BELARUS;CZK;-181.73223215342895
VZb13;TONGA;UYU;73502.51287734121
VZb13;CHILE;MWK;230787.6767193779
AFFGI;MACAU;PHP;233942.47630691994
AFFGI;PERU;PLN;137919.6770532298
AFFGI;AUSTRALIA;GMD;1401868.1599042935
AFFGI;VANUATU;BRL;151971.4998931241
AFFGI;HONDURAS;PHP;1343082.3776998376
AFFGI;SYRIAN ARAB REPUBLIC;GBP;3026.8115904691317
DIZc2;UGANDA;ALL;893300.1453832659
DIZc2;TOGO;HTG;1046058.7118218079
DIZc2;ALGERIA;TRY;169461.1300109925
DIZc2;NEPAL;DKK;50207.02142922101
DIZc2;POLAND;DJF;1594012.2606127234
DIZc2;BAHAMAS;LKR;885540.4597936685
DIZc2;ICELAND;BMD;8014.477335060218
DIZc2;CYPRUS;QAR;28182.606711659468
DIZc2;SIERRA LEONE;SAR;26132.57949844444
DIZc2;MAURITIUS;OMR;2786.073858220797
DIZc2;CANADA;EUR;3948.846860462285
DIZc2;ROMANIA;IQD;1515598.2446427045
DIZc2;PERU;VND;54233530.756781906
DIZc2;EURO;CRC;2638797.5620098226
DIZc2;GHANA;KYD;2531.1925190002626
DIZc2;BAHAMAS;SAR;1830.8277432657017
DIZc2;TONGA;CLP;5775510.009943257
DIZc2;JAPAN;SGD;12094.823599903708
DIZc2;BELIZE;CYP;874.4872047735893
DIZc2;BURUNDI;ARS;552505.4455012064
DEGV1;MEXICO;AWG;8808.121275758129
DEGV1;POLAND;HTG;375061.92520270625
DEGV1;BULGARIA;HKD;67088.03228856508
DEGV1;UGANDA;HUF;875691.4892711511
DEGV1;NICARAGUA;UGX;3782570.694706971
DEGV1;TONGA;SLL;155715087.02016386
DEGV1;PERU;SAR;29003.23938767141
DEGV1;BAHRAIN;JPY;47529.363822755346
DEGV1;SYRIAN ARAB REPUBLIC;BHD;1473.6924564435105
DEGV1;YEMEN;HTG;1089894.189340229
DEGV1;HONG KONG;SOS;2696733.16766577
DEGV1;EGYPT;SZL;32885.091331573094
DEGV1;PAKISTAN;AWG;15802.94740821025
DEGV1;SUDAN;FJD;4035.542019584567
VXXWY;SOUTH AFRICA;MXN;93087.28376801882
VXXWY;MAURITANIA;ANG;6785.149642744577
VXXWY;ALBANIA;PKR;887971.2515250274
VXXWY;ARUBA;IDR;42396768.461267404
EFJVc;GHANA;SEK;10684.33978602066
EFJVc;KENYA;BIF;1309122.1954550415
EFJVc;ROMANIA;BWP;38154.550488061366
EFJVc;KAZAKHSTAN;RUB;161074.51051266296
EFJVc;MOROCCO;AZN;4794.050554802565
EFJVc;THAILAND;NAD;98588.22792176103
EFJVc;AUSTRALIA;HUF;862642.3184767736
EFJVc;NICARAGUA;ZAR;23461.884562085248
FJJWZ;BAHAMAS;PAB;2124.371401201326
FJJWZ;CHILE;NGN;2223004.4398563746
FJJWZ;NICARAGUA;BTN;269140.34078654787
FJJWZ;DENMARK;BBD;5610.212383807805
FJJWZ;JORDAN;GMD;323924.6003111815
FJJWZ;MALDIVES;OMR;795.270461054798
FJJWZ;OMAN;BBD;2400.800876562564
FJJWZ;VENEZUELA;TOP;11858.940877950095
FJJWZ;NEW ZEALAND;CAD;418.4091601419039
FJJWZ;LIBERIA;BHD;1019.2327787144574
FJJWZ;MACAU;PEN;3012.4282984248316
FJJWZ;UNITED KINGDOM;LKR;195592.27575056467
FJJWZ;SRI LANKA;JMD;154416.30583889093
FJJWZ;CANADA;MUR;6547.735740709283
FMXac;LIBERIA;SDG;2428551.293717974
FMXac;NEPAL;ZAR;31542.219303140453
FMXac;GUATEMALA;THB;225952.28079409327
FMXac;BOTSWANA;BIF;3701085.2122543743
FMXac;UNITED ARAB EMIRATES;LKR;2379686.740063004
FMXac;BURUNDI;CAD;11447.110865316312
FMXac;UNITED KINGDOM;SVC;70520.31005467824
FMXac;SWITZERLAND;SZL;105751.89388038125
FMXac;ALBANIA;CHF;3181.234428897474
FMXac;JAPAN;CLP;4015576.451161175
FMXac;MAURITANIA;BWP;44674.58785556041
FMXac;NICARAGUA;QAR;14171.113672559157
FMXac;TUNISIA;EUR;5717.820014528372
FMXac;TAIWAN, PROVINCE OF CHINA;LRD;19611.45077080623
FMXac;INDIA;ANG;14322.156323416395
FMXac;ARUBA;TRY;129312.37899509387
FMXac;TRINIDAD AND TOBAGO;NOK;87701.85042138353
FMXac;NIGERIA;AOA;3224439.3873104583
FMXac;COLOMBIA;HKD;65165.144469116516
DYbb2;SURINAME;NOK;24281.804808721026
DYbb2;SAUDI ARABIA;SVC;139398.97890652533
DYbb2;AZERBAIJAN;SBD;61372.16470105305
DYbb2;KENYA;SGD;6512.132776409143
DYbb2;AZERBAIJAN;BHD;7042.491311469016
DYbb2;MALDIVES;SDG;1045890.5010782275
DYbb2;BAHRAIN;GBP;6575.928014169019
DYbb2;NIGERIA;ILS;10358.990573537729
Wbb22;OMAN;SBD;286322.0396015532
Wbb22;LIBYAN ARAB JAMAHIRIYA;LBP;12290705.875236487
Wbb22;HUNGARY;ETB;2273805.107309085
Wbb22;GUATEMALA;IQD;37116736.352857485
Wbb22;BANGLADESH;CRC;13263824.825981772
Wbb22;MALAYSIA;KRW;-29446.027490396104
Wbb22;NEW ZEALAND;KHR;46093795.79247645
Wbb22;PAKISTAN;UGX;54325362.85108058
Wbb22;NEW ZEALAND;CRC;6229336.260125625
Wbb22;PAKISTAN;DKK;277557.00955356617
Wbb22;PANAMA;RSD;3282615.259163696
Wbb22;THAILAND;XOF;5007186.6657670075
Wbb22;POLAND;NAD;725115.5295496205
Wbb22;TAIWAN, PROVINCE OF CHINA;LVL;22618.965226767792
GMWac;BELARUS;GBP;-3.6185715797056948
GMWac;SYRIAN ARAB REPUBLIC;CRC;333229.24617378763
GMWac;SYRIAN ARAB REPUBLIC;CHF;1732.036144025735
GMWac;BELIZE;SDG;970412.8503328162
GMWac;UNITED ARAB EMIRATES;LRD;44819.51266383951
GMWac;KENYA;KES;52557.028768681506
GMWac;SWEDEN;CAD;257.92591424750884
GMWac;CHINA;TND;2628.927034152746
GMWac;OMAN;MOP;6275.465320555853
GMWac;SWITZERLAND;CZK;19551.610108242712
EGNXc;TANZANIA, UNITED REPUBLIC OF;LYD;12819.061942470515
EGNXc;SAUDI ARABIA;PAB;904.2306967722204
EGNXc;ZIMBABWE;HNL;60236.17494999407
EGNXc;TUNISIA;KYD;957.5541023288346
EGNXc;RWANDA;XOF;1498338.8887167093
EGNXc;SERBIA;XPF;157925.11482317583
EGNXc;ALBANIA;IDR;30861379.375107087
EGNXc;CAPE VERDE;NGN;175427.54467250584
EGNXc;LAO PEOPLE'S DEMOCRATIC REP;TND;8940.357481449893
EGNXc;SEYCHELLES;NAD;22819.585763019626
EGNXc;ISRAEL;MXN;17348.058731837424
EGNXc;MOZAMBIQUE;ILS;6932.175970277114
EGNXc;GAMBIA;NPR;379448.39909163513
EGNXc;EL SALVADOR;LBP;3243731.8679352626
EGNXc;MOROCCO;INR;118806.60924289726
EGNXc;TAIWAN, PROVINCE OF CHINA;RUB;1225.3891883039971
EGNXc;JAPAN;PKR;78615.78991821005
EGNXc;ICELAND;SGD;2629.051508447623
EGNXc;SAMOA;CLP;580746.2200321928
EGNXc;GHANA;SYP;1083173.9206610855
EFMV1;QATAR;VES;1243617.5537514286
EFMV1;ARGENTINA;MWK;61307801.4509723
EFMV1;AZERBAIJAN;XOF;15901178.425850904
EFMV1;SINGAPORE;KHR;160785881.3971207
EFMV1;IRAQ;VES;31385.955961606032
EFMV1;NEW ZEALAND;PKR;1960226.8980684867
EFMV1;BELIZE;UAH;154188.743344069
BEEIa;ANGOLA;SLL;10204108.104267152
BEEIa;HUNGARY;SCR;3265.712854554548
BEEIa;ARGENTINA;COP;469131.6085449003
BEEIa;JAPAN;KZT;25294.58555454536
BEEIa;NEW ZEALAND;ANG;1070.0182470733896
BEEIa;CAYMAN ISLANDS;PYG;2810846.914864548
BEEIa;TURKEY;ALL;66550.67808365493
BEEIa;TONGA;PYG;1034179.5252803524
BEEIa;CENTRAL AFRICAN REPUBLIC;MVR;5847.867444682481
BEEIa;CANADA;MAD;5596.784363589071
BEEIa;TURKEY;GYD;101159.14522631923
BEEIa;JAMAICA;DJF;95476.26862681485
BEEIa;MAURITANIA;SDG;57592.18999676589
BEEIa;MAURITIUS;BBD;1022.6506483403824
BEEIa;VENEZUELA;STD;11923790.01148425
BEEIa;PHILIPPINES;TTD;449.4979821814276
CFNV2;CANADA;NPR;713181.5594454862
CFNV2;IRAN (ISLAMIC REPUBLIC OF);IDR;128486978.81719634
CFNV2;ZAMBIA;GTQ;94200.31296513662
CFNV2;IRAQ;ARS;4810734.735916745
CFNV2;VENEZUELA;SRD;315784.6517005736
CFNV2;MACAU;XAF;2717099.390586934
CHVYa;MALAWI;NOK;75670.87674301215
CHVYa;BARBADOS;RSD;2057888.6392913696
CHVYa;CZECH REPUBLIC;NIO;1136390.6999234322
CHVYa;BRUNEI DARUSSALAM;PAB;11535.339877129521
CHVYa;TONGA;CYP;3706.825583342
CHVYa;SAO TOME AND PRINCIPE;CHF;27607.12573537241
CHVYa;BHUTAN;NGN;1770020.4624425897
CHVYa;CROATIA;GBP;31001.52189721778
CHVYa;NICARAGUA;DZD;1806957.6791221169
CHVYa;ROMANIA;KHR;54619205.84191953
CHVYa;BAHRAIN;MVR;584719.7087841979
CHVYa;EGYPT;DJF;230085.20956643508
EFVYZ;ICELAND;SYP;8961089.527404366
EFVYZ;ZIMBABWE;CLP;12149843.333601065
EFVYZ;SUDAN;ILS;13803.412116077538
EFVYZ;BOLIVIA;SCR;71202.77704468991
EFVYZ;MALAYSIA;FJD;1528.1765172940777
EFVYZ;ARUBA;DZD;1030861.0903969293
EFVYZ;MAURITANIA;TND;14731.87787019153
EFVYZ;NETHERLANDS ANTILLES;CHF;20096.246187786226
EFVYZ;SOLOMON ISLANDS;CNY;99654.22442305616
EFVYZ;HUNGARY;CVE;833719.9451272467
EFVYZ;LIBERIA;BWP;231487.1751644519
EFVYZ;ANGOLA;BRL;72920.5399438911
DDHN2;HAITI;OMR;4776.5874729118905
DDHN2;CHINA;RON;43297.62258648256
DDHN2;ALBANIA;EGP;191828.49189835717
DDHN2;TAIWAN, PROVINCE OF CHINA;NIO;301007.02959274297
DDHN2;SIERRA LEONE;INR;284880.7798158446
DDHN2;HUNGARY;VND;194655172.08014795
DDHN2;LATVIA;GYD;3209073.006853931
DDHN2;UKRAINE;PLN;55886.517590117764
DDHN2;RUSSIAN FEDERATION;TOP;13166.434425337797
DDHN2;TOGO;AOA;6600839.013455013
DDHN2;DENMARK;PEN;52563.82487909751
DDHN2;UNITED KINGDOM;BYR;73315130.12433448
DDHN2;INDONESIA;QAR;41113.25873104883
DDHN2;LEBANON;RON;37618.634170709855
DDHN2;EL SALVADOR;MUR;440686.8357735717
DDHN2;GAMBIA;MOP;55019.52807221064
DDHN2;MAURITANIA;ZWL;5183259.540536354
CELLV;PAPUA NEW GUINEA;SAR;22854.82698827047
CELLV;KOREA, REPUBLIC OF;NZD;8320.652220997486
CELLV;PARAGUAY;LKR;1704942.3103018308
CELLV;ARUBA;JOD;-33.25808131215613
CELLV;JAPAN;LKR;1413979.1016575063
CELLV;BRUNEI DARUSSALAM;PGK;754.7041719137243
CELLV;DOMINICA;CYP;3692.455620562409
CELLV;KOREA, REPUBLIC OF;HRK;31812.533228767486
CELLV;CANADA;DKK;53879.18109754604
CELLV;BELIZE;HRK;10465.65854009091
CELLV;PANAMA;BMD;1455.740932949942
CELLV;LEBANON;MWK;701990.216331588
CELLV;DJIBOUTI;BND;3972.4196070404414
CELLV;LEBANON;HKD;44315.02435805387
EJMbb;MEXICO;MMK;1527793.8137904415
EJMbb;COSTA RICA;MUR;154364.47781474804
EJMbb;LEBANON;BZD;16069.300562967961
EJMbb;TUNISIA;VUV;140290.88547096803
EJMbb;URUGUAY;HUF;2412572.3326517097
EJMbb;TURKEY;RWF;10703383.888933482
HJM12;TURKEY;KHR;120519908.80425099
HJM12;GAMBIA;SRD;864001.9312662507
HJM12;ISRAEL;CAD;8225.833828261135
HJM12;UNITED KINGDOM;CYP;13331.156265775224
HJM12;SERBIA;AZN;49608.20189396477
HJM12;CENTRAL AFRICAN REPUBLIC;TRY;232108.30934474876
HJM12;SIERRA LEONE;MRO;1177865.7572784428
CFVYc;ANGOLA;BSD;1073.697245566526
CFVYc;RWANDA;SOS;6743817.374204424
CFVYc;HUNGARY;PGK;8228.269212507124
CFVYc;YEMEN;PYG;28059221.5067246
CFVYc;CZECH REPUBLIC;BTN;916095.1396883173
CFVYc;GUINEA;AZN;9284.972409082544
CFVYc;SEYCHELLES;XOF;3554570.9882857357
CFVYc;HONG KONG;DZD;582314.0143493708
CFVYc;CANADA;PGK;-337.43690776843096
CFVYc;DOMINICAN REPUBLIC;VES;19825.05073027685
CFVYc;MOZAMBIQUE;BDT;347156.9224324157
ALLXW;MEXICO;EUR;15968.941892217535
ALLXW;INDIA;UGX;50042761.64737192
ALLXW;CYPRUS;UGX;18053081.18565161
ALLXW;PAKISTAN;SEK;32546.21948878103
ALLXW;ETHIOPIA;PHP;246707.02625919195
ALLXW;ETHIOPIA;PYG;15009730.667110426
DDHHI;BELARUS;HTG;299296.3597616168
DDHHI;MALDIVES;HRK;17449.337685550934
DDHHI;DJIBOUTI;HNL;9836.400814456854
DDHHI;CAYMAN ISLANDS;MMK;3066305.7118354505
DDHHI;BAHAMAS;HKD;7115.268601586429
DDHHI;NICARAGUA;ZMW;58621.053547437274
DDHHI;LIBYAN ARAB JAMAHIRIYA;MXN;84567.77676880047
FGXW3;ISRAEL;BOB;90399.13095207929
FGXW3;IRAQ;XOF;2018942.072392833
FGXW3;CAPE VERDE;CHF;13947.424267699886
FGXW3;IRAN (ISLAMIC REPUBLIC OF);XOF;5010682.237028484
KNa33;JORDAN;IDR;717210.7022879523
KNa33;ICELAND;SRD;39983.01418952862
KNa33;PAPUA NEW GUINEA;LKR;1230185.3942051823
KNa33;MACAU;THB;62998.06237893539
KNa33;SIERRA LEONE;BYR;142775995.14349928
KNa33;POLAND;CAD;3418.840959134913
KNa33;SWITZERLAND;DZD;1267828.4719564624
KNa33;SOLOMON ISLANDS;ETB;548665.6933397565
KNa33;MEXICO;AUD;4114.811668287142
KNa33;PARAGUAY;NPR;1260025.5205646683
KNa33;CZECH REPUBLIC;AUD;625.7016542413421
KNa33;UNITED KINGDOM;NAD;142390.46003567576
KNa33;COSTA RICA;DJF;1869671.2748837161
KNa33;PAPUA NEW GUINEA;SGD;11601.018074233978
KNa33;SOMALIA;GNF;93234251.00567608
ABBFL;MAURITANIA;HNL;413774.10846016573
ABBFL;RWANDA;JPY;1026652.7713340091
EHJWY;SWITZERLAND;OMR;184.6392973995954
EHJWY;FRENCH POLYNESIA;TWD;838309.5908261086
EHJWY;BANGLADESH;JOD;10341.897080740757
EHJWY;PAPUA NEW GUINEA;CLP;25249830.484412145
EHJWY;SAO TOME AND PRINCIPE;BDT;2586711.0817195685
EHJWY;SINGAPORE;PYG;72803361.05759749
EHJWY;NEPAL;MUR;392898.14360170224
EHJWY;MACAU;MVR;109746.50421366455
KLb22;TOGO;SLL;37322912.297071286
CG233;FIJI;CHF;3934.0685713563034
CG233;SEYCHELLES;PLN;60819.00353781894
CG233;KUWAIT;JMD;1407030.315996128
CG233;CZECH REPUBLIC;SEK;147178.22378140953
CG233;KOREA, REPUBLIC OF;RON;85014.49022540351
CG233;SOUTH AFRICA;RON;44827.834974108395
CG233;HONG KONG;SBD;31812.97805009405
CG233;ZAMBIA;RWF;18374403.947265174
CG233;ZIMBABWE;HKD;59674.80425546415
CG233;BAHRAIN;AED;21594.76139861328
CG233;LEBANON;VND;395189180.05863076
CG233;CYPRUS;GNF;138458670.0757779
CG233;ALBANIA;SRD;335535.7907543992
CG233;SINGAPORE;INR;627204.1193291458
CG233;NICARAGUA;SRD;538251.9523991547
KNVYc;CAYMAN ISLANDS;VUV;379308.81328072026
KNVYc;CROATIA;NOK;57149.033768070556
KNVYc;LIBERIA;THB;230998.55954081408
KNVYc;DENMARK;NAD;8011.549084040048
KNVYc;JAPAN;PYG;4244928.969554417
KNVYc;PARAGUAY;BZD;349.3662394439298
KNVYc;HONDURAS;SYP;4804248.13178659
KNVYc;CAPE VERDE;CAD;11553.40886768692
AEFF3;THAILAND;GMD;51834.354917222525
AEFF3;NORWAY;CRC;592154.9108609793
AEFF3;CAYMAN ISLANDS;BIF;2406943.548596239
AEFF3;KENYA;AZN;121.26507966066556
AEFF3;ROMANIA;CYP;356.7726111526362
AEFF3;GUYANA;CHF;1505.7385470174959
AEFF3;KUWAIT;MRO;394412.5826511474
AEFF3;BURUNDI;AWG;1687.5002151950587
AEFF3;BELARUS;COP;4529239.117989685
AEFF3;CAPE VERDE;PAB;1326.7828146147237
AEFF3;SIERRA LEONE;AZN;2852.9046421913185
FNW12;ETHIOPIA;NZD;28051.814611156886
FNW12;COLOMBIA;WST;39356.519696075375
FNW12;PAKISTAN;ALL;1309127.2148576614
FNW12;PAKISTAN;XOF;3790341.544018253
FNW12;ROMANIA;IDR;206695888.99484447
FNW12;HONDURAS;RWF;15185807.850671234
FNW12;YEMEN;UYU;428104.95579222916
FNW12;UNITED ARAB EMIRATES;KES;652938.2030636943
FNW12;TRINIDAD AND TOBAGO;AUD;12440.142789125346
FNW12;THAILAND;IQD;40033465.678775296
FNW12;EURO;MMK;40020146.932021715
FNW12;MEXICO;KZT;8419168.535202011
FNW12;SUDAN;AED;105050.50035534095
DFMY2;TURKEY;TZS;5292887.411426205
DFMY2;SUDAN;SEK;56067.11580637799
DFMY2;DOMINICA;MUR;242292.6340050248
DFMY2;HUNGARY;KRW;4226865.883701157
DFMY2;BOLIVIA;GHS;25443.248797371973
DFMY2;CYPRUS;JMD;550044.2144659307
DFMY2;MALAWI;BHD;754.8103167862413
DFMY2;SERBIA;CZK;2941.483916822616
DFMY2;DOMINICA;BYR;84849035.2619811
DFMY2;SINGAPORE;CHF;4542.833982265259
DFMY2;INDIA;CNY;799.1707974279528
DFMY2;SAO TOME AND PRINCIPE;SLL;55308317.88498643
DFMY2;CHILE;SGD;4788.031451874949
DFMY2;ETHIOPIA;DOP;298770.2289307829
DFMY2;UGANDA;KYD;1276.1632225777769
DFMY2;MYANMAR;SGD;3703.019085067209
DFMY2;UKRAINE;GBP;2694.366521124448
DFMY2;SRI LANKA;NPR;441123.3241084825
DFMY2;KUWAIT;ZAR;100869.72081469782
FJN22;BRAZIL;TWD;397260.0767279344
FJN22;MAURITIUS;SVC;127092.26655008434
FJN22;MALAYSIA;XAF;11897774.336552864
FJN22;MAURITANIA;PYG;85049011.57919815
FJN22;NEPAL;BMD;9738.998862193597
FJN22;GUATEMALA;AOA;9885745.440559337
FJN22;FRENCH POLYNESIA;RON;75524.06853602883
FJN22;BAHRAIN;JMD;1794881.2180739667
FJN22;MALAWI;MXN;280172.6547063415
FJN22;NEPAL;MVR;285408.5119952663
FJN22;THAILAND;CZK;158222.0850800064
FJN22;BRAZIL;WST;29036.833750297534
FJN22;IRAQ;BIF;20434709.10100845
FJN22;URUGUAY;TZS;30186355.72786922
FJN22;OMAN;BGN;8715.624167585196
FJN22;COLOMBIA;HKD;145043.10013007297
FJN22;UNITED ARAB EMIRATES;SLL;352767846.0119574
FJN22;JAMAICA;MWK;3413125.6649227752
FJN22;TANZANIA, UNITED REPUBLIC OF;UGX;39531819.31194387
AVXW3;CHILE;RON;11885.208085518678
AVXW3;ICELAND;NAD;19519.28046182684
AVXW3;ZIMBABWE;ILS;12255.85056766407
AVXW3;COLOMBIA;JOD;2000.312641302023
AVXW3;VENEZUELA;UAH;149074.8167875998
AVXW3;BURUNDI;GHS;64047.56238984504
AVXW3;MAURITIUS;CVE;628010.3105035472
AVXW3;DOMINICAN REPUBLIC;PGK;1200.6302737582423
AVXW3;GUINEA;SRD;44787.090746924754
AVXW3;DENMARK;MRO;1203570.7999360051
AVXW3;OMAN;RUB;138193.78279767183
AVXW3;MALDIVES;OMR;1027.402805243921
AVXW3;ETHIOPIA;AOA;434737.46182296076
AVXW3;BOTSWANA;SZL;34208.47849906799
AVXW3;BURUNDI;CAD;102.52788136446397
AVXW3;JAMAICA;LYD;3161.76511000012
AVXW3;CZECH REPUBLIC;AED;20621.789622673245
AVXW3;SAO TOME AND PRINCIPE;GHS;48516.398299928805
AVXW3;BOTSWANA;DOP;99450.63666214856
IKb13;MADAGASCAR;MXN;218625.97780285857
IKb13;SYRIAN ARAB REPUBLIC;KWD;5938.417588143776
IKb13;IRAQ;NPR;711815.2618086988
IKb13;UKRAINE;GNF;61888536.71518393
IKb13;MALAWI;SAR;86021.29596797202
IKb13;SINGAPORE;BDT;2351696.856545797
IKb13;EL SALVADOR;ZWL;7503242.88219225
IKb13;BRUNEI DARUSSALAM;VES;24411.808314565616
IKb13;SURINAME;STD;543031113.3636198
IKb13;JAMAICA;MZN;1372288.6290945357
IKb13;KAZAKHSTAN;HRK;39167.4573720034
IKb13;UNITED KINGDOM;BWP;115849.51953182637
IKb13;SAO TOME AND PRINCIPE;PYG;156731705.45807055
IKb13;CENTRAL AFRICAN REPUBLIC;JPY;458077.67065113626
IKb13;THAILAND;SDG;11488945.064869367
IKb13;ARGENTINA;BSD;796.202152418734
IKb13;BANGLADESH;GYD;2697535.149986649
IKb13;RUSSIAN FEDERATION;KES;2202205.6305825007
IKb13;COLOMBIA;PGK;284.70266871601757
DNXY2;CANADA;NPR;1991.5609346910699
DNXY2;AZERBAIJAN;VES;6521.470403217968
DNXY2;IRAQ;AZN;493.81814899866856
DNXY2;PHILIPPINES;TND;942.3767725851027
HNZc2;SIERRA LEONE;BDT;1446282.7082405754
HNZc2;AUSTRALIA;IRR;405535085.64235216
HNZc2;NEPAL;BTN;291599.78337729577
HNZc2;YEMEN;BBD;18803.983892219163
HNZc2;AUSTRALIA;BRL;67347.60967341583
HNZc2;KENYA;NOK;158477.94528204668
HNZc2;HUNGARY;BYR;407397379.9413118
HNZc2;PAKISTAN;NGN;1464349.8382657992
HNZc2;POLAND;MOP;81690.25818872078
HHWZc;TAIWAN, PROVINCE OF CHINA;PAB;37876.74928855138
HHWZc;KENYA;DOP;7493068.854658116
HHWZc;DENMARK;BSD;25600.150503621433
HHWZc;NEPAL;BOB;71965.73824503897
HHWZc;NEPAL;COP;42882044.821192205
NXXc1;ISRAEL;NZD;10276.295366987024
NXXc1;GUYANA;BWP;3715.8128588194163
FMVYa;EURO;TOP;32992.4164943499
FMVYa;BANGLADESH;CNY;81963.83332168504
FMVYa;TUNISIA;BTN;862668.1333429584
FMVYa;MALDIVES;NAD;277079.68459239765
FMVYa;QATAR;PAB;245.34939716793812
FFFHc;SWEDEN;CLP;5916287.405157377
FFFHc;INDONESIA;PHP;-4961.550025028236
FFFHc;THAILAND;FJD;16265.404698088407
FFFHc;NORWAY;CAD;7255.514332643243
FFFHc;BERMUDA;PEN;2695.0267886368983
FFFHc;KAZAKHSTAN;SZL;219173.76676224396
FFFHc;MALDIVES;SCR;11208.750276205446
FFFHc;MOROCCO;LVL;2340.476643135142
FFFHc;INDIA;BND;5096.568042821708
FIV13;CHINA;GYD;143055.51272014968
FIV13;CAPE VERDE;INR;72433.69237547003
FIV13;NETHERLANDS ANTILLES;MGA;7258263.326698671
FIV13;BARBADOS;LYD;10317.066607122626
FIV13;SURINAME;SAR;8016.000111247648
FIV13;SWITZERLAND;PES;261063.9674819089
FIV13;ARGENTINA;BGN;2548.205401264906
FIV13;TUNISIA;CHF;607.4532687240754
FIV13;SAUDI ARABIA;ZMW;27494.8968420506
FIV13;COSTA RICA;CZK;17444.040249278984
FIV13;MAURITIUS;RSD;270711.6088412768
FIV13;MALDIVES;CAD;1869.8030948100652
FIV13;MACAU;RSD;227058.71102748255
FIV13;PANAMA;SCR;20618.82454356054
FIV13;MOROCCO;BRL;11997.014621567536
FIV13;GAMBIA;SDG;1182260.8515786014
FIV13;KENYA;PES;217372.08045918882
AGYa1;SOLOMON ISLANDS;MWK;3646174.908776348
AGYa1;MADAGASCAR;IQD;2235923.610416654
AGYa1;ARGENTINA;WST;8891.652654859608
AGYa1;BRAZIL;SDG;1249497.077431556
AGYa1;BHUTAN;EUR;2165.0156967549447
AGYa1;AUSTRALIA;NAD;39145.81203394073
AGYa1;INDONESIA;RON;22701.964225318734
AGYa1;GUATEMALA;DOP;102594.78956133025
AGYa1;MADAGASCAR;CZK;118303.37763820944
AGYa1;CANADA;YER;1194749.6416393695
AGYa1;KOREA, REPUBLIC OF;KRW;3145427.2067425954
AGYa1;SWAZILAND;BND;6524.819763628106
AGYa1;UNITED KINGDOM;MZN;95160.05068852709
AGYa1;ARUBA;CVE;360161.5181476688
INY11;TANZANIA, UNITED REPUBLIC OF;LYD;7008.093445942324
INY11;EL SALVADOR;GNF;19810483.335144836
INY11;EURO;RWF;7841469.567860058
INY11;SWEDEN;AED;40134.03170123987
INY11;ETHIOPIA;HUF;1791051.030277065
INY11;NEW ZEALAND;LRD;935870.3758103453
INY11;SERBIA;MOP;82760.16799951717
INY11;GAMBIA;SCR;88636.3266551418
INY11;ANGOLA;NPR;1052972.7658709195
INY11;MOROCCO;ARS;43702.22473676756
INY11;IRAN (ISLAMIC REPUBLIC OF);BYR;140527937.54504102
INY11;LIBYAN ARAB JAMAHIRIYA;CYP;3302.7757728089023
INY11;ROMANIA;AED;29441.83203131018
INY11;AUSTRALIA;ZWL;7400585.480990221
INY11;HONDURAS;FJD;14704.03026409184
INY11;ZAMBIA;GTQ;87114.16877141077
IWc22;COSTA RICA;SZL;20474.728536204802
IWc22;ZIMBABWE;BSD;3216.213494669095
IWc22;MYANMAR;BBD;3440.832178611065
IWc22;SUDAN;VND;106270905.42325275
IWc22;MOZAMBIQUE;RON;7428.766530025175
BCEGJ;SERBIA;PAB;662.4890294522716
BCEGJ;DJIBOUTI;SDG;1207230.74169266
BCEGJ;LIBERIA;TTD;10034.854884258213
BCEGJ;QATAR;LVL;2211.0156669984653
BCEGJ;FIJI;GMD;133643.78447065712
BCEGJ;BRAZIL;QAR;13736.685129239853
BCEGJ;ALGERIA;KRW;1387696.858334532
BCEGJ;URUGUAY;BBD;1735.5576796268153
BCEGJ;BURUNDI;BYR;59388813.1131769
BCEGJ;HONDURAS;TWD;84926.09755908216
BCEGJ;ZAMBIA;MOP;28570.32548427686
BCEGJ;BELARUS;KHR;13453058.453273289
BCEGJ;SRI LANKA;GMD;113755.70789870394
BCEGJ;ISRAEL;HRK;26711.924696023085
BCEGJ;CAYMAN ISLANDS;JMD;198237.51030278887
BCEGJ;TUNISIA;LAK;10797405.08831317
BCEGJ;ARGENTINA;NIO;99631.7065874264
BCEGJ;SOMALIA;LKR;980399.9100136155
BCEGJ;BRAZIL;UYU;127346.54832984427
BCEGJ;SYRIAN ARAB REPUBLIC;ETB;163155.7749087082
BBXXW;SOUTH AFRICA;BBD;29543.718702446593
BBXXW;NICARAGUA;EUR;12001.311522127042
BBXXW;BHUTAN;TND;42064.78390698387
AGGIK;LIBERIA;SEK;32965.09613385807
DELa2;BRAZIL;GMD;679865.7570112771
DELa2;SWEDEN;SDG;25856739.58490218
DELa2;MAURITANIA;LAK;163288862.99888492
DELa2;KOREA, REPUBLIC OF;BHD;10714.845178222009
DELa2;FIJI;AUD;69746.6402053299
DELa2;PAKISTAN;PEN;141096.07921547105
DELa2;JAMAICA;GHS;724322.8705003518
DELa2;NAMIBIA;BRL;86168.24607195465
DELa2;UGANDA;SAR;156052.89233951425
DELa2;BURUNDI;CNY;39519.49095594506
DELa2;PHILIPPINES;GYD;7011087.421476655
DELa2;GUATEMALA;PYG;242041552.46782482
DELa2;YEMEN;BMD;15079.336758737965
DELa2;INDIA;TND;80883.02586530021
DELa2;GUATEMALA;HRK;268039.41006345366
DELa2;BARBADOS;CYP;30008.498853148645
DELa2;SOLOMON ISLANDS;ZWL;2950910.806632659
BCVab;VENEZUELA;GBP;3067.418675456769
BCVab;CYPRUS;SGD;18532.703617038867
BCVab;BELIZE;ZWL;507092.00083887024
BCVab;VIET NAM;PES;2682938.011000999
BCVab;MEXICO;NZD;6764.935514444084
BCVab;HONG KONG;JOD;9155.25802515337
BCVab;LATVIA;PGK;4715.708452211791
BCVab;EL SALVADOR;GYD;733163.7717841424
EXa12;CYPRUS;IRR;344031232.1348094
EXa12;ZIMBABWE;RON;18318.08650334597
EXa12;AUSTRALIA;EGP;201083.98534531362
EXa12;SOLOMON ISLANDS;IDR;28174070.21932451
EXa12;ALBANIA;XOF;4527469.625248647
EXa12;SAUDI ARABIA;HRK;36178.880268449306
EXa12;SOLOMON ISLANDS;LAK;173096677.09830204
EXa12;HUNGARY;HTG;1096633.3775825552
EXa12;UNITED KINGDOM;BWP;130639.13757449508
EXa12;MALDIVES;GBP;1681.7093675298381
EXa12;SOUTH AFRICA;VUV;1288501.3515100998
EXa12;SERBIA;CZK;219101.95905692293
EXa12;MALDIVES;BBD;9233.42912194168
EXa12;BANGLADESH;STD;58383062.66638797
EXa12;INDIA;HTG;505896.7730395169
EXa12;TAIWAN, PROVINCE OF CHINA;TRY;161789.9256967806
EXa12;BANGLADESH;RUB;100906.77901361504
EXa12;TRINIDAD AND TOBAGO;RUB;426651.8931214844
EYZ11;POLAND;EUR;1560.0241608994068
EYZ11;CENTRAL AFRICAN REPUBLIC;CRC;1656741.9907785717
EYZ11;SAMOA;HUF;1512595.6149898423
EYZ11;EGYPT;TND;12411.31049726575
EYZ11;MEXICO;TOP;5263.08035360476
EYZ11;NEW ZEALAND;STD;76348709.07473224
EYZ11;SAUDI ARABIA;NPR;374887.6782146157
EYZ11;SWEDEN;CLP;4389415.667529833
EYZ11;ANGOLA;HTG;359620.0455875544
EYZ11;MOZAMBIQUE;MAD;51749.19683435204
EYZ11;CHINA;RSD;502592.23398881726
EYZ11;SRI LANKA;XAF;489199.7291207786
EYZ11;GUINEA;MUR;186702.70431717756
AHa13;HUNGARY;MOP;48623.74090946629
AHa13;TANZANIA, UNITED REPUBLIC OF;AWG;3162.9287091762703
AHa13;AUSTRALIA;NGN;2406567.6273193415
AHa13;PERU;BTN;381882.0945573171
AHa13;NEPAL;RSD;462965.91142591025
AHa13;UKRAINE;KHR;9883944.804694267
AHa13;SERBIA;AUD;5352.708285094182
AHa13;CHINA;TZS;2050422.405806344
AHa13;SURINAME;MRO;1520373.30127182
AHa13;BOLIVIA;ZAR;43943.70533191847
AHa13;LIBYAN ARAB JAMAHIRIYA;CHF;3956.1503159292265
AHa13;CROATIA;TTD;40284.95440850871
AHa13;NORWAY;SEK;62301.53263087491
AHa13;BELIZE;JOD;1567.3223106961223
AHa13;BRAZIL;NAD;87341.52612555223
AHa13;PARAGUAY;MXN;46889.11395101945
AHa13;YEMEN;UGX;1138101.2896920918
BLNWZ;ISRAEL;ALL;20215.23820128434
BLNWZ;NIGERIA;CYP;1081.7987721606846
BLNWZ;LEBANON;JMD;634956.4242715805
BLNWZ;RUSSIAN FEDERATION;ZWL;396708.770521994
BLNWZ;PERU;DJF;994349.277463356
BLNWZ;GUINEA;LYD;13019.221553651283
BLNWZ;BOLIVIA;MAD;72319.04598425668
BLNWZ;MACAU;GNF;17731996.455767877
BLNWZ;MYANMAR;SGD;5800.588349836788
BLNWZ;ZAMBIA;LRD;37167.656575587636
BLNWZ;NIGERIA;ETB;292067.0776019519
BLNWZ;MOROCCO;NIO;175616.70444834806
BLNWZ;TANZANIA, UNITED REPUBLIC OF;NOK;27349.231391656456
BLNWZ;PANAMA;BMD;975.7134142788925
GHHMb;SWAZILAND;SOS;56698.85330359526
GHHMb;EL SALVADOR;LVL;373.5434481349938
AHIYb;BRUNEI DARUSSALAM;AOA;483251.52929846843
AHIYb;COLOMBIA;XCD;16543.055182925276
AHIYb;CAYMAN ISLANDS;SRD;78405.88306350827
AHIYb;MOZAMBIQUE;CZK;97224.08962134134
AHIYb;FRENCH POLYNESIA;DZD;646.2163192523643
AHIYb;SEYCHELLES;MRO;84932.99677010137
AHIYb;CYPRUS;CRC;2160784.237536376
AHIYb;DOMINICA;TTD;15221.631159950235
AHIYb;EGYPT;IQD;7829306.248272999
AHIYb;BURUNDI;RON;983.0642051263582
AHIYb;CROATIA;UYU;57414.25478351744
AHIYb;FRENCH POLYNESIA;XOF;1897815.8562568352
AHIYb;SWITZERLAND;MOP;35771.74871465571
AHIYb;VIET NAM;YER;1165131.763276691
AHIYb;BAHAMAS;DKK;19471.334847229038
AHIYb;TOGO;SLL;131093066.48104313
ACEIL;CYPRUS;IDR;75603844.40469408
ACEIL;PAPUA NEW GUINEA;SVC;155495.9399100667
ACEIL;IRAN (ISLAMIC REPUBLIC OF);JPY;1856908.0537405396
ACEIL;POLAND;SOS;658030.2205274835
ACEIL;RUSSIAN FEDERATION;MOP;132784.84171366194
ACEIL;HONG KONG;CZK;338055.9171164485
DIJKL;SRI LANKA;BOB;2689.829545060981
DIJKL;GUATEMALA;LAK;29430815.240435842
DIJKL;ETHIOPIA;IQD;868900.1798034067
DIJKL;NORWAY;LKR;-4027.6055897352476
DIJKL;MEXICO;HUF;875025.1424938522
DIJKL;UNITED KINGDOM;SEK;8659.249574656062
DIJKL;SINGAPORE;HRK;17826.325733438804
DIJKL;SAO TOME AND PRINCIPE;SRD;76847.20885316556
DIJKL;ETHIOPIA;CNY;477.16967703209554
DIJKL;NEW ZEALAND;OMR;994.0803647169671
DIJKL;OMAN;NOK;16128.226016716097
DIJKL;COSTA RICA;NPR;9528.048861275967
DIJKL;LEBANON;KRW;2298454.735102905
DIJKL;RWANDA;VES;54993.01514257502
DIJKL;SRI LANKA;GYD;454903.9889420546
BHINZ;BULGARIA;SYP;9191717.196660295
BHINZ;MALAWI;RWF;40035501.406327955
BHIIb;INDIA;RON;11622.95535583451
BHIIb;JORDAN;HUF;1268527.867715058
BHIIb;ISRAEL;EUR;2097.8574696639257
BHIIb;IRAQ;TTD;3560.9732935196616
BHIIb;GUINEA;GHS;5706.667760893723
BHIIb;PERU;NGN;1521463.8008963095
BHIIb;TOGO;IQD;557959.0046902441
INWZ1;SAMOA;UGX;26200520.865626536
INWZ1;PHILIPPINES;PGK;39098.58433546522
INWZ1;UKRAINE;SAR;22615.980999347496
INWZ1;PAPUA NEW GUINEA;XPF;577183.7015707447
INWZ1;KENYA;PES;422120.0000149309
INWZ1;PHILIPPINES;DZD;389716.4368050672
INWZ1;SERBIA;KHR;15287955.120557068
INWZ1;BRUNEI DARUSSALAM;FJD;21224.28373212426
INWZ1;HUNGARY;BGN;6223.718335620381
INWZ1;UKRAINE;KHR;9823132.167566212
INWZ1;PHILIPPINES;HUF;1573099.4329784184
INWZ1;EL SALVADOR;PEN;25713.53208029055
INWZ1;SAUDI ARABIA;GYD;1831892.251618262
INWZ1;JAMAICA;LRD;1704850.9711383472
INWZ1;JORDAN;COP;67773368.05725437
IWZ33;ALGERIA;RUB;69439.43755363222
IWZ33;NIGERIA;NAD;106421.2324976365
IWZ33;OMAN;TWD;109808.21254411117
IWZ33;BELIZE;WST;2230.411441008279
IWZ33;SOLOMON ISLANDS;DOP;405058.11023543595
IWZ33;JAPAN;SRD;94856.18921180308
IWZ33;INDONESIA;NPR;109910.86078058387
IWZ33;NAMIBIA;LAK;64921126.1406786
IWZ33;PERU;DOP;57725.67271471188
IWZ33;SOMALIA;NAD;136418.52059776796
IWZ33;ETHIOPIA;IQD;9323539.205667118
IWZ33;PAKISTAN;ARS;1729647.6161170832
IWZ33;KOREA, REPUBLIC OF;BWP;73453.53193924867
IWZ33;CHINA;NGN;1927955.9268500763
IWZ33;SUDAN;BHD;336.3995799810085
IWZ33;JAMAICA;FJD;11356.535759720691
IWZ33;NIGERIA;LRD;158544.40748261107
IWZ33;GHANA;MAD;53361.1142871526
GGKLZ;SYRIAN ARAB REPUBLIC;DJF;957634.7534103874
GGKLZ;TANZANIA, UNITED REPUBLIC OF;JPY;942509.4288344063
GGKLZ;LATVIA;PGK;10976.289922786096
GGKLZ;PAPUA NEW GUINEA;SRD;7778.999960823133
GGKLZ;VANUATU;MMK;7193581.565281552
GGKLZ;SRI LANKA;BTN;469303.54347384156
GGKLZ;BARBADOS;CZK;62585.377170266394
GGKLZ;EURO;RWF;6103430.86063303
GGKLZ;GAMBIA;GHS;27766.281316496905
GGKLZ;SURINAME;PKR;1165202.604920832
GGKLZ;MALDIVES;BYR;3416536.2446769886
GGKLZ;SWAZILAND;LYD;8845.043251709623
GGKLZ;KENYA;LBP;4660936.846926069
GGKLZ;BHUTAN;XOF;2581304.17471886
GGKLZ;INDONESIA;AUD;9340.451114721085
GGKLZ;CAPE VERDE;PYG;44696160.69108685
GGKLZ;HAITI;BSD;233.758379749369
GGKLZ;THAILAND;SRD;175589.0846771895
BIYY2;OMAN;XAF;45848.01766465376
BIYY2;TUNISIA;VND;47924871.759052545
BIYY2;ISRAEL;BGN;1702.0561333288997
BIYY2;THAILAND;MMK;1122298.915408027
BIYY2;LATVIA;HKD;13350.136019311394
BIYY2;RUSSIAN FEDERATION;GMD;112256.13917829434
BIYY2;EURO;MXN;44503.31312763083
BIYY2;BERMUDA;DKK;18583.069576411468
BIYY2;TUNISIA;AED;7676.206551182918
BIYY2;SOMALIA;JMD;80016.18856616647
BIYY2;RUSSIAN FEDERATION;LBP;701110.5549710683
BIYY2;CENTRAL AFRICAN REPUBLIC;CVE;46747.229377310236
BHVXa;RUSSIAN FEDERATION;NZD;6732.707791232412
BHVXa;PAPUA NEW GUINEA;XAF;3292199.4312718404
BHVXa;GHANA;YER;721512.3520987141
BHVXa;TURKEY;THB;238415.0058372931
BHVXa;UNITED KINGDOM;BND;6554.083003515405
BHVXa;INDIA;TZS;9606529.713668812
BHVXa;BAHAMAS;JPY;444117.114766954
BHVXa;PERU;LAK;28276742.394219294
BHVXa;MADAGASCAR;RWF;673338.333224436
BHVXa;THAILAND;TOP;17994.25457932882
BHVXa;RWANDA;MGA;30101763.786884367
BHVXa;EURO;XPF;697025.1300733535
BHVXa;CROATIA;ALL;799701.2057707548
BHVXa;ANGOLA;BSD;6870.410263513817
BHVXa;BARBADOS;CLP;1430246.1086166108
BHVXa;LEBANON;XOF;2968832.2871335843
BHVXa;MACAU;XAF;3439982.605742266
BHVXa;IRAQ;KRW;1502580.775030177
BHVXa;ICELAND;BIF;14346930.801599698
BDJY3;MOZAMBIQUE;SZL;229609.47571014968
BDJY3;BHUTAN;AUD;26946.896401806523
BDJY3;SRI LANKA;BBD;59789.27790450061
BDJY3;FRENCH POLYNESIA;LAK;75293847.52451575
BDJY3;INDONESIA;EUR;24149.138380907618
BDJY3;HUNGARY;ZAR;526044.6363376105
BDJY3;COLOMBIA;KZT;12534655.537663039
BDJY3;SEYCHELLES;CYP;8373.904052480631
BDJY3;GUYANA;NGN;743423.7255146346
BDJY3;ROMANIA;DJF;3402858.325331463
BDJY3;SINGAPORE;ETB;1668372.668351317
BDJY3;CAPE VERDE;MVR;36221.86068461299
GMVWW;MACAU;SCR;85735.28084068013
GMVWW;BAHAMAS;HRK;16373.026705548287
GMVWW;BAHRAIN;HNL;5866.620279474753
GMVWW;CANADA;PGK;9674.619895167407
GMVWW;ZIMBABWE;LVL;75.62689892689195
GMVWW;ROMANIA;XCD;25599.675881003604
GMVWW;EL SALVADOR;VES;91033.08346535827
GMVWW;BOTSWANA;HKD;53581.86690856278
GMVWW;BRUNEI DARUSSALAM;AWG;19572.081431054517
GMVWW;RWANDA;MXN;503.28823845152857
GMVWW;BELIZE;CAD;5663.922675499017
GMVWW;YEMEN;INR;795980.1669274344
GMVWW;THAILAND;MRO;3467136.0658124443
GMVWW;DENMARK;KWD;3107.4880312522014
GMVWW;ISRAEL;UAH;161166.71394663258
BKNWY;HUNGARY;DZD;338312.7948153222
BKNWY;ICELAND;BSD;16228.203956459207
BKNWY;EL SALVADOR;TTD;51117.687254483426
BKNWY;FRENCH POLYNESIA;MGA;63525126.03825515
BKNWY;GUINEA;BSD;9121.924144181921
BEGGN;HONG KONG;PKR;3642980.062252257
BEGGN;PERU;TZS;10049286.828701977
BEGGN;BARBADOS;CLP;15869268.113642072
BEGGN;NORWAY;BGN;1500.3218414023677
BEGGN;EURO;SOS;4162808.721339272
BEGGN;VIET NAM;CAD;20904.203891892605
BEGGN;BAHRAIN;BIF;18252025.74056564
BEGGN;TUNISIA;MMK;7825518.107901877
BEGGN;JAPAN;UAH;620129.0318231316
