;Client;Country;Currency;Transaction
0;AFGMW;ISRAEL;IQD;26822990.705962773
1;AFGMW;URUGUAY;MGA;152077714.0765949
2;AFGMW;ISRAEL;YER;3040671.2677794904
3;AFGMW;OMAN;BRL;204810.83399003523
4;AFGMW;TURKEY;XCD;18727.625405964223
5;AFGMW;LIBYAN ARAB JAMAHIRIYA;BRL;252478.23359359923
6;AFGMW;AZERBAIJAN;BSD;8951.74809860323
7;AFGMW;SAO TOME AND PRINCIPE;XPF;4420684.346109638
8;AFGMW;BARBADOS;BND;54833.53405974146
9;AFGMW;PANAMA;ZWL;10724134.245903453
10;AFGMW;TUNISIA;XOF;21838058.898114797
11;AFGMW;BURUNDI;HRK;66277.55822308153
12;AFGMW;NIGERIA;KES;426057.4514476067
13;AFGMW;LAO PEOPLE'S DEMOCRATIC REP;DZD;3605929.374605999
14;FMb12;JAMAICA;UGX;1668200.1514911
15;FMb12;MOROCCO;BIF;1054544.495365107
16;FMb12;FRENCH POLYNESIA;AUD;978.249619392638
17;FMb12;ICELAND;NAD;775.9736495376582
18;FMb12;KENYA;XCD;3662.7284214366796
19;FMb12;CHINA;SGD;1256.840501239662
20;FMb12;TANZANIA, UNITED REPUBLIC OF;TND;5221.9309066560045
21;FMb12;LIBYAN ARAB JAMAHIRIYA;KRW;824644.4603820724
22;FMb12;PERU;SBD;1608.8338904424136
23;FMb12;ETHIOPIA;AUD;1067.134695104259
24;FMb12;ROMANIA;LYD;8305.736386504223
25;FMb12;JAPAN;ZWL;1022964.0382268907
26;FMb12;SOUTH AFRICA;GYD;211713.83516383782
27;FMb12;PAKISTAN;SGD;1886.0806850849056
28;DMaac;ARUBA;CVE;17006.957946917028
29;DMaac;UKRAINE;SZL;31867.279376220267
30;DMaac;CHINA;AZN;4102.386337893754
31;DMaac;MEXICO;TWD;64287.50403410992
32;DMaac;IRAN (ISLAMIC REPUBLIC OF);XOF;315921.90289247787
33;BGLN1;ZIMBABWE;BTN;215699.84792480312
34;BGLN1;SWAZILAND;PEN;38223.2001795894
35;BGLN1;KENYA;VND;237627675.81172276
36;BGLN1;HONDURAS;PEN;27029.878593740083
37;BGLN1;PARAGUAY;AED;16218.690741344786
38;BGLN1;EGYPT;QAR;9959.435628180032
39;BGLN1;IRAQ;CYP;3834.188003364864
40;BGLN1;GHANA;JMD;896917.0985537537
41;BGLN1;DOMINICAN REPUBLIC;JPY;968354.2659896049
42;BGLN1;CHINA;JOD;4052.9991315470843
43;BGLN1;KUWAIT;PKR;417751.17568462546
44;CIIYa;NIGERIA;SEK;64757.6910197921
45;CIIYa;GUINEA;XAF;3826586.6019776724
46;CIIYa;SOUTH AFRICA;BDT;790910.6654361936
47;CIIYa;ZIMBABWE;IQD;3827464.987596646
48;CIIYa;DJIBOUTI;EGP;167828.80140319097
49;BCEH1;MACAU;LAK;8048394.582673413
50;BCEH1;NEW ZEALAND;NIO;2731.7897905524246
51;BCEH1;HONG KONG;TOP;2260.822029052351
52;BCEH1;NEW ZEALAND;PLN;5456.827458721195
53;BCEH1;SEYCHELLES;NGN;638223.2517558429
54;BCEH1;SAO TOME AND PRINCIPE;SCR;10963.57427565064
55;BCEH1;SWEDEN;BTN;25026.17825037205
56;BCEH1;URUGUAY;SEK;8983.967257965389
57;BCEH1;MALAYSIA;FJD;476.0121896227885
58;BCEH1;MOZAMBIQUE;UGX;2623362.830968764
59;BCEH1;BELIZE;JOD;551.213758484815
60;BXXc2;INDIA;ARS;309398.9973354963
61;BXXc2;PERU;TTD;41367.12247864058
62;DEJWc;JAMAICA;SBD;34673.18872404038
63;DEJWc;QATAR;SOS;2892036.3238462517
64;DEJWc;ALGERIA;THB;96688.8895691154
65;DEJWc;NAMIBIA;ISK;509113.57497589296
66;DEJWc;NORWAY;CVE;545128.423287201
67;DEJWc;BELARUS;JPY;36817.0674439606
68;DEJWc;GHANA;RSD;172796.08441346287
69;DEJWc;NETHERLANDS ANTILLES;AZN;6179.927507214528
70;DEJWc;SWAZILAND;PYG;56776182.146401696
71;DEJWc;SWITZERLAND;VES;94731.44919884259
72;DEJWc;SEYCHELLES;SYP;10833.153439642545
73;DEJWc;IRAQ;CVE;702837.2839503591
74;DEJWc;CHINA;HRK;3294.425966916034
75;DEJWc;MADAGASCAR;IQD;4638614.850253546
76;DEJWc;SWAZILAND;MMK;3045690.7183796284
77;DEJWc;GAMBIA;SBD;26290.7427931575
78;DEJWc;DJIBOUTI;THB;325141.39692345285
79;GJKVc;SAMOA;SRD;119957.47453436791
80;DEEHN;GUYANA;RWF;487162.3540092329
81;DEEHN;PAPUA NEW GUINEA;TZS;944350.1877590235
82;DEEHN;THAILAND;ZWL;306776.1811943189
83;DEEHN;DJIBOUTI;HKD;3767.8956821544384
84;DEEHN;ETHIOPIA;CNY;3452.5790796985284
85;DEEHN;BULGARIA;QAR;1141.2000534107947
86;DEEHN;BHUTAN;BZD;469.8996662698055
87;DEEHN;JORDAN;IDR;7166917.2256270405
88;DEEHN;NIGERIA;KHR;1375767.540243501
89;DEEHN;SUDAN;HNL;7011.453543108723
90;DEEHN;CAPE VERDE;MXN;555.7565548808777
91;DEEHN;VANUATU;LBP;481077.710803915
92;DEEHN;LEBANON;GHS;6870.08281403984
93;DEEHN;BULGARIA;HNL;4877.96309296539
94;DEEHN;GUATEMALA;GNF;4147599.2464433503
95;DEEHN;JAPAN;TZS;891148.9999131318
96;DEEHN;MOROCCO;AOA;88516.84298809894
97;DEEHN;HONDURAS;MUR;19787.21062746389
98;AEEMM;ROMANIA;BRL;28440.479123008554
99;AEEMM;GUYANA;BZD;5757.367945899186
100;AEEMM;TURKEY;CVE;472642.6142212047
101;AEEMM;ROMANIA;KHR;9770574.608045988
102;AEEMM;LIBERIA;BYR;36689638.51252042
103;BCKb3;BAHAMAS;ETB;215662.04778450174
104;BCKb3;AUSTRALIA;CVE;772483.0125509395
105;BCKb3;GAMBIA;NGN;12835112.46254407
106;BCKb3;GHANA;JOD;8111.37998560626
107;BCKb3;DOMINICAN REPUBLIC;AZN;15248.019303510018
108;BCKb3;MALAWI;MUR;745549.8068986186
109;BCKb3;NETHERLANDS ANTILLES;TRY;443992.0269097516
110;BCKb3;YEMEN;BWP;93120.76246643852
111;BCKb3;SIERRA LEONE;RWF;16973304.857768785
112;BCKb3;TOGO;ZWL;17396935.63391952
113;BCKb3;EL SALVADOR;GHS;363499.34074002685
114;BCKb3;ALBANIA;LRD;3917361.975009505
115;BCKb3;HUNGARY;CZK;798025.4018046879
116;BCKb3;PHILIPPINES;BTN;2416447.2172604688
117;BCKb3;ISRAEL;ETB;834677.7108797309
118;BIIKX;DENMARK;BWP;129978.59718759762
119;BIIKX;BAHRAIN;ALL;3058188.9915376347
120;BIIKX;ETHIOPIA;SAR;19975.646700001693
121;BIIKX;PHILIPPINES;LKR;10357810.404753136
122;BIIKX;TONGA;SLL;309878080.7925169
123;BIIKX;NICARAGUA;MYR;44474.9982102686
124;BIIKX;FRENCH POLYNESIA;IQD;227530.8319525075
125;BIIKX;NICARAGUA;KZT;6013187.716019927
126;NVXac;IRAN (ISLAMIC REPUBLIC OF);SEK;165575.9893906972
127;NVXac;ROMANIA;PES;3312805.3321228824
128;NVXac;TURKEY;CZK;412576.3146669617
129;NVXac;HONG KONG;MYR;42941.00397359934
130;NVXac;PHILIPPINES;MUR;40090.55354862016
131;NVXac;LIBYAN ARAB JAMAHIRIYA;GYD;630644.0439433327
132;NVXac;IRAN (ISLAMIC REPUBLIC OF);ZWL;11076300.354626585
133;NVXac;CENTRAL AFRICAN REPUBLIC;YER;1792571.695603053
134;NVXac;VENEZUELA;THB;159958.6487734161
135;NVXac;JAMAICA;KWD;2513.2819639815066
136;NVXac;PAPUA NEW GUINEA;AOA;2732288.2068313
137;NVXac;SINGAPORE;GHS;144017.43551850418
138;NVXac;MOROCCO;CAD;15515.227975707623
139;NVXac;PHILIPPINES;SEK;177579.86139984505
140;NVXac;SUDAN;BBD;1525.5338136819826
141;NVXac;PANAMA;LYD;50693.12657519349
142;AGHZZ;IRAQ;KYD;1483.7868218679234
143;AGHZZ;MAURITANIA;SOS;2383175.266795999
144;AGHZZ;CHILE;LKR;1775068.0454204765
145;AGHZZ;CAYMAN ISLANDS;KHR;11541311.330913072
146;AGHZZ;CHINA;IRR;156573113.91344157
147;BEH11;CROATIA;THB;51099.50842896909
148;BEH11;AUSTRALIA;SEK;809.2637279861721
149;BEH11;TAIWAN, PROVINCE OF CHINA;WST;7338.482217709152
150;BEH11;NICARAGUA;KHR;5306070.964965202
151;BEH11;NEPAL;WST;3294.423189054327
152;BEH11;JAPAN;LVL;700.1670920982
153;BEH11;YEMEN;ETB;19440.037455097787
154;BEH11;PAKISTAN;RUB;177039.93879462843
155;BEH11;BARBADOS;PKR;883212.4709913998
156;BEH11;NEW ZEALAND;MGA;2905415.2914971337
157;BEH11;LATVIA;ZWL;2523298.8371851845
158;BEH11;ICELAND;AOA;57591.34054185127
159;BEH11;PERU;TND;4901.729160744107
160;JKKLY;GUINEA;TZS;10087792.817134198
161;JKKLY;RUSSIAN FEDERATION;IRR;1292066530.4288328
162;JKKLY;INDIA;MZN;1222874.4176467455
163;JKKLY;SURINAME;EUR;19041.458584787797
164;JKKLY;NAMIBIA;AZN;15952.280448316942
165;JKKLY;ALGERIA;NAD;121813.77855925373
166;JKKLY;HAITI;COP;103171792.3500102
167;CXYc3;MAURITANIA;PEN;842.6174703008508
168;CXYc3;KENYA;AWG;19680.329601833695
169;CXYc3;FRENCH POLYNESIA;KZT;2098956.4760849555
170;CXYc3;POLAND;RWF;5778290.169491606
171;CXYc3;MOROCCO;XAF;44972.98636111987
172;CXYc3;GAMBIA;BHD;2239.253823863168
173;CXYc3;ALGERIA;PKR;3189484.797535509
174;CXYc3;THAILAND;VND;240124551.1066216
175;CXYc3;SEYCHELLES;LBP;2969739.190634328
176;CXYc3;THAILAND;HKD;-353.1214659264571
177;CXYc3;GUATEMALA;ISK;525808.9984484742
178;AGHWY;BULGARIA;KHR;20629.13682656467
179;AGHWY;THAILAND;SOS;21724.747951964207
180;AGHWY;KENYA;NZD;156.83449795613606
181;AGHWY;SWAZILAND;AUD;41.68648774591581
182;LLMNc;BARBADOS;KRW;3861657.5085909497
183;LLMNc;PAPUA NEW GUINEA;ZAR;8666.598096083233
184;LLMNc;MOROCCO;DZD;365826.5349190256
185;LLMNc;LIBYAN ARAB JAMAHIRIYA;PLN;11142.173465114622
186;LLMNc;CENTRAL AFRICAN REPUBLIC;BDT;213150.60063559955
187;LLMNc;JAPAN;ARS;117090.70365380007
188;LLMNc;BRAZIL;MYR;12232.790552207975
189;LLMNc;GHANA;SVC;20663.44556016454
190;LLMNc;BELIZE;AZN;4045.956174927733
191;LLMNc;TRINIDAD AND TOBAGO;SZL;21595.747500648224
192;LLMNc;KAZAKHSTAN;SAR;8064.382007222043
193;LLMNc;BRUNEI DARUSSALAM;HNL;27674.077524434917
194;LLMNc;SWAZILAND;GMD;122874.65383342712
195;LLMNc;GUATEMALA;MWK;2493681.6111440673
196;LLMNc;DOMINICA;MWK;3449970.990365165
197;LLMNc;SOMALIA;MAD;13659.363371626281
198;LLMNc;PAKISTAN;RSD;11883.971503775221
199;LLMNc;COLOMBIA;CVE;299721.23085697024
200;FGLNb;TANZANIA, UNITED REPUBLIC OF;MOP;458468.48583912227
201;FGLNb;KUWAIT;KRW;29990579.789974876
202;FGLNb;KUWAIT;SEK;699926.3983504028
203;FGLNb;MALAWI;NAD;610260.4081953967
204;FGLNb;COLOMBIA;SVC;611386.5324500956
205;FGLNb;NEPAL;LVL;3123.9002338500472
206;FGLNb;TRINIDAD AND TOBAGO;MGA;251088064.1900109
207;FGLNb;NICARAGUA;ETB;2766170.6475535086
208;FGLNb;LAO PEOPLE'S DEMOCRATIC REP;CZK;1367477.3823086396
209;FGLNb;BRAZIL;BIF;128608119.13604262
210;FGLNb;BURUNDI;CNY;279940.83131503727
211;FGLNb;IRAN (ISLAMIC REPUBLIC OF);PKR;12309142.958818723
212;FGLNb;SRI LANKA;CVE;3992751.824074208
213;FGLNb;BURUNDI;KYD;58546.87365937349
214;FGLNb;CAYMAN ISLANDS;THB;989247.8023240675
215;FGLNb;PERU;OMR;11562.687424518112
216;FGLNb;DJIBOUTI;HUF;12908482.784574546
217;FGLNb;HAITI;CHF;56141.8676708641
218;FGLNb;KAZAKHSTAN;CAD;96723.07900460334
219;FGLNb;HAITI;COP;267058541.79146606
220;AIKM3;SAMOA;JPY;48487.257023274185
221;AIKM3;UNITED ARAB EMIRATES;KHR;765730.554986305
222;AIKM3;GAMBIA;HRK;1165.2261898417833
223;AIKM3;DJIBOUTI;PYG;1712525.4894915905
224;AIKM3;TUNISIA;NGN;110082.81660249757
225;AIKM3;RWANDA;PHP;15764.645449179741
226;AIKM3;ICELAND;ALL;23182.54386917671
227;AIKM3;PARAGUAY;ALL;38813.8285744058
228;AIKM3;NEW ZEALAND;BGN;933.5772831465347
229;AIKM3;VENEZUELA;GNF;3725010.0840465804
230;AIKM3;MEXICO;BOB;2282.6366711847418
231;KNWWW;PERU;SDG;10018672.216319853
232;KNWWW;SIERRA LEONE;SGD;916.949158650736
233;KNWWW;ARUBA;STD;15127826.218062585
234;KNWWW;BELIZE;CZK;640008.8268786108
235;KNWWW;BERMUDA;FJD;67578.69113332205
236;KNWWW;SWAZILAND;XPF;1691765.9380669284
237;KNWWW;ISRAEL;MMK;72782562.26939198
238;KNWWW;KOREA, REPUBLIC OF;HKD;204093.22734756966
239;KNWWW;BAHAMAS;UGX;17475996.030498955
240;GHWa2;NORWAY;ARS;1124327.4158200063
241;GHWa2;COSTA RICA;MGA;14488938.007789673
242;GHWa2;ZAMBIA;CRC;2926769.045609501
243;GHWa2;CAPE VERDE;IDR;62365093.27426094
244;GHWa2;DJIBOUTI;RWF;936986.2264323583
245;GHWa2;PARAGUAY;MGA;28876509.037867434
246;GHWa2;TANZANIA, UNITED REPUBLIC OF;RWF;4745097.199783732
247;GHWa2;GHANA;PHP;161447.94331435682
248;GHWa2;BOTSWANA;RWF;3235330.0095904977
249;GLMM1;TAIWAN, PROVINCE OF CHINA;TOP;14358.85040563461
250;GLMM1;SRI LANKA;SGD;2073.216651941456
251;GLMM1;ALGERIA;CNY;12054.33554607733
252;GLMM1;RUSSIAN FEDERATION;SDG;449008.3200711315
253;GLMM1;SRI LANKA;MGA;7580760.857105771
254;GLMM1;DJIBOUTI;GBP;4093.2297582606598
255;GLMM1;BRUNEI DARUSSALAM;SAR;10059.378765456559
256;GLMM1;CAPE VERDE;GTQ;11781.323411447689
257;GLMM1;CYPRUS;ZWL;667916.380598603
258;GLMM1;MALAWI;SLL;22628882.008309904
259;GLMM1;SYRIAN ARAB REPUBLIC;SLL;85116356.18564287
260;GLMM1;JORDAN;SZL;89613.32236525598
261;GLMM1;ZIMBABWE;QAR;22903.937697569578
262;GLMM1;TANZANIA, UNITED REPUBLIC OF;AUD;969.0461679712605
263;GLMM1;TRINIDAD AND TOBAGO;THB;145371.6709322406
264;GLMM1;IRAQ;XOF;-30119.7948585751
265;GLMM1;DENMARK;BND;650.6417491049032
266;AELc2;DJIBOUTI;CZK;45533.04323285487
267;AELc2;NICARAGUA;MZN;114620.2894428591
268;AELc2;BAHRAIN;CRC;935021.3978379217
269;AELc2;INDONESIA;CYP;436.3877978767025
270;AELc2;FRENCH POLYNESIA;MVR;7992.714766161633
271;AELc2;PERU;KHR;1318843.783781607
272;AELc2;PAKISTAN;KES;185373.41839888206
273;AELc2;CANADA;AWG;2621.3274568794022
274;AELc2;JAPAN;MOP;6372.9981866996295
275;AJKLM;URUGUAY;CYP;2264.272726378407
276;CIL22;GHANA;NGN;686891.9439763332
277;CIL22;UKRAINE;LAK;10629110.648028748
278;CIL22;EGYPT;SLL;58151502.12163799
279;CIL22;QATAR;MWK;4400997.33029468
280;CIL22;BELIZE;THB;26373.19939332145
281;CIL22;INDONESIA;EGP;25083.463481531435
282;CIL22;SERBIA;MAD;8538.728422246955
283;CIL22;SWITZERLAND;MUR;169387.56304635332
284;CIL22;BARBADOS;THB;8109.406230566756
285;CIL22;ISRAEL;MMK;1232035.591694517
286;CIL22;TUNISIA;COP;5725987.504091268
287;CIL22;CROATIA;HKD;31209.701554439882
288;CIL22;SRI LANKA;IQD;2442044.33836454
289;CIL22;DJIBOUTI;LRD;125216.1467240551
290;CIL22;MACAU;SZL;-841.9435113494347
291;CIL22;ETHIOPIA;XOF;859137.704343329
292;CIL22;GUYANA;PLN;5717.497325703671
293;ADHLW;PAPUA NEW GUINEA;BRL;45914.51362720181
294;ADHLW;SWAZILAND;PHP;639407.2176973106
295;ADHLW;SIERRA LEONE;RSD;112183.08235758664
296;FHXY2;BOLIVIA;ZMW;579029.735151612
297;FHXY2;CAPE VERDE;VUV;3882566.3402506686
298;FHXY2;BAHAMAS;UGX;43301421.83414078
299;FHXY2;TONGA;ETB;361345.22276837926
300;FHXY2;HUNGARY;LVL;10542.212735050887
301;FHXY2;NORWAY;MAD;49409.58384460312
302;FHXY2;BHUTAN;NZD;38801.087641457096
303;FHXY2;MAURITIUS;MOP;154517.99276322193
304;FHXY2;SINGAPORE;GHS;47679.6040386321
305;FHXY2;GUINEA;HTG;329085.39892045356
306;DIKYY;PANAMA;JPY;-2810.6725686803834
307;DIKYY;GUINEA;BWP;88837.96604877365
308;DIKYY;CAYMAN ISLANDS;SCR;62942.71201552378
309;DIKYY;IRAQ;ETB;263039.54107204935
310;DIKYY;EL SALVADOR;AWG;8814.7719511378
311;DIKYY;BAHAMAS;SVC;-570.3328974550078
312;DIKYY;CAPE VERDE;ILS;6737.804613466611
313;DIKYY;MALAWI;GBP;3375.1069783227094
314;DIKYY;HONDURAS;XAF;3105209.1009095632
315;DIKYY;ICELAND;UAH;63427.62110679643
316;DIKYY;SOUTH AFRICA;FJD;6350.8375263946255
317;DIKYY;DENMARK;BIF;14807860.69974931
318;FKL12;BHUTAN;AUD;7993.015234723215
319;FKL12;UKRAINE;CZK;554719.4452593803
320;BHWb1;KUWAIT;STD;46320474.01393417
321;BHWb1;CAPE VERDE;TOP;39111.395515879616
322;BHWb1;THAILAND;EUR;16996.606419784664
323;BHWb1;LIBERIA;MOP;105037.43662994025
324;BHWb1;SAUDI ARABIA;BND;3350.515013777127
325;BHWb1;SINGAPORE;XCD;17854.21393836477
326;BHWb1;BERMUDA;DJF;290809.3930506556
327;BHWb1;EGYPT;RSD;1608647.3875092138
328;BHWb1;RWANDA;PES;2581164.1178783407
329;BHWb1;BRAZIL;BOB;132280.79550312477
330;BHWb1;LAO PEOPLE'S DEMOCRATIC REP;PKR;53410.203237891605
331;BHWb1;NICARAGUA;KRW;21441634.740663357
332;BHWb1;BAHAMAS;KHR;28672722.138161764
333;BHWb1;PAPUA NEW GUINEA;XPF;1104748.5921626885
334;BHWb1;GUYANA;ZWL;12126384.184265094
335;CEWab;SEYCHELLES;PGK;344512.65184885537
336;CEWab;UGANDA;SDG;51489142.40550948
337;CEWab;SAUDI ARABIA;BYR;1682329464.1198554
338;CEWab;SWAZILAND;LAK;1179727831.9254532
339;CEWab;MOZAMBIQUE;KYD;58062.60475001286
340;CEWab;SAMOA;XCD;99220.82485724233
341;CEWab;VIET NAM;ZMW;57285.086111364966
342;CEWab;LIBYAN ARAB JAMAHIRIYA;DZD;4257953.89343473
343;CEWab;BELARUS;CRC;3919416.9810241084
344;CEWab;URUGUAY;BHD;1535.801760986291
345;CEWab;FIJI;YER;32147428.87110434
346;CEWab;PARAGUAY;PYG;926990399.5019976
347;CEWab;VIET NAM;AWG;126030.15265629045
348;CEWab;IRAQ;BND;94762.2347232327
349;CEWab;AZERBAIJAN;TND;80019.03963883063
350;CEWab;VANUATU;SZL;1707156.171658937
351;CEWab;ARGENTINA;BTN;747583.4333314485
352;CEWab;UKRAINE;GHS;1679836.9893260326
353;HJXb3;AUSTRALIA;HTG;12447.487991697693
354;HJXb3;LAO PEOPLE'S DEMOCRATIC REP;SCR;17827.959918962584
355;HJXb3;SRI LANKA;TRY;5535.322343190899
356;HJXb3;MALAYSIA;JPY;136857.35253876232
357;HJXb3;NICARAGUA;GHS;9646.829037125712
358;HJXb3;GUINEA;BBD;239.4474908903891
359;HJXb3;VIET NAM;HKD;4645.783120382162
360;HJXb3;PHILIPPINES;MRO;152691.38239116722
361;HJXb3;NICARAGUA;ZAR;12984.993646163131
362;HJXb3;PHILIPPINES;JOD;57.371059739170384
363;HJXb3;ISRAEL;JMD;123472.44483402839
364;HJXb3;BOLIVIA;PLN;3691.493200692081
365;HJXb3;ANGOLA;IDR;15967188.5681272
366;HJXb3;TOGO;BTN;96975.30243699052
367;Daa33;SINGAPORE;PYG;4309463.277374953
368;Daa33;KENYA;SLL;33638586.78790552
369;Daa33;PHILIPPINES;RUB;227483.00546938495
370;Daa33;RUSSIAN FEDERATION;XCD;8256.019356939876
371;Daa33;UNITED KINGDOM;AUD;3069.421603469668
372;Daa33;NEW ZEALAND;BHD;1136.4686078442453
373;Daa33;MADAGASCAR;TRY;48395.23734550746
374;Daa33;POLAND;CNY;19349.575342549633
375;Daa33;ARGENTINA;NZD;1443.139012157024
376;Daa33;NAMIBIA;AWG;3448.8269331266265
377;Daa33;ZAMBIA;GMD;126097.82301762499
378;Daa33;RWANDA;BBD;3933.479666143481
379;FHMa2;ARGENTINA;BSD;664.3789430561621
380;FHMa2;JAPAN;XCD;915.7754991485338
381;FHMa2;ANGOLA;SDG;408575.3759354426
382;FHMa2;SAUDI ARABIA;TTD;3011.568584533025
383;FHMa2;EURO;PHP;40692.122854740875
384;FHMa2;LATVIA;LKR;163147.69436928988
385;GVXZ2;BOTSWANA;LKR;11885310.065527689
386;GVXZ2;BHUTAN;HRK;18112.73582910214
387;GVXZ2;BAHRAIN;MOP;39928.13017923463
388;GVXZ2;MAURITIUS;KZT;8775550.145174019
389;GVXZ2;LAO PEOPLE'S DEMOCRATIC REP;KES;4952358.821991471
390;GVXZ2;TOGO;LVL;26945.919944306264
391;GVXZ2;TRINIDAD AND TOBAGO;TRY;499415.8701968087
392;GVXZ2;COLOMBIA;BND;23425.759079275238
393;GVXZ2;SOUTH AFRICA;XAF;14014323.255159412
394;GVXZ2;TRINIDAD AND TOBAGO;BDT;2761444.7934714616
395;GVXZ2;BAHAMAS;BND;12848.383618173573
396;GVXZ2;EGYPT;BYR;187540680.95997387
397;GVXZ2;IRAN (ISLAMIC REPUBLIC OF);NIO;1344247.4381039494
398;BNbc1;HONDURAS;JPY;7804205.986608075
399;BNbc1;UKRAINE;TTD;689206.5486327519
400;BNbc1;PANAMA;VUV;14070570.741861913
401;BNbc1;SWITZERLAND;PES;8790904.004942594
402;BNbc1;DOMINICAN REPUBLIC;MYR;286442.237592963
403;BNbc1;NICARAGUA;NPR;6730058.12665164
404;BNbc1;GHANA;CNY;253878.94594561774
405;BNbc1;DOMINICA;THB;151278.46849464573
406;BNbc1;RUSSIAN FEDERATION;XOF;34851894.52891689
407;BNbc1;BHUTAN;UGX;497464179.0663934
408;BNbc1;HONDURAS;LYD;504650.7085651804
409;BNbc1;PANAMA;SBD;256152.96768634423
410;BNbc1;SWAZILAND;GHS;1899987.3264566613
411;BNbc1;PERU;ILS;85215.06027181807
412;BNbc1;COLOMBIA;OMR;558.8542858458253
413;BNbc1;JORDAN;RUB;8870341.0432492
414;BNbc1;MYANMAR;BSD;79969.80718571189
415;BNbc1;ETHIOPIA;IRR;5004360613.652042
416;BNbc1;BAHRAIN;AUD;-898.860345132091
417;EKZZ2;INDONESIA;HKD;150686.57020632725
418;EKZZ2;LIBYAN ARAB JAMAHIRIYA;SYP;22191710.69363277
419;EKZZ2;COSTA RICA;CYP;8977.922674974414
420;EKZZ2;SOMALIA;PKR;8592453.754223011
421;EKZZ2;JORDAN;THB;83278.17860706655
422;EKZZ2;SURINAME;RON;92158.95311387692
423;EKZZ2;MALDIVES;NIO;1053424.9084923565
424;EKZZ2;PHILIPPINES;TZS;75038902.97806266
425;EKZZ2;MALAYSIA;MZN;1363902.0723718023
426;EKZZ2;DJIBOUTI;PHP;1191375.4494153229
427;DFFW1;EGYPT;KHR;35677669.2924774
428;DFFW1;QATAR;SVC;39858.21045101604
429;DFFW1;BOTSWANA;PLN;32857.27982101337
430;DFFW1;ZAMBIA;BZD;7945.0663710463305
431;DFFW1;MADAGASCAR;ISK;358850.3433325309
432;DFFW1;ALBANIA;PES;188818.2435979111
433;DFFW1;CAPE VERDE;ARS;588774.1023807047
434;DFFW1;SINGAPORE;CLP;6225646.02126204
435;DFFW1;DOMINICAN REPUBLIC;SLL;32405574.85189446
436;DFFW1;ROMANIA;KZT;521016.89433407655
437;DFFW1;CENTRAL AFRICAN REPUBLIC;CRC;1088173.164843297
438;DFFW1;CANADA;YER;636647.2218094484
439;IILbb;MEXICO;DZD;510896.7026045757
440;IILbb;SUDAN;JMD;1181978.578372237
441;IILbb;THAILAND;SVC;49555.97609256798
442;IILbb;MALAWI;ETB;381418.82794929674
443;IILbb;HONG KONG;CAD;13094.387688602084
444;IILbb;EGYPT;TWD;133042.20441383112
445;IILbb;TONGA;DJF;1448340.5041331823
446;IILbb;VENEZUELA;ARS;1424225.9030385339
447;IILbb;BHUTAN;HNL;79326.04944281612
448;IILbb;CHINA;KHR;34170498.558184184
449;IILbb;DJIBOUTI;VUV;832779.8795048614
450;IILbb;HAITI;MUR;182375.76712783566
451;IILbb;THAILAND;STD;81050153.40418933
452;IILbb;MAURITIUS;SRD;275093.8157765401
453;IILbb;SWITZERLAND;PHP;300521.75072875246
454;CCIZc;NETHERLANDS ANTILLES;MWK;315550.3751316018
455;EWWcc;CAYMAN ISLANDS;IDR;52301483.49883065
456;EWWcc;MOZAMBIQUE;MWK;2744563.884712888
457;LLa33;SRI LANKA;EUR;5393.650629197175
458;LLa33;COSTA RICA;IQD;5625053.864966437
459;LLa33;ANGOLA;GYD;669737.7694981616
460;LLa33;MAURITANIA;NAD;140693.12938240787
461;LLa33;ZAMBIA;SRD;58963.91343967568
462;LLa33;ZIMBABWE;KWD;314.6996902778281
463;LLa33;UNITED ARAB EMIRATES;HRK;42028.61569994267
464;LLa33;TANZANIA, UNITED REPUBLIC OF;ANG;11303.324932592799
465;LLa33;SEYCHELLES;DZD;974735.1830845785
466;LLa33;TONGA;KES;323373.8449969747
467;LLa33;ZIMBABWE;ZWL;4626686.459324893
468;LLa33;SEYCHELLES;MAD;3031.3408032477914
469;LLa33;RWANDA;PEN;27547.91913091115
470;LLa33;BHUTAN;VUV;132713.3898472964
471;LLa33;COSTA RICA;PYG;51269603.58678658
472;LLa33;SOMALIA;BTN;652522.7003090711
473;LLa33;PAPUA NEW GUINEA;DOP;404815.1788890314
474;LLa33;MOZAMBIQUE;JOD;3.8124672214780926
475;LLa33;UKRAINE;XOF;2040275.6545840842
476;LLa33;SWITZERLAND;LAK;-521040.1354433848
477;HHIWW;KUWAIT;CZK;84310.49665713371
478;HHIWW;COSTA RICA;JMD;914013.9788587176
479;HHIWW;MALAYSIA;INR;186487.11123809556
480;HHIWW;NORWAY;VUV;8124.801929046843
481;HHIWW;MALAWI;OMR;2829.8574164396823
482;HHIWW;POLAND;CNY;45375.71448506056
483;HHIWW;JAPAN;PYG;23773223.423646547
484;HHIWW;MALDIVES;NIO;68810.3164372118
485;HHIWW;GHANA;PGK;26542.042471012635
486;HHIWW;ARGENTINA;BSD;6030.923850205576
487;HHIWW;BOTSWANA;MVR;41764.398489554
488;HHIWW;SERBIA;RUB;67355.65144051991
489;HHIWW;LEBANON;BBD;7346.648940242708
490;HHIWW;BERMUDA;ZAR;26279.084502171358
491;DDcc1;BERMUDA;UAH;8915.086488255012
492;DDcc1;AZERBAIJAN;CYP;646.9408868416253
493;DIXc2;SIERRA LEONE;EUR;6299.209223372288
494;DIXc2;SURINAME;IRR;169531680.77604613
495;DIXc2;UGANDA;ZWL;2626679.953418294
496;DIXc2;INDIA;XOF;400159.6457621991
497;DIXc2;NICARAGUA;GMD;572441.953595114
498;DIXc2;YEMEN;ETB;699105.7081792995
499;DIXc2;ALBANIA;KHR;35978341.769294076
500;DIXc2;FIJI;MWK;1468569.8130195627
501;DIXc2;BOTSWANA;KZT;825805.556094069
502;DIXc2;GUYANA;SLL;217628919.68522575
503;DIXc2;CAYMAN ISLANDS;BIF;7256527.942148009
504;DIXc2;FRENCH POLYNESIA;KZT;1129317.552208275
505;DIXc2;SUDAN;NPR;715468.1978345138
506;DIXc2;PAPUA NEW GUINEA;SOS;4634986.640260334
507;DIXc2;SUDAN;LAK;54972565.09103125
508;DIXc2;PARAGUAY;KES;1130395.06030307
509;DIXc2;GAMBIA;KHR;16000418.324535307
510;DIXc2;GUYANA;SGD;6387.789913971855
511;ACHa1;SWITZERLAND;BDT;103089.49284807498
512;ACHa1;COSTA RICA;ARS;359484.98616519436
513;ACHa1;CZECH REPUBLIC;MVR;2966.5334885084476
514;ACHa1;LAO PEOPLE'S DEMOCRATIC REP;UAH;12670.601329784635
515;ACHa1;CANADA;DZD;120308.87628107706
516;ACHa1;MYANMAR;BIF;915163.9525187565
517;ACHa1;IRAN (ISLAMIC REPUBLIC OF);CRC;1008955.8861729756
518;ACHa1;MOROCCO;TOP;2463.3998157738943
519;ACHa1;KENYA;MYR;3947.9217910889215
520;ACHa1;SOMALIA;BND;466.8441365981883
521;ACHa1;HAITI;NAD;9687.677682429476
522;ACHa1;BAHAMAS;SDG;911631.0464577301
523;ACHa1;EGYPT;PAB;1114.7915551101287
524;AEIY2;ARUBA;SCR;43849.64307953041
525;AEIY2;ROMANIA;CRC;1949128.8833789376
526;AEIY2;CAMBODIA;NGN;1241212.0400562075
527;AEIY2;SIERRA LEONE;NOK;30862.93349391971
528;AEIY2;CAYMAN ISLANDS;YER;455255.7995380941
529;AEIY2;COLOMBIA;SCR;5471.741680776436
530;AEIY2;COSTA RICA;CLP;2468239.612309464
531;AEIY2;ALGERIA;TOP;10791.253009302201
532;AEIY2;EGYPT;XPF;240929.95228999402
533;AEIY2;NORWAY;THB;31026.076325089532
534;AEIY2;SYRIAN ARAB REPUBLIC;UAH;117968.71129035206
535;AEIY2;ANGOLA;NAD;3717.1946486382735
536;AEIY2;URUGUAY;AWG;7737.9221302031765
537;AEIY2;CAMBODIA;SDG;1408385.8754685496
538;AEIY2;CHILE;ETB;201470.57240549318
539;CHIIN;SAO TOME AND PRINCIPE;BGN;146415.71571241828
540;CHIIN;MEXICO;CVE;980556.7218619175
541;CHIIN;ALGERIA;STD;244967016.3543601
542;CHIIN;AZERBAIJAN;CAD;94195.37920159573
543;CHIIN;CAYMAN ISLANDS;NOK;719337.3743936484
544;CHIIN;MACAU;ANG;37794.8511091097
545;CHIIN;CZECH REPUBLIC;MYR;220195.3154933755
546;IJYZ1;SYRIAN ARAB REPUBLIC;GMD;458031.816507162
547;IJYZ1;ICELAND;ETB;244247.91385394055
548;IJYZ1;LAO PEOPLE'S DEMOCRATIC REP;SAR;19613.647367263686
549;IJYZ1;GUYANA;TWD;145919.00253491977
550;IJYZ1;UNITED KINGDOM;MMK;9815053.920545902
551;BDMW3;AUSTRALIA;WST;13563.43354302766
552;BDMW3;BAHAMAS;BZD;10960.318767598781
553;BDMW3;MOZAMBIQUE;TZS;15893789.530427517
554;BDMW3;JAPAN;BHD;1741.0067585678557
555;BDMW3;QATAR;MWK;8356716.954093917
556;BDMW3;MALDIVES;NZD;12553.057917803557
557;BDMW3;NEW ZEALAND;CYP;4247.926784930828
558;BDMW3;LATVIA;WST;16139.664919390669
559;BDMW3;CHILE;PEN;16628.027795597398
560;BDMW3;SAUDI ARABIA;SRD;109103.53946598583
561;BDMW3;IRAN (ISLAMIC REPUBLIC OF);HNL;62413.79510690902
562;BDMW3;TONGA;RWF;9635462.721781272
563;BDMW3;ZIMBABWE;LRD;1492729.3527940556
564;BDMW3;MEXICO;BZD;10937.647931486787
565;BDMW3;CROATIA;DJF;1555268.8120076144
566;BDMW3;TOGO;TND;31055.40786930249
567;BDMW3;JAMAICA;HUF;1391640.2729242786
568;BDMW3;CHILE;EUR;6416.331557365279
569;BDMW3;RUSSIAN FEDERATION;SZL;58256.182065213616
570;BDMW3;UGANDA;MAD;60518.005223904875
571;ANX22;SAO TOME AND PRINCIPE;BSD;952.4211773643823
572;ANX22;BRAZIL;WST;5133.473005097585
573;IMccc;MYANMAR;BGN;34804.66861714818
574;IMccc;MOROCCO;VES;380505.66409053985
575;IMccc;BURUNDI;GNF;135933567.5915795
576;IMccc;RWANDA;SZL;247673.19420237932
577;IMccc;ROMANIA;CRC;8807754.49207081
578;IMccc;SINGAPORE;NAD;242572.9425889702
579;IMccc;NEW ZEALAND;RWF;20941491.52078062
580;IMccc;MAURITIUS;XCD;14730.89645666921
581;IMccc;BAHAMAS;ETB;978726.2825581547
582;Fbbc1;SAMOA;PHP;100008.85352201879
583;Fbbc1;HUNGARY;HRK;8016.398227370944
584;Fbbc1;SAUDI ARABIA;MXN;84242.05664314197
585;Fbbc1;IRAQ;KES;409957.4960072842
586;Fbbc1;NEPAL;ZAR;7239.090281403779
587;Fbbc1;UKRAINE;SDG;1079153.8831810518
588;Fbbc1;EURO;SAR;17140.961855145448
589;Fbbc1;MAURITIUS;SVC;32376.657300516068
590;Fbbc1;PERU;SEK;11320.648775561842
591;Fbbc1;VIET NAM;IQD;6789339.551016705
592;Fbbc1;PAKISTAN;GHS;66445.4482266429
593;Fbbc1;DOMINICA;AUD;7267.712965306269
594;Fbbc1;BARBADOS;MRO;1517842.250975828
595;Fbbc1;ANGOLA;IQD;3168246.6432486554
596;Fbbc1;YEMEN;BDT;27359.909256811206
597;Fbbc1;RUSSIAN FEDERATION;IDR;7229455.081761198
598;Fbbc1;SYRIAN ARAB REPUBLIC;AOA;2852313.813884095
599;FVXX2;GUINEA;BDT;25561.844595723906
600;BDGXZ;YEMEN;ARS;9869855.27339131
601;BDGXZ;MOZAMBIQUE;NGN;11140662.170499744
602;BDGXZ;PANAMA;MMK;5427744.922646043
603;BDGXZ;JAMAICA;HUF;7851508.375004049
604;BDGXZ;BURUNDI;DZD;3012622.044202649
605;BDGXZ;SOMALIA;KYD;36068.67704648354
606;BDGXZ;COSTA RICA;SCR;549148.8194303183
607;BDGXZ;PHILIPPINES;PAB;9409.770483771194
608;BDGXZ;SOLOMON ISLANDS;AWG;74133.18309126318
609;BDGXZ;DOMINICA;ILS;105967.11255866979
610;BDGXZ;GUINEA;LVL;14800.422457212358
611;BDGXZ;BOTSWANA;PKR;9402768.674698152
612;BDGXZ;TUNISIA;AED;23466.382145066465
613;BDGXZ;PANAMA;SZL;416843.532082139
614;BDGXZ;TONGA;NOK;38470.17830911945
615;ABCa3;NEW ZEALAND;IQD;5068091.237991188
616;ABCa3;SOLOMON ISLANDS;KHR;11978675.244931389
617;ABCa3;BHUTAN;KZT;1392033.0360067836
618;ABCa3;SYRIAN ARAB REPUBLIC;MXN;76044.12430146865
619;ABCa3;NAMIBIA;CAD;3149.076879447115
620;ABCa3;EURO;ETB;187930.37415101333
621;ABCa3;URUGUAY;MZN;153732.91764761828
622;ABCa3;LIBYAN ARAB JAMAHIRIYA;DKK;2707.4999031431385
623;ABCa3;BARBADOS;PLN;16634.533723874054
624;ABCa3;ETHIOPIA;ZAR;23278.27275030597
625;JNXW2;MAURITIUS;MYR;33470.43177199227
626;JNXW2;JAMAICA;BIF;15879800.66672044
627;JNXW2;DOMINICAN REPUBLIC;ARS;1093433.385565745
628;JNXW2;BOLIVIA;ETB;357595.37187278725
629;JNXW2;BAHRAIN;KHR;28825569.250893317
630;JNXW2;INDIA;ISK;333847.3180676833
631;CGLLY;SWITZERLAND;PYG;184119130.98194838
632;CGLLY;INDONESIA;QAR;23644.69678241703
633;CGLLY;SUDAN;IQD;25447280.038190734
634;CLVYb;SEYCHELLES;AOA;59644.64228916685
635;CLVYb;CANADA;JOD;142.13701347307023
636;CLVYb;JAPAN;GMD;110781.39891321828
637;CLVYb;TRINIDAD AND TOBAGO;MZN;127640.25349803884
638;CLVYb;ZAMBIA;DJF;293659.2161281541
639;XWWc3;ANGOLA;AED;2108.8390013186613
640;XWWc3;ISRAEL;ZMW;26589.29698547799
641;XWWc3;BRAZIL;SGD;1574.60773405527
642;GGJKY;ISRAEL;BDT;2437045.2756123515
643;GGJKY;GUYANA;PYG;49367702.85856592
644;GGJKY;TOGO;BTN;376764.09337915544
645;GGJKY;UGANDA;MGA;3402221.216388733
646;GGJKY;NIGERIA;MOP;184471.1121982094
647;GGJKY;TRINIDAD AND TOBAGO;BHD;2381.5472806730995
648;GGJKY;MAURITIUS;GBP;1582.6192719373278
649;GGJKY;NEPAL;HTG;1097672.9963192567
650;GGJKY;ALBANIA;MAD;164026.8313866331
651;GGJKY;ETHIOPIA;TND;31040.09048319513
652;GGJKY;KOREA, REPUBLIC OF;VND;347204555.0072097
653;GGJKY;DOMINICA;BWP;106107.42845943448
654;GGJKY;SWEDEN;BWP;68180.33870354733
655;AEHb2;MACAU;YER;59353.41985881932
656;AEHb2;KENYA;LRD;70072.7229078304
657;AEHb2;NICARAGUA;CZK;1739.4789852620502
658;IKNY1;TAIWAN, PROVINCE OF CHINA;PKR;2344370.7851723144
659;IKNY1;DJIBOUTI;ETB;560141.31948496
660;IKNY1;GUATEMALA;EUR;5067.437444218351
661;IKNY1;SWITZERLAND;PGK;18373.338441072046
662;IKNY1;SOUTH AFRICA;SZL;100363.49632206134
663;IKNY1;SURINAME;KWD;2937.888513508872
664;IKNY1;KOREA, REPUBLIC OF;PKR;1698144.1244104556
665;IKNY1;MALDIVES;TND;13687.967358635995
666;IKNY1;SWAZILAND;MRO;3328315.763410396
667;IKNY1;NEW ZEALAND;HRK;1232.6344270879467
668;IKNY1;CHILE;VUV;665129.9208525968
669;IKNY1;PERU;XPF;1189864.654511464
670;IKNY1;MADAGASCAR;ZMW;36772.287490896175
671;IKNY1;CAPE VERDE;GYD;1261070.1634933369
672;IKNY1;SUDAN;UYU;278240.6207383108
673;IKNY1;ARGENTINA;YER;764391.7475763903
674;IKNY1;ICELAND;PLN;8986.40441752555
675;IKNY1;RUSSIAN FEDERATION;LKR;581168.3074657466
676;CLNb2;SYRIAN ARAB REPUBLIC;MZN;129963.8044251154
677;CLNb2;CAMBODIA;OMR;2610.1321085287045
678;CLNb2;SYRIAN ARAB REPUBLIC;SEK;61952.04228185095
679;CLNb2;NEW ZEALAND;OMR;1032.280786526323
680;CLNb2;CAPE VERDE;BIF;17421993.992250033
681;CLNb2;GUATEMALA;COP;7030224.8665963495
682;CLNb2;PERU;BWP;92075.39000953066
683;DVVb1;BAHAMAS;SVC;48557.61646307312
684;DVVb1;SIERRA LEONE;QAR;28596.245418111317
685;DVVb1;ARGENTINA;FJD;12056.976291931403
686;DVVb1;YEMEN;AUD;405.0669213619437
687;DVVb1;BOLIVIA;RWF;5444871.952305284
688;DVVb1;CZECH REPUBLIC;JOD;4353.346325255037
689;EILLc;MYANMAR;CAD;58803.30278567257
690;EILLc;TRINIDAD AND TOBAGO;TOP;63486.61453171535
691;EILLc;DENMARK;INR;1793526.729115651
692;EILLc;PERU;NZD;43722.03741723932
693;EILLc;DOMINICAN REPUBLIC;LBP;3394288.728052268
694;EILLc;BURUNDI;ILS;135543.18518500598
695;EILLc;VANUATU;NZD;63619.23312241931
696;EILLc;LATVIA;TOP;59795.532291499345
697;EILLc;SWITZERLAND;KES;3615784.4167966833
698;EILLc;CENTRAL AFRICAN REPUBLIC;GNF;378838313.7990102
699;EILLc;INDONESIA;BIF;76242918.29704286
700;BEMN1;ARGENTINA;XAF;732707.0641472861
701;BEMN1;BOLIVIA;JPY;378917.23739986564
702;DJKLc;PHILIPPINES;BND;675.1816752989257
703;DJKLc;BRUNEI DARUSSALAM;XOF;2015731.3582559377
704;DJKLc;COLOMBIA;KZT;94665.85945276156
705;DJKLc;SOLOMON ISLANDS;TWD;85160.93853004248
706;DJKLc;ROMANIA;BTN;217014.90336341254
707;DJKLc;MOZAMBIQUE;NIO;122043.54641345923
708;DJKLc;TONGA;BDT;200499.481892632
709;DJKLc;VENEZUELA;LRD;268377.83101029455
710;DJKLc;HAITI;EGP;74769.58387556337
711;DJKLc;SAMOA;NPR;33084.89503755396
712;DJKLc;COLOMBIA;CVE;283371.1651786753
713;DJKLc;LAO PEOPLE'S DEMOCRATIC REP;MUR;21684.251812875442
714;DJKLc;PARAGUAY;AWG;528.2661714250538
715;DJKLc;NIGERIA;THB;77071.11970439779
716;DJKLc;BOTSWANA;XPF;151420.0424180785
717;DJKLc;ALGERIA;QAR;2949.6900119462352
718;DJKLc;IRAQ;ETB;72723.17077565272
719;ACFN2;GAMBIA;ETB;1060412.0957387062
720;ACFN2;SUDAN;JOD;13165.504140281671
721;ACFN2;RUSSIAN FEDERATION;KZT;15434688.167600246
722;ACFN2;GHANA;LRD;2437645.394316363
723;ACFN2;EGYPT;SBD;46996.50145041453
724;ACFN2;ICELAND;MVR;61157.732679549656
725;ACFN2;CYPRUS;NZD;22772.382866236407
726;ACFN2;EURO;LRD;126749.00360969245
727;ACFN2;COSTA RICA;COP;93584052.65752126
728;ACFN2;HUNGARY;XPF;670137.7065165559
729;ACFN2;COSTA RICA;BND;27449.863909167652
730;ACFN2;OMAN;KZT;1631440.2209272014
731;ACFN2;DOMINICA;DZD;1790929.2686409398
732;ACFN2;SURINAME;BTN;793568.4480741033
733;ACFN2;TAIWAN, PROVINCE OF CHINA;IRR;235900493.944061
734;ACFN2;SWAZILAND;SYP;15905045.321151981
735;ACFN2;CHINA;BDT;2914987.272048136
736;ACFN2;SINGAPORE;AOA;14534898.141546406
737;ACFN2;GUATEMALA;PGK;108583.80552806791
738;CHcc3;TRINIDAD AND TOBAGO;CRC;389944.3770172096
739;CHcc3;PAPUA NEW GUINEA;CNY;23549.9788646495
740;CHcc3;BULGARIA;MVR;117172.10619511822
741;CHcc3;TRINIDAD AND TOBAGO;BOB;39622.703927797724
742;CHcc3;SOLOMON ISLANDS;LRD;1156933.5895803187
743;CHcc3;AZERBAIJAN;INR;520619.48293833825
744;CHcc3;GUATEMALA;EGP;195465.21312884946
745;CHcc3;TOGO;OMR;3365.593085390637
746;CHcc3;TUNISIA;LAK;78296582.67637257
747;CHcc3;BOLIVIA;CZK;272298.69638198364
748;CHcc3;GUATEMALA;JOD;6610.480709227027
749;CHcc3;PAKISTAN;DOP;340374.46614911495
750;BFNN2;ETHIOPIA;XAF;-76851.78214603783
751;BFNN2;GHANA;GNF;12742837.079103732
752;BFNN2;YEMEN;NIO;267967.7830265458
753;BFNN2;ETHIOPIA;RON;65944.41539828034
754;BFNN2;NAMIBIA;INR;662484.3518143907
755;BFNN2;ARGENTINA;CYP;980.0190409072744
756;BFNN2;OMAN;CAD;18355.90700334428
757;BFNN2;SAUDI ARABIA;MYR;18974.474886039574
758;BFNN2;CAPE VERDE;MYR;41984.59166203256
759;BFNN2;EL SALVADOR;GTQ;99636.06043563131
760;BFNN2;CANADA;INR;1075962.1063902332
761;BFNN2;MALAWI;MAD;37346.70335000632
762;BFNN2;SINGAPORE;XAF;4789130.6772777755
763;BFNN2;CAPE VERDE;NGN;5086047.60687034
764;BFNN2;NICARAGUA;ILS;30816.03346170769
765;AGJK2;VIET NAM;GYD;7622061.477629089
766;AGJK2;MAURITANIA;INR;2584630.178881623
767;AGJK2;ARUBA;NGN;14028949.929401696
768;AGJK2;SOMALIA;DJF;1387152.1540211628
769;AGJK2;TRINIDAD AND TOBAGO;BRL;235769.38568816445
770;AGJK2;CROATIA;XCD;141062.5192098476
771;AGJK2;BAHAMAS;PKR;2629245.482335971
772;AGJK2;URUGUAY;BSD;15478.996035644946
773;AGJK2;JAMAICA;HTG;7223425.6681409655
774;AGJK2;PAKISTAN;OMR;6871.414962852816
775;AGJK2;BRAZIL;LYD;180019.9988963171
776;AGJK2;SOUTH AFRICA;MAD;24616.173469605106
777;EHIIX;ISRAEL;THB;2204.630848116874
778;EHIIX;HUNGARY;LVL;43281.74779116988
779;EHIIX;CHILE;VES;1370416.193569783
780;EHIIX;QATAR;CZK;1261593.5392998804
781;EHIIX;MAURITANIA;SOS;2469406.386143705
782;CGMXZ;PANAMA;TTD;2529.701822446604
783;CGMXZ;EGYPT;TZS;5359930.473924175
784;CGMXZ;PERU;MGA;1071545.386372966
785;CGMXZ;UGANDA;CZK;110853.5470346357
786;CGMXZ;THAILAND;UGX;6871343.5579069555
787;CGMXZ;BANGLADESH;XCD;4005.938773068075
788;CGMXZ;SIERRA LEONE;MGA;16144757.501167536
789;CGMXZ;SERBIA;PGK;10061.94225454223
790;CGMXZ;LATVIA;FJD;9805.24103092516
791;CGMXZ;ISRAEL;XCD;2931.3674256573095
792;CGMXZ;NICARAGUA;GNF;4070768.2877172413
793;CGMXZ;GUYANA;RWF;555725.8766331002
794;CGMXZ;NETHERLANDS ANTILLES;GMD;151861.394889398
795;CIIVV;AZERBAIJAN;ETB;16083.282819584685
796;CIIVV;EURO;VES;182720.0537904971
797;CIIVV;THAILAND;DKK;30834.501404434694
798;CIIVV;GAMBIA;QAR;34954.629683107516
799;CIIVV;ALGERIA;DJF;2657930.528171878
800;CIIVV;URUGUAY;MGA;63178335.625804715
801;CIIVV;QATAR;AWG;17301.15284925733
802;CIIVV;GUATEMALA;BOB;59210.0144165819
803;CIIVV;LATVIA;JOD;12437.985551477155
804;CIIVV;CZECH REPUBLIC;GBP;13375.091972728549
805;FZZ23;PHILIPPINES;ZMW;66612.47897309119
806;FZZ23;GUYANA;TRY;227190.0575462393
807;FZZ23;SRI LANKA;BBD;8140.964136100438
808;FZZ23;KENYA;TWD;189881.65665425258
809;FZZ23;UGANDA;LRD;140886.56983731952
810;FZZ23;NIGERIA;PKR;1732920.0165959825
811;FZZ23;TUNISIA;CVE;1470997.3071732149
812;FZZ23;COLOMBIA;KES;1027674.5349180521
813;FZZ23;CROATIA;XCD;30944.324348270773
814;FZZ23;SAO TOME AND PRINCIPE;CZK;161950.5039634447
815;FZZ23;ALBANIA;AED;37915.74590190816
816;FZZ23;LAO PEOPLE'S DEMOCRATIC REP;MXN;294501.13300567964
817;FZZ23;AZERBAIJAN;BGN;5831.920490993856
818;FZZ23;SWAZILAND;BHD;3025.780998102551
819;FNbb2;CAMBODIA;PKR;942053.4333717154
820;FNbb2;UGANDA;ISK;794989.7709124609
821;FNbb2;CHINA;PKR;2284625.254292395
822;FNbb2;UNITED ARAB EMIRATES;KWD;1912.4309284200795
823;FNbb2;EGYPT;MWK;13704198.242602767
824;FNbb2;BANGLADESH;BDT;1015466.607923151
825;FNbb2;TOGO;HKD;122761.13846442508
826;FNbb2;ANGOLA;NZD;275.1555721051406
827;FNbb2;TAIWAN, PROVINCE OF CHINA;XPF;32578.44560059786
828;FNbb2;CHINA;KZT;6350131.427335201
829;FNbb2;TANZANIA, UNITED REPUBLIC OF;JOD;6644.121052058318
830;FNbb2;HAITI;WST;40556.01268940987
831;FNbb2;EURO;BSD;9222.598939080766
832;FNbb2;JAPAN;CHF;277.02323099473875
833;FNbb2;TURKEY;SAR;13716.42573197148
834;FNbb2;SEYCHELLES;PLN;65106.42141654297
835;FNbb2;PERU;MRO;3650307.6499626017
836;FNbb2;SRI LANKA;MMK;15413299.033367943
837;EEMaa;SWITZERLAND;QAR;480.90786635461234
838;EEMaa;KENYA;UGX;2908655.814381208
839;EEMaa;HONG KONG;JOD;1601.1479356135474
840;EEMaa;ROMANIA;SZL;12281.449414831888
841;EEMaa;THAILAND;BHD;163.63101498951568
842;JLMMW;LIBERIA;BTN;1209287.329536825
843;JLMMW;CZECH REPUBLIC;PEN;58330.408739403945
844;JLMMW;BERMUDA;TOP;5887.655081342124
845;ILWa3;ANGOLA;LVL;1689.1782157867924
846;ILWa3;TURKEY;BDT;231034.51037373027
847;ILWa3;NEPAL;BWP;20751.290889455664
848;ILWa3;SAMOA;JOD;5653.0475249678675
849;ILWa3;INDIA;IQD;4626440.958541077
850;ILWa3;CAMBODIA;GHS;30406.746367604934
851;ILWa3;MALAWI;UGX;11714827.10024437
852;ILWa3;ROMANIA;NZD;9734.718286165435
853;ILWa3;JAMAICA;IQD;-32110.90894876348
854;ILWa3;AUSTRALIA;TRY;72819.88309283722
855;ILWa3;DOMINICAN REPUBLIC;VND;169497589.2972299
856;ILWa3;VIET NAM;UAH;276236.57438750705
857;ILWa3;SURINAME;BMD;5212.512793307547
858;ILWa3;TOGO;CVE;882712.7729844778
859;ILWa3;SAUDI ARABIA;TOP;10224.699238946574
860;ILWa3;LIBYAN ARAB JAMAHIRIYA;RON;10066.738651075217
861;ILWa3;HAITI;GNF;59733872.796986915
862;ILWa3;VANUATU;MAD;84000.52844424672
863;EEVYb;OMAN;ZAR;125239.75575647528
864;EEVYb;CAMBODIA;KHR;22503825.263244554
865;EEVYb;SEYCHELLES;BOB;55912.0323659381
866;EEVYb;BELARUS;DZD;673676.1814626973
867;EEVYb;SOMALIA;HTG;657012.1989932018
868;EEVYb;ALBANIA;PAB;8606.449645324987
869;EEVYb;SWEDEN;BZD;12378.933043373827
870;EEVYb;VIET NAM;SLL;58650255.21922118
871;EEVYb;MALAYSIA;CLP;3173749.65279745
872;EEVYb;IRAN (ISLAMIC REPUBLIC OF);BGN;13953.276043711767
873;EEVYb;CAYMAN ISLANDS;BWP;5829.272969083006
874;CCCX3;MALAYSIA;SDG;2605606.4837627993
875;CCCX3;SIERRA LEONE;LKR;2717955.2745683123
876;CCCX3;NORWAY;ILS;11384.00465894616
877;CCCX3;ZAMBIA;IDR;1220342.1578502797
878;CCCX3;BOTSWANA;SCR;359802.66757851443
879;CCCX3;CAYMAN ISLANDS;RSD;1699503.081492229
880;CCCX3;ZIMBABWE;PYG;68621423.21581864
881;CCCX3;NAMIBIA;KHR;297824.77364990755
882;CCCX3;HONG KONG;UAH;198227.9501761506
883;CCCX3;TURKEY;RUB;559706.5840914657
884;CCCX3;PERU;ZMW;174454.9112927469
885;EILMW;TURKEY;KZT;4956396.511154971
886;EILMW;SWAZILAND;TZS;51778246.63765152
887;EILMW;SOMALIA;ETB;1090046.0651378343
888;BKKY3;CENTRAL AFRICAN REPUBLIC;KWD;2480.897139628888
889;BKKY3;MALAYSIA;FJD;30862.852899566893
890;BKKY3;BOLIVIA;QAR;34729.15058023193
891;BKKY3;TOGO;NGN;6960997.203925195
892;BKKY3;PAPUA NEW GUINEA;XOF;3395885.811948684
893;BKKY3;BURUNDI;JOD;556.9474690174413
894;BKKY3;POLAND;ZMW;90937.02122086208
895;BKKY3;SERBIA;GHS;20401.682370718547
896;BKKY3;MOZAMBIQUE;ILS;37242.58447650304
897;BKKY3;CYPRUS;BND;23194.28509240047
898;BKKY3;BAHRAIN;CZK;328684.95470068435
899;BKKY3;MADAGASCAR;GNF;6658765.490157583
900;BKKY3;SWITZERLAND;AUD;13248.706530804493
901;BKKY3;NEW ZEALAND;TRY;359988.76358627185
902;BKKY3;HONDURAS;TZS;12805653.444517836
903;BKKY3;SOMALIA;ZWL;10721885.30198463
904;BKKY3;KENYA;GYD;2822174.7261259337
905;BDHZa;SURINAME;BWP;99587.63960334333
906;BDHZa;SWITZERLAND;QAR;5384.295112834137
907;BDHZa;UNITED ARAB EMIRATES;THB;51699.06424283698
908;BDHZa;TUNISIA;BRL;3632.995083615511
909;BDHZa;PANAMA;UYU;203312.0556515244
910;BDHZa;ALGERIA;VND;200479826.41836426
911;BDHZa;GUATEMALA;EGP;215791.74677833775
912;BDHZa;ROMANIA;PYG;107465557.28482616
913;BDHZa;NICARAGUA;NPR;1744613.799949502
914;BDHZa;DOMINICAN REPUBLIC;CZK;723.5403516205126
915;BDHZa;SAUDI ARABIA;PYG;69230512.39272177
916;BDHZa;TONGA;VES;273792.23788447236
917;BDHZa;TRINIDAD AND TOBAGO;UYU;246673.06752050284
