;Client;Country;Currency;Transaction
0;BGHNa;GAMBIA;EUR;2958.707271615486
1;BGHNa;COLOMBIA;RON;4005.510494821363
2;BGHNa;SYRIAN ARAB REPUBLIC;LYD;12141.658210618167
3;BGHNa;CAYMAN ISLANDS;YER;1104223.49658022
4;BGHNa;PAKISTAN;PHP;120243.63600600335
5;BGHNa;KOREA, REPUBLIC OF;HRK;24938.194427307877
6;BGHNa;CHILE;BTN;98049.99451888796
7;BGHNa;LEBANON;UGX;5998809.7446067715
8;BDVa3;RUSSIAN FEDERATION;GTQ;94508.39799826662
9;AMYZ2;DENMARK;SGD;9772.046491574378
10;AMYZ2;AZERBAIJAN;BWP;40285.69833168568
11;AMYZ2;DENMARK;CZK;170929.02393650147
12;AMYZ2;PHILIPPINES;BMD;1555.9973197251911
13;AMYZ2;HUNGARY;SZL;15305.484319319594
14;AMYZ2;QATAR;MWK;1566848.628713621
15;AMYZ2;VIET NAM;AUD;10704.15701783159
16;AMYZ2;SOMALIA;BBD;9150.29584041709
17;AMYZ2;RWANDA;QAR;12170.416899289756
18;AMYZ2;SOUTH AFRICA;TZS;2880838.481947091
19;AMYZ2;SINGAPORE;CVE;202260.3787342065
20;AMYZ2;BAHRAIN;SRD;242160.39314383484
21;AMYZ2;LAO PEOPLE'S DEMOCRATIC REP;GMD;101027.04005442525
22;GVccc;AUSTRALIA;NGN;1589284.340560208
23;GVccc;COSTA RICA;QAR;14114.688545962625
24;GVccc;TURKEY;UGX;13813549.743834887
25;GVccc;UKRAINE;HKD;30151.49631303591
26;GVccc;MADAGASCAR;SCR;36318.940130377865
27;GVccc;NEPAL;MRO;388339.25954694196
28;GVccc;HUNGARY;UAH;30198.28990663324
29;GVccc;COSTA RICA;OMR;73.17368561441995
30;GVccc;TONGA;BTN;45380.286790192105
31;GVccc;DJIBOUTI;SDG;1429050.185169457
32;GVccc;SURINAME;MZN;100917.40452819614
33;GVccc;NIGERIA;MVR;3521.21324966718
34;GVccc;MALDIVES;STD;38384005.14414003
35;GVccc;TONGA;ISK;173285.21370804694
36;GVccc;SAO TOME AND PRINCIPE;DJF;375523.2841136448
37;GVccc;GUYANA;DKK;12659.557333072757
38;GVccc;THAILAND;PYG;25965873.340637863
39;GVccc;SERBIA;CYP;429.8665155203789
40;HLLL2;MALAYSIA;AED;82630.92841161444
41;HLLL2;BOTSWANA;HUF;3177467.756875342
42;HLLL2;LATVIA;WST;72346.98056717319
43;HLLL2;JAPAN;BIF;39971629.696132295
44;HLLL2;PANAMA;BZD;30791.77725253184
45;HLLL2;ISRAEL;UYU;159244.5814070549
46;HLLL2;MOZAMBIQUE;PGK;97545.22888869641
47;HLLL2;ARUBA;BMD;30657.717814153468
48;BCMVY;VENEZUELA;AUD;19874.32463363212
49;BCMVY;RWANDA;MMK;17788458.944602665
50;BCMVY;PARAGUAY;SZL;143470.0995103389
51;BCMVY;PHILIPPINES;NGN;3191342.7854671828
52;BCMVY;SOUTH AFRICA;WST;579.3231437207195
53;BCMVY;MEXICO;CYP;4121.996766016166
54;BCMVY;RWANDA;AED;22409.114785375947
55;BCMVY;BAHRAIN;CLP;15384683.622446943
56;BCMVY;ROMANIA;CHF;8158.549501689761
57;BCMVY;EURO;PES;363460.5706371088
58;BCMVY;CENTRAL AFRICAN REPUBLIC;TZS;2359669.39632645
59;BCMVY;SRI LANKA;ANG;15744.718263785253
60;BCMVY;GAMBIA;YER;1123276.5567167704
61;BCMVY;BELARUS;BDT;732950.2416570736
62;BCMVY;MAURITIUS;HNL;206879.57773965283
63;AADNc;UGANDA;ANG;6160.9995993360235
64;AADNc;LIBYAN ARAB JAMAHIRIYA;GNF;103297034.5466558
65;AADNc;INDIA;KYD;8815.262377936548
66;AADNc;UKRAINE;ARS;2764870.2894861866
67;AADNc;LIBERIA;AWG;2453.4734398000764
68;AADNc;BOLIVIA;GHS;14000.66329933163
69;AADNc;DOMINICA;CNY;85010.67226065506
70;AADNc;LIBYAN ARAB JAMAHIRIYA;PES;1665233.0991724147
71;AADNc;SAUDI ARABIA;TRY;223014.84449918463
72;AADNc;MALAWI;LBP;10123597.982608333
73;AADNc;CZECH REPUBLIC;BBD;24943.711473569143
74;AADNc;ETHIOPIA;JMD;1826856.873083187
75;AADNc;BRUNEI DARUSSALAM;ZAR;230496.6169083966
76;AADNc;NIGERIA;RUB;104820.21546032454
77;AADNc;NIGERIA;PAB;9354.585454186692
78;AADNc;MALDIVES;HUF;1139162.8478476068
79;AADNc;CZECH REPUBLIC;MVR;182486.9142081017
80;AADNc;THAILAND;RSD;130017.40511008704
81;AADNc;HUNGARY;MRO;108162.2147115252
82;AADNc;BULGARIA;LVL;2914.014843279158
83;CCGIV;KENYA;GNF;252645591.0113299
84;CCGIV;UGANDA;AUD;23810.541783465625
85;CCGIV;BURUNDI;SYP;8989640.248209517
86;CCGIV;TONGA;ETB;1317824.205925874
87;GVY23;IRAN (ISLAMIC REPUBLIC OF);INR;8320.95226820361
88;GVY23;SWEDEN;OMR;35.47912504561041
89;GVY23;DJIBOUTI;DJF;310647.40711605427
90;GVY23;VANUATU;COP;6329506.60159501
91;GVY23;POLAND;IQD;1754929.7408802463
92;GVY23;SWAZILAND;FJD;3033.164910784751
93;GVY23;TRINIDAD AND TOBAGO;EGP;10118.457452035671
94;GVY23;PAPUA NEW GUINEA;BYR;23246088.65054424
95;GVY23;JORDAN;SDG;6320.269527680306
96;GVY23;MOROCCO;CLP;1914747.5179419564
97;GVY23;TUNISIA;SGD;419.9973756721483
98;GVY23;RUSSIAN FEDERATION;KES;83135.2213556265
99;GVY23;MALAYSIA;BSD;1941.2120069203984
100;GVY23;EURO;LKR;445823.52024583565
101;GVY23;GAMBIA;NOK;8997.657958486792
102;GVY23;QATAR;KWD;226.28032842888445
103;GVY23;HAITI;VES;23893.093970977006
104;GVY23;JORDAN;CHF;1937.3554033952441
105;HXY23;PERU;MWK;66120.02873105698
106;HXY23;COSTA RICA;SCR;736.1235828699347
107;HXY23;MACAU;DZD;7859.974799337604
108;HXY23;UKRAINE;HRK;699.1222221036878
109;HXY23;LEBANON;THB;1259.2429900983198
110;HXY23;SINGAPORE;BGN;58.0685632565841
111;HXY23;PAPUA NEW GUINEA;CAD;77.90587472962811
112;HXY23;MALAYSIA;EUR;23.60237445373155
113;HHHKN;AUSTRALIA;SZL;52980.330069393705
114;HHHKN;UGANDA;NAD;253909.88062302792
115;HHHKN;MACAU;TRY;393098.07871091686
116;HHHKN;SERBIA;NGN;9752159.312160509
117;HHHKN;JAMAICA;BMD;13505.195064618441
118;HHHKN;QATAR;ZAR;163117.86270327854
119;HHHKN;BAHAMAS;BYR;355389752.62386537
120;HHHKN;JORDAN;BSD;30446.923333473125
121;HHHKN;INDONESIA;TZS;65285800.4625524
122;HHHKN;TAIWAN, PROVINCE OF CHINA;BBD;15445.378017563628
123;DWYcc;ETHIOPIA;FJD;128853.28290272987
124;DWYcc;JORDAN;CVE;2279048.0404047887
125;DWYcc;PHILIPPINES;SRD;1114642.1199998555
126;DWYcc;DJIBOUTI;AWG;69784.30766621225
127;DWYcc;PAKISTAN;ETB;2200184.5259166695
128;DWYcc;URUGUAY;XAF;33638246.69266774
129;DWYcc;SUDAN;TND;180240.1232728163
130;DWYcc;MYANMAR;TND;132383.1991905296
131;DWYcc;BELARUS;KZT;2843768.3509952226
132;DWYcc;TUNISIA;KHR;15715073.777711898
133;DWYcc;SWEDEN;TND;75502.2492380126
134;DWYcc;PANAMA;VES;1162003.3736790156
135;DWYcc;BOLIVIA;YER;11428904.012756541
136;DWYcc;SIERRA LEONE;CYP;6126.100497169439
137;DWYcc;EGYPT;THB;848211.4279205686
138;DWYcc;MALAWI;SAR;170639.30577039073
139;FLVVZ;LEBANON;COP;22806146.180115905
140;FLVVZ;CHILE;BHD;112.81913569709823
141;FLVVZ;TOGO;MRO;906987.7458593295
142;FLVVZ;GAMBIA;BZD;5308.369657691201
143;FLVVZ;OMAN;AZN;1340.3758870496254
144;FLVVZ;FIJI;SCR;32166.75467442721
145;FLVVZ;CROATIA;KHR;3294174.3408588315
146;BNVZb;DOMINICA;BBD;890.580707388042
147;BNVZb;TONGA;AOA;295985.8266813488
148;BNVZb;BOLIVIA;CYP;759.3542087072102
149;BNVZb;MEXICO;PLN;3034.984692762894
150;BNVZb;PERU;ISK;191516.95530169277
151;BNVZb;NAMIBIA;CAD;1622.4480935422023
152;BNVZb;ETHIOPIA;XPF;152367.2370481241
153;BNVZb;CAMBODIA;KHR;3415981.511786921
154;BNVZb;DOMINICA;PES;119254.5360615807
155;BNVZb;PAKISTAN;YER;132614.08156509764
156;BNVZb;FIJI;DZD;21734.64937248746
157;BNVZb;RUSSIAN FEDERATION;PEN;5456.690541429168
158;BNVZb;EL SALVADOR;PLN;3812.0621397852187
159;BNVZb;BANGLADESH;PGK;4998.383238586479
160;BNVZb;HONG KONG;TOP;2280.9875733872905
161;BNVZb;TANZANIA, UNITED REPUBLIC OF;CAD;378.23181485761125
162;BNVZb;TAIWAN, PROVINCE OF CHINA;HRK;8405.205259582764
163;BNVZb;UNITED KINGDOM;XAF;760722.992607596
164;BNVZb;IRAQ;TOP;1019.6741547762997
165;DDFJb;JAMAICA;UYU;27876.734657345718
166;DDFJb;CROATIA;PGK;88.542726686648
167;DDFJb;AZERBAIJAN;ALL;69228.98935410901
168;DDFJb;ICELAND;KZT;178649.88264416961
169;DDFJb;HUNGARY;RWF;649318.5585813704
170;DDFJb;HONDURAS;NOK;6100.89441187878
171;DDFJb;AZERBAIJAN;EGP;5488.88618069173
172;DDFJb;MACAU;LAK;9177775.30332977
173;DDFJb;HAITI;STD;2153343.503123871
174;DDFJb;THAILAND;AWG;309.61930493508174
175;DDFJb;SRI LANKA;NPR;44264.61402574062
176;HIJ33;KENYA;HRK;3387.811400093161
177;HIJ33;JORDAN;LVL;429.15979277028737
178;HIJ33;TRINIDAD AND TOBAGO;QAR;606.5150664210993
179;HIJ33;DJIBOUTI;MOP;5605.742814456715
180;HIJ33;SEYCHELLES;ZAR;10220.035878843482
181;HIJ33;CENTRAL AFRICAN REPUBLIC;TND;493.1677780813391
182;HIJ33;KAZAKHSTAN;XAF;38295.860303502515
183;HIJ33;BHUTAN;QAR;1599.6332794847867
184;HIJ33;CENTRAL AFRICAN REPUBLIC;AUD;1355.1941425870912
185;HIJ33;COLOMBIA;GYD;37601.261660532684
186;HIJ33;THAILAND;MVR;13100.974868587202
187;HIJ33;NIGERIA;XOF;240123.81414730512
188;AHVa2;DOMINICA;BIF;16315406.80994685
189;AHVa2;ZAMBIA;SCR;57895.48983891795
190;AHVa2;DOMINICAN REPUBLIC;MWK;10933130.68286974
191;AHVa2;SWAZILAND;VND;383383725.88237953
192;AHVa2;TAIWAN, PROVINCE OF CHINA;PHP;1406741.622263379
193;AHVa2;DOMINICAN REPUBLIC;MUR;460114.38981587463
194;AHVa2;ALGERIA;KRW;13558428.2277849
195;AHVa2;COLOMBIA;TND;62599.84154368701
196;AHVa2;CHINA;SYP;1082536.5486399094
197;AHVa2;NAMIBIA;NZD;9719.838715443577
198;AHVa2;BULGARIA;INR;392519.22447367426
199;AHVa2;TRINIDAD AND TOBAGO;FJD;55244.626569270484
200;AHVa2;BURUNDI;MOP;92337.6135518368
201;AHVa2;CAMBODIA;DZD;3334830.785904291
202;AHVa2;MAURITIUS;KHR;50447513.1443554
203;AHVa2;MAURITANIA;DJF;877135.934610892
204;AHVa2;ZAMBIA;MMK;4313842.168172323
205;AHVa2;INDONESIA;HKD;31777.741525201374
206;AHVa2;CAMBODIA;BBD;49600.73761708394
207;AHVa2;UKRAINE;MMK;30815483.865472473
208;KV112;NICARAGUA;BDT;195873.40365981322
209;KV112;BHUTAN;CVE;145826.74046704054
210;KV112;SURINAME;MZN;90391.03698296948
211;KV112;TUNISIA;JOD;713.4857486744781
212;KV112;RWANDA;MMK;5212413.12796665
213;KV112;ZAMBIA;ARS;587652.4062465456
214;AAALb;CAPE VERDE;SGD;56929.18646603407
215;AAALb;UNITED ARAB EMIRATES;LKR;13747728.374977857
216;AAALb;DENMARK;MVR;300619.4852175852
217;AAALb;SYRIAN ARAB REPUBLIC;SBD;37779.90326125133
218;AAALb;BOLIVIA;PAB;24755.00086219511
219;AAALb;CAMBODIA;THB;1206095.675538088
220;AAALb;TOGO;NOK;176501.24394046588
221;AAALb;IRAQ;ALL;4796584.585793993
222;AAALb;UKRAINE;NGN;13177887.427483588
223;AAALb;BARBADOS;CAD;44287.33468915496
224;ABBGL;PERU;AZN;13969.687132118972
225;ABBGL;ALGERIA;CYP;3835.76826664259
226;ABBGL;CZECH REPUBLIC;VND;241916641.78573853
227;ABBGL;NAMIBIA;CZK;190240.93011908545
228;ABBGL;SOMALIA;ZWL;1554525.9567400757
229;ABBGL;BULGARIA;SBD;53054.73201748927
230;ABBGL;HONG KONG;PHP;294724.78036383097
231;ABBGL;SWAZILAND;EUR;6626.118595366494
232;ABBGL;NAMIBIA;BSD;278.2550119236547
233;ABBGL;SURINAME;PEN;20731.52726200416
234;ABBGL;ISRAEL;TTD;31898.445614568704
235;ABBGL;SOLOMON ISLANDS;ZWL;4812952.036612472
236;ABBGL;CAMBODIA;VND;157708997.17168203
237;ABBGL;SAO TOME AND PRINCIPE;MAD;69053.9108174754
238;ABBGL;MYANMAR;LRD;664687.6858275278
239;ABBGL;SEYCHELLES;HTG;183928.4612386917
240;ABBGL;ISRAEL;IQD;7724763.440148834
241;ABBGL;KUWAIT;BHD;1671.2959229565977
242;ABBGL;BELIZE;ILS;32377.52404922321
243;LNNZb;UNITED ARAB EMIRATES;XPF;792748.3991935374
244;LNNZb;PARAGUAY;MYR;32261.149706931246
245;LNNZb;EL SALVADOR;FJD;9991.05206630542
246;LNNZb;JORDAN;KWD;1609.8978459090195
247;LNNZb;UNITED ARAB EMIRATES;SYP;4220668.85633109
248;LNNZb;TURKEY;OMR;2603.487622706753
249;LNNZb;RWANDA;YER;857428.0524244758
250;LNNZb;TONGA;HRK;52976.417408682464
251;LNNZb;GHANA;CAD;592.4813578645626
252;LNNZb;BRUNEI DARUSSALAM;SOS;2031932.597470176
253;LNNZb;INDIA;GMD;-2797.7619695413036
254;LNNZb;NAMIBIA;JPY;440779.20270007284
255;EL133;TURKEY;JPY;2251923.1499495064
256;EL133;BHUTAN;TND;51342.5479437529
257;EL133;NORWAY;BIF;13922446.000558851
258;EL133;OMAN;NAD;102692.38189118571
259;EL133;BULGARIA;LVL;10554.541141767979
260;EL133;UNITED KINGDOM;GYD;3498368.423427711
261;EL133;DJIBOUTI;TND;1446.1864912882845
262;EL133;NEW ZEALAND;MMK;18372317.142716277
263;EL133;CANADA;SLL;94144151.22974859
264;EL133;UNITED KINGDOM;DOP;246737.00955163228
265;EL133;MAURITIUS;YER;1732747.1474308916
266;EFWZ1;CENTRAL AFRICAN REPUBLIC;SOS;3009869.347669623
267;EFWZ1;BRUNEI DARUSSALAM;DZD;1658092.5861004665
268;ELYa2;BELARUS;COP;23505908.73084259
269;ELYa2;SAUDI ARABIA;TND;11383.536939883163
270;ELYa2;CZECH REPUBLIC;ILS;10362.93178372144
271;ELYa2;TRINIDAD AND TOBAGO;PYG;851390.0643900629
272;ELYa2;EL SALVADOR;SDG;119021.74995550583
273;ELYa2;SOUTH AFRICA;ILS;8158.797069425524
274;ELYa2;ETHIOPIA;IRR;-1714158.6750757264
275;ELYa2;EL SALVADOR;BDT;260794.58704526268
276;ELYa2;GHANA;YER;169890.5573222884
277;ELYa2;FIJI;DOP;42277.83339443816
278;ELYa2;KOREA, REPUBLIC OF;MXN;68889.48950718471
279;ELYa2;BHUTAN;PKR;218066.33174589553
280;ELYa2;KOREA, REPUBLIC OF;LRD;27447.275055676106
281;ELYa2;MAURITIUS;NZD;3186.299502623688
282;ELYa2;NEPAL;OMR;339.62813350015114
283;ELYa2;TRINIDAD AND TOBAGO;TTD;32910.303402683894
284;ELYa2;SAO TOME AND PRINCIPE;THB;10059.646526299599
285;DEYYa;RWANDA;NAD;36013.547327534114
286;DEYYa;CAPE VERDE;SZL;85578.8591309107
287;DEYYa;SURINAME;SZL;283039.8052926941
288;DEYYa;MALDIVES;MYR;2424.959569030393
289;DEYYa;MADAGASCAR;AUD;8118.402900093057
290;DEYYa;BRAZIL;HKD;186029.86852481106
291;DEYYa;VENEZUELA;SLL;210946505.82963687
292;DEYYa;NEW ZEALAND;KES;622339.2545110417
293;DEYYa;PARAGUAY;SCR;228021.45321988195
294;DEYYa;RWANDA;ILS;39297.930661799626
295;DEYYa;IRAN (ISLAMIC REPUBLIC OF);TWD;177233.73780976748
296;DEYYa;CHINA;BOB;62815.10327612368
297;DEYYa;ANGOLA;PGK;62126.65249642547
298;DEYYa;SURINAME;RON;68620.16990014576
299;DEYYa;GUYANA;TND;33054.24062659038
300;DEYYa;BELARUS;BIF;63188359.475963056
301;DEYYa;GUATEMALA;TZS;44916230.9106662
302;DEYYa;EL SALVADOR;UGX;64721161.25329148
303;DEYYa;MALDIVES;RWF;10748142.89694476
304;DEYYa;BELIZE;AOA;7614054.06677169
305;HJKXc;VENEZUELA;ZAR;4740.821192168528
306;HJKXc;UNITED ARAB EMIRATES;MMK;5706066.140422416
307;HJKXc;KAZAKHSTAN;XCD;7202.693935682482
308;HJKXc;NAMIBIA;UAH;109356.37143142575
309;HJKXc;SRI LANKA;HTG;179386.43366757868
310;HJKXc;JAMAICA;EUR;2815.116286501803
311;HJKXc;BELIZE;MMK;2190342.939624222
312;HJKXc;BAHAMAS;MUR;104170.0996851235
313;HJKXc;NAMIBIA;STD;56599380.40995959
314;HJKXc;MAURITIUS;GTQ;8429.27942510021
315;HJKXc;COLOMBIA;WST;9116.293144151281
316;HJKXc;GUYANA;ZWL;1244174.0505360677
317;HJKXc;VANUATU;SVC;13652.794467716769
318;HJKXc;CENTRAL AFRICAN REPUBLIC;NPR;58863.5621347121
319;HJKXc;SINGAPORE;CLP;863211.8325859201
320;HJKXc;SERBIA;YER;415880.2165200243
321;HJKXc;CROATIA;SEK;19830.20458301428
322;HJKXc;AUSTRALIA;BND;1225.2248579856482
323;DVWb2;ALGERIA;DJF;464457.90050530614
324;DVWb2;TANZANIA, UNITED REPUBLIC OF;IQD;1187104.9940759249
325;DVWb2;ALGERIA;BTN;124450.2045416389
326;DVWb2;MOROCCO;XOF;271196.8516654313
327;DVWb2;AZERBAIJAN;CHF;1018.6598660703945
328;DVWb2;NETHERLANDS ANTILLES;PYG;38857.82130133534
329;DVWb2;DENMARK;MAD;1517.5866775856346
330;DVWb2;INDONESIA;BIF;5287487.861581653
331;DVWb2;CROATIA;MVR;23152.972684526
332;DVWb2;BULGARIA;SGD;981.5614119808099
333;DVWb2;INDONESIA;BTN;171934.58150110196
334;DVWb2;ANGOLA;CLP;1782572.0881068853
335;DVWb2;ANGOLA;INR;30167.06575347351
336;DVWb2;NETHERLANDS ANTILLES;AED;4601.267579231465
337;DVWb2;LIBERIA;JOD;390.91538103752265
338;DVWb2;TUNISIA;HRK;714.4542632664896
339;BDc22;BRAZIL;CHF;123.15321659974236
340;BDc22;THAILAND;OMR;37.45587917444819
341;BDc22;BOLIVIA;FJD;1189.1238503212942
342;BDc22;BAHAMAS;RON;961.7050998318412
343;BDc22;LATVIA;SDG;218482.1508894062
344;BDc22;VENEZUELA;SZL;3088.208960627179
345;BDc22;EURO;ZWL;302292.110402673
346;BDc22;SRI LANKA;CNY;4206.683744446775
347;BDc22;NEW ZEALAND;SLL;36400.27815800772
348;BDc22;MACAU;EGP;6194.48733442338
349;BDc22;AUSTRALIA;AZN;499.3225594082912
350;BDc22;BRUNEI DARUSSALAM;XPF;49851.66424578935
351;BDc22;NEPAL;INR;23057.187908865508
352;BDc22;GUATEMALA;MMK;317917.2469020644
353;BDc22;DJIBOUTI;PAB;106.7061735283566
354;BDc22;ETHIOPIA;VUV;44869.44494307922
355;BDc22;NEPAL;ARS;116634.75808941366
356;BDc22;MACAU;XAF;96847.23768852156
357;EENYY;CROATIA;CRC;629122.6481961088
358;EENYY;CAYMAN ISLANDS;KWD;231.37439135086962
359;EENYY;TURKEY;MZN;1476.2428284256466
360;EENYY;INDONESIA;GYD;419691.96986275486
361;EENYY;NEW ZEALAND;PEN;6798.490467123407
362;EENYY;BAHRAIN;RUB;1106.322995429072
363;EENYY;LATVIA;LYD;6746.319403072965
364;EENYY;ETHIOPIA;SAR;2844.4879275181706
365;EENYY;IRAQ;SAR;5207.759942026002
366;EENYY;BURUNDI;DKK;10422.943907919975
367;ACGKZ;EGYPT;SDG;1173157.045729576
368;ACGKZ;BURUNDI;TZS;6110959.135654566
369;ACGKZ;TUNISIA;AOA;588673.6247674491
370;ACGKZ;POLAND;EUR;4152.6042884964045
371;EEGKW;NICARAGUA;SCR;264227.3612666574
372;EEGKW;BANGLADESH;GBP;6929.475851372982
373;EEGKW;SERBIA;RSD;2138584.228838266
374;EEGKW;LAO PEOPLE'S DEMOCRATIC REP;EUR;11448.121400791497
375;EEGKW;SRI LANKA;COP;8115620.3080953425
376;EEGKW;SOMALIA;CRC;5857945.678473839
377;EEGKW;BRUNEI DARUSSALAM;NAD;47345.772653252716
378;AFFHV;BELARUS;BSD;6089.858534686828
379;AFFHV;UGANDA;CLP;16108976.305368088
380;AFFHV;NAMIBIA;SLL;425593140.5599205
381;AFFHV;SIERRA LEONE;BOB;100061.29193022544
382;AFFHV;GUATEMALA;ILS;53572.80371259327
383;AFFHV;SIERRA LEONE;AUD;1321.439998378334
384;AFFHV;CAPE VERDE;GTQ;98381.52908077762
385;AFFHV;BHUTAN;PLN;99757.30128498324
386;AFFHV;BOTSWANA;SDG;11931003.045375653
387;AFFHV;BOTSWANA;BOB;180337.1646752552
388;AFFHV;EURO;BRL;37301.29424789373
389;AFFHV;GHANA;MRO;598611.4433032027
390;AFFHV;TRINIDAD AND TOBAGO;BBD;37323.17491168843
391;AFFHV;EGYPT;MZN;1574734.0822909167
392;AFFHV;CYPRUS;GBP;13880.855873829461
393;AFFHV;JAMAICA;BSD;26693.27214006442
394;AFFHV;RWANDA;BHD;10210.943309879653
395;AFFHV;MEXICO;XOF;14233364.60290787
396;GLb12;BOTSWANA;BIF;9072704.175567258
397;GLb12;ARGENTINA;RUB;321515.3336426996
398;GLb12;TURKEY;MAD;81041.49657389605
399;GLb12;BRAZIL;MXN;105821.19420759402
400;ACGJ2;VENEZUELA;MAD;45118.59675557429
401;ACGJ2;BOTSWANA;ZMW;17439.825339858995
402;ACGJ2;BARBADOS;RWF;1694885.529944334
403;ACGJ2;MALDIVES;GHS;58427.34825277375
404;ACGJ2;SEYCHELLES;SOS;2193297.295353116
405;ACGJ2;URUGUAY;PHP;37950.70101522924
406;ACGJ2;LAO PEOPLE'S DEMOCRATIC REP;PES;477518.0572182897
407;ACGJ2;LIBYAN ARAB JAMAHIRIYA;MMK;8099756.313117081
408;ACGJ2;PERU;TWD;90853.6900308388
409;ACGJ2;BHUTAN;ARS;245124.05037718892
410;ACGJ2;LIBERIA;CYP;3099.3006221898045
411;ACGJ2;HAITI;ZWL;2379138.580867003
412;ACGJ2;IRAN (ISLAMIC REPUBLIC OF);OMR;1311.5266444836618
413;AAAGG;LEBANON;NAD;77212.72924941222
414;AAAGG;SWAZILAND;RUB;325729.8814604313
415;AAAGG;IRAQ;XPF;565852.0208228388
416;AAAGG;ARUBA;GMD;424787.3425431549
417;AAAGG;GUYANA;KZT;-19204.51756138577
418;AAAGG;MYANMAR;SVC;17014.6705921509
419;AAAGG;DENMARK;PLN;24318.176371730264
420;AAAGG;HUNGARY;CRC;3987973.193435959
421;AAAGG;UGANDA;DZD;711310.2095206894
422;AAAGG;CAMBODIA;CYP;2715.8997058428295
423;AAAGG;SERBIA;RON;13112.235357785921
424;AAAGG;GUYANA;PAB;6533.798989679437
425;AAAGG;SRI LANKA;PAB;5607.7976744014695
426;AAAGG;THAILAND;ZWL;4188165.9745793287
427;AAAGG;MEXICO;KHR;10647524.600949401
428;AAAGG;SURINAME;IRR;155826124.94917718
429;JXXX2;HAITI;CVE;368875.8079610291
430;JXXX2;LIBERIA;STD;40216399.196433775
431;JXXX2;LIBYAN ARAB JAMAHIRIYA;PYG;27928407.144022286
432;JXXX2;UNITED ARAB EMIRATES;TZS;3421090.3915103027
433;JXXX2;LAO PEOPLE'S DEMOCRATIC REP;XAF;2382132.0712312823
434;JXXX2;EGYPT;MYR;2464.988440582082
435;JXXX2;LAO PEOPLE'S DEMOCRATIC REP;AOA;175396.95402339555
436;JXXX2;LIBYAN ARAB JAMAHIRIYA;YER;541132.9449098384
437;JXXX2;CAMBODIA;PES;633999.0481836288
438;JXXX2;BANGLADESH;GHS;28805.276160867536
439;JXXX2;NEW ZEALAND;RON;1571.0508175628147
440;JXXX2;BURUNDI;XCD;4782.826678361481
441;JXXX2;HONDURAS;AUD;44.25489005554389
442;IV223;UGANDA;SAR;29410.806696081552
443;IV223;VANUATU;GMD;463855.81368383125
444;IV223;PAKISTAN;MRO;52800.878124879244
445;IV223;BAHRAIN;MZN;45148.470004655086
446;IV223;LAO PEOPLE'S DEMOCRATIC REP;ISK;843410.7599876169
447;IV223;TURKEY;CRC;4648024.390379841
448;IV223;ALGERIA;CNY;30544.075265883843
449;IV223;ARUBA;EUR;5417.671596781951
450;IV223;MALAYSIA;PKR;156810.56546283208
451;IV223;JORDAN;CNY;6548.766458806989
452;IV223;BOTSWANA;BGN;14858.143610989922
453;IV223;YEMEN;PKR;1185396.4606680232
454;HHKb2;MOROCCO;UAH;123647.37515280853
455;HHKb2;UNITED KINGDOM;MXN;26814.283298293863
456;HHKb2;FRENCH POLYNESIA;UGX;-166686.58017533013
457;HHKb2;ALGERIA;CYP;2030.2326277045254
458;HHKb2;SEYCHELLES;INR;307178.405294114
459;HHKb2;VIET NAM;KRW;1342625.1059948215
460;HHKb2;BOTSWANA;VES;24594.725170681744
461;HHKb2;LAO PEOPLE'S DEMOCRATIC REP;RUB;209965.3806293633
462;HHKb2;SWEDEN;BHD;1018.9412935356786
463;HHKb2;NEW ZEALAND;INR;209430.7208562399
464;HHKb2;VIET NAM;SAR;17698.47160299091
465;HHKb2;ALBANIA;ILS;15410.837288607163
466;HHKb2;OMAN;ILS;4288.809010661643
467;HHKb2;AUSTRALIA;SOS;5842.486344496757
468;HHKb2;CROATIA;KRW;5780249.715586593
469;HHKb2;TANZANIA, UNITED REPUBLIC OF;ANG;5963.064345280668
470;HHKb2;HAITI;ARS;733537.1396618718
471;HHKb2;UNITED KINGDOM;SDG;2021582.0469079604
472;HHKb2;CHINA;KYD;1067.9708002611344
473;HHKb2;UGANDA;ZWL;219450.0641772916
474;BGHHJ;NETHERLANDS ANTILLES;CYP;17634.90580716079
475;BGHHJ;FRENCH POLYNESIA;RWF;37273157.25866534
476;BGHHJ;GUATEMALA;TND;22163.771761414424
477;BGHHJ;NORWAY;MGA;50886527.76257656
478;BGHHJ;PARAGUAY;EUR;6397.266634163824
479;BGHHJ;THAILAND;BTN;2574423.2537819576
480;BGHHJ;LIBYAN ARAB JAMAHIRIYA;SEK;162453.29566279272
481;BGHHJ;SINGAPORE;CAD;8789.261745928414
482;BGHHJ;DOMINICA;MMK;26401744.937643606
483;BGHHJ;ALGERIA;SGD;23387.51069495893
484;BGHHJ;KUWAIT;DKK;108846.64776908136
485;BGHHJ;SWITZERLAND;HTG;203483.6520330173
486;BGHHJ;ANGOLA;SVC;306546.3872369697
487;BGHHJ;IRAQ;KZT;4766349.115600447
488;BGHHJ;MALAWI;RWF;14760492.908156244
489;BGHHJ;UNITED KINGDOM;IRR;248283158.1648437
490;BGHHJ;PAPUA NEW GUINEA;UYU;750401.8362826705
491;BGHHJ;LATVIA;AUD;21498.089577524588
492;BGHHJ;CAPE VERDE;ETB;2175397.57328207
493;EGab2;SAO TOME AND PRINCIPE;MVR;5225.7058216679825
494;EGab2;SOLOMON ISLANDS;AOA;101011.5880277506
495;EGab2;ALBANIA;ZWL;189489.85018240058
496;EGab2;GUINEA;PES;19970.228931298836
497;BXWZ2;PERU;ZAR;3757.8921196978463
498;BXWZ2;ICELAND;CYP;10.024625141621538
499;BXWZ2;LEBANON;GNF;747078.3897861056
500;BXWZ2;UNITED ARAB EMIRATES;SLL;381390.8105810897
501;BXWZ2;QATAR;ZMW;827.8335910157396
502;DJKWY;SERBIA;PKR;54060.60596716636
503;DJKWY;INDIA;CYP;1713.4706457969241
504;DJKWY;KUWAIT;BZD;11087.829020962408
505;DJKWY;COLOMBIA;MAD;5950.371331675248
506;DJKWY;SAO TOME AND PRINCIPE;EUR;3898.833241327628
507;DJKWY;TANZANIA, UNITED REPUBLIC OF;MAD;24044.649539774262
508;DJKWY;LIBERIA;TWD;183027.6288025907
509;DJKWY;SWITZERLAND;DKK;37181.15227220771
510;DJKWY;URUGUAY;ILS;5357.596420378423
511;DJKWY;ICELAND;CNY;24915.32889585865
512;DJKWY;CHINA;SRD;186343.78797662212
513;DJKWY;ARGENTINA;BWP;26702.743150969054
514;CFFJL;UNITED ARAB EMIRATES;ANG;462.73751735606675
515;CFFJL;OMAN;SLL;575637.9406114932
516;CFFJL;TAIWAN, PROVINCE OF CHINA;BND;531.5650808620945
517;CFFJL;ZIMBABWE;XCD;1247.57664591894
518;CFFJL;SEYCHELLES;KHR;365247.5585728632
519;CFFJL;BELIZE;PLN;376.46193608783886
520;CFFJL;TRINIDAD AND TOBAGO;NOK;376.24271810727777
521;CFFJL;HAITI;JOD;148.48330422334251
522;CFFJL;MALAYSIA;MRO;37494.041749357544
523;CFFJL;TURKEY;NIO;5093.878838461622
524;CFFJL;LIBERIA;ZWL;292671.3781306844
525;CFFJL;MAURITIUS;ANG;93.67326286347394
526;CFFJL;PHILIPPINES;BIF;495946.30288736004
527;CFFJL;BELARUS;SYP;68760.82984698201
528;CFFJL;BERMUDA;ZWL;267093.52546873933
529;CFFJL;MADAGASCAR;RON;1683.3023270683425
530;MMXXa;BULGARIA;MZN;459476.3851402788
531;MMXXa;TUNISIA;GNF;6534407.112003929
532;MMXXa;GUYANA;MYR;107647.30091267836
533;MMXXa;KUWAIT;HRK;247409.6775114977
534;MMXXa;GUYANA;MGA;25585843.627843633
535;MMXXa;BANGLADESH;UYU;775657.4769172218
536;MMXXa;GUYANA;NIO;41884.39033857541
537;MMXXa;NETHERLANDS ANTILLES;RUB;155481.22858762645
538;MMXXa;NICARAGUA;PEN;-1352.2138717403132
539;MMXXa;CAMBODIA;MMK;63916933.73861691
540;MMXXa;BRAZIL;TOP;39736.92301722228
541;MMXXa;LAO PEOPLE'S DEMOCRATIC REP;DKK;98968.51118988986
542;MMXXa;NEW ZEALAND;IQD;7937119.8033513725
543;MMXXa;ROMANIA;BRL;18791.841493116
544;MMXXa;GUINEA;MRO;10732450.221846411
545;MMXXa;CYPRUS;AOA;11278610.238628013
546;EEHJK;BURUNDI;CAD;25122.35526004316
547;EEHJK;SINGAPORE;NOK;93805.03155682729
548;EEHJK;JAPAN;KHR;10300582.392394843
549;EEHJK;LATVIA;LVL;2733.986896332601
550;EEHJK;SWITZERLAND;KWD;4009.74528738111
551;EEHJK;CHILE;GMD;330693.2886491594
552;EEHJK;NEW ZEALAND;RWF;34502123.187327616
553;EEHJK;SYRIAN ARAB REPUBLIC;HRK;222363.00570774582
554;EEHJK;BULGARIA;INR;2220691.2024216447
555;EEHJK;DENMARK;BMD;27833.710799151184
556;EEHJK;SAO TOME AND PRINCIPE;GYD;6036431.998645388
557;EEHJK;SWEDEN;SDG;18835579.88610011
558;EEHJK;SAMOA;KYD;677.9085636310431
559;EEHJK;SWAZILAND;GBP;903.7167585025408
560;EEHJK;YEMEN;TND;53704.20771764944
561;EEHJK;PAKISTAN;PHP;1900256.7302019545
562;EEHJK;PERU;LBP;5304486.192229876
563;EEHJK;OMAN;CZK;292777.8993079946
564;EEHJK;EURO;RON;114162.57290079874
565;ENNbb;EGYPT;BMD;13786.687921915624
566;ENNbb;HAITI;CLP;1987176.5747105442
567;ENNbb;ISRAEL;VUV;1444679.5624103877
568;ENNbb;LIBERIA;LRD;509203.56527739804
569;FFMNV;DOMINICA;DJF;11039.455094062483
570;FFMNV;SUDAN;MYR;7764.1993026815035
571;FFMNV;CANADA;SLL;20731287.05129606
572;FFMNV;PERU;ILS;6166.144630345224
573;FFMNV;BRAZIL;GBP;640.3059031072276
574;FFMNV;NAMIBIA;BOB;1807.870535975507
575;FFMNV;DOMINICA;CLP;2749334.1551033156
576;FFMNV;ETHIOPIA;ANG;1714.4994649682876
577;CCLNa;PAKISTAN;SAR;11485.123530564932
578;CCLNa;SWITZERLAND;CYP;-17.178081877326647
579;CCLNa;SOUTH AFRICA;NOK;71559.2216535665
580;CCLNa;DOMINICAN REPUBLIC;PES;1315900.7273392288
581;CCLNa;SRI LANKA;JMD;828530.3361034517
582;CCLNa;FIJI;HRK;29924.464523531493
583;CCLNa;UNITED KINGDOM;SOS;2580956.3563067685
584;CCLNa;FIJI;IDR;14461058.262080276
585;CCLNa;RUSSIAN FEDERATION;CZK;122910.37924607671
586;CCLNa;ICELAND;ZMW;37106.894600713924
587;LVVac;JORDAN;KYD;10601.540013646965
588;LVVac;PERU;BGN;22331.523539626905
589;LVVac;PAPUA NEW GUINEA;FJD;54407.05671765389
590;LVVac;EGYPT;MYR;66528.91957548991
591;LVVac;CANADA;CHF;4697.540197983154
592;LVVac;HUNGARY;SAR;5179.371420308328
593;LVVac;IRAQ;CZK;374955.89589162864
594;LVVac;ANGOLA;CRC;4292317.879668316
595;LVVac;NETHERLANDS ANTILLES;SAR;55668.57976193335
596;LVVac;CANADA;CHF;19968.24275134287
597;LVVac;UKRAINE;AOA;9570359.858932216
598;LVVac;IRAQ;PKR;752066.2494448253
599;LVVac;SOMALIA;EUR;11712.09337605506
600;LVVac;KENYA;XOF;14963415.618662981
601;LVVac;CANADA;SBD;182747.87544262398
602;LVVac;TURKEY;VES;468843.4707593685
603;LVVac;UNITED KINGDOM;BBD;22936.14084646994
604;LVVac;AZERBAIJAN;VES;529598.5247646245
605;LVVac;MEXICO;ILS;357.0735455199574
606;HLNZ3;GUATEMALA;MWK;1435174.9930194295
607;HLNZ3;MAURITIUS;NZD;808.733204636535
608;HLNZ3;HUNGARY;HKD;5877.6968397613555
609;FIIa2;AZERBAIJAN;MXN;17549.41934731987
610;FIIa2;ROMANIA;SOS;812800.7415048932
611;FIIa2;JAPAN;RSD;380144.63444958953
612;FIIa2;MAURITANIA;JPY;95206.95425140928
613;FIIa2;HAITI;DOP;24931.393408188076
614;FIIa2;TOGO;GMD;222510.7786112737
615;FIIa2;BAHRAIN;DOP;155638.37858284876
616;FIIa2;ZIMBABWE;SYP;1577524.823311939
617;FIIa2;TURKEY;LVL;1093.7171912819624
618;FIIa2;HAITI;RUB;7397.583042798638
619;FIIa2;DOMINICAN REPUBLIC;PHP;66874.12098000295
620;FIIa2;SERBIA;NIO;100653.89778507914
621;CDJbb;OMAN;IQD;8670603.716705253
622;CDJbb;SRI LANKA;JOD;2718.584489009608
623;CDJbb;NICARAGUA;DZD;279542.0631905599
624;CDJbb;SWITZERLAND;CRC;900298.7065806211
625;CDJbb;HONDURAS;ALL;914684.4826985197
626;CDJbb;HONDURAS;KZT;2895902.688292383
627;CDJbb;KUWAIT;DOP;371394.3098848626
628;CDJbb;ANGOLA;LKR;662675.3209221432
629;CDJbb;YEMEN;GYD;344210.39505154407
630;CDJbb;SAO TOME AND PRINCIPE;SBD;32241.780183719176
631;CDJbb;GUYANA;LBP;7858359.318756882
632;CDJbb;PARAGUAY;SEK;64990.043336351955
633;CDJbb;SWAZILAND;BMD;1741.6040468799224
634;CDJbb;VENEZUELA;XOF;4533800.338811451
635;AAHMN;MALAWI;MXN;197488.57571873118
636;AAHMN;BAHRAIN;PGK;13383.388361236608
637;AAHMN;ALGERIA;SRD;200805.1833367616
638;AAHMN;POLAND;JMD;342137.30652886536
639;NVVXX;CROATIA;BZD;4186.386697375251
640;NVVXX;BRAZIL;BRL;4064.4831288235073
641;NVVXX;ANGOLA;RON;3864.559408587722
642;NVVXX;TRINIDAD AND TOBAGO;HUF;1293896.9228772465
643;NVVXX;DJIBOUTI;PHP;242377.31700987366
644;FJXc3;CZECH REPUBLIC;MAD;12473.779067771795
645;FJXc3;UKRAINE;THB;36156.050386279436
646;FJXc3;MYANMAR;TZS;1185225.3729451108
647;BCHMW;KAZAKHSTAN;LRD;109128.24736022382
648;BCHMW;DENMARK;MMK;1032491.0821517804
649;BCHMW;LIBYAN ARAB JAMAHIRIYA;AWG;1729.5336720294035
650;BCHMW;MACAU;PAB;471.31939082023484
651;BCHMW;VENEZUELA;RUB;28561.05721964671
652;BCHMW;ETHIOPIA;GTQ;5230.925554265491
653;BCHMW;SURINAME;NOK;3724.153282624823
654;BCHMW;COLOMBIA;ARS;102332.17500689173
655;BCHMW;NEW ZEALAND;JOD;227.12276226355863
656;BCHMW;SINGAPORE;CRC;307974.66284187307
657;BCHMW;BERMUDA;MYR;1540.634791385338
658;BCHMW;LAO PEOPLE'S DEMOCRATIC REP;IRR;31462900.373892426
659;BCHMW;ANGOLA;SGD;1240.496109360177
660;BCHMW;NIGERIA;HTG;117360.65803074499
661;BCHMW;ZAMBIA;KZT;187.6456005835426
662;BCHMW;CROATIA;UAH;22998.590157923452
663;BKMVW;MADAGASCAR;CYP;294.2772724003573
664;BKMVW;POLAND;XOF;329917.4172548438
665;BKMVW;IRAQ;AED;1729.4752028979
666;BKMVW;MALAYSIA;COP;3150515.302553449
667;BKMVW;TRINIDAD AND TOBAGO;XCD;1467.6879974370759
668;BKMVW;EGYPT;ETB;19180.79521657058
669;BKMVW;LEBANON;DKK;83.83160601324096
670;BKMVW;TURKEY;LVL;220.61436001973084
671;BKMVW;PAKISTAN;SYP;137631.42612963083
672;BKMVW;RUSSIAN FEDERATION;PES;64765.84846155436
673;BKMVW;KOREA, REPUBLIC OF;TZS;881616.3976679763
674;BKMVW;ARGENTINA;CHF;410.4426874790754
675;BKMVW;PANAMA;ARS;66623.60488120538
676;BKMVW;IRAQ;ZMW;1710.0915914499824
677;BKMVW;ZIMBABWE;BDT;30409.68336000161
678;BKMVW;GUINEA;ISK;75236.48864177572
679;BKMVW;MEXICO;JMD;85745.32420625849
680;BKMVW;GHANA;RWF;284483.05670936516
681;BKMVW;EL SALVADOR;VUV;13881.069815461342
682;BKMVW;MAURITANIA;CNY;2803.1299810214964
683;FIKZb;NICARAGUA;TTD;15296.153967712786
684;FIKZb;MADAGASCAR;PKR;4827.7215506085295
685;FIKZb;NEPAL;EGP;35455.95560418092
686;FIKZb;LATVIA;ZWL;1807944.3845913736
687;FIKZb;ICELAND;PLN;6862.153902673528
688;FIKZb;GUATEMALA;MWK;1287659.215699309
689;FIKZb;CAYMAN ISLANDS;STD;23819089.965301458
690;FIKZb;PAPUA NEW GUINEA;NGN;1187572.2070494012
691;FIKZb;SWAZILAND;GTQ;21959.50758904395
692;FIKZb;DOMINICA;XCD;5325.823564211276
693;BHbb3;YEMEN;BYR;31665978.402750537
694;BHbb3;NIGERIA;HUF;517416.9819538358
695;WWYac;MACAU;AWG;5718.866005894718
696;WWYac;JORDAN;PEN;13817.499088340905
697;WWYac;SOUTH AFRICA;SCR;50768.244798075866
698;WWYac;SAUDI ARABIA;OMR;2331.7959649139743
699;WWYac;AUSTRALIA;SEK;65555.35406351618
700;WWYac;VIET NAM;AOA;1373852.949926909
701;WWYac;BRUNEI DARUSSALAM;TRY;101251.59661384656
702;WWYac;HUNGARY;ZMW;95131.0992927575
703;WWYac;CAPE VERDE;CVE;163013.41711629156
704;WWYac;GAMBIA;IDR;67305105.21578418
705;WWYac;VIET NAM;HKD;27395.092765139143
706;WWYac;UKRAINE;CVE;644866.9811484666
707;WWYac;TOGO;ZWL;1906512.0123910932
708;WWYac;SUDAN;FJD;7663.809951934424
709;WWYac;LATVIA;VUV;360828.48827806325
710;WWYac;BELARUS;LAK;100929516.71480241
711;WWYac;VIET NAM;FJD;1989.1024513202003
712;WWYac;ISRAEL;OMR;94.11717299631701
713;WWYac;ZAMBIA;ZAR;103116.8962006427
714;KKXYc;SEYCHELLES;BYR;114373463.94427434
715;KKXYc;UGANDA;DOP;547182.3055367139
716;KKXYc;BERMUDA;HUF;2749829.475635642
717;KKXYc;JAMAICA;BHD;3910.213052470297
718;KKXYc;SAUDI ARABIA;INR;504858.02189076267
719;KKXYc;LIBYAN ARAB JAMAHIRIYA;NGN;777002.3158555438
720;KKXYc;LEBANON;KES;568390.320786912
721;KKXYc;MAURITANIA;PKR;2238294.207817693
722;KKXYc;BERMUDA;KRW;9475932.339295482
723;KKXYc;SWITZERLAND;JPY;861831.8994244604
724;KKXYc;ARUBA;NOK;37127.85948095435
725;KKXYc;VANUATU;BZD;10738.550484371777
726;CCJab;CAPE VERDE;XAF;11966602.247630583
727;LVZc3;LIBERIA;KZT;856037.9091819794
728;LVZc3;BOTSWANA;HKD;980.3283069011285
729;LVZc3;EURO;HNL;61252.840971533245
730;LVZc3;JAPAN;SDG;506244.28972666844
731;LVZc3;ICELAND;SVC;6820.657466355575
732;LVZc3;BARBADOS;TZS;516170.63891354663
733;LVZc3;NICARAGUA;GYD;180715.19257740842
734;LVZc3;BAHRAIN;THB;81615.02559161064
735;LVZc3;IRAN (ISLAMIC REPUBLIC OF);BMD;1734.0610292686572
736;LVZc3;CENTRAL AFRICAN REPUBLIC;PAB;343.6715371249491
737;LVZc3;ZIMBABWE;BND;679.3747856669538
738;LVZc3;BANGLADESH;GHS;33561.261922876154
739;LVZc3;RWANDA;NPR;326217.21893526474
740;LVZc3;PERU;THB;54730.845533554326
741;LVZc3;VANUATU;GNF;19613856.229709957
742;LVZc3;ALBANIA;PEN;7357.4026449670755
743;LVZc3;LAO PEOPLE'S DEMOCRATIC REP;FJD;5358.228831224426
744;LVZc3;DJIBOUTI;INR;56931.57660162324
745;LVZc3;CZECH REPUBLIC;NIO;18107.579558518202
746;HMMWc;POLAND;KES;84878.11132294139
747;HMMWc;YEMEN;CVE;56022.13158626765
748;HMMWc;KUWAIT;ISK;126775.58547746665
749;HMMWc;MOZAMBIQUE;NAD;10883.402556524472
750;HMMWc;GHANA;NOK;10265.061956979189
751;HMMWc;HONG KONG;VND;8054071.438686121
752;HMMWc;TURKEY;MUR;33716.49612703636
753;HMMWc;AUSTRALIA;BWP;6939.153434420207
754;HMMWc;GAMBIA;EGP;2823.5006950143115
755;HMMWc;MEXICO;BSD;215.6844087958669
756;HMMWc;UNITED KINGDOM;BTN;66025.42416859405
757;HMMWc;IRAN (ISLAMIC REPUBLIC OF);DOP;20273.145762962347
758;EXc23;ARGENTINA;EGP;166654.14368540945
759;EXc23;LIBYAN ARAB JAMAHIRIYA;AED;12883.103691081618
760;EXc23;GUINEA;MWK;11481028.577415772
761;EXc23;COSTA RICA;STD;50712069.744840465
762;EXc23;BELARUS;BSD;3515.2156533308016
763;EXc23;CROATIA;ZWL;3272360.288378693
764;EXc23;HONDURAS;BRL;61299.50718581502
765;EXc23;GUINEA;HUF;1218293.4955512478
766;EXc23;SINGAPORE;SLL;157359682.76656273
767;EXc23;LIBYAN ARAB JAMAHIRIYA;MOP;32999.39481930709
768;EXc23;IRAQ;LAK;114438144.39830635
769;EXc23;SRI LANKA;BIF;20359355.10850975
770;AAMab;RUSSIAN FEDERATION;LAK;124392410.93640707
771;AAMab;BELIZE;ILS;54246.05158351744
772;AAMab;HUNGARY;BDT;1391258.363611888
773;AAMab;GUATEMALA;HNL;278698.72471445927
774;AAMab;JORDAN;BRL;61933.984392461905
775;HVa22;CROATIA;LBP;5314841.3949563205
776;HVa22;SOMALIA;GNF;17798489.749637406
777;HVa22;CAMBODIA;VND;24609641.850312695
778;HVa22;UKRAINE;BWP;2679.08850941713
779;HVa22;CHINA;SCR;19694.684803008804
780;HVa22;ANGOLA;MYR;11714.662589568934
781;HVa22;NEW ZEALAND;TRY;63166.17374806174
782;HVa22;EGYPT;SYP;177337.76926525225
783;HVa22;FRENCH POLYNESIA;IRR;72987865.73444642
784;HVa22;EURO;MMK;4784166.252502819
785;HVa22;EL SALVADOR;BBD;978.3294132674481
786;HVa22;LATVIA;KYD;2573.648992494053
787;HVa22;CAYMAN ISLANDS;IQD;4124560.240256245
788;HVa22;PAKISTAN;ARS;375619.3576939628
789;HVa22;EL SALVADOR;MAD;19140.050865065652
790;HVa22;POLAND;CHF;2497.0158123087567
791;HVa22;SEYCHELLES;DOP;-1062.5995400458812
792;HVa22;PERU;EUR;1259.0576429690677
793;HVa22;UNITED ARAB EMIRATES;GTQ;23482.15636280239
794;JMNZZ;ALGERIA;CZK;13937.645934657532
795;JMNZZ;LATVIA;LKR;2329.469153952778
796;JMNZZ;PHILIPPINES;LKR;726582.6061101803
797;JMNZZ;BHUTAN;IDR;534187.734240921
798;JMNZZ;BULGARIA;SRD;48685.90461107722
799;JMNZZ;VANUATU;IRR;54086664.949815325
800;JMNZZ;COSTA RICA;YER;520347.3795306324
801;JMNZZ;NAMIBIA;NIO;78777.20615889167
802;JMNZZ;UNITED ARAB EMIRATES;EGP;8364.514364636465
803;JMNZZ;NAMIBIA;DOP;37541.05620149477
804;FNVWb;KUWAIT;SRD;10067.617096749425
805;FNVWb;BELARUS;SBD;737.3004189755242
806;FNVWb;NICARAGUA;LYD;1097.8926192093263
807;FNVWb;BELIZE;EGP;2153.654264396172
808;FNVWb;TAIWAN, PROVINCE OF CHINA;XAF;183188.91408867534
809;FNVWb;OMAN;RSD;9024.862774860503
810;CKKNW;MAURITIUS;LKR;169363.17893244798
811;CKKNW;TURKEY;MZN;64415.67503341503
812;CKKNW;YEMEN;SEK;10673.29006702087
813;CKKNW;SOMALIA;ANG;2319.9164767417196
814;CKKNW;SOUTH AFRICA;BHD;393.2472055475275
815;CKKNW;POLAND;EGP;24305.597194192316
816;CKKNW;CAYMAN ISLANDS;SGD;320.84131778932874
817;CKKNW;CZECH REPUBLIC;CYP;186.772357432548
818;CKKNW;SERBIA;BSD;204.40673910611636
819;CKKNW;NICARAGUA;MUR;61917.6260463534
820;CKKNW;SERBIA;ISK;273036.72737813595
821;CKKNW;SAUDI ARABIA;NAD;21330.79315927936
