Client;Country;Currency;Transaction
AAFFV;IRAN (ISLAMIC REPUBLIC OF);CAD;5300.515575555335
AAFFV;GUINEA;ISK;238362.34140831785
AAFFV;SINGAPORE;BOB;12874.744375848331
AAFFV;BANGLADESH;NZD;3721.2289220941548
AAFFV;JAMAICA;VND;7432657.261407884
AAFFV;CAPE VERDE;MMK;3852704.8625351577
AAFFV;BURUNDI;MAD;8684.024759623813
AAFFV;CAMBODIA;LVL;805.9072996397988
AAFFV;SERBIA;GNF;11872909.503196985
WYZZ3;SAUDI ARABIA;SCR;44221.379344302346
WYZZ3;BAHAMAS;SLL;141773225.84750196
WYZZ3;BHUTAN;VES;11596.621214950143
WYZZ3;JORDAN;XAF;390946.31096483266
WYZZ3;NORWAY;GBP;607.7929140496517
WYZZ3;POLAND;INR;112188.8870775963
WYZZ3;TAIWAN, PROVINCE OF CHINA;ZWL;3824071.9224094814
WYZZ3;SUDAN;INR;380993.1397467191
WYZZ3;ARGENTINA;FJD;3645.9844681764594
WYZZ3;CAYMAN ISLANDS;TRY;54185.5707350413
WYZZ3;SWEDEN;MZN;321545.618388006
WYZZ3;VIET NAM;CNY;12264.612612043657
CJVW1;DJIBOUTI;RON;37924.363819702274
GHVYZ;MACAU;LYD;37827.57713202938
GHVYZ;LEBANON;VND;21730989.716691922
GHVYZ;LIBERIA;SVC;69564.62219584551
GHVYZ;TUNISIA;HTG;5212.986457489531
GHVYZ;AZERBAIJAN;MGA;14733172.37438525
GHVYZ;FRENCH POLYNESIA;GTQ;1021.6373827351593
GHVYZ;UKRAINE;FJD;19437.886689566425
GHVYZ;BULGARIA;NAD;78690.80161449537
GHVYZ;VIET NAM;FJD;21440.308359041017
GHVYZ;CHINA;GMD;231362.95327950286
GHVYZ;GUINEA;UYU;51353.511555617384
GHVYZ;OMAN;OMR;1745.3155207374753
GHVYZ;MADAGASCAR;MUR;143095.5193250689
CIKMZ;VANUATU;CNY;1495.8013434008187
DFIIJ;TURKEY;NIO;135867.0632774263
DFIIJ;YEMEN;GNF;88563933.50789778
DFIIJ;NICARAGUA;XCD;72355.70886425488
BBGVa;ICELAND;SZL;19190.39623648042
BBGVa;TOGO;BOB;11183.819925511598
BBGVa;TAIWAN, PROVINCE OF CHINA;MAD;11304.50493887637
BBGVa;SURINAME;CNY;6392.313163934061
BBGVa;SEYCHELLES;NIO;36823.62374056154
BBGVa;ANGOLA;GYD;7901.41179003371
BBGVa;SWAZILAND;IQD;370328.3758679938
BBGVa;KAZAKHSTAN;DZD;59007.353809719476
BBGVa;JAMAICA;HUF;226467.8661660236
BBGVa;THAILAND;CRC;1047343.2299183293
BBGVa;MALDIVES;LVL;485.87785729363554
BBGVa;MOZAMBIQUE;GBP;111.9013752254064
BBGVa;RWANDA;GYD;218654.27557213098
BBGVa;SINGAPORE;LKR;6841.50487534172
BBGVa;UNITED KINGDOM;BZD;1569.5620086886263
BBGVa;BARBADOS;UAH;18921.962768401056
BBGVa;UNITED ARAB EMIRATES;BHD;422.32352204975484
BBGVa;SWITZERLAND;AUD;611.7963197984559
BBGVa;CYPRUS;ANG;2801.4193970238102
AHZac;PHILIPPINES;INR;122522.97915706216
AHZac;KUWAIT;TTD;43365.239621841305
ABIKK;INDIA;HRK;79471.74067797982
ABIKK;PAPUA NEW GUINEA;NGN;4091265.750278733
ABIKK;SUDAN;BTN;123925.09870156835
ABIKK;CHILE;PKR;-25905.409109373966
ABIKK;BHUTAN;GTQ;43738.61804228108
ABIKK;BANGLADESH;PLN;50079.35456716181
ABIKK;PAKISTAN;LRD;1695232.7596108122
ABIKK;BERMUDA;SCR;280.8939767265299
ABIKK;ALBANIA;MMK;3145360.964587587
ABIKK;IRAN (ISLAMIC REPUBLIC OF);ANG;18143.072121787154
ABIKK;PARAGUAY;TOP;14692.968475247806
ABIKK;CAMBODIA;GHS;142276.19216285046
AIIMV;ALBANIA;JPY;74319.67719502524
AIIMV;JAMAICA;SRD;2153.350097303751
AIIMV;NETHERLANDS ANTILLES;LVL;280.4427719098487
AIIMV;POLAND;DJF;193818.48032060618
AIIMV;ARUBA;ILS;3705.120069329691
AIIMV;MALAWI;ZAR;9526.902136903645
AIIMV;CENTRAL AFRICAN REPUBLIC;BIF;2591178.834060411
AIIMV;PERU;GBP;1361.1091095935858
AIIMV;VENEZUELA;IRR;41549045.48902369
AIIMV;MADAGASCAR;LAK;18500061.42521503
AIIMV;DOMINICAN REPUBLIC;BBD;2938.899223910067
AIIMV;FIJI;NOK;1573.6915811280576
AIIMV;PAPUA NEW GUINEA;STD;11907273.199060462
AIIMV;GAMBIA;SAR;1566.2214173267537
AIIMV;HAITI;MAD;1328.4327885847724
AIIMV;MOROCCO;NGN;238580.66414342338
EHV11;BAHRAIN;KHR;27429878.048373163
EHV11;SUDAN;BWP;122592.09697357984
EHV11;NAMIBIA;ETB;543389.8874547482
EHV11;HAITI;CNY;118701.5227069391
EHV11;VIET NAM;ARS;607684.7727110505
EHV11;SEYCHELLES;BIF;-180926.258226401
EHV11;JAPAN;BIF;21396339.297854185
EHV11;HONG KONG;AUD;8999.812011996644
EHV11;JAMAICA;KZT;1747918.131382637
EHV11;NEPAL;QAR;45024.81024826182
EHV11;EL SALVADOR;MRO;1916965.1862201965
INYY1;CANADA;CVE;117304.56659662652
INYY1;MALAWI;PGK;13999.247430116247
INYY1;ZIMBABWE;PKR;136108.67325189925
INYY1;CAYMAN ISLANDS;NZD;7891.773435654119
INYY1;BRAZIL;SEK;25901.66456539539
INYY1;AZERBAIJAN;SAR;15452.23515277484
INYY1;ICELAND;HUF;711358.1100166022
INYY1;KUWAIT;RWF;2539953.1415358093
INYY1;THAILAND;ANG;2982.83597477574
INYY1;TUNISIA;GYD;785459.0000194521
BDJa3;EURO;GTQ;60953.26539508995
BDJa3;RWANDA;SZL;51125.70948381652
BDJa3;ROMANIA;SLL;116847451.05542895
BDJa3;SOUTH AFRICA;MOP;128051.40003786972
BDJa3;ZAMBIA;XPF;2308898.228269782
BDJa3;IRAN (ISLAMIC REPUBLIC OF);KRW;24657499.002051592
BDJa3;SAMOA;TTD;25695.574572687714
BDJa3;MADAGASCAR;AZN;41146.504111243456
BDJa3;TONGA;CRC;13068408.24224092
BDJa3;BELIZE;PAB;12327.171091474
BDJa3;PAKISTAN;ETB;984318.7553915165
BDJa3;HAITI;DOP;473154.7515001466
BDJa3;SURINAME;XAF;3163411.080039854
BDJa3;SURINAME;ETB;639542.4310284391
BDJa3;RWANDA;NAD;162672.71199396168
BDJa3;JAMAICA;HRK;156905.12218139556
JLNZ1;MALAYSIA;IDR;1660857587.4098
JLNZ1;CHILE;IRR;238564458.74833122
JLNZ1;YEMEN;SBD;1271753.6610879116
JLNZ1;GHANA;DJF;28158376.496001817
JLNZ1;VIET NAM;LRD;23907912.563322797
JLNZ1;TAIWAN, PROVINCE OF CHINA;UGX;393328970.24809325
JLNZ1;IRAN (ISLAMIC REPUBLIC OF);FJD;-1362.8297207261505
JLNZ1;PHILIPPINES;PHP;9704498.396393778
CJXZb;SEYCHELLES;AUD;81819.75513560674
CJXZb;SRI LANKA;MYR;275413.25355577655
CJXZb;UGANDA;SZL;165746.4760716385
CJXZb;NIGERIA;AUD;19971.904154971293
CJXZb;HONG KONG;BIF;81675189.41572407
CJXZb;TOGO;VUV;5756235.888797098
CJXZb;ALBANIA;CVE;1823629.7034089854
CJXZb;DOMINICA;CRC;10822061.446501665
CJXZb;PERU;YER;1093119.0001736623
CJXZb;DENMARK;ILS;-1490.548499852849
CJLMN;HAITI;PAB;2011.41189352966
CJLMN;BHUTAN;UAH;65434.59479194284
CJLMN;BAHRAIN;ILS;1510.5188636993514
CJLMN;CAMBODIA;MXN;23787.232194807042
CJLMN;TOGO;TRY;17757.496090979515
CJLMN;CAPE VERDE;GBP;1299.4413725817294
CJLMN;ZAMBIA;GBP;90.12083169091781
CJLMN;BRAZIL;BND;205.01347090460345
CJLMN;ICELAND;BND;797.9488370726742
CJLMN;PERU;KHR;4423819.581314449
CJLMN;MACAU;CLP;2477064.3637667904
CJLMN;EL SALVADOR;PAB;2773.376879397337
CJLMN;KAZAKHSTAN;MZN;178402.88143240457
CJLMN;ALGERIA;BND;209.34779375670922
CJLMN;IRAN (ISLAMIC REPUBLIC OF);NGN;467086.2915261814
CJLMN;BURUNDI;LYD;10073.183277271599
CJLMN;MAURITIUS;KYD;1682.2999955858668
AABM3;NICARAGUA;GNF;4426949.689733969
BGWWY;ICELAND;DJF;2738648.9939068835
BGWWY;BOTSWANA;JMD;665956.3413549551
BGWWY;ALGERIA;DJF;3258179.6678714664
BGWWY;CAPE VERDE;NPR;2400929.1084186593
BGWWY;NAMIBIA;NZD;12807.165632050566
BGWWY;TRINIDAD AND TOBAGO;ALL;1431976.4635503911
BGWWY;FRENCH POLYNESIA;VUV;1800382.6947034225
BGWWY;SOUTH AFRICA;ALL;1274726.7117119133
BGWWY;GUYANA;TOP;7005.929161546741
BGWWY;BARBADOS;ETB;501518.5319293856
BGWWY;SEYCHELLES;HKD;33160.13664393967
BGWWY;BHUTAN;UAH;572248.6606107682
BGWWY;MALAYSIA;SVC;153391.47611820395
