;Client;Country;Currency;Transaction
0;AFGc2;HONDURAS;HUF;313308.1147869786
1;DFNNa;ALBANIA;MXN;25589.267771665654
2;DFNNa;HONDURAS;SEK;479.77152765185815
3;DFNNa;ARUBA;NGN;278389.9267723455
4;DFNNa;NEPAL;PYG;14779249.954562765
5;DFNNa;SOUTH AFRICA;CRC;110671.4308176608
6;DFNNa;KOREA, REPUBLIC OF;SLL;28514753.799416922
7;DFNNa;GUINEA;CAD;2824.736515626845
8;DFNNa;PAPUA NEW GUINEA;MXN;26969.92382261793
9;AIIWY;ROMANIA;RON;192606.27765264004
10;AIIWY;MAURITIUS;SEK;52174.15906963372
11;AIIWY;CROATIA;MMK;11864131.53600346
12;AIIWY;BOTSWANA;AUD;1596.3188981692651
13;AIIWY;EGYPT;SVC;444013.80467064935
14;BBCIZ;CENTRAL AFRICAN REPUBLIC;JOD;751.0565276625705
15;BBCIZ;POLAND;HTG;193265.82952232633
16;BBCIZ;ZAMBIA;PHP;112740.88639454194
17;BBCIZ;ZIMBABWE;KWD;727.0888762648264
18;BBCIZ;UGANDA;THB;45633.57675355556
19;BBCIZ;UNITED KINGDOM;UAH;51904.61437269731
20;BBCIZ;PERU;RWF;652661.8275949747
21;BBCIZ;ALGERIA;PLN;3567.6925242738303
22;BBCIZ;NIGERIA;XPF;275875.78989378683
23;BBCIZ;VENEZUELA;TTD;4504.761967630591
24;BBCIZ;PARAGUAY;SVC;4441.425476944358
25;FFIIa;TONGA;XPF;1077453.3888141676
26;FFIIa;FRENCH POLYNESIA;UAH;430027.0076344927
27;FFIIa;ARGENTINA;IDR;196343049.04846278
28;FFIIa;FIJI;RON;432.5775464317292
29;FFIIa;ROMANIA;NPR;503991.15220020816
30;FFIIa;ROMANIA;MAD;45480.16419968689
31;FFIIa;NICARAGUA;RSD;361582.4622599264
32;FFIIa;TONGA;PHP;559107.6901146219
33;FFIIa;KUWAIT;BRL;17280.081883542076
34;FFIIa;MALAYSIA;HNL;194958.31373394342
35;FFIIa;KAZAKHSTAN;BGN;19731.580644234622
36;FFIIa;DOMINICA;BYR;103653493.24081852
37;FFIIa;KENYA;MOP;94955.26388981903
38;FFIIa;BULGARIA;AOA;1871754.664098703
39;FFIIa;SWAZILAND;VUV;225175.74020270037
40;FFIIa;NORWAY;XCD;36141.354795967425
41;FFIIa;AUSTRALIA;CZK;197955.07982307105
42;JJYZ3;INDIA;GYD;452624.1606933099
43;JJYZ3;ETHIOPIA;PGK;1236.2779103868018
44;JJYZ3;GUINEA;SRD;73623.4954004927
45;JJYZ3;GAMBIA;BYR;42419887.42845306
46;JJYZ3;BHUTAN;PAB;3.8738222905245268
47;JJYZ3;ISRAEL;SBD;18642.570173896886
48;JJYZ3;ROMANIA;PHP;7312.889417323889
49;JJYZ3;ETHIOPIA;GHS;29564.36490166017
50;JJYZ3;EURO;MAD;29578.764013083488
51;JJYZ3;UNITED KINGDOM;VUV;40065.5707829271
52;JJYZ3;CYPRUS;WST;3009.1298149610166
53;JJYZ3;GUATEMALA;JPY;334871.70301952615
54;JJYZ3;EGYPT;NGN;333644.0248800671
55;JJYZ3;NAMIBIA;SLL;37987237.69877902
56;JJYZ3;TONGA;CNY;5135.063206880388
57;JJYZ3;KENYA;BIF;1071594.007645645
58;JJYZ3;ARGENTINA;CHF;1615.7993594062618
59;JJYZ3;SOLOMON ISLANDS;RWF;77256.299541002
60;JJYZ3;EGYPT;WST;6731.298348232866
61;DVb33;COSTA RICA;VES;53484.38103303424
62;DVb33;MALDIVES;RUB;571752.4436597767
63;DVb33;CZECH REPUBLIC;KRW;11030138.87828854
64;DVb33;HONG KONG;PGK;7363.974217061143
65;DVb33;LIBYAN ARAB JAMAHIRIYA;ILS;35809.84137130501
66;DVb33;CAMBODIA;ILS;32224.09089919113
67;DVb33;SYRIAN ARAB REPUBLIC;SCR;91931.72499813397
68;DVb33;BRUNEI DARUSSALAM;LVL;3090.1051409135425
69;DVb33;PHILIPPINES;GNF;51688748.69421474
70;DVb33;DOMINICAN REPUBLIC;LBP;13310371.735884478
71;DVb33;MALAYSIA;QAR;26517.84044072942
72;DVb33;BURUNDI;MOP;10831.322470800262
73;IJLN1;SAUDI ARABIA;TOP;7150.120570237127
74;IJLN1;BAHAMAS;ARS;669749.6068566683
75;IJLN1;THAILAND;ALL;91098.0849734849
76;IJLN1;RWANDA;PKR;616697.9051828765
77;IJLN1;INDIA;BSD;1070.2694728515646
78;IJLN1;BRUNEI DARUSSALAM;CZK;55861.095716946744
79;IJLN1;BULGARIA;NOK;1825.566317401416
80;IJLN1;ETHIOPIA;BGN;6034.107814986299
81;IJLN1;KOREA, REPUBLIC OF;BMD;3579.448086912425
82;IJLN1;IRAQ;ZMW;1966.3952509139895
83;IJLN1;SWITZERLAND;GBP;2265.196110525047
84;IJLN1;BAHAMAS;SZL;52864.196303466626
85;IJLN1;KENYA;MOP;3173.9842649747015
86;IJLN1;ARGENTINA;SBD;7880.276729276836
87;IJLN1;BURUNDI;UYU;107641.13852514673
88;IJLN1;LIBERIA;SAR;8063.284028325342
89;IJLN1;HAITI;QAR;9667.248701503273
90;IJLN1;NORWAY;MYR;10389.060680326695
91;IKNZa;DOMINICA;LKR;4209167.862651289
92;IKNZa;OMAN;SLL;132356736.20017105
93;IKNZa;INDIA;KHR;54857933.31964733
94;IKNZa;GAMBIA;AZN;1025.4602624917484
95;IKNZa;MALDIVES;LAK;136942316.13580745
96;IKNZa;CZECH REPUBLIC;CRC;617922.5183732929
97;IKNZa;VENEZUELA;SLL;61844761.40151634
98;IKNZa;PERU;MAD;79087.475110714
99;IKNZa;INDIA;UAH;55710.990113267675
100;IKNZa;HONDURAS;SGD;7444.3532026588455
101;IKNZa;SURINAME;MVR;11256.25133235086
102;IKNZa;JAMAICA;SGD;10897.456796663248
103;MMMWb;HONG KONG;LVL;6143.821733891392
104;MMMWb;BELARUS;WST;19987.035099370532
105;MMMWb;SEYCHELLES;TTD;2232.5923939250456
106;MMMWb;QATAR;ALL;1239698.018199773
107;MMMWb;PERU;IDR;130638651.68750888
108;MMMWb;NAMIBIA;GNF;79112430.06138389
109;MMMWb;YEMEN;SVC;62408.89598931682
110;MMMWb;PERU;NPR;1171834.0958098276
111;CIJMa;SAO TOME AND PRINCIPE;BWP;25565.190731037987
112;CIJMa;CYPRUS;BZD;968.7879270238496
113;CIJMa;DJIBOUTI;GBP;369.2047801947005
114;CIJMa;SWITZERLAND;TWD;16706.175092901984
115;CIJMa;MEXICO;IQD;1835108.8648114523
116;CIJMa;TAIWAN, PROVINCE OF CHINA;BYR;49700222.43538725
117;CIJMa;BULGARIA;ISK;214626.4172660593
118;CIJMa;MEXICO;MUR;57223.50163990787
119;CIJMa;LAO PEOPLE'S DEMOCRATIC REP;MMK;3523110.8003305728
120;CIJMa;HONG KONG;KZT;1065607.061530361
121;CIJMa;TANZANIA, UNITED REPUBLIC OF;AWG;3736.150066039889
122;EJJLa;ETHIOPIA;SCR;93133.4437499701
123;EJJLa;BELIZE;MXN;513749.66858552373
124;EJJLa;MALDIVES;RUB;489210.5382112894
125;EJJLa;KENYA;AED;56733.63096999949
126;GKMcc;BAHAMAS;BGN;1106.7071813820305
127;GKMcc;CYPRUS;RON;2335.6185933370725
128;GKMcc;BRAZIL;CAD;749.3121152973669
129;GKMcc;ISRAEL;GYD;105978.96886789656
130;GKMcc;SINGAPORE;ZWL;261137.12275143457
131;GKMcc;GUATEMALA;MOP;1893.0622321491635
132;GKMcc;KUWAIT;UYU;19519.666321180794
133;GKMcc;SRI LANKA;CVE;63810.93758231697
134;GKMcc;MEXICO;FJD;215.89413284906635
135;GKMcc;EL SALVADOR;COP;225277.38461912153
136;GKMcc;PHILIPPINES;CLP;530167.9750162892
137;GKMcc;VIET NAM;QAR;1932.2186315169108
138;GKMcc;MOZAMBIQUE;YER;8953.785292618979
139;GKMcc;POLAND;BHD;122.60808082536654
140;GKMcc;ROMANIA;CZK;11058.156553582612
141;ILZZ2;DENMARK;XOF;2144785.2294484866
142;ILZZ2;TUNISIA;GMD;165142.61380251212
143;ILZZ2;BRUNEI DARUSSALAM;EUR;380.07906075044167
144;ILZZ2;MAURITIUS;JOD;540.9411860402777
145;ILZZ2;ROMANIA;KRW;2802180.3578124554
146;ILZZ2;BRUNEI DARUSSALAM;MUR;53039.23465505496
147;ACEGV;HAITI;VUV;276016.01001318975
148;ACEGV;UNITED KINGDOM;NAD;39024.859113111816
149;ACEGV;PARAGUAY;BOB;2691.4338279147823
150;ACEGV;MAURITANIA;PLN;8119.074390174389
151;ACEGV;LIBYAN ARAB JAMAHIRIYA;MYR;4847.215860143258
152;ACEGV;SAMOA;AOA;1407495.1353542118
153;ACEGV;HONG KONG;CYP;1751.4179926955628
154;ACEGV;LATVIA;DOP;194780.8361423792
155;ACEGV;MACAU;ALL;25565.578496477294
156;ACEGV;BANGLADESH;UAH;27913.176645399853
157;ACEGV;CYPRUS;ETB;70043.33302494924
158;ACEGV;GUINEA;ZAR;16717.049256819715
159;ACEGV;JAMAICA;PHP;202472.21654845012
160;ACEGV;VANUATU;IDR;16465225.974269366
161;ACEGV;ICELAND;ALL;204645.9835659472
162;CMMXY;UGANDA;GHS;13535.78387300464
163;CMMXY;VANUATU;SLL;1628970.529633587
164;CMMXY;LIBYAN ARAB JAMAHIRIYA;BZD;3659.662583019261
165;CMMXY;ETHIOPIA;OMR;1159.9665900369687
166;CMMXY;ZIMBABWE;BZD;2046.4628069317866
167;CMMXY;PAPUA NEW GUINEA;SVC;17912.1582967376
168;CMMXY;IRAN (ISLAMIC REPUBLIC OF);DKK;15159.293004351746
169;CMMXY;SWAZILAND;TND;10307.814878552364
170;CMMXY;SURINAME;NAD;24116.322957005097
171;CMMXY;MAURITIUS;EGP;8511.077196083164
172;CMMXY;FIJI;RON;4419.357892955881
173;CMMXY;JAMAICA;XOF;1688774.7962487338
174;CMMXY;IRAQ;RUB;108212.88110832799
175;CMMXY;UNITED ARAB EMIRATES;HKD;10290.446112886593
176;CMMXY;COLOMBIA;AWG;1660.6439944194094
177;CMMXY;GAMBIA;KYD;2111.4413298895693
178;CMMXY;CROATIA;SDG;1638866.258997386
179;CMMXY;INDONESIA;INR;258879.49993551464
180;CEEIV;SWEDEN;PLN;16814.120679253905
181;CEEIV;BHUTAN;CZK;29027.71974486667
182;CEEIV;FRENCH POLYNESIA;AUD;949.7900360539301
183;CEEIV;HONDURAS;SGD;971.3039624450464
184;CEEIV;PHILIPPINES;AOA;1682837.0907858082
185;CEEIV;MOZAMBIQUE;SAR;2051.72978492669
186;CEEIV;SAUDI ARABIA;NGN;683864.8548160688
187;CEEIV;IRAQ;PLN;13972.168760097406
188;CEEIV;SERBIA;SAR;11613.988673070424
189;CEEIV;AUSTRALIA;CZK;34356.251279382464
190;CEEIV;KOREA, REPUBLIC OF;DOP;6261.063126532303
191;CEEIV;CAMBODIA;COP;16052115.79814782
192;CEEIV;ROMANIA;BWP;48828.257426067976
193;CEEIV;VIET NAM;MAD;37047.10011591459
194;CEEIV;AUSTRALIA;RSD;120218.27298813521
195;CEEIV;KAZAKHSTAN;NOK;30923.876894882305
196;CEEIV;SURINAME;MGA;3572652.4858570527
197;CEEIV;UNITED KINGDOM;IQD;887291.8185905638
198;CEEIV;NAMIBIA;PEN;3302.8782456566314
199;HHXZb;HAITI;NOK;583484.7732642858
200;HHXZb;ETHIOPIA;LKR;6194503.336105267
201;HHXZb;LIBYAN ARAB JAMAHIRIYA;HRK;379282.38164792693
202;HHXZb;DOMINICAN REPUBLIC;VUV;2431909.1959514013
203;HHXZb;FIJI;VUV;6943867.439186242
204;HHXZb;MEXICO;LAK;613244144.6030608
205;HHXZb;NEW ZEALAND;LYD;211979.23418888063
206;ACKKX;GAMBIA;BWP;1692.3023875427416
207;ACKKX;SIERRA LEONE;HTG;39113.35496869105
208;ACKKX;LEBANON;CHF;119.57878872844202
209;ACKKX;ARGENTINA;SRD;66618.28037231801
210;ACKKX;MAURITANIA;THB;14317.199626247439
211;ACKKX;TURKEY;CAD;318.39450151866447
212;ACKKX;RUSSIAN FEDERATION;CHF;1810.669346874125
213;ACKKX;BAHAMAS;ANG;992.7811014070043
214;WWWWb;SWITZERLAND;SYP;165989.01007862415
215;WWWWb;SEYCHELLES;CHF;1291.1354480024802
216;WWWWb;SEYCHELLES;NOK;20077.38176777169
217;WWWWb;BULGARIA;SBD;11901.285786933066
218;WWWWb;VENEZUELA;EGP;15376.147829648637
219;WWWWb;ZAMBIA;JOD;46.740641217889234
220;WWWWb;BRAZIL;TZS;5065605.426460636
221;WWWWb;DJIBOUTI;SZL;25404.377780410363
222;WWWWb;BELARUS;XCD;1772.6954171983202
223;EEEGV;ARGENTINA;MMK;105397.90550662408
224;EEEGV;GUYANA;AWG;275.39016249282736
225;EEEGV;ZAMBIA;FJD;96.70175504060538
226;EEEGV;CENTRAL AFRICAN REPUBLIC;ILS;559.2427217862759
227;EEEGV;DOMINICA;HNL;1362.8246888785466
228;EEEGV;ARUBA;MGA;18855.204925664602
229;EEEGV;GAMBIA;LKR;32275.49967521219
230;EEEGV;MALAWI;MZN;5344.377202867758
231;EEEGV;RUSSIAN FEDERATION;TRY;2102.0021290071863
232;EEEGV;EGYPT;ZMW;841.3359680892203
233;EEEGV;CENTRAL AFRICAN REPUBLIC;IDR;1080006.0043845384
234;EEEGV;MAURITIUS;LRD;4730.5144677722965
235;EEEGV;INDIA;ISK;4370.850188958689
236;BNZ33;HAITI;SCR;15983.537166456124
237;BNZ33;GUINEA;GMD;79370.94549405431
238;BNZ33;BULGARIA;LAK;71328302.96288088
239;BNZ33;LIBERIA;BZD;4418.0797247600585
240;BNZ33;TURKEY;VES;13159.34685939897
241;BNZ33;SOLOMON ISLANDS;AWG;1978.6072308124392
242;BNZ33;MYANMAR;MOP;10092.2266110353
243;BNZ33;LEBANON;DOP;310781.96427648317
244;HIJNc;UKRAINE;BND;1626.9087978033945
245;HIJNc;BHUTAN;BDT;281430.4703305553
246;HIJNc;EURO;NIO;85229.51265150217
247;HIJNc;BAHAMAS;GBP;313.1066915328035
248;HIJNc;NORWAY;TTD;2356.089510230754
249;HIJNc;TOGO;PLN;11212.375608730736
250;DFGJa;LATVIA;OMR;134.6306524335269
251;CMMMb;MAURITIUS;BGN;7626.63681352455
252;CMMMb;JAPAN;IDR;101758962.14359237
253;CMMMb;MOZAMBIQUE;BTN;95443.94517673166
254;CMMMb;JAPAN;NPR;361382.9776193157
255;CMMMb;SOUTH AFRICA;XPF;939055.677975372
256;CMMMb;MOROCCO;INR;237038.29597305568
257;CMMMb;SRI LANKA;GHS;47303.67955239257
258;CMMMb;SEYCHELLES;BRL;27720.096193103367
259;CMMMb;URUGUAY;SBD;19721.209956440136
260;CMMMb;HUNGARY;SOS;2058049.714788774
261;DHIa3;BHUTAN;MVR;14956.754023743842
262;BDHX2;PERU;LRD;1417127.2461423906
263;BDHX2;NEW ZEALAND;BBD;19469.448573511552
264;BDHX2;HONG KONG;ZMW;17475.909574980484
265;BDHX2;THAILAND;GMD;342330.4975432019
266;BDHX2;PARAGUAY;SDG;5510205.830691538
267;BDHX2;ZAMBIA;NZD;1414.0897636679663
268;BDHX2;HONG KONG;BOB;41963.46834588355
269;BDHX2;BAHAMAS;DOP;63264.84280742751
270;BDHX2;FRENCH POLYNESIA;TWD;145467.0619165003
271;FMVXZ;SINGAPORE;RWF;31789276.50368477
272;FMVXZ;EL SALVADOR;SZL;516650.9538324401
273;CHKV3;TONGA;GNF;821452.7377612226
274;CHKV3;SINGAPORE;PHP;43886.08868884952
275;CHKV3;RUSSIAN FEDERATION;LYD;3322.7806417253464
276;CHKV3;IRAQ;XCD;1627.1454956492723
277;CHKV3;KOREA, REPUBLIC OF;IDR;9850462.638200808
278;Dbc11;ANGOLA;BRL;84365.879094636
279;Dbc11;NIGERIA;BTN;298387.29898285924
280;Dbc11;ALBANIA;TZS;20678972.518083204
281;Dbc11;NAMIBIA;KES;439264.6582747194
282;Dbc11;FRENCH POLYNESIA;BBD;9017.39941169335
283;Dbc11;BOLIVIA;TOP;2414.8152045876013
284;Dbc11;JORDAN;AWG;53584.07297622974
285;Dbc11;BERMUDA;LVL;3691.2548198107997
286;BFJMa;OMAN;ETB;69913.92944117125
287;BFJMa;MYANMAR;MAD;4319.804891690983
288;BFJMa;LEBANON;RON;39309.32430019187
289;BFJMa;NIGERIA;CLP;8916323.823989024
290;BFJMa;CAMBODIA;GYD;1121857.551721472
291;BFJMa;UKRAINE;SOS;7003078.403040055
292;BFJMa;MAURITIUS;DJF;2177680.2681480167
293;BFJMa;ICELAND;JOD;128.82004274693554
294;BFJMa;POLAND;THB;220126.40445403484
295;BFJMa;SRI LANKA;TZS;2832915.938958641
296;BFJMa;LIBERIA;ZWL;7660124.8952157125
297;BFJMa;RUSSIAN FEDERATION;TZS;14149478.863562083
298;ABBJK;JORDAN;BYR;66111825.99499546
299;ABBJK;NICARAGUA;ILS;3055.766718707938
300;ABBJK;MALAYSIA;LKR;866140.4084213736
301;ABBJK;ICELAND;CRC;1628377.918363244
302;ABBJK;PARAGUAY;BDT;152871.69973524494
303;ABBJK;SOMALIA;SGD;3296.637975452114
304;ABBJK;BOTSWANA;AWG;1647.2771450974737
305;ABBJK;LEBANON;TZS;1755908.5566602824
306;ABBJK;ALGERIA;AED;6205.96879402222
307;GHJK3;NICARAGUA;HKD;31269.821709912485
308;GHJK3;QATAR;VES;45685.23445259351
309;GHJK3;MALDIVES;AWG;63.349812389587065
310;GHJK3;DOMINICAN REPUBLIC;EGP;99387.54110838322
311;GHJK3;BARBADOS;CVE;102294.39037612318
312;GHJK3;PARAGUAY;BDT;469166.0960418278
313;GHJK3;CHINA;JMD;170984.06112478639
314;JXZZb;HONDURAS;SDG;2279261.0553201037
315;JXZZb;EL SALVADOR;DZD;725718.3157645827
316;ENXbc;LIBYAN ARAB JAMAHIRIYA;DKK;205022.96889632556
317;ENXbc;HAITI;UYU;1257368.1164436168
318;ENXbc;MOZAMBIQUE;HUF;3751993.4750057575
319;ENXbc;SWEDEN;DOP;2690093.910738
320;ENXbc;ZIMBABWE;SGD;37594.8622906424
321;ENXbc;SAO TOME AND PRINCIPE;VUV;7680622.839937403
322;ENXbc;DJIBOUTI;DZD;6079845.35430643
323;ENXbc;KUWAIT;SGD;43688.42788495036
324;ENXbc;BAHRAIN;GMD;1557488.8390570495
325;ENXbc;GUATEMALA;BSD;44525.32261101363
326;ENXbc;PANAMA;GBP;28225.244127425438
327;ENXbc;NEPAL;MOP;216316.7744026595
328;CFIVV;NEW ZEALAND;NAD;75743.72697525976
329;CFIVV;BANGLADESH;JPY;369944.2702205458
330;CFIVV;ETHIOPIA;PLN;7940.784166775065
331;CFIVV;UNITED KINGDOM;MYR;17034.515521420537
332;CFIVV;ARGENTINA;VUV;88011.65276539764
333;CFIVV;CHINA;PLN;6237.172368218513
334;CFIVV;SAUDI ARABIA;PKR;82746.78339109177
335;CFIVV;BANGLADESH;LBP;2231084.806959654
336;CFIVV;COSTA RICA;YER;35390.16695846501
337;CFIVV;NIGERIA;MAD;4565.445429902053
338;CFIVV;HONG KONG;ZAR;21239.089043533793
339;ZZcc1;PERU;BZD;924.1460153192751
340;ZZcc1;ROMANIA;BMD;596.4164561829025
341;ZZcc1;EL SALVADOR;MUR;-166.48482333372414
342;ZZcc1;UNITED KINGDOM;NOK;8425.888208074608
343;ZZcc1;SERBIA;SBD;1693.0402405775853
344;ZZcc1;ZIMBABWE;MUR;117807.22229591756
345;ZZcc1;TRINIDAD AND TOBAGO;GHS;31717.74532897878
346;ZZcc1;CHINA;BZD;1426.7217187120414
347;ZZcc1;MAURITIUS;ISK;392291.3815125354
348;ZZcc1;BARBADOS;XAF;1096280.5923771576
349;CFHYZ;ROMANIA;LBP;413655.0180748672
350;CFHYZ;AUSTRALIA;MGA;35563619.66930201
351;CFHYZ;MYANMAR;NOK;46706.04717799923
352;CFHYZ;BULGARIA;RON;5320.910285838302
353;CFHYZ;NIGERIA;SOS;3109292.6476189746
354;CFHYZ;SOUTH AFRICA;HTG;803132.2010205929
355;CFHYZ;DOMINICAN REPUBLIC;JOD;5710.367278968694
356;F3333;BELARUS;MOP;78706.5748527404
357;F3333;BERMUDA;TND;17046.867924274113
358;F3333;ROMANIA;KZT;1633799.5913486406
359;F3333;GUINEA;AUD;17736.87353077287
360;F3333;PERU;GTQ;74885.45241477135
361;F3333;URUGUAY;TTD;57247.28123210847
362;F3333;LIBYAN ARAB JAMAHIRIYA;HTG;-3152.111089625721
363;F3333;UNITED ARAB EMIRATES;SAR;17405.67197686415
364;F3333;SAO TOME AND PRINCIPE;BOB;19854.3145258348
365;F3333;PANAMA;EUR;12808.894340873205
366;F3333;BANGLADESH;SZL;227115.24080956177
367;F3333;LIBERIA;KRW;8635387.813912686
368;BGGKa;UNITED KINGDOM;MYR;-18.08125376729673
369;BGGKa;CZECH REPUBLIC;HRK;11860.288817653116
370;BGGKa;NICARAGUA;TND;3482.894790109139
371;BGGKa;SAMOA;ILS;3239.350307052473
372;BGGKa;SINGAPORE;SDG;21045.29015504237
373;BV113;SURINAME;LBP;1074377.9931410635
374;BV113;SOLOMON ISLANDS;JPY;6551.544758165583
375;BV113;MEXICO;VND;38819652.18340621
376;BV113;VANUATU;RSD;73451.91407723681
377;BV113;FIJI;TRY;37476.158691871846
378;BV113;SOLOMON ISLANDS;CLP;519634.0842575907
379;BV113;LEBANON;SLL;34267244.80867127
380;BV113;DJIBOUTI;STD;27685271.907949604
381;BV113;ICELAND;TTD;17128.1223406733
382;BV113;EGYPT;MMK;1520271.0022982142
383;BV113;NEW ZEALAND;AED;11473.107260989958
384;BV113;SAMOA;BBD;3761.5114394389097
385;BV113;SWITZERLAND;IQD;3075324.4002321535
386;BV113;PERU;CRC;1110490.5546497141
387;XYYY1;ISRAEL;UGX;31679237.634245828
388;XYYY1;KOREA, REPUBLIC OF;KRW;9604320.617582334
389;XYYY1;BHUTAN;KHR;66525387.203441836
390;XYYY1;CZECH REPUBLIC;LBP;15544321.441749405
391;XYYY1;ICELAND;LRD;1530915.1429443096
392;XYYY1;DOMINICA;ETB;962819.0596940103
393;XYYY1;URUGUAY;CAD;22726.322808094086
394;XYYY1;SOUTH AFRICA;CZK;287055.582392972
395;ABGJL;NEW ZEALAND;PAB;20303.90590802734
396;ABGJL;ROMANIA;BTN;3709288.610610518
397;ABGJL;SUDAN;JPY;1236855.460815307
398;ABGJL;OMAN;LRD;2932296.8045410067
399;ABGJL;ETHIOPIA;JPY;4164668.096797024
400;ABGJL;PAPUA NEW GUINEA;XAF;19080806.54199981
401;DHJZb;DENMARK;SRD;9078.091561448282
402;DHJZb;SWEDEN;CAD;534.7776743057561
403;DHJZb;VIET NAM;NOK;1332.0965537416798
404;DHJZb;CAPE VERDE;YER;115843.81702014254
405;DHJZb;VANUATU;MWK;617455.1262264145
406;DHJZb;KAZAKHSTAN;HNL;3541.1525441133786
407;DHJZb;CENTRAL AFRICAN REPUBLIC;PAB;471.01994063984694
408;DHJZb;SERBIA;AWG;562.4874840658474
409;DHJZb;SOLOMON ISLANDS;LRD;8376.021377676805
410;DHJZb;DJIBOUTI;CYP;302.96819962779097
411;DHJZb;SAO TOME AND PRINCIPE;CZK;10403.56593637065
412;DHJZb;PHILIPPINES;PYG;3421178.3136530747
413;DHJZb;ANGOLA;DKK;18.313191602881858
414;DHJZb;CAPE VERDE;CVE;51713.25073253898
415;DHJZb;GUINEA;AOA;187896.92397599915
416;DHJZb;KENYA;ILS;126.19832895747948
417;DHJZb;NIGERIA;BIF;814411.6054657259
418;DHJZb;ZIMBABWE;TTD;1366.0198371524527
419;DHJZb;MAURITANIA;RWF;247173.96651028804
420;JJXZc;THAILAND;XAF;6889161.405330867
421;JJXZc;BOLIVIA;BGN;19157.820059028127
422;JJXZc;LIBYAN ARAB JAMAHIRIYA;MXN;97889.4839790009
423;JJXZc;OMAN;IDR;48791966.32849423
424;JJXZc;BOTSWANA;CHF;6332.723729908924
425;JJXZc;HONDURAS;MGA;49227825.81658844
426;JJXZc;FRENCH POLYNESIA;STD;75924858.52506034
427;JJXZc;UNITED ARAB EMIRATES;RWF;7044012.1159905065
428;JJXZc;GUYANA;FJD;6450.043285766668
429;AIWYa;HONG KONG;ISK;447162.0998736245
430;AIWYa;ALBANIA;NAD;207795.4960129075
431;AIWYa;ROMANIA;KZT;18430413.940333012
432;AIWYa;NORWAY;RON;85713.78781923043
433;AIWYa;SIERRA LEONE;GNF;507135108.685472
434;AIWYa;LIBERIA;IRR;2315671459.3550835
435;AIWYa;DOMINICAN REPUBLIC;ALL;5383198.647676534
436;AIWYa;LEBANON;SLL;67363771.3085761
437;AIWYa;COLOMBIA;CZK;1012566.3139593026
438;AIWYa;SERBIA;LVL;34749.90339184122
439;AIWYa;SAMOA;AZN;93875.85658502308
440;CGGXX;ANGOLA;TWD;40946.49024254898
441;CGGXX;TANZANIA, UNITED REPUBLIC OF;MXN;25742.835851137068
442;CGGXX;OMAN;SVC;1123.0539060310834
443;CGGXX;THAILAND;CVE;33776.07325314966
444;CGGXX;COLOMBIA;DZD;70236.46356795555
445;CGGXX;MEXICO;ALL;49754.113592877904
446;GHNWW;PAKISTAN;RON;10437.386498122556
447;GHNWW;BANGLADESH;BYR;225640549.22749913
448;GHNWW;LATVIA;IDR;10560359.980428685
449;GHNWW;DOMINICAN REPUBLIC;NPR;446104.2907035947
450;GHNWW;CHINA;BWP;111196.4496884281
451;GHNWW;JAMAICA;PEN;37755.29138052565
452;GHNWW;BELIZE;RON;16719.083184204228
453;GHNWW;CHINA;LKR;478796.50525640283
454;CFGc3;MALAWI;UAH;2329851.5440680045
455;CFGc3;TAIWAN, PROVINCE OF CHINA;CAD;35139.61542181739
456;CFGc3;HONG KONG;SBD;615732.257754504
457;CFGc3;INDONESIA;MGA;83979949.17934991
458;CFGc3;CENTRAL AFRICAN REPUBLIC;BIF;49988886.9570413
459;CFGc3;INDONESIA;PGK;190368.67635785966
460;CFGc3;SIERRA LEONE;NGN;17504756.225649364
461;CFGc3;PERU;LKR;16041047.621466847
462;CFGc3;MALDIVES;ISK;10697551.990042238
463;CFGc3;SOUTH AFRICA;SAR;242242.66097514896
464;CFGc3;NICARAGUA;SVC;361347.0625706473
465;CFGc3;CROATIA;SGD;19193.501086522876
466;CFGc3;NIGERIA;PLN;198032.85583123614
467;CFGc3;TAIWAN, PROVINCE OF CHINA;LRD;10087146.904153593
468;CFGc3;BRAZIL;KYD;65736.72321873506
469;CFGc3;VANUATU;GMD;2179890.238979448
470;CFGc3;NEW ZEALAND;BMD;823.8327093837604
471;CFGc3;JAMAICA;VUV;298573.89535257284
472;CFGc3;EL SALVADOR;BDT;2027699.0077509854
473;NX223;CHILE;HRK;162892.84481477755
474;NX223;SIERRA LEONE;MYR;81943.24009041113
475;MZacc;MAURITIUS;BMD;17182.900751794663
476;MZacc;SOLOMON ISLANDS;ARS;42002.688284853015
477;MZacc;BAHAMAS;PYG;179243650.93612537
478;MZacc;HONG KONG;PEN;7331.3709874323895
479;MZacc;BELARUS;PKR;4456437.500980898
480;MZacc;DOMINICA;MRO;2466025.209006864
481;MZacc;SWEDEN;SZL;67563.83038070584
482;MZacc;TRINIDAD AND TOBAGO;MGA;101141166.24480118
483;EJcc3;LIBERIA;MUR;437905.25911510416
484;EJcc3;SAUDI ARABIA;BND;20296.846659835628
485;EJcc3;MALAYSIA;KWD;167.40461105317394
486;EJcc3;ZIMBABWE;LBP;16466719.274773799
487;EJcc3;SOLOMON ISLANDS;TND;13802.215018208097
488;EJcc3;INDIA;BZD;28091.409936209853
489;EJcc3;ARUBA;TTD;110981.22321069727
490;EJcc3;ARUBA;ISK;1858077.4060737542
491;EJcc3;FRENCH POLYNESIA;SVC;59660.30470975941
492;EJcc3;YEMEN;PKR;1142503.096011215
493;EJcc3;SWITZERLAND;KRW;18416394.51463103
494;EJcc3;FRENCH POLYNESIA;CVE;532637.7180908684
495;EJcc3;GAMBIA;ZAR;122999.78862193055
496;FKKab;ANGOLA;NZD;715.2477393270484
497;FKKab;INDIA;ZAR;29244.223696809022
498;FKKab;ISRAEL;TTD;13122.737195053347
499;FKKab;JAMAICA;ZAR;27234.52950468167
500;FKKab;ETHIOPIA;BWP;7010.262692793766
501;FKKab;CZECH REPUBLIC;CYP;329.7263921806876
502;FKKab;RUSSIAN FEDERATION;SEK;21860.014341002665
503;FKKab;SAMOA;RON;6796.106741562929
504;FKKab;MAURITANIA;BND;1826.680520103756
505;FKKab;BERMUDA;AZN;608.7845011636483
506;FKKab;DENMARK;BZD;2156.9694872803207
507;FKKab;FRENCH POLYNESIA;AED;3671.731214953229
508;FKKab;NAMIBIA;IDR;682621.3001992728
509;FKKab;GHANA;VND;16951215.345082883
510;FKKab;SOUTH AFRICA;CZK;29543.433103982024
511;FKKab;ANGOLA;MXN;1775.429010525867
512;FJJKb;TOGO;SVC;526.4252447254189
513;FJJKb;GUATEMALA;YER;57349.1069715854
514;FJJKb;LIBYAN ARAB JAMAHIRIYA;BOB;1101.3695301918933
515;FJJKb;FIJI;UYU;2014.1212440841034
516;FJJKb;KOREA, REPUBLIC OF;SZL;2628.619901973249
517;FJJKb;UNITED ARAB EMIRATES;BHD;89.92777057458834
518;FJJKb;INDONESIA;CLP;269651.9438074204
519;FJJKb;INDIA;PGK;729.6602374724571
520;FJJKb;GUATEMALA;MRO;53552.50985694221
521;FJJKb;EURO;VES;6610.033714781236
522;FJJKb;MACAU;WST;836.3462924229249
523;FJJKb;RWANDA;NPR;10725.408045126052
524;FJJKb;INDIA;AOA;76865.27036392242
525;FJJKb;SERBIA;XCD;21.811080888056118
526;FJJKb;MOZAMBIQUE;PAB;89.57657165796573
527;FJJKb;MALAWI;UGX;266464.4621662369
528;FJJKb;POLAND;IDR;1328216.6930599457
529;FJJKb;LATVIA;MUR;10300.42498339847
530;FJJKb;NAMIBIA;MRO;121128.04806817652
531;DDKKX;OMAN;NPR;836363.1831953726
532;DDKKX;CHILE;QAR;5772.7908768819625
533;DDKKX;TAIWAN, PROVINCE OF CHINA;GYD;314731.09347390715
534;DDKKX;LEBANON;MRO;147796.9412835457
535;DDKKX;DOMINICA;MAD;32542.75376732166
536;DDKKX;LATVIA;SBD;28815.66944596006
537;DDKKX;SAUDI ARABIA;KZT;4345808.639283482
538;DDKKX;PAPUA NEW GUINEA;IRR;323797074.91675323
539;DDKKX;MADAGASCAR;MGA;31199992.327613585
540;DDKKX;ARUBA;AZN;4797.162622724869
541;DDKKX;GUYANA;LKR;606353.2804556275
542;DDKKX;VIET NAM;VUV;214004.8832259094
543;DDKKX;ALBANIA;AZN;11143.155865958004
544;DDKKX;CYPRUS;DJF;633761.9686642812
545;DDKKX;BRUNEI DARUSSALAM;SGD;8772.536590925147
546;DDKKX;BRAZIL;STD;193314967.82534534
547;DDKKX;NIGERIA;GBP;8053.075714441083
548;DDKKX;NORWAY;VUV;578112.0100033965
549;DDKKX;SWAZILAND;VES;49213.552007848506
550;DDKKX;MYANMAR;SLL;78169314.02228901
551;CFGKX;KENYA;NAD;461973.98459919373
552;CFGKX;BERMUDA;AZN;45338.02837403079
553;CFGKX;SRI LANKA;VUV;4006112.463395268
554;CFGKX;PANAMA;ZWL;13402423.479984917
555;CFGKX;BARBADOS;VND;720523987.8078996
556;CFGKX;SINGAPORE;UGX;163094291.21599317
557;CFGKX;FIJI;DOP;562887.8470294871
558;CFGKX;NETHERLANDS ANTILLES;UYU;1869422.9094953472
559;CFGKX;PARAGUAY;CAD;39298.500661419064
560;CFGKX;CAMBODIA;AED;30230.10666875912
561;BCV33;HUNGARY;MVR;228699.0066886161
562;BCV33;COLOMBIA;BZD;31618.121191726477
563;BCV33;BERMUDA;QAR;21007.64069044916
564;BCV33;MOROCCO;SOS;5155195.6567208525
565;BCV33;VENEZUELA;KHR;64842738.228665516
566;BCV33;AZERBAIJAN;MOP;142526.0811686007
567;BCV33;TANZANIA, UNITED REPUBLIC OF;LVL;11411.851338436123
568;BCV33;PARAGUAY;SAR;15939.914018270303
569;BCV33;JAMAICA;BND;1237.5627882280694
570;BCV33;BAHRAIN;KES;715696.063028188
571;BCV33;IRAN (ISLAMIC REPUBLIC OF);GMD;552966.3488006846
572;BCV33;ANGOLA;KWD;-58.866692879583276
573;BCV33;LIBERIA;BTN;1164664.3228903336
574;BCV33;AZERBAIJAN;AZN;7294.783133644774
575;BCV33;MOZAMBIQUE;NAD;302040.15214883204
576;BCV33;VENEZUELA;RUB;348228.11894115235
577;BCV33;SWEDEN;SOS;5254020.768320094
578;BCV33;BOLIVIA;MGA;20904575.20069441
579;BCV33;BELIZE;BYR;214957479.22212812
580;IJKM3;JAMAICA;CNY;19059.779341067006
581;IJKM3;PERU;SBD;15204.182283291997
582;IJKM3;ZIMBABWE;TTD;5586.12606115786
583;IJKM3;BRUNEI DARUSSALAM;GHS;9082.295088558983
584;IJKM3;GUATEMALA;RSD;41337.34996822237
585;IJKM3;SRI LANKA;ALL;460230.1801405532
586;IJKM3;NEW ZEALAND;LKR;1058235.3602294363
587;IJKM3;BRUNEI DARUSSALAM;TRY;90926.52873688513
588;IJKM3;MAURITIUS;MRO;1612278.5669063183
589;IJKM3;SOMALIA;KZT;1781350.3300877425
590;IJKM3;KENYA;KES;298764.98697711783
591;IJKM3;CAYMAN ISLANDS;ZMW;1615.3408644341323
592;IJKM3;CANADA;NAD;66312.01220144352
593;LLXb2;SYRIAN ARAB REPUBLIC;ZMW;-30.217211280089703
594;LLXb2;COLOMBIA;BND;115.31587576233922
595;LLXb2;JAPAN;KWD;48.22469185160369
596;LLXb2;BULGARIA;CNY;387.5238323136027
597;LLXb2;KENYA;BRL;862.8637557891007
598;LLXb2;GAMBIA;BYR;3932870.228806901
599;LLXb2;NEW ZEALAND;AWG;379.6054016066988
600;LLXb2;MAURITIUS;ZMW;1259.1689688715026
601;LLXb2;SWITZERLAND;BGN;312.47908086812197
602;LLXb2;NORWAY;CYP;0.5847914968235589
603;LLXb2;TAIWAN, PROVINCE OF CHINA;AZN;351.3607250888781
604;LLXb2;NAMIBIA;KRW;273728.1110722
605;LLXb2;SWEDEN;RUB;10152.4303309891
606;LLXb2;CAPE VERDE;LKR;54045.42987095354
607;LLXb2;FRENCH POLYNESIA;BBD;361.25243220454365
608;Xbccc;TUNISIA;SZL;25073.8627666761
609;Xbccc;ALGERIA;CAD;1564.6585974577856
610;Xbccc;SRI LANKA;AED;1235.5241317396087
611;Xbccc;CROATIA;BBD;1073.8716193716864
612;Xbccc;YEMEN;JMD;216999.76459298818
613;Xbccc;NICARAGUA;HKD;6572.904601887168
614;Xbccc;KOREA, REPUBLIC OF;XOF;742591.499476092
615;Xbccc;INDONESIA;AED;4546.027798202192
616;Xbccc;CAPE VERDE;IDR;5158215.156454239
617;Xbccc;SWEDEN;PHP;52392.34356261035
618;Xbccc;SYRIAN ARAB REPUBLIC;AUD;1432.609592032142
619;Xbccc;MEXICO;LKR;404324.366463722
620;LNNXY;TAIWAN, PROVINCE OF CHINA;SGD;2075.649489901289
621;LNNXY;PAKISTAN;PAB;2264.500092261763
622;LNNXY;SOMALIA;XCD;16410.084100288932
623;LNNXY;BAHAMAS;BTN;407888.78167022066
624;LNNXY;TOGO;RON;20339.86460078826
625;LNNXY;SUDAN;SLL;5676753.260688273
626;LNNXY;UNITED KINGDOM;TND;29656.533002170563
627;LNNXY;QATAR;ARS;605311.5016766532
628;LNNXY;THAILAND;EGP;165801.35512016204
629;LNNXY;SOMALIA;GBP;3943.6544570616384
630;LNNXY;HAITI;NPR;552790.5878955135
631;LNNXY;DOMINICAN REPUBLIC;MZN;81055.37494857052
632;LNNXY;PANAMA;BGN;10535.26018465704
633;LNNXY;DENMARK;PES;303773.5908563272
634;LNNXY;INDIA;KRW;13183367.250445558
635;LVVVY;PERU;BIF;29128210.261245284
636;LVVVY;SIERRA LEONE;SLL;45630724.83254694
637;LVVVY;COLOMBIA;ANG;42142.006310996694
638;LVVVY;DOMINICA;PEN;39129.460802751586
639;LVVVY;NICARAGUA;XCD;39949.382562493396
640;LVVVY;GAMBIA;NPR;156946.1764634812
641;LVVVY;HAITI;SEK;2315.9484439089606
642;LVVVY;DOMINICA;CAD;11628.66781343388
643;LVVVY;AZERBAIJAN;MUR;995897.5192376152
644;LVVVY;KUWAIT;FJD;19304.396821384547
645;LVVVY;MALAYSIA;RUB;1133505.4403087178
646;LVVVY;NAMIBIA;AOA;2522675.364396245
647;LVVVY;VIET NAM;PKR;117557.07927600793
648;LVVVY;MACAU;PKR;1321169.0102120158
649;LVVVY;EURO;LBP;32522170.517049626
650;LVVVY;SRI LANKA;XPF;1976689.4259234495
651;LVVVY;PERU;PLN;20426.282934366158
652;XXXYY;KAZAKHSTAN;ANG;4508.392558913415
653;XXXYY;SRI LANKA;SAR;50423.54509242794
654;XXXYY;IRAN (ISLAMIC REPUBLIC OF);EUR;7370.621234297854
655;XXXYY;BERMUDA;ALL;1237338.1692418854
656;XXXYY;TRINIDAD AND TOBAGO;UGX;49874807.77078156
657;XXXYY;ROMANIA;AWG;40285.837122820674
658;XXXYY;MAURITIUS;VUV;2059660.1723846425
659;XXXYY;TURKEY;SAR;79160.97448547397
660;BHYY1;CAPE VERDE;IQD;4564943.042225258
661;BHYY1;MALDIVES;KYD;2341.88582957824
662;BHYY1;MEXICO;KRW;635335.9864470409
663;BHYY1;DOMINICAN REPUBLIC;VND;6642133.261020609
664;BHYY1;HAITI;CZK;39190.59256364871
665;BHYY1;CAYMAN ISLANDS;PEN;7372.11713629863
666;BHYY1;NIGERIA;SZL;20575.5565725165
667;EEEWb;FRENCH POLYNESIA;AOA;1191849.7174808623
668;EEEWb;NEPAL;PHP;108802.6943625918
669;EJNW2;ALGERIA;ARS;4005590.1357576656
670;EJNW2;ROMANIA;BWP;36533.118380461776
671;EJNW2;GAMBIA;MYR;170205.15241623117
672;EJNW2;NEW ZEALAND;XAF;19135950.885583043
673;EJNW2;BRAZIL;LVL;4435.344361092629
674;EJNW2;BAHRAIN;TRY;211546.05913849536
675;EJNW2;SWAZILAND;EGP;55563.716814343745
676;EJNW2;IRAN (ISLAMIC REPUBLIC OF);MOP;78619.73908495302
677;EJNW2;KOREA, REPUBLIC OF;DJF;263372.2115400157
678;Jbbb1;UKRAINE;ETB;129361.3139331623
679;Jbbb1;UKRAINE;BBD;633.0655013240013
680;Jbbb1;BOLIVIA;BRL;11003.625243788634
681;CFGJ2;IRAQ;MZN;1174323.8741629848
682;CFGJ2;NICARAGUA;ISK;1950779.4083884526
683;CFGJ2;MAURITIUS;ZAR;551273.5139629871
684;CFGJ2;JORDAN;KHR;108073454.07475965
685;CFGJ2;QATAR;BSD;32649.245090815162
686;CFGJ2;BOLIVIA;PKR;6271355.5249588415
687;CFGJ2;TANZANIA, UNITED REPUBLIC OF;TRY;354144.09173418174
688;CFGJ2;MALAYSIA;BRL;93452.09869666534
689;CFGJ2;HONDURAS;SLL;249053176.54379708
690;CFGJ2;SUDAN;SGD;35297.094945363104
691;CFGJ2;BOTSWANA;NIO;842778.3094583026
692;CFGJ2;EURO;RSD;3274997.078431567
693;CFGJ2;PAPUA NEW GUINEA;TZS;57621884.11084962
694;CCGIY;AUSTRALIA;QAR;10729.256675413571
695;CCGIY;GUINEA;BMD;7565.011271626284
696;CCGIY;BULGARIA;EGP;148060.88133920316
697;CCGIY;SAO TOME AND PRINCIPE;EUR;4544.800409054688
698;CCGIY;AUSTRALIA;TND;24746.47303856164
699;CCGIY;UNITED ARAB EMIRATES;HTG;1176894.1988909186
700;EEVc1;SWEDEN;AUD;5055.19171882431
701;EEVc1;ICELAND;PES;53261.24390439765
702;EEVc1;SEYCHELLES;CLP;2900532.111055648
703;EEVc1;JAPAN;PAB;4875.84392438808
704;EEVc1;ISRAEL;VUV;221156.4559164767
705;EEVc1;BELIZE;LYD;2206.5131031083956
706;EEVc1;BOLIVIA;XAF;-6070.736977721433
707;EEVc1;BAHRAIN;COP;20230988.770316917
708;EEVc1;SRI LANKA;LYD;8787.725882106637
709;EEVc1;DOMINICAN REPUBLIC;CVE;25259.552946527638
710;EEVc1;NORWAY;SDG;1514248.263071311
711;EEVc1;YEMEN;LRD;527317.9612034104
712;EEVc1;NEW ZEALAND;SVC;15157.909303629769
713;EEVc1;CZECH REPUBLIC;SVC;25481.094397443925
714;EEVc1;DJIBOUTI;LAK;90207221.77626346
715;EEVc1;TUNISIA;OMR;92.82698027168759
716;EEVc1;DOMINICA;AOA;646335.9818255834
717;DGGLN;DOMINICA;SRD;6550.737996227551
718;DGGLN;COLOMBIA;BHD;650.7447114719715
719;DGGLN;LAO PEOPLE'S DEMOCRATIC REP;EGP;49370.128259246056
720;CZZbb;SAO TOME AND PRINCIPE;GMD;722596.7338608074
721;CZZbb;TONGA;SCR;43628.27121238491
722;CZZbb;TAIWAN, PROVINCE OF CHINA;TRY;253919.02395362416
723;CZZbb;DOMINICAN REPUBLIC;EGP;220354.04779538527
724;AILb2;PARAGUAY;GYD;142726.3229576057
725;AILb2;BULGARIA;LVL;307.90831350192707
726;AILb2;ALGERIA;HRK;11401.252304223037
727;AILb2;BANGLADESH;MZN;95306.45723771834
728;AILb2;JAMAICA;MWK;784025.2168861374
729;AILb2;SWAZILAND;TZS;3511391.98557269
730;AILb2;PERU;ISK;184141.24228157863
731;AILb2;BARBADOS;XPF;104243.16378293699
732;DDDXY;GAMBIA;COP;4481793.895255357
733;DDDXY;SOUTH AFRICA;QAR;4350.734919482229
734;DDDXY;UKRAINE;OMR;505.66885898666624
735;DDDXY;MOZAMBIQUE;PHP;33727.0761389317
736;DDDXY;RWANDA;DZD;44872.623092444825
737;DDDXY;BURUNDI;CYP;272.60061369458003
738;DDDXY;CAPE VERDE;LRD;147488.91109579906
739;DDDXY;LATVIA;KZT;412047.8722096597
740;DDDXY;NIGERIA;EUR;762.7448238301606
741;DDDXY;CZECH REPUBLIC;MUR;11665.947688828379
742;DDDXY;INDIA;PEN;5681.234819726771
743;DDDXY;TUNISIA;BBD;2640.3402541408527
744;DDDXY;FRENCH POLYNESIA;HKD;6013.32245286793
745;DDDXY;ZAMBIA;GTQ;8571.467066399044
746;DDDXY;THAILAND;HTG;84206.17865356378
747;DDDXY;OMAN;RSD;63135.62249804994
748;DDDXY;SURINAME;EGP;21235.628891916054
749;BMWc1;SOUTH AFRICA;DZD;981612.4991232648
750;BMWc1;SAO TOME AND PRINCIPE;BGN;5891.10564351804
751;BMWc1;LEBANON;ETB;276912.55936809105
752;BMWc1;SAMOA;TZS;13858333.461700449
753;BMWc1;VANUATU;VES;138727.59289819968
754;BMWc1;KOREA, REPUBLIC OF;ZWL;5524466.076904823
755;BMWc1;QATAR;AZN;7978.55403601334
756;BMWc1;PAPUA NEW GUINEA;KES;683207.9647003505
757;BMWc1;SURINAME;BHD;1107.5842346178404
758;BMWc1;MALAWI;SBD;5312.113840939812
759;BMWc1;HONDURAS;NPR;403375.873971208
760;BMWc1;BARBADOS;DZD;705931.4676793506
761;BMWc1;BELIZE;PLN;43103.49392259057
762;BMWc1;DOMINICAN REPUBLIC;GBP;7739.873838658372
763;BMWc1;HONG KONG;ISK;921869.7071198582
764;BMWc1;SERBIA;TRY;183060.97665815297
765;BMWc1;DOMINICAN REPUBLIC;CRC;120229.83382617657
766;BMWc1;LATVIA;UGX;25367603.95053714
767;BMWc1;ARUBA;STD;212880530.57765117
768;BMWc1;SOLOMON ISLANDS;ARS;823511.9745371925
769;BEKNZ;GHANA;SAR;1428.6804746939329
770;BEKNZ;ARUBA;SAR;490.34907473378667
771;BEKNZ;MADAGASCAR;THB;12641.518696751074
772;BEKNZ;EL SALVADOR;MRO;165362.4690575688
773;BEKNZ;INDIA;TOP;562.276545692781
774;BEKNZ;ALGERIA;PYG;421156.74300507904
775;BEKNZ;VIET NAM;LRD;44595.31943486269
776;BEKNZ;TONGA;QAR;1780.2065680110532
777;BEKNZ;HAITI;WST;392.66904948916937
778;BEKNZ;PAKISTAN;BWP;-26.805789665273586
779;BEKNZ;LIBERIA;CVE;18157.22809017392
780;BEKNZ;COSTA RICA;INR;19200.77665734687
781;MMb23;MALAYSIA;NGN;5763.8006502973285
782;MMb23;MALDIVES;PGK;134.2889916866146
783;MMb23;NAMIBIA;CVE;1311.238680981841
784;MMb23;ICELAND;KYD;1.0014809930282698
785;MMb23;HONDURAS;MVR;427.9084143030205
786;MMb23;QATAR;BGN;5.047039690862218
787;MMb23;CROATIA;TZS;65237.67029998381
788;MMb23;NEW ZEALAND;VND;360618.1400660615
789;MMb23;MALAYSIA;BZD;41.62936240440753
790;MMb23;INDIA;DOP;2489.035159592698
791;MMb23;BOTSWANA;RSD;710.566463735994
792;MMb23;SAMOA;SLL;363586.6891502965
793;MMb23;BURUNDI;SBD;205.69580686184204
794;MMb23;ZIMBABWE;JPY;246.83235015610455
795;MMb23;EL SALVADOR;THB;607.14314547747
796;MMb23;MALAYSIA;CYP;2.113014548237009
797;MMb23;DOMINICAN REPUBLIC;ETB;1239.209178101093
798;MMb23;SRI LANKA;CRC;15328.66400512832
799;MMb23;DOMINICA;LBP;59946.987648054
800;ANYZb;GUATEMALA;MOP;357.9589440811673
801;ANYZb;NETHERLANDS ANTILLES;MVR;-3.9898506187901983
802;ANYZb;SYRIAN ARAB REPUBLIC;SVC;210.06933958803006
803;ANYZb;SAUDI ARABIA;BSD;25.837856493487827
804;ANYZb;INDIA;LBP;109313.40055829484
805;ANYZb;SRI LANKA;SEK;634.699430881018
806;ANYZb;PERU;CAD;252.58341912625625
807;ANYZb;ANGOLA;AOA;19091.316012842904
808;ANYZb;BURUNDI;YER;10193.967402532458
809;ANYZb;CENTRAL AFRICAN REPUBLIC;BMD;157.51346079440347
810;ANYZb;BAHRAIN;AZN;141.42220422512554
811;ANYZb;LIBERIA;KZT;25483.242969237253
812;ANYZb;TANZANIA, UNITED REPUBLIC OF;GBP;108.01593429774533
813;ANYZb;SOUTH AFRICA;GBP;36.83127597387228
814;ANYZb;TONGA;TND;79.8856665949697
815;BCJMN;MALAWI;EUR;4012.746039959327
816;BCJMN;SIERRA LEONE;HTG;47742.72645159324
817;BCJMN;PAPUA NEW GUINEA;ALL;340240.48813311616
818;BCJMN;TOGO;ZMW;16784.872304591358
819;BCJMN;BULGARIA;CHF;4186.821186578427
820;BCJMN;SWEDEN;PHP;76470.9443938348
821;BCJMN;TUNISIA;SVC;72005.10262792645
822;BCJMN;SYRIAN ARAB REPUBLIC;BOB;29519.900401054616
823;BCJMN;MOZAMBIQUE;ISK;1505150.9280646895
824;BCJMN;DENMARK;GMD;291122.70554871706
825;BCJMN;DOMINICA;LBP;1642540.6175945178
826;BCJMN;MADAGASCAR;UGX;10808283.834817888
827;BCJMN;KAZAKHSTAN;MZN;367309.7126278139
828;BCJMN;PHILIPPINES;SDG;4536168.13513823
829;BCJMN;MYANMAR;SOS;6043857.307231086
830;BCJMN;MYANMAR;MAD;69088.65235544884
831;BCJMN;BOLIVIA;BYR;124207482.32146917
832;BCJMN;SWAZILAND;CVE;974219.1476529789
833;BCJMN;ARGENTINA;BTN;599718.9387275166
834;BCJMN;ANGOLA;MGA;19990187.33205378
835;CNbc3;EURO;AOA;31721.043215239402
836;CNbc3;VANUATU;KES;217786.39511011727
837;CNbc3;ARUBA;LAK;3140695.3365005953
838;CNbc3;KAZAKHSTAN;PLN;2866.47625534407
839;CNbc3;CZECH REPUBLIC;BSD;365.55813217372315
840;CNbc3;MALAWI;HKD;269.48149072327146
841;CNbc3;MALAYSIA;MVR;29339.16709577176
842;CNbc3;SRI LANKA;UAH;49662.899253636104
843;CNbc3;VANUATU;KES;75577.56372884258
844;CNbc3;CHILE;BYR;21108632.562426537
845;CNbc3;JORDAN;TWD;15540.563120328563
846;CNbc3;MEXICO;HRK;3296.520669067256
847;CNbc3;LEBANON;CRC;1113381.7035262214
848;CNbc3;ARUBA;PLN;7708.686144560825
849;CNbc3;VANUATU;NZD;1463.8566872274253
850;CNbc3;UNITED KINGDOM;BZD;3583.8434001833066
851;ENV12;CROATIA;XOF;1644492.566787748
852;ENV12;MALDIVES;HRK;84133.03605231739
853;ENV12;ICELAND;SOS;2286940.5536815254
854;ENV12;MYANMAR;TTD;73670.54593206839
855;ENV12;AUSTRALIA;BZD;12867.396969903588
856;ENV12;GUATEMALA;SBD;34122.39658469373
857;ENV12;RWANDA;DOP;689106.5805717551
858;ENV12;MADAGASCAR;KRW;1967091.1847259991
859;ENV12;PANAMA;RUB;223987.23794302877
860;ENV12;ANGOLA;GMD;751239.1902065923
861;ENV12;TONGA;BMD;9493.659362310906
862;ENV12;ARGENTINA;AUD;3523.1274896267755
863;ENV12;ARGENTINA;EUR;5480.963688082855
864;ENV12;COLOMBIA;GMD;54536.999161675776
865;AJJJa;KAZAKHSTAN;HTG;-510.1610435652763
866;AJJJa;ZIMBABWE;TND;4467.070776107804
867;AJJJa;GUYANA;NAD;36062.503106160344
868;AJJJa;PERU;SCR;28500.378930961895
869;AJJJa;GAMBIA;THB;115764.77847715172
870;AJJJa;IRAN (ISLAMIC REPUBLIC OF);BSD;1708.201389777012
871;AJJJa;DJIBOUTI;PHP;343358.6164838067
872;BEHHa;IRAQ;SBD;6604.487496150198
873;BEHHa;KUWAIT;IQD;2911979.661154174
874;BEHHa;QATAR;AOA;730612.7780984548
875;CHJYc;HAITI;BND;291.36170015716846
876;CHJYc;MADAGASCAR;PES;514799.71978508885
877;CHJYc;GUATEMALA;ZAR;24915.43560336718
878;CHJYc;EL SALVADOR;COP;12257430.139885666
879;CHJYc;UKRAINE;PHP;147375.21556956987
880;CHJYc;POLAND;DOP;91339.76639562474
881;CHJYc;BAHAMAS;PAB;3814.1354162182247
882;CHJYc;GAMBIA;ALL;257363.5784835719
883;CHJYc;MAURITANIA;PLN;8367.26082663791
884;CHJYc;VIET NAM;ZWL;778791.6985769666
885;CHJYc;SERBIA;BND;966.0357510914482
886;GGKW3;SAMOA;ETB;1162778.327583435
887;GGKW3;COLOMBIA;NIO;684545.1811740329
888;GGKW3;TURKEY;SRD;757582.5263319862
889;GGKW3;KOREA, REPUBLIC OF;GHS;124992.00673982284
890;GGKW3;BHUTAN;PYG;71382042.99072924
891;GGKW3;MYANMAR;ANG;12147.631737826048
892;GGKW3;GAMBIA;BBD;16473.708909779085
893;GGKW3;TAIWAN, PROVINCE OF CHINA;AUD;25878.711233427748
894;GGKW3;TOGO;UGX;318885.3827246104
895;GGKW3;AUSTRALIA;ETB;314224.77850426
896;GGKW3;MYANMAR;HRK;112194.4663136053
897;GGKW3;ALGERIA;MUR;528868.7672764311
898;GGKW3;HUNGARY;ANG;30070.881666246398
899;GGKW3;QATAR;RWF;8677150.751338666
900;BCEGa;BRUNEI DARUSSALAM;BWP;386763.27357275545
901;BCEGa;PANAMA;COP;126750079.12254742
902;BCEGa;BRAZIL;NOK;38816.64172121299
903;BCEGa;PAPUA NEW GUINEA;RON;53039.36291223638
904;BCEGa;LAO PEOPLE'S DEMOCRATIC REP;INR;2177677.136069279
905;BCCEE;SUDAN;SYP;1192715.6342316472
906;BCCEE;UGANDA;BYR;1148638.2561266243
907;BCCEE;CAPE VERDE;BIF;9920219.884233296
908;BCCEE;EL SALVADOR;XAF;1377892.6414927065
909;BCCEE;KUWAIT;HTG;685486.4156544382
910;BCCEE;LEBANON;THB;123280.91084779405
911;BCCEE;MAURITIUS;UYU;213807.89144041398
912;BCCEE;PARAGUAY;COP;24482722.431878906
913;BDLW3;NEW ZEALAND;MXN;96764.49922390074
914;BDLW3;INDONESIA;SVC;31136.959294341006
915;BDLW3;SERBIA;MXN;10956.320653465771
916;BDLW3;SUDAN;GHS;64273.25046612611
917;BDLW3;SURINAME;RSD;280781.3812268756
918;BDLW3;GUYANA;UAH;107153.73644958678
919;BDLW3;CANADA;ARS;282535.0638919986
920;BDLW3;BANGLADESH;MYR;10372.51055040145
921;BDLW3;NETHERLANDS ANTILLES;AUD;6242.124455256816
922;BDLW3;UKRAINE;ZWL;2148099.5287522036
923;BGGLM;CYPRUS;BZD;3389.230792091815
924;BGGLM;BARBADOS;TRY;67054.93196105165
925;BGGLM;PERU;BZD;1589.1205640786227
926;BGGLM;SIERRA LEONE;LAK;66512358.0022543
927;BGGLM;TRINIDAD AND TOBAGO;KYD;253.68411729964606
928;BGGLM;URUGUAY;MVR;34215.78984000636
929;BGGLM;INDONESIA;TRY;20228.73150882691
930;BGGLM;HONDURAS;NAD;29573.629007894036
931;BGGLM;FRENCH POLYNESIA;GBP;1727.7368566070647
932;BGGLM;PHILIPPINES;TZS;394833.0631836884
933;BGGLM;TURKEY;LBP;3793206.0846913476
934;BGGLM;JORDAN;SVC;18926.799208885535
935;BGGLM;BURUNDI;KHR;10113358.6904708
936;BGGLM;SAO TOME AND PRINCIPE;QAR;2836.66463822408
937;BGGLM;INDONESIA;CVE;383068.67563388305
938;DLWYb;SOUTH AFRICA;MOP;666.3901912301349
939;DLWYb;ANGOLA;IRR;3028280.457600912
940;DLWYb;BULGARIA;BYR;1824598.9411619916
941;DLWYb;RUSSIAN FEDERATION;LRD;627.4945845109804
942;DLWYb;INDIA;HNL;2620.7777021272486
943;DLWYb;JORDAN;LAK;1020238.0148158133
944;JJ112;ARGENTINA;ANG;1985.2389388933273
945;JJ112;COSTA RICA;ILS;2270.706199897331
946;JJ112;PERU;CRC;587636.748463312
947;JJ112;SWITZERLAND;LRD;167989.60905179213
948;JJ112;CROATIA;JMD;104191.2589176826
949;JJ112;BELARUS;CHF;372.4113175800953
950;JJ112;PERU;JMD;65757.7058942761
951;JJ112;FRENCH POLYNESIA;BDT;22803.018202671177
952;JJ112;RWANDA;PHP;21427.41416513352
953;JJ112;YEMEN;MVR;16110.283743192029
954;JJ112;BRUNEI DARUSSALAM;SLL;14524520.117335014
955;JJ112;EL SALVADOR;BHD;12.037041135595794
956;JJ112;VIET NAM;SAR;4604.94709594396
957;JJ112;UNITED KINGDOM;SAR;1513.3475499852336
958;JJ112;DENMARK;ANG;416.13063574606946
959;JJ112;KAZAKHSTAN;PES;188181.51969766823
960;BV112;ARGENTINA;NZD;19289.88427449161
961;BV112;OMAN;OMR;1340.1455557437089
962;BV112;SWEDEN;CLP;5100463.824753739
963;BV112;GHANA;PEN;45631.69528963654
964;BV112;TAIWAN, PROVINCE OF CHINA;BRL;106065.93239110602
965;BV112;MOZAMBIQUE;ZAR;85032.08216064422
966;BV112;MOZAMBIQUE;MZN;772151.2380205339
967;BV112;PHILIPPINES;KWD;407.0052206582344
968;BV112;MADAGASCAR;ARS;6942146.918275182
969;BV112;NEW ZEALAND;VES;551759.6250076423
970;BV112;SIERRA LEONE;HTG;264006.83863760484
971;BV112;MALDIVES;ISK;1841424.095462849
972;BV112;RWANDA;LRD;1960322.6039655127
973;BV112;PARAGUAY;XAF;25370834.525819276
974;BV112;IRAN (ISLAMIC REPUBLIC OF);LRD;5125597.449180022
975;BV112;BELARUS;ETB;158473.97469544422
976;KKXa2;BANGLADESH;RSD;341470.997718581
977;KKXa2;MACAU;ZMW;127828.05529565859
978;KKXa2;CAPE VERDE;HTG;720548.3159777855
979;KKXa2;FIJI;BIF;16929016.08566187
980;KKXa2;URUGUAY;DKK;60844.82658272063
981;KKXa2;EL SALVADOR;BRL;1057.418746278455
982;KKXa2;AZERBAIJAN;XPF;672083.5453908924
983;KKXa2;TOGO;ARS;1753465.0264956239
984;KKXa2;PAKISTAN;TOP;11067.69265202491
985;KKXa2;UNITED KINGDOM;VUV;127107.28834662311
986;KKXa2;SOMALIA;MWK;5109312.317475759
987;KKXa2;VANUATU;CAD;5042.438138688633
988;KKXa2;EL SALVADOR;TZS;12206432.033037558
989;KKXa2;SYRIAN ARAB REPUBLIC;DZD;1048795.4332549789
990;KKXa2;SWAZILAND;SVC;59981.78797776773
991;KKXa2;DOMINICAN REPUBLIC;MVR;44598.57067423472
992;KKXa2;VENEZUELA;KWD;1278.5251502414235
993;BGKLW;KOREA, REPUBLIC OF;DJF;1873952.375455083
994;BGKLW;SRI LANKA;KZT;2818712.4676247537
995;BGKLW;KOREA, REPUBLIC OF;KRW;8806695.813208928
996;BGKLW;BARBADOS;AED;36147.848029042936
997;BGKLW;NIGERIA;PKR;1730495.5607561306
998;BGKLW;PANAMA;MGA;20265193.245534275
999;BGKLW;DOMINICA;CLP;3857608.406328859
1000;BGKLW;BULGARIA;MUR;10577.003299741864
1001;BGKLW;LIBERIA;MVR;129875.94584480379
1002;BGKLW;UGANDA;SCR;125036.03170635001
1003;BGKLW;BRUNEI DARUSSALAM;AED;17550.74206798667
1004;BGKLW;VIET NAM;MRO;3064624.374557823
1005;BGKLW;RUSSIAN FEDERATION;BBD;21589.514023583313
1006;BGKLW;ARGENTINA;KWD;2584.6942514147813
1007;HLNYZ;UGANDA;PKR;287282.7585703318
1008;HLNYZ;HONG KONG;BDT;169122.16747046373
1009;HLNYZ;IRAN (ISLAMIC REPUBLIC OF);LBP;348539.99126942817
1010;HLNYZ;BHUTAN;GTQ;6769.644956893725
1011;BEXXY;HAITI;NIO;101483.31354246616
1012;BEXXY;HAITI;CRC;2730933.1728745876
1013;BEXXY;CAYMAN ISLANDS;BRL;5492.840308013619
1014;BEXXY;ANGOLA;LRD;332880.3040715137
1015;BEXXY;EGYPT;BOB;322.430329380225
1016;BEXXY;CAMBODIA;CRC;2072020.6248329564
1017;BEXXY;GUYANA;BBD;10769.830391600875
1018;BEXXY;SAO TOME AND PRINCIPE;SDG;-33612.898767153965
1019;BEXXY;BOTSWANA;CYP;3380.1110111043677
1020;BEXXY;PHILIPPINES;GNF;25565494.84252423
1021;BEXXY;GUYANA;RWF;6535352.364577658
1022;BEXXY;BULGARIA;JOD;1160.6708117995229
