;Client;Country;Currency;Transaction
0;HIV13;AUSTRALIA;SRD;1844.5144374428965
1;HIV13;UGANDA;DKK;491.65010024530307
2;HIV13;PARAGUAY;MVR;125.03186071238086
3;HIV13;INDIA;MXN;348.7640318057977
4;HIV13;CENTRAL AFRICAN REPUBLIC;BYR;440011.57178357133
5;HIV13;SIERRA LEONE;ETB;1640.553533168168
6;HIV13;BELARUS;NPR;333.6514186132995
7;HIV13;MALDIVES;BWP;377.11364704628
8;HIV13;CZECH REPUBLIC;SAR;189.89945957400846
9;HIV13;PAKISTAN;TTD;186.57674216513692
10;HIV13;ARUBA;SYP;19206.67560647253
11;HIV13;SINGAPORE;PES;8691.967442261848
12;HIV13;SIERRA LEONE;LVL;31.487471181074984
13;ABCFX;FIJI;HTG;186782.05290305894
14;ABCFX;INDIA;NOK;38424.34975070183
15;ABCFX;CZECH REPUBLIC;GMD;200972.69847919195
16;ABCFX;TRINIDAD AND TOBAGO;THB;129032.27509692698
17;ABCFX;EGYPT;CVE;384915.67907093256
18;ABCFX;BRUNEI DARUSSALAM;BZD;3058.5318863121793
19;ABCFX;POLAND;CLP;162104.04670586556
20;ABCFX;SWITZERLAND;BDT;278284.9506738847
21;ABCFX;CZECH REPUBLIC;NZD;5397.979159453134
22;ABCFX;CHILE;MYR;696.6760369923828
23;ABCFX;MACAU;XAF;1564393.1076109826
24;ABCFX;SYRIAN ARAB REPUBLIC;BBD;1512.7267968439294
25;ABCFX;COLOMBIA;SDG;1687167.676944764
26;ABCFX;BAHRAIN;CZK;38407.992839953185
27;ABCFX;SAO TOME AND PRINCIPE;BND;5551.954906161732
28;ABCFX;MALAWI;BDT;48661.394752420434
29;IKKM2;MAURITIUS;RSD;148424.17447664493
30;IKKM2;CENTRAL AFRICAN REPUBLIC;KWD;653.6593995923863
31;IKKM2;DENMARK;SLL;38974293.80164138
32;IKKM2;CZECH REPUBLIC;JOD;481.64001381157135
33;IKKM2;SRI LANKA;IRR;37566072.02645287
34;IKKM2;PERU;YER;599057.8638569353
35;IKKM2;JAMAICA;RON;10299.668196196923
36;IKKM2;EGYPT;XOF;1010219.762119584
37;IKKM2;NETHERLANDS ANTILLES;PYG;6014834.108507454
38;IKKM2;AZERBAIJAN;TWD;28902.495156602963
39;IKKM2;FIJI;TWD;49022.78267586048
40;IKKM2;CHINA;ARS;295506.9993673225
41;BIJVb;MOROCCO;IRR;160277963.79055318
42;BIJVb;BRUNEI DARUSSALAM;PHP;207334.64010276124
43;BIJVb;ANGOLA;MZN;320133.77516540425
44;BIJVb;TAIWAN, PROVINCE OF CHINA;ZWL;4308851.238286662
45;BIJVb;MOROCCO;KYD;3234.8466609556895
46;BIJVb;CHINA;BSD;409.16453265861696
47;BIJVb;MOROCCO;XAF;2537257.951717315
48;BIJVb;CENTRAL AFRICAN REPUBLIC;ILS;11938.695987543426
49;BIJVb;SWAZILAND;LKR;1239439.708448876
50;BIJVb;TOGO;ZAR;35842.14120081022
51;BIJVb;ARGENTINA;ZWL;1483217.1266225718
52;BIJVb;ZIMBABWE;MGA;6268634.406412597
53;BIJVb;TUNISIA;BHD;2465.30063959228
54;BIJVb;MALAWI;NAD;21367.43033125225
55;BIJVb;CAPE VERDE;AUD;648.424358426762
56;BIJVb;SAMOA;PLN;23051.39909523285
57;BIJVb;CHINA;ALL;483330.3185528937
58;BIJVb;TANZANIA, UNITED REPUBLIC OF;PGK;13595.509581400755
59;ACKWY;PAPUA NEW GUINEA;XAF;7551942.649089601
60;ACKWY;GUINEA;QAR;40848.16071248491
61;ACKWY;HONDURAS;HKD;84678.68645554665
62;ACKWY;LIBERIA;RUB;880818.0216775557
63;ACKWY;ROMANIA;SYP;1584735.3404824913
64;FFKKZ;SERBIA;MRO;3892987.592361666
65;FFKKZ;THAILAND;LKR;2549489.016853212
66;FFKKZ;INDONESIA;XAF;2689500.6332282675
67;FFKKZ;BAHAMAS;NOK;85456.49078347573
68;FFKKZ;CANADA;NZD;16883.581178362376
69;FFKKZ;LIBYAN ARAB JAMAHIRIYA;PLN;47611.712951772526
70;FFKKZ;ALGERIA;CVE;996873.1453941362
71;FFKKZ;NICARAGUA;OMR;1245.511379191193
72;FFKKZ;GAMBIA;BRL;2254.234115157387
73;FFKKZ;MYANMAR;WST;15700.257356612476
74;FFKKZ;ZAMBIA;INR;115302.66316042382
75;FFKKZ;CANADA;SEK;29701.396311217042
76;FFKKZ;INDIA;SCR;59952.49481285689
77;FFKKZ;CZECH REPUBLIC;GYD;1476223.9231032429
78;FFKKZ;SAUDI ARABIA;SRD;277455.8847221939
79;FFKKZ;LIBERIA;RUB;202584.2792572924
80;FFKKZ;INDONESIA;EGP;163509.5901831288
81;FFKKZ;SWEDEN;IDR;121278461.67973077
82;FFKKZ;BAHAMAS;IRR;6957837.890933938
83;CKW11;BURUNDI;CAD;7870.622436078993
84;CKW11;BOLIVIA;CYP;3548.8533344329235
85;CKW11;BAHAMAS;PES;2441602.6906974963
86;CKW11;SWITZERLAND;PHP;294960.4061959517
87;CKW11;MEXICO;GHS;9333.286803663566
88;CKW11;NETHERLANDS ANTILLES;PES;2408149.388504721
89;CKW11;SOLOMON ISLANDS;TOP;1400.81219704853
90;CKW11;SAO TOME AND PRINCIPE;AED;26148.436548650396
91;CKW11;SWITZERLAND;MMK;3549571.668007833
92;CKW11;SUDAN;SRD;47422.22668346205
93;CKW11;SURINAME;ARS;2071986.8355512244
94;CKW11;MALAWI;AOA;503225.13515012455
95;CKW11;KENYA;BOB;20339.00635378623
96;CKW11;SIERRA LEONE;HTG;169076.0820268227
97;DENNa;ALGERIA;CVE;326527.85702992993
98;DENNa;MALAYSIA;QAR;7119.861720529494
99;DENNa;HONG KONG;HNL;48213.55215249577
100;DENNa;HAITI;VND;19959203.803701356
101;DENNa;BAHRAIN;MUR;90920.26483347727
102;DENNa;UNITED KINGDOM;AED;9979.200227440902
103;DENNa;UKRAINE;CZK;12128.76904487815
104;DENNa;ICELAND;SRD;10469.731328803422
105;DENNa;SRI LANKA;AZN;2878.5992554836967
106;DENNa;SOUTH AFRICA;TWD;97685.85057479072
107;DENNa;CAYMAN ISLANDS;BYR;5126077.59301584
108;DENNa;SURINAME;OMR;1352.6953015579084
109;DENNa;SINGAPORE;DOP;61300.33987084101
110;DENNa;MADAGASCAR;BYR;26057561.09783052
111;DENNa;TURKEY;AED;11245.111218475771
112;GINW3;JORDAN;SRD;32613.20907111033
113;GINW3;SOLOMON ISLANDS;SCR;29990.755475399943
114;GINW3;SIERRA LEONE;GHS;15475.466038962684
115;GINW3;NICARAGUA;DZD;286229.5463711357
116;GINW3;BELIZE;MMK;3005652.042017099
117;GINW3;COSTA RICA;RUB;136977.38002173902
118;GINW3;MALAYSIA;LYD;4015.532102039915
119;GINW3;CHILE;MXN;30625.827659185798
120;GINW3;PHILIPPINES;AZN;3905.455019280963
121;ABY12;TONGA;MZN;-349.0847734760986
122;ABY12;GUATEMALA;GYD;392512.4118368108
123;ABY12;HUNGARY;GYD;45517.43440863663
124;CLVX3;GUATEMALA;PEN;421.0721705563364
125;CLVX3;MAURITANIA;GMD;14399.081226397038
126;CLVX3;ARGENTINA;ZAR;33547.83472074732
127;CLVX3;NORWAY;LYD;10297.472588661256
128;CLVX3;SINGAPORE;KWD;21.337569663038458
129;CLVX3;CHINA;TZS;4226401.917945402
130;CLVX3;PANAMA;MOP;17463.3108037138
131;CLVX3;BERMUDA;HUF;40211.52494459467
132;CLVX3;BHUTAN;BSD;251.83171198238938
133;CLVX3;SERBIA;TOP;1564.7745184150822
134;CLVX3;SURINAME;TOP;3109.7560812304073
135;CLVX3;BERMUDA;RUB;115667.80804617173
136;CLVX3;CZECH REPUBLIC;ILS;7167.4726987819995
137;CLVX3;ROMANIA;DOP;80140.30428231276
138;CLVX3;DJIBOUTI;XPF;149393.61941745444
139;CLVX3;CHINA;BBD;381.4474651638467
140;CLVX3;SURINAME;CZK;33555.415552503466
141;CLVX3;MOROCCO;RSD;170354.29699427212
142;CLVX3;JAPAN;QAR;8279.888312620378
143;ABB23;MAURITANIA;GMD;87814.30751292048
144;ABB23;ALBANIA;XAF;1531793.19167873
145;ABB23;CAPE VERDE;MMK;2876948.8260446843
146;ABB23;ETHIOPIA;BMD;1293.8129804973462
147;ABB23;NEPAL;KZT;2146554.8353748
148;ABB23;TOGO;SOS;1204469.322825943
149;ABB23;HONDURAS;BYR;-516258.5752508594
150;ABB23;HAITI;PGK;8961.0353258302
151;DEHM2;AZERBAIJAN;CYP;4155.639153894025
152;DEHM2;FRENCH POLYNESIA;LYD;23910.44891916665
153;DEHM2;BELARUS;SOS;3276565.5577965328
154;DEHM2;SOLOMON ISLANDS;SGD;2394.864148253803
155;DEHM2;SURINAME;OMR;2171.1576862655743
156;DEHM2;VIET NAM;TTD;8623.532901875862
157;DEHM2;NEW ZEALAND;TOP;17678.558860836984
158;BM122;COSTA RICA;ILS;991.840424423568
159;BM122;SAMOA;ALL;389732.87634254363
160;BM122;TAIWAN, PROVINCE OF CHINA;XCD;24312.883202758418
161;BM122;DOMINICA;CVE;1399180.729509961
162;BM122;PHILIPPINES;GNF;871625.7533839146
163;BM122;EURO;QAR;45049.662774070996
164;BM122;BAHAMAS;SYP;3541853.544703394
165;BM122;TRINIDAD AND TOBAGO;SRD;169688.08654842863
166;BM122;DENMARK;ZMW;69807.11537891749
167;AIIII;THAILAND;PYG;43179583.720504366
168;AIIII;BAHAMAS;HNL;100246.63965994355
169;AIIII;FIJI;TWD;160085.38971922375
170;AIIII;VANUATU;MUR;244167.75691540955
171;AIIII;HONDURAS;KYD;917.4876331751134
172;Lbc12;AZERBAIJAN;MOP;11470.214074114403
173;Lbc12;FIJI;CLP;3870341.8622805434
174;Lbc12;BAHAMAS;INR;16772.84712005303
175;Lbc12;ROMANIA;AWG;637.2340059656677
176;Lbc12;NORWAY;GTQ;5860.12757524952
177;Lbc12;TUNISIA;SYP;1183338.792345304
178;Lbc12;VIET NAM;CNY;4119.594469539741
179;Lbc12;SIERRA LEONE;SOS;989030.9626208065
180;Lbc12;KOREA, REPUBLIC OF;SGD;5973.959160400934
181;Lbc12;DENMARK;NOK;15609.517189397317
182;Lbc12;GAMBIA;MWK;3632749.774497809
183;Lbc12;THAILAND;ALL;83511.07924763761
184;Lbc12;DOMINICAN REPUBLIC;PEN;3226.3017679170002
185;Lbc12;UGANDA;CLP;1024159.6802380373
186;Lbc12;LIBYAN ARAB JAMAHIRIYA;DOP;161139.50231180686
187;Lbc12;CYPRUS;AUD;1573.0516672694384
188;Lbc12;SOLOMON ISLANDS;BYR;49441305.9464945
189;Lbc12;ETHIOPIA;SOS;2043300.120661213
190;GJY33;SYRIAN ARAB REPUBLIC;GHS;13295.420442796583
191;GJY33;COLOMBIA;SDG;151017.91285093664
192;GJY33;MYANMAR;DOP;137379.98619388338
193;GJY33;CENTRAL AFRICAN REPUBLIC;MOP;1076.1464702198907
194;GJY33;CYPRUS;NGN;927872.9683808727
195;GJY33;LEBANON;BGN;3727.1990005720795
196;GJY33;BOTSWANA;DJF;429213.0645933311
197;GJY33;ANGOLA;BBD;1536.1156319581037
198;ABEWa;DENMARK;XPF;-3646.5539661030775
199;ABEWa;PAPUA NEW GUINEA;LRD;603518.8376441428
200;ABEWa;UKRAINE;AED;21744.180768217713
201;ABEWa;LATVIA;PKR;1070863.7148378685
202;ABEWa;SIERRA LEONE;RWF;5770404.8658505
203;ABEWa;DOMINICAN REPUBLIC;MZN;342455.49476788053
204;ABEWa;ALGERIA;SCR;14090.629439932816
205;ABEWa;COLOMBIA;PYG;17731303.680479303
206;ABEWa;BOLIVIA;EGP;118198.36844916333
207;ABEWa;PHILIPPINES;CHF;2386.287256363428
208;ABEWa;TOGO;SEK;41149.61042474571
209;ABEWa;SAMOA;IQD;8263326.1523711495
210;ABEWa;BHUTAN;MZN;86457.20626755684
211;ABEWa;EGYPT;LAK;90874055.87925631
212;ABEWa;CYPRUS;TWD;19232.878744269383
213;ABEWa;INDONESIA;ISK;267977.0191951112
214;CWbc2;BANGLADESH;LAK;24146050.61407521
215;CWbc2;TRINIDAD AND TOBAGO;NOK;18935.317146552283
216;CWbc2;VIET NAM;VUV;170393.336913977
217;CWbc2;TURKEY;SOS;801550.4936488981
218;CWbc2;BERMUDA;DOP;111027.37458670328
219;CWbc2;NETHERLANDS ANTILLES;ETB;48540.59533790142
220;CWbc2;JAPAN;AWG;2410.160197031675
221;CWbc2;MALAYSIA;COP;2011170.9644901229
222;CWbc2;BARBADOS;AOA;307485.530312395
223;CWbc2;CANADA;BOB;6316.400927438987
224;CWbc2;SWEDEN;SOS;225626.2195135628
225;CWbc2;SOUTH AFRICA;PKR;184597.52204142825
226;CWbc2;NAMIBIA;KWD;186.85202888398373
227;CWbc2;TRINIDAD AND TOBAGO;NOK;16418.22894158327
228;CWbc2;INDONESIA;BIF;3599223.996256401
229;CWbc2;SAUDI ARABIA;THB;49842.12237562102
230;CWbc2;SWEDEN;BBD;4021.0317198828584
231;CWbc2;SIERRA LEONE;MAD;9102.615144630692
232;AABKV;CAMBODIA;KYD;2756.7796388672577
233;AABKV;SEYCHELLES;MOP;27243.08246027417
234;AABKV;LEBANON;STD;24696215.677485187
235;AABKV;LEBANON;FJD;5881.980451038817
236;AABKV;NIGERIA;GYD;44522.62505187378
237;AABKV;SOMALIA;WST;8573.921801295714
238;AABKV;POLAND;KWD;554.7023996426395
239;AABKV;KOREA, REPUBLIC OF;BMD;1783.2163529010381
240;AABKV;HUNGARY;BOB;2596.1014904884605
241;AABKV;HAITI;NOK;14596.967071959354
242;AABKV;JAPAN;BGN;2694.3571186693957
243;AABKV;THAILAND;BMD;3431.8082387008926
244;AABKV;IRAN (ISLAMIC REPUBLIC OF);BHD;1187.220283258898
245;AABKV;SYRIAN ARAB REPUBLIC;ALL;388540.71684884717
246;AABKV;ARUBA;BMD;1170.7122166699621
247;ABW11;NETHERLANDS ANTILLES;DZD;771255.1894003007
248;ABW11;NEPAL;CLP;511716.45521434187
249;ABW11;SOUTH AFRICA;SBD;38626.493975410514
250;ABW11;INDIA;ALL;680851.3796313469
251;ABW11;TONGA;CHF;3503.2024718488647
252;ABW11;IRAQ;CZK;37915.08860692294
253;ABW11;BHUTAN;LBP;3682235.649544462
254;ABW11;EURO;IQD;685871.4162990868
255;ABW11;OMAN;TTD;36657.183017753734
256;ABW11;BHUTAN;BTN;451719.0630375011
257;ABW11;PAPUA NEW GUINEA;PKR;1458209.4854359867
258;ABW11;GHANA;TZS;3445414.460474057
259;ABW11;ARUBA;HKD;36663.876250396104
260;ABW11;ARGENTINA;JOD;2567.3212358665223
261;ABW11;TRINIDAD AND TOBAGO;CVE;697132.3594169911
262;ABW11;MAURITIUS;CLP;2887586.9451057795
263;ABW11;COSTA RICA;JPY;616109.1804413266
264;ABW11;MOROCCO;LKR;216595.82960628695
265;ABW11;DOMINICAN REPUBLIC;PEN;4077.871443878484
266;ABW11;BELARUS;DZD;544527.3684768425
267;EGKWZ;NETHERLANDS ANTILLES;KHR;2566407.2108961605
268;EGKWZ;BOTSWANA;BGN;1295.534984626359
269;EGKWZ;URUGUAY;AED;1154.167064855048
270;EGKWZ;UKRAINE;MMK;339887.9372663666
271;EGKWZ;OMAN;COP;820444.0577491162
272;EGKWZ;POLAND;ALL;45461.28327370984
273;EGKWZ;GHANA;XAF;14426.658304011187
274;EGKWZ;YEMEN;SBD;2817.413379754516
275;EGKWZ;TRINIDAD AND TOBAGO;INR;47378.307102869025
276;EGKWZ;NETHERLANDS ANTILLES;MXN;4618.122682993426
277;EGKWZ;GUYANA;MUR;30618.275093608783
278;EGKWZ;ICELAND;HUF;271985.0132127746
279;EGKWZ;SOUTH AFRICA;HRK;3261.2957769165
280;EGKWZ;INDONESIA;MXN;13468.119487375785
281;BDHVc;DOMINICA;OMR;1090.504386980593
282;BDHVc;HAITI;NOK;42137.25586691158
283;BDHVc;MYANMAR;TOP;8231.822356375627
284;BDHVc;BAHAMAS;XPF;545504.4410650159
285;BDHVc;INDONESIA;MXN;57922.62215421377
286;BDHVc;DOMINICAN REPUBLIC;BND;3886.6879448137583
287;GXZZ2;EGYPT;THB;229035.6117303247
288;GXZZ2;BAHRAIN;BOB;77800.45259933898
289;GXZZ2;SAO TOME AND PRINCIPE;SLL;69267644.54542774
290;GXZZ2;SAO TOME AND PRINCIPE;GYD;539183.3266226923
291;GXZZ2;SWITZERLAND;ANG;8884.80549904388
292;GXZZ2;BELARUS;DOP;215557.09145727495
293;GXZZ2;HONG KONG;KRW;10961763.099569649
294;GXZZ2;VENEZUELA;TZS;14169995.321307287
295;GXZZ2;LAO PEOPLE'S DEMOCRATIC REP;RSD;1200834.1543682087
296;GXZZ2;BELIZE;NPR;778260.801714214
297;GXZZ2;VENEZUELA;JOD;3475.321334781799
298;GXZZ2;SIERRA LEONE;BDT;249394.57240595727
299;AFKY2;RUSSIAN FEDERATION;DJF;3195478.5883574286
300;AFKY2;MALAYSIA;MAD;186172.35810163117
301;AFKY2;SOMALIA;DOP;326069.8502459383
302;AFKY2;INDIA;QAR;54088.021062204454
303;AFKY2;NEW ZEALAND;BMD;4772.942745700378
304;AXWWc;SOMALIA;SYP;14443653.374076275
305;AXWWc;RWANDA;ISK;1885252.063397465
306;AXWWc;EL SALVADOR;BWP;182514.7503326976
307;AXWWc;UNITED ARAB EMIRATES;IDR;146126551.46109995
308;AXWWc;CENTRAL AFRICAN REPUBLIC;JPY;1897377.1700791847
309;AXWWc;CENTRAL AFRICAN REPUBLIC;MZN;1642071.3016701639
310;AXWWc;BOTSWANA;YER;1899306.415148601
311;AXWWc;ZIMBABWE;HKD;180647.1742177218
312;AXWWc;ISRAEL;ZAR;110575.07712385818
313;AXWWc;SOUTH AFRICA;YER;6815209.539180628
314;AXWWc;BELIZE;XOF;22236693.087091334
315;AXWWc;GUATEMALA;BZD;57621.348301756574
316;CFLLX;BANGLADESH;ZAR;116124.84175327384
317;CMMWb;LIBYAN ARAB JAMAHIRIYA;NAD;26979.42192840834
318;CMMWb;MAURITANIA;DKK;2654.768217426046
319;CMMWb;RWANDA;HTG;56316.88922984779
320;CMMWb;EGYPT;CHF;1086.1250558923912
321;CMMWb;DJIBOUTI;ZMW;9139.54081563679
322;CMMWb;PAPUA NEW GUINEA;SBD;6692.754524504475
323;CMMWb;CHINA;OMR;393.6614532588923
324;CMMWb;TOGO;ZWL;1238907.506683599
325;CMMWb;BULGARIA;BOB;5471.204501505676
326;CMMWb;JORDAN;RUB;15424.103861888894
327;CMMWb;SAMOA;LBP;2606555.0392815224
328;CMMWb;OMAN;CHF;270.00658612536733
329;CMMWb;PAPUA NEW GUINEA;LRD;420540.52535875555
330;CMMWb;TOGO;CYP;1526.0977575353743
331;CMMWb;SURINAME;AUD;4153.32631170377
332;CMMWb;MOZAMBIQUE;NAD;19243.08146464063
333;CMMWb;EGYPT;GYD;82990.81820273201
334;CMMWb;SAUDI ARABIA;ARS;316929.70136399224
335;GJXbc;BOTSWANA;MRO;-1153.3420329163316
336;DXYcc;OMAN;CAD;2322.661687580479
337;DXYcc;MALAYSIA;KWD;586.6647318728487
338;DXYcc;NEW ZEALAND;TRY;48054.86642523278
339;DXYcc;ISRAEL;CHF;937.8085251220526
340;DXYcc;EL SALVADOR;MXN;29376.240586993747
341;CHMa2;AUSTRALIA;ISK;86344.6631757096
342;JNVX3;ARUBA;SEK;12185.750110087904
343;JNVX3;PAKISTAN;SGD;2416.3553797116942
344;JNVX3;GAMBIA;AUD;1446.5149035941595
345;JNVX3;SUDAN;KYD;1247.2001386806833
346;JNVX3;UGANDA;DOP;29141.066367152485
347;JNVX3;SAMOA;ILS;7025.884896325531
348;JNVX3;ISRAEL;QAR;5120.102755292715
349;JNVX3;PARAGUAY;MGA;6336039.021217583
350;JNVX3;SAUDI ARABIA;GYD;20102.217059081966
351;JNVX3;BRUNEI DARUSSALAM;UAH;26686.228363331047
352;JNVX3;LIBYAN ARAB JAMAHIRIYA;SCR;25363.178399717566
353;JNVX3;PANAMA;WST;2542.0641526333734
354;JNVX3;INDIA;HTG;126345.28923654043
355;JNVX3;VIET NAM;BND;1279.3854348497864
356;CHVZb;THAILAND;KRW;124406.08334458765
357;CHVZb;PAPUA NEW GUINEA;SLL;11076398.118964316
358;CHVZb;MOZAMBIQUE;SAR;10694.573781677806
359;CHVZb;KAZAKHSTAN;GBP;2224.8424556884947
360;CHVZb;BHUTAN;DOP;12602.696320197672
361;CHVZb;CROATIA;TWD;44463.89994881785
362;CHVZb;THAILAND;SGD;1796.081474468213
363;HHWWY;SYRIAN ARAB REPUBLIC;KES;21016.63449525583
364;HHWWY;CHILE;CRC;83988.54764655943
365;HHWWY;TRINIDAD AND TOBAGO;PEN;1004.4935916749212
366;HHWWY;DOMINICA;KZT;304675.04722622776
367;HHWWY;BHUTAN;SEK;3571.498420421273
368;HHWWY;BERMUDA;DKK;2838.7672777088246
369;HHWWY;TAIWAN, PROVINCE OF CHINA;PES;122687.21799588816
370;HHWWY;SOMALIA;CZK;1595.0084399943562
371;HHWWY;BRAZIL;SRD;8307.26183542443
372;HHWWY;GUATEMALA;JMD;29435.01297909648
373;HHWWY;EL SALVADOR;MWK;539216.5240204332
374;HHWWY;SIERRA LEONE;CYP;237.96582201960965
375;HHWWY;MEXICO;SLL;4189004.4754765863
376;HHWWY;MAURITANIA;ZMW;3860.5326927530646
377;HHWWY;MALDIVES;AZN;656.9617200209773
378;HHWWY;LATVIA;TTD;3952.6963112483886
379;HHWWY;OMAN;ZWL;12615.271440095234
380;HHWWY;KUWAIT;MAD;5237.2903299692725
381;GMbb3;VENEZUELA;HRK;6267.623242548631
382;GMbb3;KAZAKHSTAN;MZN;384430.51528466627
383;GMbb3;KUWAIT;CRC;636449.6999823705
384;GMbb3;MYANMAR;BOB;34438.39845140525
385;GMbb3;TUNISIA;PAB;5936.850658506016
386;GMbb3;ARGENTINA;CVE;799467.4732028724
387;GMbb3;JAMAICA;SLL;131101094.81908078
388;GMbb3;HONDURAS;SBD;37473.04485202283
389;GMbb3;CAYMAN ISLANDS;VND;230248120.1603283
390;GMbb3;JAPAN;MMK;1984753.7968543079
391;GMbb3;PAPUA NEW GUINEA;SRD;104471.9734879329
392;GMbb3;MAURITIUS;PEN;30211.456154824544
393;GMbb3;HONG KONG;JMD;509680.0632762547
394;GMbb3;PAKISTAN;GBP;282.1330259521771
395;GMbb3;PERU;DKK;12499.72910213761
396;GMbb3;PANAMA;ARS;602853.5342173561
397;GMbb3;VENEZUELA;MRO;1118999.586994954
398;GMbb3;AZERBAIJAN;TRY;-1394.3519228528405
399;BELXZ;FIJI;AZN;1136.1697572162216
400;BELXZ;KOREA, REPUBLIC OF;CRC;32629.034518894186
401;BELXZ;VENEZUELA;XOF;658038.8030651002
402;BELXZ;TAIWAN, PROVINCE OF CHINA;BND;365.7043523896614
403;BELXZ;FRENCH POLYNESIA;LAK;16736263.163953675
404;BELXZ;ZIMBABWE;ZMW;19627.5400395214
405;BELXZ;LATVIA;NIO;10973.162433446298
406;BELXZ;JORDAN;DJF;255958.16080757522
407;BELXZ;SRI LANKA;MAD;16610.097112390395
408;BELXZ;BRAZIL;SEK;4258.009280674782
409;BELXZ;SWAZILAND;BND;1191.659884051014
410;BELXZ;KAZAKHSTAN;GTQ;8992.646578070064
411;BELXZ;CENTRAL AFRICAN REPUBLIC;LBP;585830.138167495
412;DMVY2;BAHRAIN;RON;36557.51944670368
413;DMVY2;TONGA;GTQ;39832.85027862094
414;DMVY2;SOUTH AFRICA;MXN;174876.68413814253
415;DMVY2;POLAND;SGD;18656.466366134016
416;DMVY2;JORDAN;SBD;8118.221295915802
417;LVa11;BANGLADESH;YER;1715405.2815517494
418;LVa11;PERU;BZD;8458.717937633388
419;LVa11;SOUTH AFRICA;SDG;2158562.3857853287
420;LVa11;NEPAL;FJD;16106.704648965635
421;LVa11;DOMINICAN REPUBLIC;AUD;3392.7297833739103
422;LVa11;BULGARIA;PKR;811740.2601848261
423;LVa11;SIERRA LEONE;CNY;47020.979976508366
424;LVa11;FIJI;PKR;1221474.25418535
425;LVa11;BELIZE;THB;8189.2309385747885
426;LVa11;BAHRAIN;FJD;13511.460238347687
427;LVa11;LATVIA;AUD;124.30020796136014
428;LVa11;NEW ZEALAND;GNF;16241471.050461397
429;LVa11;CYPRUS;OMR;341.91078466068154
430;ABEMX;NEPAL;SBD;66468.83262548623
431;ABEMX;VIET NAM;CYP;1944.2186929856825
432;ABEMX;JAPAN;MZN;891528.8697755464
433;NYZ11;EURO;MXN;75135.32300241826
434;NYZ11;DOMINICA;BTN;387043.07019523263
435;NYZ11;BRAZIL;RSD;579015.5309448193
436;NYZ11;EGYPT;CAD;8500.900508147213
437;NYZ11;ARUBA;CVE;476168.37298217556
438;NYZ11;SOMALIA;GBP;3208.012227229196
439;NYZ11;TANZANIA, UNITED REPUBLIC OF;QAR;23104.329578767807
440;NYZ11;KUWAIT;KRW;174103.0851791381
441;NYZ11;MYANMAR;BIF;10834299.461434737
442;NYZ11;URUGUAY;ARS;745051.0771291279
443;NYZ11;ALGERIA;HNL;100014.62818866028
444;NYZ11;BELARUS;XCD;9819.400078590385
445;NYZ11;CYPRUS;MGA;28525810.016321387
446;NYZ11;SYRIAN ARAB REPUBLIC;BDT;24104.338194939042
447;NYZ11;ALBANIA;NPR;854686.6886624945
448;NYZ11;DJIBOUTI;DOP;201683.83212938864
449;NYZ11;NEPAL;KES;372766.73643263616
450;CDZc1;KOREA, REPUBLIC OF;XPF;469218.0493918329
451;CDZc1;ALBANIA;BYR;20683546.776972625
452;KMNWY;SUDAN;BZD;9712.370228008755
453;KMNWY;ZIMBABWE;MXN;36481.96299919394
454;KMNWY;NORWAY;ILS;17942.199121657046
455;KMNWY;ETHIOPIA;SYP;-29356.66021898287
456;KMNWY;ARGENTINA;ALL;418206.6350759198
457;KMNWY;CHINA;BBD;7210.964639392521
458;KMNWY;NEW ZEALAND;VES;119173.67993486067
459;KMNWY;INDIA;AUD;2036.620617456425
460;KMNWY;BAHAMAS;UYU;222102.2430852369
461;KMNWY;FIJI;SYP;1734439.414978682
462;KMNWY;BOLIVIA;CRC;2929738.5647656554
463;KMNWY;NIGERIA;GMD;306554.47720235883
464;KMNWY;KAZAKHSTAN;VES;44942.34430413111
465;KMNWY;BANGLADESH;AZN;6943.874143484787
466;KMNWY;LEBANON;MXN;4921.883787321328
467;KMNWY;MACAU;NAD;71821.18116884046
468;KMNWY;KUWAIT;QAR;4258.230996064079
469;KMNWY;SAUDI ARABIA;PAB;3108.3557069189574
470;NNYac;VANUATU;NGN;2604969.19311091
471;NNYac;DENMARK;GNF;-423448.5296886673
472;NNYac;HAITI;HTG;306217.93205518083
473;NNYac;LATVIA;LAK;99612857.2376539
474;FIKV2;COSTA RICA;ILS;5441.926102806578
475;FIKV2;CYPRUS;MMK;4573998.8669222845
476;FIKV2;SINGAPORE;ANG;3303.6903462440623
477;FIKV2;NORWAY;VND;10493964.001500294
478;FIKV2;SRI LANKA;SZL;24439.658132624434
479;FIKV2;NORWAY;LBP;4291240.627214535
480;FIKV2;ARGENTINA;VND;48966721.725043
481;FIKV2;MALDIVES;SZL;32439.940354711915
482;FIKV2;CHILE;KHR;9631992.986083742
483;FIKV2;BANGLADESH;ALL;314076.39219901623
484;FIKV2;CZECH REPUBLIC;ARS;475649.4556516041
485;FIKV2;SOLOMON ISLANDS;TRY;50720.54307621783
486;FIKV2;NETHERLANDS ANTILLES;CNY;528.6278309211231
487;FIKV2;SUDAN;DOP;101289.35993155852
488;FIKV2;ETHIOPIA;VND;39515255.24304894
489;FIKV2;BANGLADESH;HUF;372261.9181501957
490;FIKV2;SWITZERLAND;MAD;29039.24872280087
491;FIKV2;SAUDI ARABIA;XOF;727361.0706545673
492;FIKV2;BHUTAN;FJD;2511.124267419405
493;FIKV2;URUGUAY;LRD;51152.87492780229
494;BJYa2;CYPRUS;AOA;441245.98422309104
495;BJYa2;MADAGASCAR;BDT;20771.29445678025
496;BJYa2;LIBYAN ARAB JAMAHIRIYA;JOD;332.11766747082237
497;BJYa2;MACAU;SZL;13181.438660788976
498;BJYa2;JAPAN;RWF;69959.47677004483
499;BJYa2;CANADA;CLP;760202.9188880874
500;BJYa2;AUSTRALIA;GMD;54917.688201674275
501;BJYa2;BOTSWANA;CZK;12383.254533285804
502;BJYa2;BOTSWANA;TRY;7123.446785434036
503;BJYa2;SYRIAN ARAB REPUBLIC;HKD;1937.1632335528202
504;BJYa2;SEYCHELLES;BOB;4045.413335781637
505;CDEaa;SERBIA;LKR;650896.9029176873
506;CDEaa;TRINIDAD AND TOBAGO;SLL;70939953.21094082
507;CDEaa;AUSTRALIA;TTD;12217.489441679678
508;CDEaa;RWANDA;NIO;118643.47781140776
509;CDEaa;BURUNDI;TWD;32940.88945860811
510;CDEaa;GHANA;LRD;258634.18157136685
511;CDEaa;HONDURAS;VND;135065536.92700818
512;CDEaa;MOROCCO;CZK;3421.886073927328
513;CDEaa;GHANA;LYD;24056.296027506138
514;CDEaa;BOLIVIA;ZWL;187051.37604320495
515;CDEaa;ISRAEL;HKD;23397.776560411847
516;CDEaa;UNITED ARAB EMIRATES;AOA;105799.78314616099
517;CDEaa;AUSTRALIA;ETB;229602.5706482725
518;DDEZ2;SIERRA LEONE;IRR;31374861.51462179
519;DDEZ2;DOMINICAN REPUBLIC;ARS;337153.15796261816
520;DDEZ2;SYRIAN ARAB REPUBLIC;GTQ;41280.28578689472
521;DDEZ2;NORWAY;NIO;201293.69815063156
522;DDEZ2;PHILIPPINES;KZT;2394877.3219056632
523;DDEZ2;IRAN (ISLAMIC REPUBLIC OF);CNY;32761.850709967577
524;DDEZ2;RWANDA;GHS;34917.0208959418
525;DDEZ2;HUNGARY;FJD;6511.4119525371
526;DDEZ2;GUATEMALA;CNY;37378.68573911723
527;DDEZ2;SIERRA LEONE;PAB;4716.880534826201
528;DDEZ2;CAYMAN ISLANDS;ISK;819322.2812271626
529;DDEZ2;SOMALIA;LKR;1378903.1823703088
530;DDEZ2;SAO TOME AND PRINCIPE;MGA;1783093.7619260591
531;DDEZ2;ALGERIA;CVE;154472.51990529895
532;DDEZ2;BOTSWANA;BTN;216301.59846477152
533;DDEZ2;ISRAEL;STD;110867368.16177736
534;DDEZ2;OMAN;VES;121834.47027454287
535;DDEZ2;ARUBA;BHD;114.41149197257653
536;DDEZ2;EL SALVADOR;RON;14959.076970498096
537;DDEZ2;THAILAND;PYG;15383598.2682163
538;DFXX1;PAKISTAN;MOP;5032.425864547451
539;DFXX1;MADAGASCAR;BSD;1628.798579093887
540;CVW13;SWEDEN;UGX;1039617.0225779681
541;CVW13;NAMIBIA;HUF;77414.4103393462
542;CVW13;NICARAGUA;VUV;178078.96840672859
543;CVW13;GUINEA;KES;9516.883666347354
544;CVW13;PAPUA NEW GUINEA;SZL;16919.097159796424
545;CVW13;FRENCH POLYNESIA;TND;2845.752288750501
546;CVW13;GUATEMALA;TTD;8661.796135512952
547;CVW13;BURUNDI;BZD;408.7953312730192
548;CVW13;UKRAINE;BRL;8615.378008890822
549;CVW13;KENYA;MZN;56642.96177488781
550;CVW13;SYRIAN ARAB REPUBLIC;BYR;23986078.6999548
551;CVW13;DOMINICA;TZS;889300.815342017
552;CVW13;OMAN;ARS;39447.127145334176
553;CVW13;AUSTRALIA;YER;63012.102790898614
554;AXacc;CAPE VERDE;CRC;582938.8815679129
555;AXacc;COSTA RICA;ZWL;1503124.660106511
556;AXacc;FIJI;RON;4030.5279854819873
557;AXacc;KENYA;SZL;38094.048611601225
558;GMcc2;JORDAN;BIF;19450577.267564163
559;GMcc2;DJIBOUTI;CYP;270.07111160920704
560;BEXW3;BOLIVIA;BMD;536.9802997600109
561;BEXW3;MEXICO;TZS;2723985.656830931
562;BEXW3;LIBERIA;CYP;162.56193466075
563;CHKK2;BOTSWANA;HKD;91188.87413534588
564;CHKK2;ANGOLA;HUF;6752018.970566339
565;CHKK2;JAMAICA;HTG;1806483.4863345297
566;CHKK2;PAKISTAN;BIF;130288.29740767746
567;CHKK2;AZERBAIJAN;PKR;204584.2546221465
568;CHKK2;NETHERLANDS ANTILLES;NZD;18968.313164526004
569;CHKK2;GUINEA;CYP;4716.2548323891515
570;CHKK2;PAKISTAN;BDT;328538.8900242776
571;CHKK2;SINGAPORE;IRR;407825924.14464885
572;CHKK2;NEW ZEALAND;NAD;104928.72209454968
573;CHKK2;NICARAGUA;AZN;8543.97988324359
574;CHKK2;KOREA, REPUBLIC OF;SAR;16784.259590217127
575;CHKK2;URUGUAY;LKR;2477657.819498831
576;CHKK2;BERMUDA;HKD;42539.65657508732
577;CHKK2;SWEDEN;KZT;2977070.7025095564
578;CHKK2;LEBANON;PEN;45001.955971952586
579;CHKK2;SWEDEN;RUB;879351.179377506
580;AEFKM;NORWAY;EUR;186.32834867434985
581;AEFKM;VENEZUELA;ISK;309652.6718410246
582;KMZb3;EL SALVADOR;VUV;170716.02400217188
583;KMZb3;BELARUS;ETB;12633.087156247402
584;KMZb3;QATAR;HKD;3577.392034330626
585;KMZb3;BULGARIA;MOP;2073.119811225953
586;KMZb3;SAUDI ARABIA;KRW;390831.48803094774
587;KMZb3;URUGUAY;TRY;12060.421106632222
588;KMZb3;BURUNDI;ZWL;826159.8003554328
589;KMZb3;FIJI;BRL;1303.7995135077738
590;KMZb3;EURO;ALL;226044.1197280096
591;KMZb3;PARAGUAY;PYG;1732247.0629362902
592;KMZb3;SRI LANKA;CVE;221669.81164916325
593;KMZb3;SAUDI ARABIA;SLL;29137178.173961297
594;KMZb3;MADAGASCAR;PHP;46592.17835147836
595;BKLNZ;HONDURAS;BTN;106391.53478533257
596;BKLNZ;MOROCCO;HTG;1977506.1929905666
597;BKLNZ;TOGO;XCD;45890.92301098638
598;BKLNZ;ISRAEL;SVC;84263.43560274749
599;BKLNZ;HONDURAS;CRC;3692123.940686855
600;BKLNZ;FIJI;IRR;129388392.91992357
601;BKLNZ;YEMEN;AZN;23505.651394092212
602;BKLNZ;MAURITANIA;SGD;21388.08447209008
603;BKLNZ;MADAGASCAR;BMD;4080.6412887784786
604;BKLNZ;AZERBAIJAN;JPY;2102488.327807539
605;BKLNZ;GUATEMALA;BIF;18684747.567316342
606;BKLNZ;NETHERLANDS ANTILLES;BDT;1606823.0407224703
607;BKLNZ;ISRAEL;CVE;129363.36010053997
608;BKLNZ;BULGARIA;XPF;900266.2548933026
609;BKLNZ;BANGLADESH;NGN;3162934.7881603986
610;JLLVc;EURO;HRK;4966.605874917124
611;JLLVc;CANADA;BHD;446.5319970611129
612;JLLVc;MACAU;AOA;698013.9685418028
613;JLLVc;UNITED ARAB EMIRATES;LYD;571.1103923222826
614;JLLVc;CAMBODIA;DZD;81005.68043414172
615;JLLVc;SAO TOME AND PRINCIPE;NOK;13566.76389249642
616;JLLVc;ALGERIA;ISK;44343.520771249285
617;JLLVc;ARGENTINA;KHR;4462289.19612684
618;JLLVc;BOTSWANA;ZWL;791765.2319732112
619;JLLVc;FRENCH POLYNESIA;PYG;8499021.835865488
620;JLLVc;BULGARIA;PAB;1252.792720268716
621;JLLVc;NAMIBIA;BSD;80.19192454459956
622;JLLVc;OMAN;TRY;13257.789155520753
623;JLLVc;UGANDA;MZN;27899.553227588123
624;JLLVc;ETHIOPIA;MUR;46975.12983745104
625;BWZc3;SERBIA;CYP;2171.0268643006634
626;BWZc3;COLOMBIA;SGD;6253.997353695406
627;BWZc3;COSTA RICA;CNY;23588.38367391692
628;BWZc3;CAPE VERDE;KRW;512703.9505024375
629;BWZc3;SERBIA;MRO;1324649.3881854028
630;BWZc3;CZECH REPUBLIC;SAR;1519.0215969817416
631;BWZc3;ARGENTINA;SLL;45489632.26072773
632;BWZc3;MEXICO;BBD;3308.9703292468457
633;BWZc3;ARGENTINA;SCR;56642.050343401126
634;BWZc3;MOZAMBIQUE;HRK;25538.14908037281
635;BWZc3;COSTA RICA;BSD;909.5903934064495
636;BWZc3;SIERRA LEONE;BOB;7327.5715651543105
637;BWZc3;MALDIVES;LRD;602647.4287856073
638;BWZc3;BRAZIL;PGK;12814.90449922036
639;BWZc3;UKRAINE;NIO;82526.76730674625
640;BWZc3;SOUTH AFRICA;LAK;50010976.30873355
641;BWZc3;PHILIPPINES;BIF;4497449.191230218
642;BWZc3;BERMUDA;TRY;7631.90243750407
643;BWZc3;CAPE VERDE;LRD;202538.49667549744
644;BWZc3;NAMIBIA;HTG;335182.84589722985
645;HMNab;SWITZERLAND;KYD;873.109775421191
646;HMNab;INDONESIA;LBP;1574156.757885709
647;HMNab;UGANDA;JOD;1405.3505496729279
648;EVWb1;CHINA;NOK;143637.66350505332
649;EVWb1;EURO;GMD;119419.66159184219
650;EVWb1;NORWAY;MRO;5731831.2552983025
651;EVWb1;TRINIDAD AND TOBAGO;PLN;14622.144639583565
652;EVWb1;SIERRA LEONE;XAF;9993184.791317062
653;EVWb1;SURINAME;FJD;6738.5350341064495
654;KKKVZ;HONDURAS;PKR;645234.9122923805
655;KKKVZ;KUWAIT;PYG;26577828.335761745
656;KKKVZ;ARUBA;QAR;14581.66278300849
657;KKKVZ;PAPUA NEW GUINEA;MXN;80318.11614880511
658;KKKVZ;BARBADOS;KHR;5674339.895679388
659;KKKVZ;PERU;CHF;4390.145763355807
660;BCCZa;ETHIOPIA;BDT;648505.0210718622
661;BCCZa;TRINIDAD AND TOBAGO;EGP;336756.97046900843
662;BCCZa;SOLOMON ISLANDS;AED;61324.85129886243
663;BCCZa;BRUNEI DARUSSALAM;CAD;10825.212615363555
664;BCCZa;UGANDA;LYD;77051.60152430103
665;BCCZa;JORDAN;XOF;9884793.282566456
666;BCCZa;LAO PEOPLE'S DEMOCRATIC REP;LAK;24461382.61378289
667;BCCZa;LAO PEOPLE'S DEMOCRATIC REP;EUR;4984.441507070198
668;BCCZa;VENEZUELA;GBP;11989.69505631903
669;BCCZa;SWAZILAND;SGD;9206.020016351687
670;BCCZa;CROATIA;IRR;83606789.10648005
671;BCCZa;NORWAY;PAB;17182.69128287092
672;BCCZa;BRUNEI DARUSSALAM;DJF;1603718.2837591986
673;ILac3;AUSTRALIA;VES;2947.5774299853724
674;ILac3;ETHIOPIA;ISK;3066.5874332951516
675;ILac3;MALDIVES;SDG;14797.094124665886
676;ILac3;SOMALIA;UAH;1058.9209223988828
677;ILac3;IRAQ;BIF;76586.38432196669
678;ILac3;ARGENTINA;SLL;3087664.9724617368
679;ILac3;JORDAN;CNY;67.35856588816267
680;ILac3;SOLOMON ISLANDS;EGP;1908.5465374703447
681;ILac3;SUDAN;NAD;842.253080480423
682;ILac3;KUWAIT;DJF;10856.132289631378
683;ILac3;KENYA;RUB;10509.840208291589
684;ILac3;INDIA;NAD;1280.7876659196581
685;ILac3;TANZANIA, UNITED REPUBLIC OF;VES;230.31620805179915
686;AGIKc;ETHIOPIA;LBP;1128178.252006604
687;AGIKc;DJIBOUTI;GTQ;4766.480206562854
688;AGIKc;EURO;GNF;6889181.182806476
689;AGIKc;UNITED ARAB EMIRATES;PES;173913.00285161057
690;AGIKc;KUWAIT;ILS;3005.280467747151
691;AGIKc;NAMIBIA;CRC;557847.9340692316
692;AGIKc;PHILIPPINES;THB;17200.832597768578
693;AGIKc;CANADA;BDT;73177.27386085306
694;AGIKc;CAPE VERDE;QAR;2440.2747494303326
695;AGIKc;KUWAIT;MOP;1443.8427207099448
696;MVXWW;CAYMAN ISLANDS;BDT;198570.4867295931
697;MVXWW;DOMINICA;YER;106951.79091663228
698;MVXWW;SAUDI ARABIA;PKR;951095.4711477491
699;MVXWW;NEPAL;UYU;23770.03383717932
700;MVXWW;LEBANON;NGN;1344567.5682495849
701;MVXWW;KUWAIT;HRK;24777.217796396595
702;MVXWW;SINGAPORE;UAH;52559.473314801726
703;MVXWW;LEBANON;NZD;7359.474412269763
704;MVXWW;AZERBAIJAN;RWF;1440175.1278131094
705;MVXWW;MAURITIUS;ZWL;1325010.7038447156
706;MVXWW;MADAGASCAR;NGN;2224570.666388244
707;MVXWW;NETHERLANDS ANTILLES;MMK;1661266.9497539152
708;MVXWW;IRAQ;PKR;975459.289364926
709;MVXWW;BOLIVIA;GTQ;3897.2018167730066
710;MVXWW;UNITED ARAB EMIRATES;MUR;31415.909850074488
711;MVXWW;CANADA;COP;24615825.042278066
712;MVXWW;HUNGARY;PGK;-28.43147875668923
713;FZb22;SURINAME;ETB;1822500.6358903935
714;FZb22;NAMIBIA;ARS;6711044.578871388
715;FZb22;CZECH REPUBLIC;NAD;555593.575350518
716;FZb22;SOMALIA;DOP;1318885.345547511
717;FZb22;UGANDA;HNL;718421.2700780546
718;FZb22;DOMINICAN REPUBLIC;STD;467113513.7955576
719;FZb22;FRENCH POLYNESIA;SVC;146177.13766570968
720;FZb22;SAO TOME AND PRINCIPE;PES;4728296.104960903
721;FZb22;KOREA, REPUBLIC OF;BGN;16409.053678728986
722;BBNWZ;TURKEY;KWD;171.93473024525974
723;BBNWZ;OMAN;OMR;141.70867275505574
724;BBNWZ;NICARAGUA;SDG;224012.29717578526
725;BBNWZ;INDONESIA;IRR;10324176.11547556
726;BBNWZ;SUDAN;TTD;718.3469998321871
727;BBNWZ;ALGERIA;XAF;37355.79943633066
728;BBNWZ;MOROCCO;BGN;1205.1218531259794
729;BBNWZ;EGYPT;BRL;1809.5188194645311
730;HHLV2;CYPRUS;IDR;203928298.4993175
731;HHLV2;EURO;MWK;15610501.213889182
732;HHLV2;TOGO;BMD;12034.667639421345
733;HHLV2;CAMBODIA;BGN;6782.753100974012
734;HWZ22;ZAMBIA;UGX;6622169.447567045
735;HWZ22;CZECH REPUBLIC;HRK;9711.518292474588
736;HWZ22;SWEDEN;LBP;1008202.0997331735
737;HWZ22;GUATEMALA;GYD;29808.23097173713
738;HWZ22;LAO PEOPLE'S DEMOCRATIC REP;UAH;27191.194074056817
739;HWZ22;UKRAINE;MUR;2870.0197263449736
740;HWZ22;ALGERIA;BYR;34662071.33787685
741;HWZ22;DENMARK;PEN;8135.353641370359
742;HWZ22;LEBANON;NGN;99826.86491431968
743;HWZ22;GAMBIA;UAH;40686.823485812965
744;HWZ22;ZIMBABWE;SGD;1551.2237132876608
745;HWZ22;KENYA;SGD;37.11199165691918
746;CEEFY;PHILIPPINES;YER;893857.3914968739
747;CEEFY;URUGUAY;BWP;9553.28901957586
748;CEEFY;NICARAGUA;TOP;2563.474160240241
749;CEEFY;ISRAEL;STD;38743354.613696165
750;EJVc1;TOGO;BHD;-132.05555278314154
751;EJVc1;ETHIOPIA;AUD;56097.312286311644
752;EJVc1;NIGERIA;GHS;135830.6745133919
753;EJVc1;MAURITANIA;CAD;37795.307450045024
754;EJVc1;BULGARIA;BBD;64863.180828098535
755;EJVc1;IRAQ;BND;9568.19786585762
756;EJVc1;RUSSIAN FEDERATION;CRC;17387865.443646587
757;EJVc1;FRENCH POLYNESIA;LVL;29127.615930869117
758;EJVc1;AZERBAIJAN;AED;67069.58970581488
759;EJVc1;CAMBODIA;CRC;23734655.689687476
760;EJVc1;EGYPT;WST;107107.18128280046
761;EJVc1;GUINEA;ANG;249.11569280791755
762;EJVc1;CAPE VERDE;SOS;11385173.099317566
763;EJVc1;BANGLADESH;WST;54094.13648490033
764;EJVc1;DOMINICA;VND;618971103.8628203
765;EJVc1;TANZANIA, UNITED REPUBLIC OF;DOP;710463.3877314012
766;EJVc1;SOLOMON ISLANDS;NAD;811232.9441632186
767;EJVc1;NEPAL;DKK;298457.824433161
768;EJVc1;SRI LANKA;BSD;15875.06674899008
769;HJJ33;ZIMBABWE;MMK;190831.74448216282
770;HJJ33;ARGENTINA;SAR;826.7775633513434
771;HJJ33;PERU;CVE;21272.873174280307
772;HJJ33;ZIMBABWE;TND;739.0395532271814
773;HJJ33;HONG KONG;XPF;19806.933927027283
774;HJJ33;BULGARIA;TWD;3722.547586287402
775;HJJ33;YEMEN;HKD;1984.9593759483807
776;HJJ33;KENYA;IRR;5623507.650695596
777;HJJ33;MADAGASCAR;CZK;387.1203827000997
778;HJJ33;TURKEY;CAD;281.253482419086
779;DHYb1;ALGERIA;CRC;184484.81898915657
780;DHYb1;TONGA;PGK;22851.8836541475
781;DHYb1;JAPAN;TWD;350803.8464660705
782;DHYb1;CROATIA;HUF;692971.2140581324
783;DHYb1;EGYPT;SAR;5166.141512499962
784;DHYb1;MADAGASCAR;YER;3873073.532837853
785;DHYb1;SAMOA;XPF;1784749.7257253774
786;DHYb1;ROMANIA;BTN;759005.3269720235
787;FINZ3;TURKEY;BIF;88016971.08634293
788;FINZ3;ICELAND;KRW;77495531.98824237
789;FINZ3;MOZAMBIQUE;CZK;1059621.8365201259
790;FINZ3;DENMARK;TWD;484587.01509016426
791;FINZ3;MOZAMBIQUE;MRO;9971651.151339998
792;FINZ3;UNITED ARAB EMIRATES;AUD;38650.31698550813
793;FINZ3;UNITED ARAB EMIRATES;RON;218105.51061974774
794;FINZ3;CAMBODIA;KES;2097354.2951762006
795;FINZ3;BURUNDI;AUD;71310.12284360516
796;FINZ3;DOMINICAN REPUBLIC;GTQ;429764.25164616155
797;FINZ3;CHINA;PEN;55048.189175425345
798;CHIbc;BARBADOS;SAR;6524.085639011744
799;CHIbc;EL SALVADOR;LKR;703496.1549019194
800;CHIbc;PAPUA NEW GUINEA;BIF;3880545.9205677756
801;CHIbc;MALAWI;PES;233194.1488692484
802;CHIbc;SWEDEN;EUR;1372.3856856806842
803;CHIbc;CAMBODIA;DOP;63718.732639988644
804;CHIbc;BURUNDI;SLL;22691794.436942797
805;CHIbc;RWANDA;ZAR;29293.08303914887
806;CHIbc;PAPUA NEW GUINEA;RSD;259227.30946214675
807;CHIbc;ETHIOPIA;RUB;66064.65614835404
808;CHIbc;TURKEY;VUV;50903.131464991064
809;CHIbc;CENTRAL AFRICAN REPUBLIC;SCR;1014.3021008424854
810;ACELN;BERMUDA;HRK;108200.71636041983
811;ACELN;SWITZERLAND;SRD;501459.14183389343
812;ACELN;GAMBIA;MWK;9043432.137078917
813;EIKc3;UGANDA;EGP;23075.427165866055
814;EIKc3;CAYMAN ISLANDS;PEN;4227.477486172246
815;EIKc3;NORWAY;CLP;1273169.6668242817
816;EIKc3;AZERBAIJAN;HKD;3405.166871751914
817;EIKc3;URUGUAY;RUB;89774.45179744367
818;EIKc3;PARAGUAY;MYR;2224.962579004948
819;EIKc3;DENMARK;HNL;14043.914288169703
820;EIKc3;ZIMBABWE;IQD;1301563.8486552679
821;EIKc3;YEMEN;UGX;1430682.5647635285
822;EKZc1;UNITED ARAB EMIRATES;AZN;44022.017205117794
823;EKZc1;INDONESIA;JMD;509044.7541689306
824;EKZc1;DOMINICA;PES;322227.39620475145
825;EKZc1;RWANDA;XOF;8867430.86584858
826;EKZc1;COLOMBIA;UAH;216095.13906077784
827;EIJY1;HAITI;ALL;79283.76357106422
828;EIJY1;SRI LANKA;MXN;22226.61189002477
829;EIJY1;NETHERLANDS ANTILLES;SOS;3064141.9550258834
830;EIJY1;SERBIA;TOP;8838.421440205435
831;EIJY1;SOUTH AFRICA;BIF;2461219.7443114216
832;EIJY1;HONDURAS;LYD;24864.688290974587
833;EIJY1;NORWAY;ZAR;44592.877126627456
834;EIJY1;ZAMBIA;HKD;19554.235815574608
835;EIJY1;LAO PEOPLE'S DEMOCRATIC REP;SVC;41910.14362171414
836;DGHJ2;BULGARIA;JPY;1111873.1461608072
837;DGHJ2;SYRIAN ARAB REPUBLIC;TWD;1233051.0529741012
838;DGHJ2;ZAMBIA;DZD;1654364.0568250637
839;DGHJ2;ROMANIA;KZT;8074541.095203491
840;DGHJ2;VENEZUELA;MVR;672703.0570471603
841;DGHJ2;PERU;KHR;129875900.23007417
842;DGHJ2;LATVIA;HRK;23377.06643900848
843;DGHJ2;PERU;PGK;167632.26362365484
844;DGHJ2;TONGA;EGP;687928.0647032361
845;DGHJ2;BRUNEI DARUSSALAM;MWK;22795671.050521865
846;DGHJ2;UKRAINE;MRO;17273616.229548436
847;DGHJ2;TRINIDAD AND TOBAGO;NZD;32583.209293665786
848;DGHJ2;SOUTH AFRICA;RWF;57784184.70281374
849;DGHJ2;ICELAND;BZD;22519.932913958703
850;DGHJ2;DOMINICAN REPUBLIC;KWD;4474.298911415586
851;IIVWW;YEMEN;STD;89412010.12167948
852;IIVWW;SOMALIA;BRL;5554.1503956362885
853;IIVWW;HONG KONG;THB;119459.32331431819
854;IIVWW;KAZAKHSTAN;SOS;835046.8175000636
855;IIVWW;HAITI;UGX;10718788.938806333
856;IIVWW;CAYMAN ISLANDS;HRK;7949.842299263746
857;IIVWW;MACAU;KES;418337.6423294879
858;IIVWW;TURKEY;JMD;392036.0464033186
859;IIVWW;CROATIA;MMK;3183750.27535899
860;IIVWW;ANGOLA;SAR;75.39360434261256
861;IIVWW;VENEZUELA;SVC;32100.443791924907
862;IIVWW;CAYMAN ISLANDS;BND;2380.6493065659424
863;IIVWW;GAMBIA;SYP;481104.09917388577
864;IIVWW;NICARAGUA;TZS;4678442.110982335
865;IIVWW;BOLIVIA;BHD;508.46233736159206
866;IIVWW;GUYANA;VUV;17994.73162466704
867;CELV2;BELARUS;BHD;1258.313986768352
868;CELV2;DOMINICA;IRR;183113013.75786412
869;CELV2;EURO;MGA;24908447.72297387
870;CELV2;TAIWAN, PROVINCE OF CHINA;SLL;46884740.804111004
871;CELV2;MALAWI;PES;957211.1966433744
872;CELV2;COLOMBIA;TOP;3414.8262260686884
873;CELV2;PERU;NPR;226810.81817616193
874;CELV2;INDONESIA;PEN;9153.755173561278
875;CELV2;SRI LANKA;BOB;23305.721535002405
876;CELV2;ANGOLA;TWD;19392.666586461295
877;CELV2;ETHIOPIA;CYP;1651.97284119619
878;CELV2;LIBYAN ARAB JAMAHIRIYA;RON;623.3011569223196
879;CELV2;ANGOLA;MWK;2831149.022343138
880;CELV2;PERU;SYP;784108.6309264594
881;CELV2;ANGOLA;PGK;15387.585837360873
882;CELV2;HAITI;MRO;151688.33572246847
883;CELV2;SIERRA LEONE;RWF;1709994.8315552538
884;CELV2;BERMUDA;MWK;2908477.321517097
885;CELV2;DOMINICAN REPUBLIC;KWD;852.3526272524658
886;CELV2;SUDAN;MAD;21797.587403955393
887;IVVX2;INDONESIA;SZL;888442.5274552571
888;IVVX2;SRI LANKA;KHR;75522419.81450017
889;IVVX2;KENYA;NZD;57908.17089911678
890;IVVX2;FRENCH POLYNESIA;VUV;1603528.2927504415
891;IVVX2;HONDURAS;BND;21846.198759091174
892;IVVX2;ALGERIA;BHD;5944.509136286779
893;IVVX2;TRINIDAD AND TOBAGO;CLP;43588432.12685816
894;IVVX2;BAHAMAS;CAD;1491.9668524303695
895;IVVX2;EL SALVADOR;MGA;27484356.606347706
896;IVVX2;UNITED KINGDOM;XCD;19313.781559872565
897;IVVX2;INDIA;DZD;1076411.4975586594
898;IVVX2;BULGARIA;GMD;2871966.5778018497
899;IVVX2;CAPE VERDE;DJF;4329624.9978807205
900;IVVX2;PANAMA;GHS;421664.4431399824
901;CDDDM;SIERRA LEONE;XCD;1531.295252745011
902;CDDDM;URUGUAY;HTG;47832.129031628196
903;CDDDM;POLAND;NGN;30051.293282995746
904;CDDDM;PHILIPPINES;DZD;65995.35794513169
905;CDDDM;BERMUDA;XPF;176885.96140634047
906;CDDDM;KENYA;NIO;21323.978241395496
907;CDDDM;RWANDA;CRC;693292.747606014
908;CDDDM;MOROCCO;MVR;30427.4143639416
909;EHHKM;PERU;SGD;5516.901149438634
910;EHHKM;NORWAY;UGX;21696293.303091172
911;EHHKM;SOMALIA;HTG;966196.4453455484
912;EHHKM;MOZAMBIQUE;SDG;1889971.7710357052
913;EHHKM;CENTRAL AFRICAN REPUBLIC;ANG;10946.485257799648
914;EHHKM;TUNISIA;DZD;660982.9893594047
915;EHHKM;CYPRUS;JPY;368156.43265942665
916;BJKVX;BELARUS;EUR;51646.99274648893
917;BJKVX;MADAGASCAR;BBD;70840.18943312688
918;BJKVX;FRENCH POLYNESIA;TWD;2198085.7102815523
919;BJKVX;SAMOA;CLP;66937570.36803261
920;BJKVX;RWANDA;AWG;49672.96706701456
921;BJKVX;CHILE;KYD;75729.89616086843
922;BJKVX;SOUTH AFRICA;GHS;888599.5565788569
923;BJKVX;POLAND;CVE;2153579.2835958037
924;BJKVX;BHUTAN;AED;378300.30313899985
925;BJKVX;MACAU;NAD;397197.77764248813
926;BJKVX;BURUNDI;NPR;1879059.223343802
927;BJKVX;BERMUDA;AWG;118725.77038613253
928;CJKLY;SURINAME;VES;9200.857501235447
929;CJKLY;JORDAN;EGP;92726.54812491512
930;CJKLY;JAMAICA;BHD;2072.775558092982
931;CJKLY;NICARAGUA;BOB;595.2469158544351
932;CJKLY;AZERBAIJAN;DZD;16864.761596085154
933;CJKLY;PHILIPPINES;IDR;10798294.964284528
934;CJKLY;PHILIPPINES;BYR;90135407.1127895
935;CJKLY;PARAGUAY;BIF;11433269.133434378
936;CJKLY;ALBANIA;KHR;10109337.800641172
937;CJKLY;YEMEN;NPR;642148.9503756993
938;AAIMX;CENTRAL AFRICAN REPUBLIC;GYD;549595.629747561
939;AAIMX;SINGAPORE;LYD;30326.607139535296
940;AAIMX;CHILE;VUV;737296.0130609293
941;AAIMX;KUWAIT;KRW;5260638.1913437825
942;FFW11;SERBIA;INR;164641.66957084052
943;FFW11;ALBANIA;KZT;532589.6853833211
944;FFW11;PHILIPPINES;CNY;7464.255155939674
945;FFW11;DOMINICA;CZK;4493.206652634244
946;FFW11;MEXICO;LBP;344803.4001146795
947;FFW11;MEXICO;NPR;79809.16480566046
948;CEEGb;ALGERIA;IDR;177786082.8663267
949;CEEGb;YEMEN;ILS;12709.879523579411
950;CEEGb;BRUNEI DARUSSALAM;HNL;167432.38278144246
951;CEEGb;MYANMAR;CHF;13613.79100107805
952;CEEGb;GUYANA;LBP;15625639.88538634
953;CEEGb;MAURITIUS;HUF;5021063.075587324
954;CEEGb;SWITZERLAND;YER;3668424.516288937
955;CEEGb;ZIMBABWE;AED;22130.565818662348
956;CEEGb;YEMEN;ANG;5737.389212108526
957;CEEGb;BELARUS;SLL;188238126.75201645
958;CEEGb;UKRAINE;NIO;488184.18788974214
959;CEEGb;NICARAGUA;BTN;558181.0465666645
960;CEEGb;JORDAN;BGN;23772.963717916973
961;CEEGb;SIERRA LEONE;LAK;63338017.3915164
962;AKVWa;RWANDA;INR;71041.90168855197
963;AKVWa;ETHIOPIA;BHD;554.1554890113083
964;AKVWa;ISRAEL;TOP;1215.9580319828005
965;AKVWa;SURINAME;MYR;4743.851286498265
966;AKVWa;EGYPT;ILS;12874.439005876533
967;AKVWa;OMAN;BOB;22380.557321270273
968;AKVWa;BAHAMAS;PES;388684.6188348862
969;AKVWa;SIERRA LEONE;KZT;1648926.5965943672
970;AKVWa;TURKEY;BYR;25897057.02588917
971;AKVWa;JAMAICA;HNL;40220.220907709474
972;ADLLY;EL SALVADOR;DOP;71969.46285931012
973;ADLLY;UGANDA;BTN;143060.6148940343
974;EK233;MYANMAR;TOP;31628.63155783378
975;EK233;GUATEMALA;SZL;149080.26354403546
976;EK233;ALGERIA;TND;10181.87976652416
977;EK233;TUNISIA;MOP;122216.44104378996
978;EK233;SRI LANKA;BRL;53629.881272978324
979;EK233;NAMIBIA;DJF;1065513.3746446825
980;EK233;ZAMBIA;JPY;1155204.2893406167
981;Daaa1;TRINIDAD AND TOBAGO;ANG;1320.65661793043
982;Daaa1;URUGUAY;RUB;45198.46853231735
983;Daaa1;OMAN;DJF;8836.12115687005
984;Daaa1;RUSSIAN FEDERATION;SGD;1168.7208825670757
985;Daaa1;AZERBAIJAN;XPF;78270.48333051939
986;Daaa1;TANZANIA, UNITED REPUBLIC OF;RWF;988354.9222484647
987;GHHKK;BELIZE;NIO;176066.06374990707
988;EHYYZ;SWITZERLAND;JMD;559641.3702964776
989;EHYYZ;LATVIA;UAH;177382.74371265864
990;EHYYZ;TURKEY;YER;485330.65057993797
991;EHYYZ;CZECH REPUBLIC;MGA;16608563.3472713
992;EHYYZ;HUNGARY;BDT;463518.6015310786
993;EHYYZ;CROATIA;ARS;529929.2262445706
994;EHYYZ;SUDAN;COP;8862050.2287469
995;EHYYZ;CAMBODIA;SYP;152995.9641629349
996;EHYYZ;NIGERIA;KWD;142.77191672529543
997;HJNXc;SUDAN;SLL;796743962.0313827
998;HJNXc;HONDURAS;NOK;234122.05580817512
999;HJNXc;COLOMBIA;GBP;15355.36144319241
1000;HJNXc;MACAU;COP;167763967.35817116
1001;HJNXc;NORWAY;TOP;86531.53969563967
1002;HJNXc;TOGO;GTQ;53261.8870890208
1003;HJNXc;PAKISTAN;JMD;5626087.415515863
1004;HJNXc;ROMANIA;UGX;99612017.80329365
1005;HJNXc;LIBYAN ARAB JAMAHIRIYA;CHF;45443.97632931215
1006;CJNNV;NETHERLANDS ANTILLES;NIO;2988.2639894429904
1007;CJNNV;INDONESIA;UAH;3070.2377363026476
1008;CJNNV;ETHIOPIA;PAB;23.968876131693616
1009;CJNNV;BOTSWANA;MZN;2000.4286909018604
1010;CJNNV;BULGARIA;HTG;7552.252769225189
1011;CJNNV;UGANDA;AZN;171.61002395086152
1012;CJNNV;MOZAMBIQUE;SCR;385.34799891957505
1013;CJNNV;BERMUDA;FJD;32.374636207257666
1014;LNXaa;BHUTAN;TND;21016.86746733517
1015;LNXaa;NEPAL;KYD;9230.182858474529
1016;LNXaa;NEPAL;DJF;727895.1466069855
1017;LNXaa;RUSSIAN FEDERATION;CHF;13275.907105281054
1018;LNXaa;UGANDA;UGX;39395873.39727274
1019;LNXaa;BOTSWANA;SAR;2082.300893004264
1020;LNXaa;BRAZIL;HRK;112031.63797511645
1021;LNXaa;BERMUDA;BWP;70265.08514603552
1022;LNXaa;NEW ZEALAND;BND;20849.288604713147
1023;LNXaa;CHILE;MWK;7991416.332846916
