Client;Country;Currency;Transaction
DHHa2;UNITED KINGDOM;PHP;326553.6007883677
DHHa2;SAO TOME AND PRINCIPE;MXN;133702.8366243038
CGINb;GUINEA;PES;482973.85255847
CGINb;IRAQ;HKD;21864.966203985736
CGINb;GAMBIA;UAH;63074.99141593981
CGINb;JAPAN;BWP;4126.644751072933
CGINb;SYRIAN ARAB REPUBLIC;UAH;10890.541394776144
CGINb;HONG KONG;KWD;25.484182926735958
CGINb;LATVIA;MGA;3797968.917462546
CGINb;TRINIDAD AND TOBAGO;BZD;2122.0283826039035
CGINb;CHINA;HKD;3468.5326463818874
CGINb;RUSSIAN FEDERATION;PES;43002.937566240034
FILNY;HONG KONG;GMD;75364.65322621264
FILNY;INDONESIA;EUR;4942.705442454416
FILNY;DJIBOUTI;OMR;3140.862170770157
FILNY;ALGERIA;BIF;35472537.606878534
FILNY;KUWAIT;ZMW;210320.05192779467
FILNY;CAMBODIA;MWK;19383426.92146634
FILNY;CZECH REPUBLIC;GBP;8918.187143175359
FILNY;VANUATU;GTQ;-825.4471839680234
FILNY;CHINA;AOA;3790130.3404277423
FILNY;BRAZIL;SAR;10849.144115146759
FILNY;EURO;QAR;51157.813325529045
FILNY;JAPAN;MMK;-474721.8224765102
FILNY;ISRAEL;VND;427974951.84003013
FILNY;COLOMBIA;SDG;2432801.857169781
FILNY;MAURITIUS;RON;61416.26678375247
FILNY;MOROCCO;SGD;29038.235060390383
FILNY;DENMARK;QAR;73615.445808179
FILNY;BERMUDA;PES;2779041.4186051693
FNVYc;GAMBIA;GYD;4647634.700655221
FNVYc;PAPUA NEW GUINEA;SCR;95117.50768433652
FNVYc;CHILE;ISK;2326072.0448485706
FNVYc;LIBYAN ARAB JAMAHIRIYA;CHF;21340.871105893977
FNVYc;HONDURAS;TWD;877114.294502133
FNVYc;ANGOLA;VES;259415.99546205212
FNVYc;COLOMBIA;HKD;159178.4998522149
FNVYc;HUNGARY;BOB;148993.93765154347
FNVYc;IRAQ;PLN;76754.90294530791
FNVYc;IRAQ;KES;2287522.218609551
FNVYc;AUSTRALIA;SLL;51022291.01538899
FNVYc;NORWAY;PEN;54561.50582651496
FNVYc;GUYANA;LYD;54391.11903686185
FNVYc;BURUNDI;AOA;13737869.456284339
FNVYc;ROMANIA;MXN;418027.5320987225
EJNa1;CENTRAL AFRICAN REPUBLIC;VES;754948.1072039002
EJNa1;BELARUS;TND;44852.634409828315
EJNa1;SWITZERLAND;GTQ;258416.54835414534
EJNa1;SWITZERLAND;THB;618931.9211147089
EJNa1;EURO;NPR;3337131.019436404
EJNa1;DOMINICA;SBD;254619.3877363296
EJNa1;UGANDA;FJD;23578.413335593024
EJNa1;IRAN (ISLAMIC REPUBLIC OF);BYR;555491479.050765
EJNa1;UKRAINE;AUD;5714.194605746342
EJNa1;NEPAL;SCR;91351.17447561296
EJNa1;MALDIVES;SYP;12033172.447713643
EJNa1;YEMEN;CNY;158863.97643341048
EJNa1;DOMINICA;TTD;107498.0562216882
BGHc1;AZERBAIJAN;RON;21431.921133941087
BGHc1;GHANA;XCD;12260.80000030209
BGHc1;KUWAIT;GHS;44.20316483553502
BGHc1;INDONESIA;SZL;67307.70674187476
BGHc1;TUNISIA;TND;16014.113539489961
BGHc1;GUINEA;SYP;794443.7603723534
BGHc1;CAPE VERDE;SCR;23900.36269737083
BGHc1;CAPE VERDE;RSD;372671.8617052359
BGHc1;MALAWI;PGK;9605.815034433692
BGHc1;SRI LANKA;PES;527162.2177580331
BGHc1;HONDURAS;BMD;2241.2529715180704
AKZa3;MALDIVES;NOK;62051.09712871992
AKZa3;DENMARK;SYP;5175128.31946466
AKZa3;URUGUAY;AWG;9861.516832444826
AKZa3;DOMINICA;AED;37090.106082192804
AKZa3;AZERBAIJAN;PEN;16427.689369130432
AKZa3;CZECH REPUBLIC;CVE;985547.3215832887
AKZa3;MACAU;AWG;-215.6465522074093
AKZa3;MALAYSIA;BWP;25380.886493065464
AKZa3;TANZANIA, UNITED REPUBLIC OF;VND;277234339.5626961
AKZa3;HAITI;SZL;96802.28114623339
AKZa3;JORDAN;RUB;345734.679669316
AKZa3;NORWAY;INR;878266.8859178873
AKZa3;QATAR;MMK;809578.9304395678
AKZa3;SYRIAN ARAB REPUBLIC;HRK;47256.05922881365
AKZa3;ZIMBABWE;CLP;7290430.576104417
AKZa3;TUNISIA;AOA;1111468.0245475138
KNNWY;SRI LANKA;HTG;78031.24296621964
KNNWY;PANAMA;PES;3873669.4951649383
KNNWY;PAKISTAN;CHF;4804.567230601096
KNNWY;NIGERIA;KES;290791.2829776609
KNNWY;MOZAMBIQUE;NOK;11071.3710904748
KNNWY;GUATEMALA;RUB;343655.3258419318
BDILb;VIET NAM;THB;270924.67545359733
BDILb;SUDAN;VND;470696672.83589506
BDILb;ISRAEL;HRK;136610.54680053977
BDILb;RWANDA;SAR;42745.89322033103
BDILb;MOROCCO;CYP;8140.634623017648
BDILb;TAIWAN, PROVINCE OF CHINA;SDG;10555797.137752434
BDILb;DENMARK;PGK;53305.07557154782
BDILb;MAURITIUS;EGP;237359.12838829096
BDILb;RUSSIAN FEDERATION;NAD;191738.1760716573
BDILb;IRAN (ISLAMIC REPUBLIC OF);GNF;123904503.99443865
BDILb;HUNGARY;MZN;632370.0044558893
BDILb;TUNISIA;TRY;331940.570140423
BDILb;MOROCCO;THB;557723.8436095539
BDILb;DOMINICA;QAR;17623.70097215969
BDJN1;FIJI;LAK;76983873.33779408
BDJN1;CROATIA;JOD;5317.4542853749035
BDJN1;IRAQ;ETB;410525.7435942833
BDJN1;AZERBAIJAN;JOD;2497.0535087322455
BDJN1;BRAZIL;ZMW;169545.7238292915
BDJN1;MAURITIUS;HNL;129876.45632875034
BDJN1;LIBERIA;ANG;13930.087389379696
BDJN1;MOROCCO;BHD;4109.044137219064
BDJN1;MALAWI;GNF;18427494.867353987
BDJN1;EL SALVADOR;PEN;29744.76563049128
BDJN1;BARBADOS;EUR;974.3124738582763
BDJN1;LEBANON;KES;630218.35233652
BDJN1;KUWAIT;BRL;16433.708201796806
DEMVb;CAMBODIA;ILS;3145.7518359625633
DEMVb;DOMINICA;CLP;283967.24404216534
DEMVb;BRAZIL;HUF;568802.268061848
DEMVb;TOGO;NPR;105369.10646662804
DEMVb;BELIZE;BSD;678.8952283363554
DEMVb;SOMALIA;GBP;414.09159723114107
DEMVb;PERU;NPR;34585.51987038476
DEMVb;ALGERIA;COP;5432264.824624776
DEMVb;PARAGUAY;BND;1391.9311837954997
DEMVb;EL SALVADOR;NPR;173769.9745749325
DEMVb;LIBERIA;HUF;402660.04965234944
DEMVb;ROMANIA;UAH;5214.226563692819
DEMVb;TANZANIA, UNITED REPUBLIC OF;JOD;1182.8651870047865
DEMVb;GAMBIA;UYU;6885.041856269948
DEMVb;KUWAIT;BTN;63510.32969187223
DEMVb;INDONESIA;RSD;60490.1536492061
DEMVb;GHANA;COP;2865037.133393474
DEMVb;UNITED ARAB EMIRATES;CNY;7770.271901964914
DEMVb;TANZANIA, UNITED REPUBLIC OF;UAH;11297.490888001106
DEMVb;PHILIPPINES;LRD;156450.9743394934
KMa23;INDONESIA;SYP;536335.8041555759
KMa23;PAPUA NEW GUINEA;GMD;508853.60930182366
KMa23;TAIWAN, PROVINCE OF CHINA;MMK;7393767.483692762
KMa23;KAZAKHSTAN;LVL;6818.634089217795
KMa23;BANGLADESH;HTG;512523.05983363587
KMa23;SAUDI ARABIA;JOD;2030.7763772904877
KMa23;CAYMAN ISLANDS;XAF;6327007.9567480255
KMa23;ALGERIA;NOK;13411.272307842994
KMa23;POLAND;EUR;3946.3948425258404
KMa23;JAMAICA;HKD;79904.40273274676
KMa23;BERMUDA;RWF;11124606.798252555
KMa23;EGYPT;STD;66078095.898442805
ABHc1;MALAWI;NAD;27478.86123367388
ABHc1;NAMIBIA;SLL;16862156.24093861
ABHc1;MALDIVES;CZK;14356.888663525748
ABHc1;NICARAGUA;ZWL;603542.0629937215
ABHc1;DJIBOUTI;ETB;69794.71015066176
ABHc1;DOMINICA;DJF;256422.93455037152
ABHc1;TAIWAN, PROVINCE OF CHINA;TTD;1562.5132117818866
ABHc1;POLAND;YER;578.8433334888975
ABHc1;NORWAY;MWK;827682.3185968401
ABHc1;CENTRAL AFRICAN REPUBLIC;ISK;26602.849741130958
ABHc1;CROATIA;VUV;156804.84858864208
ABHc1;LATVIA;SCR;8978.39480626685
ABHc1;VENEZUELA;CVE;119571.2644873873
ABHc1;IRAN (ISLAMIC REPUBLIC OF);PLN;3957.2461248807385
ABHc1;RUSSIAN FEDERATION;INR;4911.240936962834
ABHc1;MADAGASCAR;SZL;11350.898878567343
EFVVY;HAITI;BZD;1226.808794904463
EFVVY;UNITED KINGDOM;ISK;239824.10255911277
EFVVY;SAUDI ARABIA;MYR;2526.450429781118
EFVVY;GUYANA;PKR;3838.636279671748
EFVVY;CAPE VERDE;KWD;110.6379741205196
JLVb2;SAO TOME AND PRINCIPE;NGN;1773539.0179877721
JLVb2;SOMALIA;SDG;5477478.543342611
JLVb2;SINGAPORE;ISK;421265.8439831111
JLVb2;COLOMBIA;LAK;378540698.4813709
JLVb2;SWEDEN;BSD;9715.177423508709
JLVb2;SWEDEN;ILS;21287.267595721227
JLVb2;CROATIA;BOB;56475.90056314678
JLVb2;UNITED KINGDOM;ANG;30836.959109941923
JLVb2;GAMBIA;ALL;1275332.3259927777
JLVb2;NEW ZEALAND;GNF;85258895.62735064
JLVb2;GAMBIA;IQD;4211084.854310862
JLVb2;MAURITIUS;JPY;2118676.8748183837
JLVb2;NIGERIA;BDT;141179.71578036112
JLVb2;TURKEY;PYG;56108120.27340869
JLVb2;BERMUDA;NZD;23693.014714297475
JLVb2;ARGENTINA;SVC;167976.20833729385
JLVb2;TAIWAN, PROVINCE OF CHINA;MAD;176354.74269957488
JLVb2;OMAN;HKD;115126.39641459358
JJNb2;GUYANA;UAH;288370.04869702156
JJNb2;HAITI;ZAR;267955.3911444347
JJNb2;TUNISIA;KYD;3412.148642914089
JJNb2;BULGARIA;LBP;1521790.8589978528
JJNb2;HUNGARY;CLP;11906274.125270452
BGMMa;GUINEA;WST;50.61299820151635
BFMab;ALBANIA;PYG;3066845.328399775
BFMab;UKRAINE;PAB;7277.317279759826
BFMab;ETHIOPIA;HNL;783615.4453646238
BFMab;CAYMAN ISLANDS;NAD;20496.756904146197
BFMab;KUWAIT;CVE;1692237.1471089763
BFMab;KUWAIT;JPY;5288456.834037539
BFMab;TANZANIA, UNITED REPUBLIC OF;KZT;8300298.750764817
BVabc;TURKEY;VUV;1089889.6098290153
BVabc;BHUTAN;TWD;176341.06896284677
BVabc;TUNISIA;CNY;69121.5214823987
VXXX3;BRUNEI DARUSSALAM;ETB;324786.0389909719
VXXX3;GHANA;MUR;118859.53238015645
VXXX3;HONG KONG;PGK;21138.294994253312
VXXX3;ANGOLA;SCR;97179.30599265924
VXXX3;MALAWI;MWK;8118873.374443414
VXXX3;CHINA;TND;19152.67416469842
VXXX3;GAMBIA;NOK;71664.06387604741
VXXX3;SOMALIA;MZN;389923.9097541293
VXXX3;GUINEA;DKK;58815.24419521878
VXXX3;LAO PEOPLE'S DEMOCRATIC REP;MVR;-1174.7294195586885
VXXX3;FIJI;ARS;32952.30168390958
MXY13;JAMAICA;CLP;3724909.0942455432
MXY13;SURINAME;PES;155981.0281567688
MXY13;LIBYAN ARAB JAMAHIRIYA;GHS;150587.51145613572
MXY13;CENTRAL AFRICAN REPUBLIC;BND;7632.271287013484
MXY13;SURINAME;DJF;1587076.8520841447
MXY13;BRAZIL;SGD;14810.165057772629
MXY13;COLOMBIA;BSD;3062.021311568608
MXY13;DOMINICA;PYG;76440980.61161575
MXY13;EL SALVADOR;HUF;537494.5582340747
MXY13;BRAZIL;DOP;256732.7609920159
MXY13;SWAZILAND;MUR;233403.44498679685
MXY13;HONDURAS;CYP;1556.7480751332162
MXY13;VANUATU;CLP;5185379.316828034
CFJJ2;UNITED KINGDOM;SEK;88155.69117615774
CDJY1;BURUNDI;LBP;2402233.854490988
CDJY1;SAMOA;PGK;8599.9424526986
AFKLY;BRAZIL;GMD;591866.2991383726
AFKLY;SWAZILAND;STD;317974384.0838487
AFKLY;CHINA;CRC;7172679.134810307
AFKLY;CHILE;CLP;-3008.34174597876
AFKLY;BRAZIL;PKR;-25589.488523916352
AFKLY;BAHAMAS;TND;6599.530378947633
LMNVV;BELARUS;BGN;3655.9825636006153
LMNVV;LATVIA;MAD;131776.93739574836
LMNVV;EGYPT;GBP;20109.76839560024
LMNVV;TAIWAN, PROVINCE OF CHINA;SAR;5964.253083276468
LMNVV;GAMBIA;LRD;729879.0081751549
LMNVV;HONG KONG;GYD;4564027.782145831
LMNVV;IRAQ;EUR;28276.291988726778
LMNVV;PAKISTAN;BGN;26819.927558247346
LMNVV;MALAYSIA;BBD;37322.970150986876
LMNVV;BANGLADESH;AED;8223.93595351755
DLL23;GUINEA;GMD;460551.4369033971
DLL23;LEBANON;BRL;49989.89811160441
DLL23;PANAMA;TRY;172767.41313745553
DLL23;ARUBA;RUB;636791.7146918637
DLL23;TUNISIA;NGN;2570523.056749397
CELM3;CAMBODIA;GNF;81811375.93611343
CELM3;SWEDEN;KRW;2551326.554115438
CELM3;CROATIA;BMD;11143.03637552487
CELM3;SWAZILAND;OMR;2320.3012951810215
CELM3;UNITED ARAB EMIRATES;XPF;934745.5208882893
CELM3;QATAR;BSD;4734.160703420492
CEHJN;DOMINICA;EGP;633423.8100230147
CEHJN;COLOMBIA;AOA;39732837.51913652
CEHJN;NEW ZEALAND;ANG;241981.47206870315
CEHJN;JORDAN;UGX;575212679.9357289
CEHJN;LATVIA;SDG;51064828.61330925
CEHJN;GUATEMALA;SOS;91742816.13616878
CEHJN;MALAYSIA;GHS;1938980.2030530453
CEHJN;DOMINICA;BHD;32701.092372240015
CEHJN;HUNGARY;CHF;140087.8409114322
BDFNV;SERBIA;UYU;492563.53436366946
BDFNV;PAPUA NEW GUINEA;BIF;5940322.602684232
BDFNV;CHINA;GBP;20334.368899717298
BDFNV;FIJI;PYG;39459335.3924789
BDFNV;VIET NAM;LVL;8375.341571586494
BDFNV;COLOMBIA;ZMW;242994.44650990394
BDFNV;LATVIA;TTD;111639.88206801242
BDFNV;RWANDA;MYR;19316.622417640538
BDFNV;BOLIVIA;BGN;44814.737147600004
BDFNV;MALAWI;INR;1084063.1648601945
BDFNV;PANAMA;ARS;2104921.5734102335
BDFNV;SOLOMON ISLANDS;NAD;16837.636075327806
DMZ22;SOUTH AFRICA;TZS;7890.757813561339
DMZ22;IRAN (ISLAMIC REPUBLIC OF);QAR;237.63986791379
DMZ22;GAMBIA;EUR;181.43786843877024
DMZ22;MAURITIUS;SVC;4521.626335055265
DMZ22;BAHRAIN;XPF;13343.870803104799
DMZ22;QATAR;PEN;1335.8803974736418
DMZ22;BAHAMAS;ARS;5109.667541251374
DMZ22;LIBERIA;TOP;206.37744705856107
DMZ22;CAYMAN ISLANDS;IRR;4613389.536544776
DMZ22;ARUBA;XOF;199971.12905199063
DMZ22;ROMANIA;KHR;996628.2830241302
DMZ22;MYANMAR;CYP;5.562903157504424
DMZ22;LATVIA;CYP;203.18679824024068
DMZ22;PAPUA NEW GUINEA;XCD;1475.0869727419145
DMZ22;CAMBODIA;ETB;23228.40000167483
DMZ22;CZECH REPUBLIC;BHD;127.39950190155537
DFVXa;BAHRAIN;PGK;78412.9540250558
DFVXa;MALDIVES;BRL;52110.503316676026
DFVXa;INDIA;CHF;12010.555472982172
DFVXa;HONDURAS;LBP;25691476.594110757
DFVXa;JAMAICA;NIO;78378.1399264037
DFVXa;ZAMBIA;CVE;2636437.720420196
DFVXa;RUSSIAN FEDERATION;NPR;1006676.3722943785
DFVXa;ALGERIA;DKK;172755.78697359667
DFVXa;OMAN;KRW;20866746.770330217
DFVXa;SIERRA LEONE;GBP;13167.141671800498
DFVXa;TUNISIA;XCD;49553.25957945494
DFVXa;UKRAINE;BIF;27238898.44241018
DFVXa;MEXICO;SAR;62728.30436076962
DFVXa;NETHERLANDS ANTILLES;THB;123169.30700017417
DFVXa;MALAWI;ZWL;7780585.397573101
DFVXa;UGANDA;IRR;509628472.9354989
JVYZa;CHILE;ETB;753599.818261775
EGWWc;MAURITANIA;LBP;2087139.3172999688
EGWWc;KAZAKHSTAN;SOS;5686.021771779958
EGWWc;INDIA;HTG;19892.872190755625
EGWWc;ZIMBABWE;ETB;19847.506628268024
EGWWc;BRAZIL;ETB;38471.91760997611
EGWWc;SWEDEN;MGA;6374697.465792565
EGWWc;SIERRA LEONE;DZD;194881.39201610576
EGWWc;RWANDA;BGN;2250.2873609133508
EGWWc;SOMALIA;EGP;32104.303912875323
EGWWc;JORDAN;WST;3835.1682241506946
EGWWc;INDONESIA;BOB;7185.496342824729
EGWWc;BURUNDI;HRK;7672.037369230773
AKZ13;HAITI;PHP;210650.7141827444
AKZ13;NICARAGUA;SBD;245814.47844246894
IIIV1;TURKEY;UAH;2164.038022150388
IIIV1;ISRAEL;XAF;14064.691290146899
IIIV1;JORDAN;PAB;1.2722580157035737
IIIV1;MACAU;BDT;496.6273112754156
IIIV1;TONGA;LRD;2747.1106424455825
IIIV1;EURO;INR;1582.7938357921137
IIIV1;MEXICO;ZWL;28640.95645308208
IIIV1;BRAZIL;PEN;179.13392861106317
IIIV1;BRUNEI DARUSSALAM;SEK;500.10824438146767
IIIV1;KUWAIT;NIO;2056.4472473053765
IIIV1;NICARAGUA;TRY;1011.7533902001338
IIIV1;CYPRUS;XAF;13549.251242865848
IIIV1;IRAN (ISLAMIC REPUBLIC OF);SZL;8.104200753206285
IIIV1;UNITED KINGDOM;UGX;154018.40135079177
IIIV1;PERU;GNF;375695.8835861997
IIIV1;EGYPT;UYU;2156.205635369334
IIIV1;BOTSWANA;AUD;87.14832919407144
IIIV1;DOMINICA;PGK;120.9323615034822
IJXc1;CANADA;PAB;1301.7938524166289
IJXc1;QATAR;NAD;62577.06527356142
GGIX1;COLOMBIA;BOB;44183.31213620664
GGIX1;DOMINICAN REPUBLIC;SAR;4482.743821997532
GGIX1;BURUNDI;LKR;8356807.392280054
GGIX1;MOZAMBIQUE;ZAR;255028.15261704658
GGIX1;BULGARIA;PKR;602161.8358790699
GGIX1;ALGERIA;RSD;1785703.0477578451
GGIX1;NICARAGUA;UYU;900326.6426238858
GGIX1;VANUATU;HNL;-2080.202400217391
GGIX1;HUNGARY;DKK;42148.61041111526
GGIX1;GUATEMALA;BRL;17782.714254976367
GGIX1;DJIBOUTI;BDT;2009768.9096609438
GGIX1;EGYPT;SGD;17269.437935780636
GGIX1;JAMAICA;KYD;19453.11447000369
GGIX1;SERBIA;QAR;21560.893787041638
GGIX1;SIERRA LEONE;ETB;1190184.176398505
GGIX1;PAKISTAN;CVE;261360.99615188513
GGIX1;GHANA;RON;8108.293608014975
GGIX1;SERBIA;IQD;34382583.12590174
GGIX1;BAHAMAS;PEN;82301.64377720826
GGIX1;LIBYAN ARAB JAMAHIRIYA;PHP;797264.6684934781
LXZ22;TURKEY;TRY;98233.98013889747
LXZ22;ICELAND;AUD;1055.738178565332
LXZ22;CHINA;NIO;32840.19236632828
LXZ22;CAPE VERDE;CVE;104310.03630083868
LXZ22;BELARUS;RWF;4424048.1154754255
LXZ22;BULGARIA;CNY;31165.70441491162
LXZ22;VIET NAM;SAR;1236.376325056522
LXZ22;EL SALVADOR;CHF;2335.481268440744
LXZ22;PHILIPPINES;COP;28650883.90347594
LXZ22;MALDIVES;CYP;4098.318756358014
LXZ22;NORWAY;ANG;6351.969538476941
LXZ22;ETHIOPIA;SLL;83216935.24720217
LXZ22;JORDAN;TWD;44616.82103672207
LXZ22;AUSTRALIA;BSD;2379.851532461221
LXZ22;THAILAND;LBP;10633117.823073348
LXZ22;TURKEY;NPR;207090.33685798163
LXZ22;ARUBA;PLN;11368.859474831395
LXZ22;SYRIAN ARAB REPUBLIC;NIO;149927.11444092236
LXZ22;UGANDA;HNL;130202.60208017021
LXZ22;SUDAN;PGK;20963.515305704797
BDLY1;SOLOMON ISLANDS;RON;37036.1502762337
BDLY1;DENMARK;NPR;4311317.253449935
BDLY1;SOLOMON ISLANDS;GTQ;322869.64090842503
BDLY1;VANUATU;GNF;334209185.8786817
BDLY1;THAILAND;CLP;12609220.610047791
BDLY1;PANAMA;PEN;42441.57142500615
BDLY1;PANAMA;SDG;1554076.5846103092
BDLY1;GHANA;ZAR;281187.09925159754
BDLY1;VANUATU;TWD;1058167.643634148
BDLY1;SIERRA LEONE;BHD;15339.730705190752
BDLY1;UGANDA;PLN;-923.8030513635371
BDLY1;ISRAEL;LYD;189467.195161389
BDLY1;LEBANON;PEN;150393.4511989694
BDLY1;TAIWAN, PROVINCE OF CHINA;MUR;1181844.9131280363
BDLY1;KENYA;UGX;114304029.46705475
BDLY1;CYPRUS;OMR;12890.694606851219
BDLY1;MYANMAR;AZN;69626.3917366827
BDLY1;PERU;BWP;547778.0438012049
BDLY1;OMAN;BSD;34090.75872303682
BDLY1;CHINA;MWK;37632651.385143645
CHWc2;SAO TOME AND PRINCIPE;HKD;49330.09360879666
CHWc2;MAURITIUS;NIO;704363.547310817
CHWc2;ALGERIA;BWP;77960.49375611419
CHWc2;CAMBODIA;AED;3025.50561476601
CHWc2;UNITED ARAB EMIRATES;SYP;5982311.025914868
CHWc2;BELARUS;PLN;35628.90244142534
CHWc2;SURINAME;NPR;709477.3899287013
CHWc2;YEMEN;PGK;7214.747266221476
CHWc2;CYPRUS;MAD;211291.09355966773
CHWc2;NIGERIA;ZMW;183931.1792771102
CHWc2;BRAZIL;ILS;48740.379672863426
CHWc2;KOREA, REPUBLIC OF;SGD;3864.3387653275017
CHWc2;NEPAL;GYD;3202608.555126156
JKMWc;GHANA;CYP;6037.186601822403
EEHJJ;NORWAY;DOP;70868.24438121707
EEHJJ;NEW ZEALAND;LKR;804780.5392896186
EEHJJ;BOTSWANA;SCR;54751.49007643261
FFYc3;ALBANIA;RON;82309.53135715752
FFYc3;GUYANA;HUF;8900957.025142869
FFYc3;MAURITIUS;MYR;86325.98771363728
FFYc3;ICELAND;JOD;12553.934499644676
FFYc3;BELIZE;UGX;70909856.62339236
FFYc3;BHUTAN;AOA;8857823.17468205
FFYc3;CAPE VERDE;PHP;637617.9170382501
FFYc3;UKRAINE;VUV;2526233.756212927
FFYc3;VANUATU;MRO;188744.69825852453
FFYc3;MACAU;ILS;56185.534407913336
FFYc3;TOGO;NPR;1517327.8730026635
FFYc3;HONDURAS;GMD;358813.10172550345
FFYc3;BELARUS;MUR;82430.70149035624
HVWb3;MALDIVES;CHF;19334.61514397426
HVWb3;CYPRUS;GBP;56107.04636556745
HVWb3;BRAZIL;MVR;269712.83539596846
HVWb3;EURO;TND;178222.2394497928
HVWb3;ROMANIA;VND;1313408922.286061
HVWb3;MAURITANIA;LYD;29273.868346989922
HVWb3;TANZANIA, UNITED REPUBLIC OF;UGX;292074362.913534
HVWb3;ZAMBIA;NGN;14951892.398088409
HVWb3;CYPRUS;BYR;477920412.26715946
HVWb3;CHINA;CRC;28496617.478381056
HVWb3;DJIBOUTI;VND;1235120328.9678996
HVWb3;SAMOA;KES;6137519.874746955
BXWa2;TURKEY;CVE;3115194.8113550306
BXWa2;IRAQ;KES;1739716.5684929804
BXWa2;THAILAND;CHF;27024.47611162091
BXWa2;UNITED ARAB EMIRATES;GNF;326581356.5477925
BXWa2;ARGENTINA;GBP;9114.2763218177
BXWa2;SRI LANKA;ANG;5885.758885685858
JXXXW;MACAU;XAF;963815.6195362053
JXXXW;ALGERIA;EGP;174934.2474222224
JXXXW;ZAMBIA;XOF;4182778.911861213
JXXXW;MAURITIUS;TTD;58876.16303641102
JXXXW;KENYA;PKR;1890676.8116850855
JXXXW;SAUDI ARABIA;BSD;4003.1671296012255
JXXXW;BELARUS;KHR;33698259.496700056
JXXXW;PERU;IQD;1612465.9535962944
JXXXW;ISRAEL;QAR;33173.43549667291
JXXXW;INDIA;TTD;12340.706020971431
JXXXW;BELIZE;MWK;648998.9208043461
JXXXW;POLAND;JMD;362893.11985696986
JXXXW;MYANMAR;PHP;465410.4325976701
JXXXW;LATVIA;CRC;3478002.7323046476
JXXXW;SAO TOME AND PRINCIPE;MAD;20103.060665715053
JXXXW;ZIMBABWE;PHP;69296.75593487557
JXXXW;ARGENTINA;CNY;36243.31652198569
JKVZ3;ZIMBABWE;LVL;14232.52420400209
JKVZ3;HAITI;BTN;2452762.344688566
AJNZZ;SURINAME;BIF;74766118.25651252
AJNZZ;ICELAND;SBD;310717.05315484153
AJNZZ;GUYANA;PES;3624563.008061017
AJNZZ;SURINAME;GTQ;219888.8210326807
AJNZZ;CANADA;NGN;2208464.9018984498
AJNZZ;BERMUDA;HUF;8258314.025365449
AJNZZ;PARAGUAY;BSD;21748.4323887062
AJNZZ;DJIBOUTI;BZD;-896.4318364935001
CHKXb;SIERRA LEONE;PAB;11438.747684135245
CHKXb;NICARAGUA;LYD;59539.948101440226
CHKXb;YEMEN;THB;147336.96220096858
CHKXb;CHILE;GYD;80711.3863677021
ACDFM;SEYCHELLES;MRO;196123.076933605
FXXXa;URUGUAY;AED;78867.51077531984
FXXXa;NIGERIA;TRY;364975.93602184864
FXXXa;INDONESIA;SGD;33659.31123156695
FXXXa;MOZAMBIQUE;IQD;59099690.60007878
FXXXa;MEXICO;AZN;28010.214135554743
FXXXa;RWANDA;CVE;2554252.0244655553
FXXXa;SRI LANKA;MZN;2464845.5249375436
ILL12;CAMBODIA;MVR;29881.57783404173
ILL12;SOUTH AFRICA;TWD;219944.17006623288
ILL12;CZECH REPUBLIC;XCD;19784.985094810592
ILL12;JORDAN;AUD;9950.135315530406
ILL12;SINGAPORE;TZS;14784356.58822857
ILL12;IRAQ;AED;26189.396722028298
ILL12;LAO PEOPLE'S DEMOCRATIC REP;XPF;77745.6157917972
ILL12;MALDIVES;ZMW;18095.609605483518
BFIW2;VANUATU;LYD;1111.17380650065
BFIW2;MOZAMBIQUE;ZMW;2740.2085718413805
BFIW2;DOMINICAN REPUBLIC;NIO;3754.3109107051573
BFIW2;MALAYSIA;TTD;1114.5027888965747
BFIW2;TURKEY;GMD;8722.359752544735
BFIW2;ZIMBABWE;OMR;78.92579737128978
BFIW2;NORWAY;PKR;8068.73563213557
BFIW2;TONGA;EUR;5.470991757278203
BFIW2;DENMARK;TOP;190.56708196209064
BFIW2;MAURITIUS;GMD;5185.3336666181995
BFIW2;SWAZILAND;ISK;26915.161245054278
BFIW2;YEMEN;HNL;583.9869884121965
BFIW2;UKRAINE;LRD;7946.344954197276
BFIW2;MAURITANIA;AWG;198.6988491996138
BFIW2;SIERRA LEONE;SZL;2529.658204467825
BFIW2;BULGARIA;THB;5696.409822038797
BFIW2;GUYANA;KZT;81350.91233922452
IIXY2;ZIMBABWE;VND;927771956.3946129
IIXY2;ARUBA;MWK;36349910.43216071
IIXY2;PANAMA;HUF;6232152.744820018
IIXY2;YEMEN;ANG;2167.982026772026
IIXY2;BOTSWANA;MAD;12315.096674313849
IIXY2;NEW ZEALAND;KZT;13602987.097400742
IIXY2;ALGERIA;DZD;-36538.464121732744
IIXY2;GAMBIA;IDR;412686089.4352921
IIXY2;ROMANIA;HUF;4517667.80814326
IIXY2;COLOMBIA;CZK;40188.89681074714
IIXY2;LIBYAN ARAB JAMAHIRIYA;PYG;62780711.95277744
IIXY2;TRINIDAD AND TOBAGO;BWP;299916.3325112072
IIXY2;UNITED KINGDOM;TZS;46288673.583113775
AAIZZ;LAO PEOPLE'S DEMOCRATIC REP;DOP;166250.67983934848
