Client;Country;Currency;Transaction
BKMNb;CYPRUS;ETB;66154.98903146408
BKMNb;GHANA;BOB;5020.703943507883
BKMNb;BOLIVIA;TOP;3174.3633746313776
BKMNb;UNITED KINGDOM;JMD;196105.42966458664
BKMNb;SAMOA;AWG;4672.348934749822
BKMNb;ARUBA;JPY;6164.2618621931215
BKMNb;NORWAY;JOD;55.534798235203176
BKMNb;CHINA;NPR;214128.70127505614
BKMNb;LIBERIA;KRW;-3583.5848482682723
BKMNb;NIGERIA;SEK;3724.749884269872
BKMNb;CZECH REPUBLIC;IDR;34633510.99943326
Gbc13;LEBANON;SZL;32674.277022528084
Gbc13;BELARUS;MGA;40103587.402666554
Gbc13;PANAMA;HRK;88803.04056138216
Gbc13;LATVIA;AED;5734.066097723196
Gbc13;CYPRUS;AZN;12814.143297339859
Gbc13;MALDIVES;ALL;422245.1697179055
EEHIK;IRAQ;UAH;211443.44740242852
EEHIK;ALGERIA;KES;797248.9896754385
EEHIK;ISRAEL;MOP;78954.82273217168
EEHIK;MEXICO;TWD;19627.79583334915
EEHIK;SYRIAN ARAB REPUBLIC;PGK;81918.15495643944
EEHIK;YEMEN;BYR;805802328.6385709
JJMXX;ISRAEL;SCR;566671.1665605353
JJMXX;PERU;OMR;10040.496373599271
JJMXX;UNITED ARAB EMIRATES;ARS;534365.0592129047
JJMXX;FRENCH POLYNESIA;AWG;66498.21322773816
JJMXX;ROMANIA;GYD;1717772.6033216235
JJMXX;BARBADOS;NAD;514821.7780149989
JJMXX;GAMBIA;STD;705388121.7014884
JJMXX;SWITZERLAND;COP;159925842.24513268
JJMXX;MOZAMBIQUE;DOP;1756756.4071849838
JJMXX;AUSTRALIA;SRD;698853.6097622262
JJMXX;IRAQ;MOP;58706.027516324255
JJMXX;SAO TOME AND PRINCIPE;DJF;4335820.73804942
JJMXX;MALAYSIA;CAD;22008.935880517107
JJMXX;TUNISIA;BIF;47621022.603484616
JJMXX;KENYA;XCD;69504.46143661572
JJMXX;LEBANON;BIF;21239834.433226075
JJMXX;SAMOA;HNL;102267.1462716997
JJMXX;INDIA;AZN;28171.844246511784
JJMXX;SAUDI ARABIA;UYU;843240.9284269646
JJMXX;LATVIA;CLP;356243.5509305567
BFIa1;TUNISIA;RON;188598.34627858736
BFIa1;SOLOMON ISLANDS;GBP;20587.32143197174
BFIa1;EL SALVADOR;UYU;1107339.8780626613
BFIa1;BOLIVIA;MRO;7755553.445506875
BFIa1;SRI LANKA;MZN;1877763.6792862955
BFIa1;ARGENTINA;MAD;533537.6412904004
BFIa1;LIBYAN ARAB JAMAHIRIYA;SOS;15640499.624036035
BFIa1;CENTRAL AFRICAN REPUBLIC;KHR;48696554.86327895
BFIa1;TRINIDAD AND TOBAGO;OMR;22358.28892713442
BFIa1;PERU;AOA;13484391.86939937
BFIa1;MALDIVES;XCD;60456.296360798195
BEEVZ;ZAMBIA;STD;312884435.578083
BEEVZ;TRINIDAD AND TOBAGO;NIO;384651.6456069055
BEEVZ;SERBIA;LKR;2321241.301872622
BEEVZ;SRI LANKA;AZN;2794.6958240047006
BEEVZ;SAMOA;PGK;7312.792730768169
BEEVZ;SOUTH AFRICA;SYP;7541220.524582057
BEEVZ;PHILIPPINES;AWG;25296.22779434401
BEEVZ;TANZANIA, UNITED REPUBLIC OF;SBD;63228.461183133266
BEEVZ;GUATEMALA;ISK;1417266.8215980786
BEEVZ;PARAGUAY;PAB;6960.974006571178
BEEVZ;DOMINICA;BMD;6453.2928113882135
ADENY;ARGENTINA;ANG;10666.778846454517
ADENY;NEPAL;BTN;115003.07304737282
ADENY;NEW ZEALAND;QAR;12505.69258156999
ADENY;BHUTAN;TND;262.75797104252996
ADENY;SIERRA LEONE;KYD;4990.7944834983455
ADENY;BAHAMAS;CNY;21174.102991754917
ADENY;GHANA;PES;1192823.6436025044
ADENY;KENYA;LYD;10972.932895448681
ADENY;SINGAPORE;EUR;4117.029409518784
ADENY;HONG KONG;BND;3178.2379079948237
ADENY;ALBANIA;AZN;10241.681239112884
ADENY;DENMARK;PHP;272323.238845552
ADENY;ARGENTINA;QAR;22253.765608580805
BHYY3;NORWAY;NZD;6464.445504604166
BHYY3;SOUTH AFRICA;UGX;11040674.582506962
BHYY3;CHINA;SVC;21931.514969967524
BHYY3;JORDAN;ETB;28819.969180232994
DLYa2;BOLIVIA;RSD;2601345.478061913
DLYa2;BOLIVIA;BBD;42998.82221335141
DLYa2;MAURITIUS;MZN;846973.4286118394
DLYa2;COSTA RICA;LAK;191119709.0761317
DLYa2;SWITZERLAND;NGN;2311595.8698242796
DLYa2;KOREA, REPUBLIC OF;BHD;11290.23164602602
DLYa2;BOTSWANA;FJD;79715.93423725855
DLYa2;VIET NAM;UGX;31088028.667497892
DLYa2;PARAGUAY;CLP;30113853.598470017
DLYa2;INDONESIA;CLP;672239.8074896159
DLYa2;BANGLADESH;SVC;352581.4009233424
DLYa2;MALAWI;MGA;2036198.7470010198
DLYa2;MALAWI;BWP;116366.8730218981
DLYa2;SOMALIA;SDG;11139185.885584354
FIXXW;BHUTAN;CNY;1741.2005399416962
FIXXW;BELARUS;NIO;31697.694620086757
FIXXW;HUNGARY;SAR;491.11916196097803
FIXXW;VANUATU;HUF;35076.40904282718
FIXXW;UKRAINE;MVR;2516.303677707566
FIXXW;TOGO;PLN;5691.742512656551
FIXXW;MADAGASCAR;ETB;11313.848534579574
FIXXW;BELARUS;LRD;123549.11313932936
FIXXW;GUINEA;XCD;2584.5731613487774
FIXXW;YEMEN;NPR;90033.46733819641
FIXXW;THAILAND;ZAR;7138.787909229873
FIXXW;SINGAPORE;SGD;691.9250134133666
FIXXW;PHILIPPINES;PEN;443.81220814021515
FGJJJ;THAILAND;PLN;43333.11338842603
FGJJJ;UNITED KINGDOM;QAR;7478.849135076137
FGJJJ;BERMUDA;ALL;1211693.5770859018
FGJJJ;LIBERIA;SEK;95371.67144527531
FVYa1;ALBANIA;SVC;121008.78760760908
FVYa1;NORWAY;CVE;341448.1568995699
FVYa1;SOUTH AFRICA;LYD;90922.20593398152
FVYa1;TAIWAN, PROVINCE OF CHINA;SCR;330544.65596651105
FVYa1;KAZAKHSTAN;BRL;112025.86079038486
FVYa1;NEPAL;OMR;1626.3133430301114
FVYa1;MAURITIUS;MUR;1355089.8287885836
FVYa1;JORDAN;SGD;78951.50886490541
FVYa1;SOMALIA;KRW;66042012.90960848
BBHa2;MAURITIUS;SZL;33975.84147819787
EFFL1;JAPAN;CNY;5130.936465354195
EFFL1;SAUDI ARABIA;LAK;8547170.535748145
EFFL1;CZECH REPUBLIC;HRK;6290.349733472825
EFFL1;PERU;JMD;11409.075927846958
EFFL1;BARBADOS;GTQ;7458.731798520437
EFFL1;VANUATU;RUB;42239.15412272002
EFFL1;CROATIA;RUB;66527.73835381435
EFFL1;ETHIOPIA;IQD;751221.2947058607
EFFL1;BOLIVIA;NPR;111576.47212361862
EFFL1;BRAZIL;EGP;23579.345174918955
EFFL1;MOZAMBIQUE;LBP;1068778.670487434
EFFL1;BAHAMAS;DKK;3411.4817123461753
EFFL1;TOGO;JPY;96150.26040440127
EFFL1;CZECH REPUBLIC;IQD;1679781.191378986
EFFL1;UGANDA;SEK;9751.761228818143
EFFL1;MEXICO;INR;43334.5655214928
EFFL1;TRINIDAD AND TOBAGO;IDR;11226417.794972768
EFFL1;SUDAN;JPY;58820.16619604075
EFFL1;TUNISIA;TRY;9485.57869060503
CILVZ;ARGENTINA;HUF;2257923.7076154784
CILVZ;HAITI;GHS;59802.95132789399
CILVZ;MAURITIUS;NOK;8713.203604638149
DFYc3;BRAZIL;YER;22199.60097592211
DFYc3;ANGOLA;SAR;2825.539727006557
DFYc3;PAPUA NEW GUINEA;MWK;1795811.432080401
DFYc3;CHILE;GMD;74336.59950099803
DFYc3;HUNGARY;UAH;41248.18251665571
DFYc3;PAKISTAN;BHD;409.72635855469366
DFYc3;CROATIA;MGA;2229357.0651373286
DFYc3;SYRIAN ARAB REPUBLIC;EGP;10772.217785481611
DFYc3;PARAGUAY;SDG;49764.775826257704
DFYc3;PERU;LKR;166548.60657736086
DFYc3;IRAN (ISLAMIC REPUBLIC OF);RON;6117.84203846718
DFYc3;SAMOA;PGK;6025.866142174605
DFYc3;SRI LANKA;FJD;1349.1526843567801
DFYc3;SYRIAN ARAB REPUBLIC;SLL;4749450.2451418955
DFYc3;SYRIAN ARAB REPUBLIC;NZD;2535.5694169010976
DFYc3;UNITED KINGDOM;PKR;190274.60483328067
DFYc3;PERU;RUB;98668.64527606995
DFYc3;KUWAIT;PHP;101543.74926807174
DFYc3;BAHRAIN;HKD;7728.406746042794
WYYZb;BURUNDI;JOD;1166.5824453157688
WYYZb;LEBANON;PES;1588312.771102401
WYYZb;EL SALVADOR;CRC;1582663.563356952
WYYZb;CAYMAN ISLANDS;ZAR;126660.6442354507
WYYZb;CAMBODIA;XOF;605669.8334078345
WYYZb;BOTSWANA;NGN;1110667.0545067398
WYYZb;TOGO;ILS;14703.03975446169
WYYZb;UKRAINE;RON;16186.789723422684
WYYZb;DOMINICAN REPUBLIC;MAD;99295.94838749937
WYYZb;PERU;TRY;120842.28286555395
AHNc2;SYRIAN ARAB REPUBLIC;DOP;200242.34924246435
AHNc2;COLOMBIA;XPF;566374.8217596192
AHNc2;PERU;ANG;6660.718095145998
AHNc2;CZECH REPUBLIC;PGK;18113.38042773236
AHNc2;SURINAME;MVR;177256.4014149536
AHNc2;DOMINICAN REPUBLIC;SBD;60660.80536176778
IJNY2;RWANDA;XPF;1998343.9099636625
IJNY2;HUNGARY;MWK;54157204.11404385
IJNY2;BANGLADESH;SZL;44083.569007899794
IJNY2;GUINEA;PLN;188726.3985665067
IJNY2;MALAYSIA;STD;1012380829.8349525
IJNY2;BOLIVIA;HNL;289441.7664447492
IJNY2;SIERRA LEONE;SCR;143086.6988422413
IJNY2;FRENCH POLYNESIA;INR;1521820.9589161098
IJNY2;VIET NAM;MWK;1950520.267396015
IJNY2;MAURITIUS;YER;13714199.737013677
IJNY2;DJIBOUTI;ZMW;404054.5364452435
IJNY2;KAZAKHSTAN;SDG;21962758.798812952
IJNY2;SWAZILAND;PAB;36872.143603746896
IJNY2;MADAGASCAR;MMK;10886665.301913075
GMMYc;RUSSIAN FEDERATION;QAR;14026.071937429811
GMMYc;UNITED ARAB EMIRATES;UYU;314427.4007474117
GMMYc;NIGERIA;HTG;2914868.952968551
GMMYc;SOMALIA;MWK;6570987.190221077
GMMYc;CROATIA;BTN;1893414.0241433796
GMMYc;VIET NAM;COP;90856971.04860641
LMZb3;MALAYSIA;PGK;144510.88688429497
LMZb3;MACAU;EUR;77522.5868671418
LMZb3;THAILAND;BYR;1671452740.4845488
LMZb3;SWITZERLAND;CHF;89317.09829169701
LMZb3;LAO PEOPLE'S DEMOCRATIC REP;CLP;17665224.07955475
LMZb3;NORWAY;SCR;520036.38683977036
LMZb3;MOZAMBIQUE;SBD;449873.17015100113
LMZb3;MAURITIUS;SLL;-3979676.7420160216
LMZb3;MACAU;LYD;276526.83571004315
LMZb3;SYRIAN ARAB REPUBLIC;INR;6365610.572179484
IIMab;TURKEY;KHR;9865869.801701633
IIMab;NEW ZEALAND;MVR;50952.930119929304
EZbb2;LAO PEOPLE'S DEMOCRATIC REP;MOP;131004.56296384575
EZbb2;KOREA, REPUBLIC OF;CLP;891295.4828764253
EZbb2;VANUATU;FJD;17426.671536325484
EZbb2;BOTSWANA;SLL;267729238.54998168
EZbb2;HONG KONG;ZAR;279878.131172227
EZbb2;JAPAN;SEK;160988.981344271
EZbb2;MALAWI;NOK;105721.6752216838
EZbb2;RUSSIAN FEDERATION;RSD;747787.4103555433
EZbb2;JAMAICA;YER;2324317.437542323
EZbb2;NIGERIA;MRO;6655159.688528724
EZbb2;CHILE;MVR;129003.73755987652
EZbb2;URUGUAY;XCD;2423.4915352480116
EZbb2;COLOMBIA;GMD;436680.12485925324
EZbb2;VENEZUELA;CZK;152742.48779276147
EZbb2;HONG KONG;XPF;1103883.9847061492
EZbb2;SAO TOME AND PRINCIPE;EUR;15969.224184637626
FGGM2;CROATIA;TOP;3623.7264256168687
FGGM2;RWANDA;RON;24462.399290610738
FGGM2;SUDAN;DZD;599429.525599255
FGGM2;SOMALIA;CNY;49719.92004757
BXY13;CHILE;LVL;8293.718589767774
BXY13;SURINAME;VES;115530.6147925693
BXY13;BAHAMAS;XCD;-66.74836851808249
BFJJN;CZECH REPUBLIC;TTD;47184.34018973749
BFJJN;SWAZILAND;AUD;615.6028395393975
BFJJN;CROATIA;GTQ;15427.191015975302
BFJJN;LATVIA;PGK;17448.018577151397
BFJJN;ARGENTINA;CVE;699207.215335699
BFJJN;ALBANIA;XOF;3542172.4563660906
BFJJN;INDIA;BYR;1533240.4489338505
BFJJN;URUGUAY;BMD;3661.8613497759916
BFJJN;LIBYAN ARAB JAMAHIRIYA;NIO;173137.95573487677
BFJJN;TONGA;RSD;37562.34828480823
BFJJN;LIBERIA;LYD;30378.055437081497
BFJJN;HONG KONG;SRD;199749.50937812103
BFJJN;ANGOLA;MOP;39069.43615858654
BFJJN;AZERBAIJAN;BND;1092.0869454749431
BFJJN;KENYA;IDR;7675134.061912509
Eaa12;FIJI;SVC;45875.08837505635
CCFHY;NAMIBIA;RWF;5291674.736422239
CCFHY;ZAMBIA;XPF;595657.5957024792
CCFHY;CROATIA;SRD;90418.6006880814
CCFHY;EURO;TZS;1852912.4609209946
CCFHY;TAIWAN, PROVINCE OF CHINA;CAD;7662.016351431397
CCFHY;COLOMBIA;CLP;1308183.7731078335
CCFHY;SIERRA LEONE;VUV;405831.558344206
CCFHY;FIJI;CAD;6090.73433726271
AJJX2;JAPAN;SBD;35206.4389866844
AJJX2;DENMARK;CLP;20402157.28861391
AJJX2;CAPE VERDE;HNL;131088.76016504163
ABH33;BERMUDA;NOK;188233.4759292335
ABH33;ROMANIA;NIO;1041020.9537219414
ABH33;FRENCH POLYNESIA;KYD;1956.5975421839182
ABH33;KAZAKHSTAN;PAB;14759.551632374198
ABH33;SOLOMON ISLANDS;DJF;6022674.467564942
ABH33;ARGENTINA;UGX;88158401.958631
ABH33;CENTRAL AFRICAN REPUBLIC;SGD;34616.75583759548
ABH33;VANUATU;PLN;142818.63232677538
ABH33;NEW ZEALAND;SVC;66213.46448274366
EEX13;ICELAND;VES;2764.5447546695796
EEX13;SWITZERLAND;SGD;85.140355467209
EEX13;JAPAN;VND;3260867.1282143495
EEX13;GHANA;STD;-11225.056006581604
EEX13;ZAMBIA;TRY;2578.8931388677456
EEX13;DOMINICA;GBP;51.888255060334004
EEX13;ICELAND;PKR;9917.536077723184
EEX13;COLOMBIA;PAB;75.39108466555946
EEX13;DJIBOUTI;PLN;434.64378717186776
EEX13;MALAYSIA;OMR;2.0986207757038646
EEX13;ZIMBABWE;BIF;12944.486645464513
EEX13;MOROCCO;KES;13211.73296290897
EEX13;SERBIA;JOD;30.602580585610784
EEX13;COSTA RICA;ISK;5464.644018568121
EEX13;IRAN (ISLAMIC REPUBLIC OF);HUF;50391.778644125334
BGMa1;CENTRAL AFRICAN REPUBLIC;CRC;13106266.417406734
BGMa1;CHILE;MXN;199947.37069135334
BGMa1;SUDAN;SOS;4427777.483819561
BGMa1;BURUNDI;BZD;9322.986256166812
BGMa1;BARBADOS;LBP;31223413.56153191
BGMa1;IRAQ;RWF;14790243.557528112
BGMa1;SUDAN;BSD;11181.956821173148
BGMa1;SOMALIA;WST;17164.24676397706
BGMa1;DOMINICAN REPUBLIC;COP;2142468.9864450195
BGMa1;HONG KONG;NGN;5206103.456848272
BGMa1;PARAGUAY;OMR;1570.1733224761736
BGMa1;DJIBOUTI;NOK;62374.31237085725
BGMa1;INDONESIA;UAH;96310.05380351598
KLXWY;ANGOLA;TTD;158456.9429226
KLXWY;NIGERIA;SGD;9305.148137582115
KLXWY;ARGENTINA;BYR;210762458.56990942
KLXWY;TOGO;GHS;17300.40683091913
KLXWY;BULGARIA;MVR;300850.4265640287
KLXWY;IRAN (ISLAMIC REPUBLIC OF);WST;20577.51305304725
KLXWY;RUSSIAN FEDERATION;AED;56593.46772823102
KLXWY;GUATEMALA;PYG;7411080.614636895
KLXWY;BELARUS;VND;159828206.58610204
KLXWY;GUATEMALA;HKD;117080.81751353158
KLXWY;RUSSIAN FEDERATION;SLL;493900633.95109355
KLXWY;IRAN (ISLAMIC REPUBLIC OF);SEK;62445.61465985653
KLXWY;ICELAND;MUR;1099083.8993734438
KLXWY;CAYMAN ISLANDS;FJD;754.9383982602545
KLXWY;RUSSIAN FEDERATION;PHP;862358.9448498808
CEGGV;QATAR;OMR;929.2297743348377
CEGGV;LIBERIA;CHF;234.84168431484414
CEGGV;BELIZE;EGP;159825.55390905082
CEGGV;CANADA;MVR;116090.17890364959
CEGGV;PHILIPPINES;NPR;198751.0822436502
CEGGV;ZIMBABWE;AZN;2526.3093435471146
CEGGV;BHUTAN;SLL;133391697.68202618
CEGGV;BELARUS;PES;1320430.0973124434
CEGGV;BRAZIL;DKK;40243.18756561406
CEGGV;YEMEN;BBD;1680.065708222542
CEGGV;PANAMA;GMD;359482.91178478877
EVYb1;SOLOMON ISLANDS;TRY;296620.925425736
EVYb1;KENYA;KYD;2811.0025615758705
EVYb1;POLAND;IQD;20795076.602529824
EVYb1;BANGLADESH;SBD;-589.685058336767
EVYb1;FIJI;AZN;29685.832655271282
EVYb1;RUSSIAN FEDERATION;MAD;520.4599867062592
EVYb1;COLOMBIA;VUV;2003048.8075973147
EVYb1;QATAR;GYD;1723534.0773878023
EVYb1;BOLIVIA;UGX;26860121.291268665
EVYb1;PARAGUAY;SVC;29431.86603139753
BGHIa;PERU;IRR;87946473.4001495
BGHIa;HONDURAS;EUR;7192.664396486782
BGHIa;NIGERIA;OMR;113.19982390200875
BGHIa;URUGUAY;RSD;796787.6231397779
BGHIa;EURO;RUB;381259.81438910705
BGHIa;CAYMAN ISLANDS;LYD;5538.017079577863
BGHIa;CAPE VERDE;BSD;3899.917577052394
BGHIa;HUNGARY;MOP;1408.3978165230014
BGHIa;FRENCH POLYNESIA;NPR;322823.9084694867
FFFX2;CENTRAL AFRICAN REPUBLIC;GNF;47210570.22909124
FFFX2;ALBANIA;LRD;143141.10111927372
FFFX2;EGYPT;PKR;687186.9636774156
FFFX2;MOROCCO;OMR;1042.0218945921822
FFFX2;MALAWI;MXN;105523.78383411332
FFFX2;UNITED ARAB EMIRATES;BWP;92298.22545595799
HHHVW;CHILE;MGA;34065738.784353726
HHHVW;LIBERIA;LKR;2848020.614547975
HHHVW;MOZAMBIQUE;CZK;184581.11137172105
HHHVW;ICELAND;LVL;8036.149667279688
HHHVW;CANADA;NGN;4158943.330208879
HHHVW;BAHRAIN;MYR;34721.015682204954
HHHVW;URUGUAY;SCR;-101.0868512744021
HHHVW;BOLIVIA;GHS;20143.790927007354
HHHVW;QATAR;WST;22733.98429815028
HHHVW;SOMALIA;SOS;5182133.180521906
HHHVW;MADAGASCAR;PYG;58218309.76154808
HHHVW;VIET NAM;GBP;9996.941757701234
HHHVW;PANAMA;RON;6141.45505278272
HHHVW;GHANA;DZD;264096.744292784
HHHVW;VENEZUELA;LRD;1777720.8507430018
HHHVW;CROATIA;PGK;4351.776888815352
ALZZc;BAHAMAS;IDR;3975662.8555543306
ALZZc;SRI LANKA;VUV;2863.195100180961
ALZZc;BURUNDI;SDG;90604.41592855666
ALZZc;NEW ZEALAND;SRD;8152.298720622763
ALZZc;TONGA;CYP;340.5985873495925
ALZZc;PERU;SCR;8459.10510050815
ALZZc;SAMOA;NGN;326452.0824044561
ALZZc;ARGENTINA;XOF;363763.32451695524
ALZZc;LIBERIA;KWD;48.09680353667954
ALZZc;SAUDI ARABIA;LYD;1764.6715795154946
ALZZc;MYANMAR;TTD;1321.3520764031728
ALZZc;PARAGUAY;MZN;32543.815339031196
HLZZZ;UNITED ARAB EMIRATES;IQD;1317540.587961088
EEZ33;HONDURAS;CZK;936270.4378434469
EEZ33;CANADA;LRD;4870025.732028939
EEZ33;INDIA;MXN;475605.1852529146
EEZ33;COLOMBIA;IRR;1233077508.4668527
EEZ33;NORWAY;EUR;22724.38744442794
EKc13;DOMINICAN REPUBLIC;CHF;5601.639500477718
EKc13;VIET NAM;YER;1067539.0096800616
EKc13;FIJI;SZL;165335.46246863308
EKc13;LIBYAN ARAB JAMAHIRIYA;SZL;105132.40996138501
EKc13;BELIZE;INR;999302.8355927939
EKc13;SERBIA;ISK;1005916.5250344735
EKc13;SAO TOME AND PRINCIPE;BYR;310171488.52972364
EKc13;EGYPT;TWD;-1851.5384625891338
EKc13;CAPE VERDE;DOP;722810.4902124064
FIX13;PARAGUAY;MGA;23963568.83998537
FIX13;BOTSWANA;LBP;7113560.7404200705
FIX13;SINGAPORE;MZN;251090.61588583392
FIX13;SERBIA;EGP;96876.18917605373
FIX13;CAYMAN ISLANDS;MUR;250207.5199311813
FIX13;GHANA;HKD;23949.550059252648
FIX13;BANGLADESH;PKR;1052119.961882126
FIX13;CROATIA;KES;695725.2711391028
FIX13;GUATEMALA;SGD;4928.841049877526
HLMMM;PAPUA NEW GUINEA;PLN;60207.7697880549
HLMMM;TOGO;XOF;7971277.9632423045
HLMMM;CAYMAN ISLANDS;CZK;1153768.7767656671
HLMMM;KUWAIT;LRD;2850347.0158349345
HLMMM;SAMOA;PES;5572194.706952359
ACHc2;PANAMA;STD;60032398.91319174
ACHc2;SAUDI ARABIA;MYR;16186.2511195122
ACHc2;SAO TOME AND PRINCIPE;AED;8472.984675687583
ACHc2;UGANDA;XCD;7463.000557480385
ACHc2;HUNGARY;COP;5708200.962374754
ACHc2;SEYCHELLES;BYR;120581488.00910117
ACHc2;TONGA;NZD;3855.8528647704834
ACHc2;THAILAND;PYG;16699229.695122236
ACHc2;BOTSWANA;JMD;557639.815258979
ACHc2;NETHERLANDS ANTILLES;CAD;1133.0346978128032
ACHc2;JAMAICA;BDT;255240.49106550595
ACHc2;BOLIVIA;ETB;116888.34894626758
ACHc2;RUSSIAN FEDERATION;EGP;118735.93984378438
ACHc2;SWITZERLAND;XAF;26080.35347008847
ACHc2;HONG KONG;HNL;57025.64420492355
ACHc2;NORWAY;XOF;2273389.847663736
CDFHH;THAILAND;DKK;15647.428394294508
CDFHH;MOZAMBIQUE;BND;5898.475212760911
CDFHH;SEYCHELLES;SRD;188479.39298993928
CDFHH;ALBANIA;ZMW;132779.11526836344
CDFHH;NETHERLANDS ANTILLES;THB;42834.07609394796
CDFHH;MALAWI;ZAR;204540.43509765057
FHabb;CAYMAN ISLANDS;ARS;5134014.641119895
FHabb;PAKISTAN;AOA;15905435.471769469
FHabb;DOMINICAN REPUBLIC;SBD;398454.65059402684
FHabb;PARAGUAY;IRR;451660298.02833873
FHabb;DENMARK;ZWL;22600727.012047194
FHabb;SWEDEN;ZMW;804324.1215993459
FHabb;DOMINICAN REPUBLIC;LYD;254361.66827637816
FHabb;SWAZILAND;BDT;2266428.72427022
FHabb;VENEZUELA;HUF;12739899.883429077
FHabb;MALDIVES;MGA;111643333.41045164
FHabb;UGANDA;KES;2419818.1987907696
FHabb;BARBADOS;MRO;4840318.57574624
FHabb;BELARUS;AUD;70900.00110808888
CDDEL;MEXICO;CNY;502.21428464616736
CDDEL;MEXICO;QAR;4868.462429532836
CDDEL;ZIMBABWE;DZD;101855.31050280709
CDDEL;RWANDA;ALL;122234.63788948391
CDDEL;RWANDA;GHS;18405.84416694827
CDDEL;BHUTAN;GTQ;10566.041928124901
CDDEL;CROATIA;AED;5794.428513218458
CDDEL;DJIBOUTI;SZL;11314.133009894002
CDDEL;PERU;NGN;579708.2588384157
CDDEL;JAPAN;PGK;2057.757402578634
CDDEL;FIJI;RWF;1162056.016309371
CDDEL;JAPAN;BDT;145980.52804929082
CDDEL;SAMOA;SZL;6228.944500719826
BGZc2;GUYANA;ILS;4985.080143256978
BGZc2;SAO TOME AND PRINCIPE;TTD;112193.99707979805
BGZc2;VANUATU;XCD;54352.41658389964
BGZc2;NIGERIA;DZD;989734.042001747
BGZc2;BAHRAIN;MWK;20852940.22037368
BGZc2;GUATEMALA;CYP;11023.809709570836
BGZc2;FRENCH POLYNESIA;NIO;712786.0114720194
BGZc2;BAHAMAS;UAH;18727.069232121317
BGZc2;SERBIA;MGA;94768485.16593863
BGZc2;VIET NAM;DJF;1787064.6801845683
BHM13;CHINA;WST;3357.7968184128763
BHM13;CAPE VERDE;MZN;94551.42058148896
BHM13;INDIA;MUR;70179.27477702415
BHM13;SAO TOME AND PRINCIPE;BHD;243.22145167361586
BHM13;NORWAY;BTN;12228.991772830756
BHM13;HONDURAS;MRO;258708.88826916373
BHM13;TONGA;SZL;1246.5663547461238
BHM13;LATVIA;NPR;195178.4534207957
BHM13;TRINIDAD AND TOBAGO;GNF;8603864.597475706
BHM13;SWITZERLAND;HNL;39723.93550956847
BHM13;SINGAPORE;AOA;601925.1215289629
BHM13;JAMAICA;TOP;4004.7821506416553
BHM13;EURO;AUD;600.9451025411179
BHM13;SAO TOME AND PRINCIPE;GYD;331284.49703282537
BHM13;SURINAME;BMD;1644.5802453308756
BHM13;SOLOMON ISLANDS;MAD;2161.297157291919
BHM13;SYRIAN ARAB REPUBLIC;DKK;3277.95640011145
BHM13;MAURITIUS;ANG;2180.290005088139
BHM13;JORDAN;HTG;172279.8534535223
EGLbc;MALDIVES;XCD;13982.408137730536
EGLbc;KOREA, REPUBLIC OF;GNF;423707158.4162753
EGLbc;MYANMAR;LBP;39037892.01740929
EGLbc;BURUNDI;AUD;22151.596735898187
EGLbc;UNITED ARAB EMIRATES;BGN;63861.66326174294
EGLbc;GAMBIA;MWK;5056375.727930534
EGLbc;ANGOLA;KWD;6893.914320095399
EGLbc;SAUDI ARABIA;LYD;138231.42491492126
EGLbc;TURKEY;SVC;126031.91468515102
EGLbc;EGYPT;BHD;16707.619651176446
EGLbc;ICELAND;SVC;99698.2022526841
EGLbc;FRENCH POLYNESIA;WST;134251.97446773952
CJKN2;IRAQ;PEN;70543.18046960812
CJKN2;CAMBODIA;PKR;2594779.2933225306
CJKN2;BANGLADESH;LAK;232586771.16766065
CJKN2;BELIZE;COP;121510897.75724228
CJKN2;CHINA;MVR;171789.89653683972
CJKN2;GUATEMALA;MRO;4568823.707289927
CJKN2;ALGERIA;PGK;49567.708816822524
CJKN2;CHINA;XOF;6658592.578813587
CJKN2;CAPE VERDE;SGD;1773.1573572001982
EEac3;MOROCCO;KES;3842106.647781066
EEac3;CZECH REPUBLIC;HKD;745457.4676267729
EEac3;RUSSIAN FEDERATION;HUF;14320290.578691512
EEac3;SURINAME;TTD;754760.0092496888
EEac3;CROATIA;EUR;40226.01869960404
EEac3;RUSSIAN FEDERATION;VES;162545.5839959693
EEac3;ARGENTINA;FJD;122758.83050604248
EEac3;AUSTRALIA;EUR;81788.10184315457
EEac3;COLOMBIA;CZK;2985569.5886099637
EEac3;CYPRUS;CRC;26569833.499496195
EEac3;PAPUA NEW GUINEA;MMK;275495427.77274615
EEac3;SAO TOME AND PRINCIPE;BDT;3669704.4242066243
EEac3;IRAN (ISLAMIC REPUBLIC OF);KES;15901916.558777943
EEac3;SUDAN;AUD;21943.846321787496
EEac3;EL SALVADOR;PGK;252681.24805788064
EEac3;COLOMBIA;SAR;382343.83154375665
EEac3;SAMOA;KHR;403060402.14148253
EEac3;MALAYSIA;PEN;250004.37875126366
EEac3;THAILAND;BMD;7468.600241660774
EEac3;POLAND;CNY;548741.6939987871
DFXa2;TUNISIA;AWG;1647.523173820025
DFXa2;DOMINICAN REPUBLIC;ALL;1472295.086958781
DFXa2;VIET NAM;BWP;74800.53017897833
DFXa2;NICARAGUA;MMK;21914789.126212478
DFXa2;EGYPT;KHR;12502664.194443543
DFXa2;CANADA;MXN;73319.48821528074
DFXa2;VANUATU;SLL;62342356.617633246
DFXa2;ALGERIA;COP;4177117.6361395046
GGILX;UKRAINE;THB;251205.83406197676
GGILX;CZECH REPUBLIC;LVL;1066.6127733876333
GGILX;ICELAND;XCD;5143.352250248727
GGILX;PAPUA NEW GUINEA;BND;6272.889964907234
GGILX;JAPAN;GNF;47226745.59479831
GGILX;QATAR;VUV;384328.0784569148
GGILX;VIET NAM;XPF;444011.1061827101
BFJbc;HUNGARY;HTG;1283858.956637613
BFJbc;BELARUS;BSD;415.386787543995
BFJbc;DENMARK;PKR;2220931.2224189914
BFJbc;TOGO;HUF;2274270.400228743
BFJbc;BULGARIA;VUV;1156082.252955126
BFJbc;NEW ZEALAND;ALL;21587.051851740922
BFJbc;CZECH REPUBLIC;BMD;7567.5518475435265
BFJbc;NORWAY;BIF;22323476.61214981
BFJbc;SAMOA;LBP;8589463.450706773
BFJbc;KENYA;NGN;1094674.219319956
BFJbc;POLAND;LAK;142252900.6049377
BFJbc;NEPAL;XOF;2679554.858001659
BFJbc;BOLIVIA;DZD;1020591.7905254527
BFJbc;PHILIPPINES;SBD;32286.44826970809
BFJbc;TAIWAN, PROVINCE OF CHINA;HNL;144400.8551473013
BFJbc;THAILAND;BZD;830.77357508799
BFJbc;LEBANON;AWG;10020.024126681637
HHLM3;CAPE VERDE;HRK;3769.32876090626
HHLM3;VENEZUELA;YER;419555.24410434306
HHLM3;ICELAND;GNF;14831827.080077406
HHLM3;NAMIBIA;GBP;2851.899223521961
HHLM3;ALBANIA;MWK;198626.37647008392
HHLM3;NORWAY;TND;9474.80253274848
HHLM3;BAHAMAS;AWG;812.2460029928445
HHLM3;JAMAICA;UAH;61297.6305398612
HHLM3;INDIA;ETB;120204.2384109742
HHLM3;AUSTRALIA;LAK;28801525.86934738
HHLM3;SEYCHELLES;ISK;164681.59489939216
HHLM3;SAUDI ARABIA;GNF;24380615.395885713
HHLM3;UNITED KINGDOM;SLL;44922095.935715675
HHLM3;BHUTAN;MYR;5124.964083017059
FMNY1;EL SALVADOR;NPR;1271351.9507576786
FMNY1;CAYMAN ISLANDS;CYP;3698.904457086505
FMNY1;RWANDA;BSD;14627.060886433004
FMNY1;NEPAL;GYD;2993922.038100445
FMNY1;BRUNEI DARUSSALAM;MXN;197112.11216088216
FMNY1;CAMBODIA;CZK;8505.039311589857
FMNY1;PERU;NGN;2882061.5976957274
FMNY1;BOLIVIA;CRC;9152601.908258641
FMNY1;SOLOMON ISLANDS;GHS;12959.21113972023
FMNY1;SAMOA;IDR;226178170.39319783
FMNY1;MOZAMBIQUE;JPY;409191.8708409314
FMNY1;PAPUA NEW GUINEA;STD;132292126.78889276
FMNY1;DOMINICA;DJF;573146.4485983277
FMNY1;SAMOA;UYU;233635.94600007441
FMNY1;NIGERIA;NOK;122267.16305394216
CCLZb;ROMANIA;BYR;550478757.5750674
CCLZb;BRUNEI DARUSSALAM;BBD;19939.47128718484
CCLZb;GHANA;BOB;143323.14176280872
CCLZb;BARBADOS;XPF;824991.7410114034
CCLZb;MAURITANIA;MUR;634524.0934626167
CCLZb;KOREA, REPUBLIC OF;AUD;29305.822851187302
CCLZb;ALGERIA;SRD;75651.79217499956
CCLZb;HONDURAS;QAR;71302.94447919414
CCLZb;NORWAY;DOP;417148.702058963
CCLZb;MAURITANIA;PYG;139319736.17830774
CCLZb;DOMINICA;RWF;24472501.717837818
CCLZb;SWITZERLAND;BWP;130658.78279423443
CCLZb;MALAYSIA;TOP;9263.358463471282
CCLZb;KENYA;BWP;80410.04499755979
CCLZb;ALGERIA;BRL;478.7974688689465
CCLZb;ROMANIA;CRC;11995582.749609176
FKMNN;EL SALVADOR;TRY;1087.9846634316082
WYYZc;DJIBOUTI;KRW;51911800.87625396
WYYZc;NORWAY;KES;2053592.3642392484
WYYZc;LIBERIA;VND;797364625.6275909
WYYZc;BANGLADESH;KWD;9133.560561427375
WYYZc;BAHRAIN;KES;6590508.513293082
WYYZc;THAILAND;BTN;910281.8579962675
EEFHN;EGYPT;RUB;1943366.7592528653
EEFHN;JAMAICA;BRL;638027.8075885954
EEFHN;GUYANA;MXN;2539155.604108029
EEFHN;PERU;IQD;145310631.90315765
EEFHN;ICELAND;BBD;16210.546793935044
EEFHN;EURO;VND;2673100323.3107977
EEFHN;QATAR;PES;5618600.982650267
EEFHN;TURKEY;XPF;13012290.288599692
FKNNX;TAIWAN, PROVINCE OF CHINA;BOB;8133.433063124922
FKNNX;QATAR;BHD;6360.290386614893
FKNNX;TRINIDAD AND TOBAGO;LBP;2259187.7612423413
FKNNX;POLAND;KRW;5621472.311692874
FKNNX;CYPRUS;ZAR;307871.062771655
FKNNX;VIET NAM;AED;1933.4420532146048
FKNNX;GAMBIA;YER;2368411.323955746
FKNNX;SYRIAN ARAB REPUBLIC;CZK;422159.2050373569
FKNNX;SERBIA;SGD;23119.70774898298
FKNNX;NORWAY;XOF;7185418.349783275
FKNNX;KENYA;GBP;15976.77796549692
FKNNX;MOZAMBIQUE;ETB;932653.0529472335
FKNNX;JAPAN;TOP;26034.63446799693
FKNNX;MACAU;SRD;337795.3896964386
FKNNX;TUNISIA;BHD;5579.618752796466
FKNNX;SURINAME;JMD;1798415.0001376385
FKNNX;ETHIOPIA;CRC;6712340.371080044
BBMab;BHUTAN;JOD;12811.083096816898
BBMab;ZAMBIA;CZK;470188.93932676536
BBMab;CHILE;NOK;48386.94582961718
BBMab;BURUNDI;LRD;3521476.8074211236
BBMab;POLAND;MRO;3407805.400034283
BBMab;GAMBIA;RON;86737.34908523783
BBMab;ARGENTINA;INR;507996.1156695225
BBMab;PERU;THB;751481.3481280464
BBMab;VANUATU;ARS;1464177.3663080314
BBMab;BARBADOS;MOP;136527.44194493318
BBMab;BELARUS;MZN;708389.4159815481
BBMab;MALAYSIA;OMR;-38.44565282864553
EFNb2;BOLIVIA;UAH;45134.01732135911
EFNb2;URUGUAY;BHD;2083.4759776343644
EFNb2;LATVIA;TWD;175061.66442229148
HVWWW;TONGA;XCD;6003.616060600875
HVWWW;CAPE VERDE;BTN;281369.99307506107
HVWWW;BANGLADESH;HRK;2385.314613856659
HVWWW;PANAMA;QAR;26461.736235437114
HVWWW;BOLIVIA;PKR;403436.6547861688
HVWWW;SOMALIA;PKR;1346092.8869592652
HVWWW;SOMALIA;SCR;39767.63964554117
HVWWW;KUWAIT;ZWL;3272419.2645729403
HVWWW;FIJI;XAF;3220818.495398311
HVWWW;MALAYSIA;PKR;171643.9585817518
HVWWW;PERU;UYU;142981.41297454672
HVWWW;BRUNEI DARUSSALAM;BZD;2184.3478109476446
CCNNW;IRAQ;COP;72648512.47514257
CCNNW;SYRIAN ARAB REPUBLIC;ZWL;11918336.039622875
CCNNW;BAHRAIN;PEN;146954.96999797222
CCNNW;ISRAEL;GTQ;313914.6862804277
CCNNW;URUGUAY;PHP;733228.3280171509
CCNNW;SWITZERLAND;ILS;137482.67461828276
CCNNW;CYPRUS;XOF;8143669.075076222
CCNNW;ZIMBABWE;KWD;11818.868635664554
CCNNW;TONGA;TTD;75427.18399113962
CCNNW;SWITZERLAND;MZN;624998.1093502272
CCNNW;NORWAY;JOD;24357.266621162744
CCNNW;NETHERLANDS ANTILLES;CVE;-40579.54063633845
CCNNW;MALAWI;BBD;79564.86532332959
CCNNW;EURO;JPY;5836987.051171172
CCNNW;BAHAMAS;SZL;507131.28383301594
FKLb2;INDIA;BDT;876833.2802159035
FKLb2;BERMUDA;MAD;84.06680568270701
FKLb2;ZAMBIA;GNF;133202373.81375317
FKLb2;FIJI;KYD;6922.580219020976
FKLb2;SURINAME;AUD;16170.474463931672
FKLb2;BOLIVIA;BND;571.0991631720992
FKLb2;BELIZE;OMR;2456.6013804505424
FKLb2;LIBERIA;SGD;25252.280922524806
FKLb2;PERU;NGN;7459860.188065563
FKLb2;MAURITANIA;XOF;879097.5677101132
FKLb2;IRAQ;EUR;8150.400118810326
FKLb2;CROATIA;ZMW;1950.7653527294965
FKLb2;MALAWI;COP;35708271.51489946
FKLb2;MACAU;MRO;5077944.251391405
FKLb2;ZAMBIA;PAB;13396.207129613664
FKLb2;QATAR;RWF;11412924.783408491
FKLb2;MOROCCO;SOS;2585447.542276696
FKLb2;EL SALVADOR;PAB;13372.811046721019
DDDDb;SOUTH AFRICA;AWG;39499.22336408282
DDDDb;INDONESIA;AOA;6299223.446507549
DDDDb;PHILIPPINES;EGP;492815.227335554
DDDDb;OMAN;UYU;1271157.4902934385
DDDDb;PARAGUAY;KYD;24722.92818789823
DDDDb;PHILIPPINES;ZWL;8240453.899544214
DDDDb;NICARAGUA;SYP;14993445.654000256
DDDDb;HONDURAS;BOB;211973.45957852108
DDDDb;ANGOLA;RUB;616170.2602728634
DDDDb;DOMINICAN REPUBLIC;XPF;2247333.240293121
DDDDb;DOMINICA;KHR;76597799.15197897
DDDDb;SERBIA;TOP;73637.20781473239
DDDDb;BRUNEI DARUSSALAM;BHD;6703.155731508643
GXZb1;COSTA RICA;PYG;210405340.16815138
GXZb1;GAMBIA;SRD;310690.65113484045
GXZb1;GHANA;BOB;-375.1699310912391
GXZb1;RWANDA;CLP;13604954.02918975
EFJM1;BRUNEI DARUSSALAM;NPR;981976.2580539905
EFJM1;HONDURAS;KES;614869.577408369
EFJM1;BERMUDA;AWG;5736.986919081618
BIIb2;SINGAPORE;DOP;1142284.5502429528
BIIb2;BULGARIA;LYD;96622.34679439523
JVX12;CZECH REPUBLIC;INR;367951.71936133876
JVX12;BHUTAN;CLP;1069256.8108283824
JVX12;DOMINICAN REPUBLIC;GHS;36440.55295254513
JVX12;CHINA;CZK;98031.93979025283
JVX12;EGYPT;ILS;4175.5914838905455
JVX12;BULGARIA;CVE;-4908.356262002577
JVX12;MAURITANIA;BYR;52297850.26739208
JVX12;FRENCH POLYNESIA;LAK;60037139.43313933
JVX12;THAILAND;TZS;427224.94335640804
JVX12;NIGERIA;KRW;2995416.6365992827
JVX12;PERU;KWD;187.243338616134
JVX12;SIERRA LEONE;JMD;296939.2635810271
JVX12;COSTA RICA;DKK;560.7675614681405
JVX12;CAPE VERDE;MVR;33195.80038711628
JVX12;QATAR;CRC;1369078.271375898
JVX12;ISRAEL;GHS;34961.21579357775
JVX12;MALAWI;TWD;39886.16832980482
JVX12;JAMAICA;SDG;2241511.0109679024
JVX12;COSTA RICA;UYU;140724.98054553397
JVX12;CHINA;SOS;599316.6635297175
HYb33;PARAGUAY;TWD;98497.46720904062
HYb33;SEYCHELLES;AWG;8935.751074812662
HYb33;ETHIOPIA;AED;7717.377505457642
HYb33;LATVIA;COP;25550184.26068009
LLVW1;BRUNEI DARUSSALAM;GMD;167227.24995523517
LLVW1;UNITED KINGDOM;MAD;24338.691793533577
LLVW1;NEW ZEALAND;BBD;781.3573092820395
LLVW1;PERU;MRO;264146.5450779721
LLVW1;RWANDA;AWG;2673.5845066138427
LLVW1;VENEZUELA;IRR;75234609.82298528
LLVW1;SIERRA LEONE;BGN;2676.304374062595
LLVW1;ETHIOPIA;NOK;21947.12824368215
MZ223;KUWAIT;MXN;20139.838959368222
MZ223;LAO PEOPLE'S DEMOCRATIC REP;AOA;210893.57201326074
MZ223;POLAND;RON;4476.291423433007
MZ223;ZIMBABWE;AWG;1414.5421353591062
MZ223;CAPE VERDE;BND;387.3416602014778
MZ223;BHUTAN;LRD;175380.55534330744
MZ223;SERBIA;VES;19327.36627166947
MZ223;KUWAIT;BDT;118113.8190494225
MZ223;ICELAND;PYG;1942653.21486968
MZ223;YEMEN;TWD;28184.985625583082
MZ223;TOGO;LRD;94580.48915189829
MZ223;JAPAN;NPR;122586.35121357447
MZ223;DOMINICAN REPUBLIC;MOP;8801.845908374085
MZ223;EURO;JMD;51412.820925510685
KZbcc;VENEZUELA;QAR;3568.9251035460197
KZbcc;MALDIVES;TND;11038.312179132152
KZbcc;FIJI;MGA;53729477.584208995
ACVWY;AUSTRALIA;OMR;4492.291085215572
ACVWY;SYRIAN ARAB REPUBLIC;TND;32375.21655103087
CDHIN;UNITED KINGDOM;CYP;1805.6114226279612
CDHIN;GUATEMALA;CHF;431.95792297685534
CDHIN;PAKISTAN;INR;185082.32723710337
CDHIN;ALBANIA;INR;550595.3550798643
CDHIN;UKRAINE;BYR;190367673.26747227
CDHIN;EURO;PKR;1614954.1164866502
CDHIN;TAIWAN, PROVINCE OF CHINA;PKR;1656459.94658327
CDHIN;PANAMA;DOP;249809.24775861914
CDHIN;SRI LANKA;IQD;4090371.8284690026
CDHIN;ISRAEL;RWF;4039819.7345934464
CDHIN;BAHRAIN;SGD;245.53175326598077
CDHIN;KUWAIT;CRC;2326063.317375596
CDHIN;PAPUA NEW GUINEA;MRO;2930193.8600116926
CDHIN;AZERBAIJAN;JPY;6485.327805536986
INZ12;SOLOMON ISLANDS;AOA;2787024.951504615
