;Client;Country;Currency;Transaction
0;MVWYa;SAO TOME AND PRINCIPE;BSD;5618.828756684518
1;MVWYa;BOLIVIA;ANG;9340.821329021928
2;MVWYa;BELIZE;CVE;1028580.6189318319
3;MVWYa;JORDAN;LKR;1540828.0082821772
4;MVWYa;NEW ZEALAND;CLP;13256501.94928013
5;MVWYa;POLAND;BMD;8297.869947314808
6;MVWYa;CAPE VERDE;HRK;14371.403610654113
7;MVWYa;HONDURAS;GBP;6936.772134491999
8;MVWYa;CZECH REPUBLIC;BHD;2689.1177635734875
9;MVWYa;KENYA;BHD;1615.0124361260746
10;MVWYa;KOREA, REPUBLIC OF;LAK;-2420442.301605026
11;MVWYa;LIBERIA;RON;76481.21201776143
12;MVWYa;JORDAN;XPF;1223637.523541051
13;MVWYa;BELIZE;TRY;187231.75362769474
14;MVWYa;CAYMAN ISLANDS;PGK;887.8044774518585
15;MVWYa;CZECH REPUBLIC;AOA;3722578.2909920774
16;MVWYa;PAKISTAN;GTQ;60935.17702269983
17;CJJXW;EGYPT;TND;2549.586775926241
18;CJJXW;MEXICO;JMD;468369.6737619862
19;CJJXW;GHANA;BSD;3784.2135648283593
20;CJJXW;INDONESIA;BTN;273763.3484416943
21;CJJXW;BOLIVIA;NIO;42410.64705854969
22;CJJXW;JAMAICA;XPF;22038.511253596516
23;CJJXW;KUWAIT;XAF;82981.03362867085
24;CJJXW;MEXICO;EGP;81701.61007540724
25;CJJXW;AZERBAIJAN;LKR;538424.3824761442
26;CJJXW;VANUATU;PLN;5682.31732337987
27;CJJXW;ICELAND;AZN;1581.352950581977
28;CJJXW;BURUNDI;DJF;377145.6850870708
29;Zbc11;JORDAN;SDG;3074522.6788800694
30;Zbc11;LEBANON;UYU;213422.3249988436
31;Zbc11;GHANA;ISK;-4578.75890618022
32;Zbc11;FRENCH POLYNESIA;SOS;3445187.1420685695
33;Zbc11;MACAU;DJF;224302.99667590935
34;Zbc11;GUINEA;DOP;54895.278636466945
35;Zbc11;RUSSIAN FEDERATION;MXN;99876.66998195989
36;Zbc11;HUNGARY;ANG;1632.130171796484
37;Zbc11;NIGERIA;SEK;40472.17673915325
38;Zbc11;CENTRAL AFRICAN REPUBLIC;VUV;17782.833081409266
39;Zbc11;JAPAN;TRY;38498.311186088154
40;Zbc11;TOGO;GYD;1193554.179338407
41;DLMZc;MOROCCO;HNL;13414.540078903397
42;DLMZc;EL SALVADOR;MAD;78338.3912359076
43;DLMZc;NORWAY;BYR;364773722.0785431
44;DLMZc;MACAU;HKD;110579.66291080689
45;DLMZc;MYANMAR;MYR;20996.745449654933
46;DLMZc;TANZANIA, UNITED REPUBLIC OF;BTN;723343.5903055596
47;DLMZc;BELIZE;GBP;12284.606525984917
48;DLMZc;NETHERLANDS ANTILLES;SGD;15999.572425792168
49;DLMZc;IRAQ;PKR;2184600.911253572
50;DLMZc;INDIA;ARS;1342773.4918874642
51;DLMZc;ARGENTINA;KHR;63597407.56432163
52;DLMZc;ROMANIA;LYD;42993.76522446399
53;DLMZc;TAIWAN, PROVINCE OF CHINA;TTD;96172.9160466998
54;DLMZc;EL SALVADOR;MUR;93462.54691257648
55;DLMZc;THAILAND;LKR;2546396.2100236514
56;DLMZc;BAHAMAS;NPR;1134236.2062078824
57;DLMZc;BAHRAIN;ANG;1459.2461640597307
58;FGbcc;MOROCCO;BTN;1081907.3254020524
59;FGbcc;JORDAN;INR;88401.29099641784
60;FGbcc;BARBADOS;MOP;10945.004515143728
61;FGbcc;OMAN;SYP;4793337.873922942
62;FGbcc;NEW ZEALAND;SYP;3295690.57797293
63;FGbcc;CAPE VERDE;XOF;1726243.7704700246
64;LLLXZ;VANUATU;PGK;18868.20220141242
65;LLLXZ;BERMUDA;DKK;1587.759201983859
66;LLLXZ;UNITED ARAB EMIRATES;IDR;73298680.77875684
67;LLLXZ;COSTA RICA;SVC;19501.4012150945
68;LLLXZ;JAPAN;SCR;82678.66496338852
69;LLLXZ;BARBADOS;AWG;5540.182850010766
70;LLLXZ;UNITED KINGDOM;BWP;44472.01082081743
71;LLLXZ;ROMANIA;THB;229123.13105587463
72;LLLXZ;EURO;BZD;556.0770359508094
73;LLLXZ;LIBERIA;LAK;88979332.50962935
74;LLLXZ;LATVIA;DZD;876531.7594678956
75;LLLXZ;SIERRA LEONE;QAR;6774.933562479226
76;LLLXZ;LIBYAN ARAB JAMAHIRIYA;MUR;20569.607616683104
77;LLLXZ;GHANA;GTQ;24759.89597943773
78;LLLXZ;ETHIOPIA;EGP;93651.81068129977
79;LLLXZ;CHINA;MZN;37314.034211823506
80;LLLXZ;TAIWAN, PROVINCE OF CHINA;CAD;3301.2804376318018
81;LLLXZ;UKRAINE;BIF;8299509.923271566
82;GLWZa;SUDAN;XOF;-4321.362893971323
83;GLWZa;POLAND;BIF;5791830.347546474
84;GLWZa;BERMUDA;SVC;36275.72117408193
85;GLWZa;KUWAIT;BTN;39359.282111200264
86;GLWZa;EGYPT;BHD;725.772658501487
87;GLWZa;COSTA RICA;DJF;973859.3550238875
88;GLWZa;SAMOA;RON;28890.122862953882
89;GLWZa;JAMAICA;RSD;360511.9857018809
90;GLWZa;MALAYSIA;LRD;781328.418250997
91;GLWZa;BARBADOS;GTQ;28147.71236437831
92;GLWZa;NEPAL;DJF;968075.5645917646
93;GLWZa;ROMANIA;BRL;15126.360643204578
94;GLWZa;COLOMBIA;BRL;16498.23345460203
95;GLWZa;LATVIA;MYR;23411.815379685202
96;GLWZa;LIBERIA;CYP;2175.472234078774
97;KMXa2;KOREA, REPUBLIC OF;RSD;1098037.3076196064
98;KMXa2;KENYA;BWP;220117.0860336229
99;KMXa2;FIJI;XCD;26438.942697124716
100;KMXa2;TAIWAN, PROVINCE OF CHINA;BSD;17326.526836801055
101;CGVWa;PERU;JOD;5938.136882362838
102;CGVWa;LIBYAN ARAB JAMAHIRIYA;HRK;49742.61529731849
103;CGVWa;ALGERIA;RON;112847.12560621029
104;CGVWa;UNITED KINGDOM;SVC;61088.823874791335
105;CGVWa;SAO TOME AND PRINCIPE;KRW;856655.9264840756
106;CGVWa;LIBERIA;RUB;1224801.7453171846
107;CGVWa;COLOMBIA;CVE;1677433.682085212
108;CGVWa;SUDAN;KWD;1915.584966285618
109;CGVWa;BAHAMAS;ZAR;452810.5072725696
110;CGVWa;PAPUA NEW GUINEA;BGN;45033.80792096975
111;CGVWa;MOZAMBIQUE;AWG;12969.752033424264
112;CGVWa;HAITI;SRD;726825.5927952909
113;CGVWa;JAPAN;DJF;2385777.153337499
114;CGVWa;ROMANIA;UAH;54578.082673386125
115;CGVWa;BERMUDA;DOP;133685.73482335557
116;CGVWa;IRAN (ISLAMIC REPUBLIC OF);JOD;17298.137584808563
117;CGVWa;MYANMAR;CRC;14552562.84218033
118;JKKWb;UNITED ARAB EMIRATES;VUV;64039.97405445856
119;JKKWb;CZECH REPUBLIC;RON;661.3523009018043
120;JKKWb;BAHRAIN;SLL;9862901.888320452
121;JKKWb;TUNISIA;VUV;5548.294065655497
122;JKKWb;TONGA;MUR;23507.63994998373
123;JKKWb;MOROCCO;ILS;602.4541978335891
124;JKKWb;LIBYAN ARAB JAMAHIRIYA;ZAR;9966.697515659725
125;JKKWb;LIBERIA;RON;1364.1696310437305
126;JKKWb;MYANMAR;NPR;37776.49064338429
127;JKKWb;CZECH REPUBLIC;IQD;720784.8999074379
128;JKKWb;PERU;KWD;43.688090410939445
129;JKKWb;MEXICO;BWP;2277.2649700788616
130;JKKWb;SAMOA;BBD;210.34291792960462
131;JKKWb;INDONESIA;RON;1178.9193924961346
132;JKKWb;UGANDA;INR;7686.459005778334
133;JKKWb;EL SALVADOR;BTN;14091.841510593613
134;JKKWb;ICELAND;HKD;1693.0670765271075
135;NWZZc;SWITZERLAND;OMR;2252.594622822331
136;NWZZc;DENMARK;BZD;15595.975298219788
137;NWZZc;EURO;PES;1207953.6469722614
138;FHJW1;TANZANIA, UNITED REPUBLIC OF;KZT;90125.91360711107
139;FHJW1;LATVIA;IDR;2737490.246350724
140;FHJW1;DENMARK;CRC;47856.46971383108
141;FHJW1;PAKISTAN;NGN;60259.510161437436
142;FHJW1;ARGENTINA;BGN;235.55472622263443
143;FHJW1;BRAZIL;AED;927.8591427163155
144;FHJW1;VANUATU;CRC;43837.80047006851
145;FHJW1;COSTA RICA;PLN;1169.5863321347156
146;FHJW1;OMAN;SBD;2634.457034141132
147;FHJW1;CYPRUS;HUF;9325.031956390554
148;FHJW1;RWANDA;NPR;38963.43477482023
149;FHJW1;INDONESIA;ALL;261.87938283059196
150;FHJW1;CZECH REPUBLIC;BND;308.486024241954
151;FHJW1;QATAR;AUD;446.1680450350427
152;FHJW1;MAURITIUS;KZT;78552.67283994483
153;FHJW1;PANAMA;AZN;595.2041732239113
154;FHJW1;NICARAGUA;UYU;-117.56226813517372
155;FHJW1;MOROCCO;KWD;32.59408597446825
156;EILNc;ALGERIA;AZN;9529.782057613245
157;EILNc;TANZANIA, UNITED REPUBLIC OF;ANG;2574.558639421302
158;EILNc;SYRIAN ARAB REPUBLIC;MOP;31938.507415102846
159;EILNc;SIERRA LEONE;LBP;2848862.8215016234
160;EILNc;IRAN (ISLAMIC REPUBLIC OF);SCR;42255.00617625223
161;EILNc;NICARAGUA;EGP;45926.786779713126
162;EILNc;HUNGARY;AWG;3660.834211535938
163;CKVZ3;GUINEA;KYD;96.33332120827293
164;CKVZ3;CHILE;NIO;213178.3205412229
165;CKVZ3;LEBANON;OMR;1535.5320847594885
166;CKVZ3;AZERBAIJAN;GMD;257798.31890667326
167;CKVZ3;MALDIVES;CYP;588.1529437882548
168;CEKLN;INDIA;DJF;74230.74093209814
169;CEKLN;SWAZILAND;SAR;4751.7105461430965
170;CEKLN;NEW ZEALAND;WST;735.9110243045084
171;CEKLN;DJIBOUTI;THB;38819.87118587259
172;CEKLN;PHILIPPINES;AED;808.3645277601037
173;CEKLN;ARUBA;AZN;1862.5360025328982
174;CEKLN;ZAMBIA;IRR;44675045.03485975
175;CEKLN;KUWAIT;LKR;31146.398366856483
176;CEKLN;HONG KONG;UGX;4038750.7836905434
177;CEKLN;CHINA;FJD;592.6345312068132
178;CEKLN;SERBIA;CYP;346.3065742395825
179;CEKLN;RWANDA;TRY;2432.307563475656
180;CEKLN;COSTA RICA;NIO;25666.55699337584
181;CEKLN;HAITI;AOA;46144.638307970956
182;IIKc3;SOMALIA;AZN;965.4175040694355
183;IIKc3;KAZAKHSTAN;SYP;405450.0512594804
184;IIKc3;CHILE;TND;358.59705242853875
185;IIKc3;INDONESIA;OMR;264.97535445830795
186;IIKc3;AZERBAIJAN;LRD;111113.06102734267
187;IIKc3;CAPE VERDE;BGN;1940.2537249427255
188;IIKc3;BRUNEI DARUSSALAM;PEN;4519.99192597167
189;IIKc3;BANGLADESH;ILS;3604.5682879086335
190;IIKc3;SAO TOME AND PRINCIPE;MRO;154716.43948169673
191;IIKc3;SURINAME;CZK;25497.45169467719
192;IIKc3;MALDIVES;DZD;33531.01677983853
193;IIKc3;YEMEN;JOD;513.6042509168211
194;IIKc3;ALBANIA;SLL;14781177.852306036
195;IIKc3;EURO;ZMW;5464.8483404742
196;IIKc3;SYRIAN ARAB REPUBLIC;AED;1759.8849766911937
197;IIKc3;LATVIA;TRY;7105.8027221064
198;IIKc3;ROMANIA;SVC;492.52964184418204
199;IIKc3;BOLIVIA;BTN;43487.88999115214
200;IIKc3;SOUTH AFRICA;PGK;2136.930200848054
201;IIKc3;JORDAN;LBP;661292.6590652976
202;DDIY3;MACAU;GMD;68445.00443032211
203;DDIY3;COSTA RICA;TTD;8085.360784319318
204;DDIY3;BOLIVIA;UYU;80177.72614782843
205;DDIY3;URUGUAY;TWD;47847.60429359925
206;DDIY3;UNITED KINGDOM;CHF;2895.3907100403185
207;DDIY3;ETHIOPIA;COP;13380841.29854817
208;DDIY3;MYANMAR;IRR;38922449.41637028
209;BEEWc;IRAN (ISLAMIC REPUBLIC OF);STD;101716899.30281475
210;BEEWc;SUDAN;CVE;976323.9199090175
211;BEEWc;VANUATU;PKR;1555074.2977864004
212;BEEWc;AUSTRALIA;AOA;2841294.503891593
213;BEEWc;HONDURAS;BZD;13417.064936845229
214;BEEWc;ALBANIA;ISK;878295.8426430359
215;BEEWc;INDIA;DKK;42591.41586570847
216;BEEWc;ARGENTINA;NAD;158784.53901196187
217;JKYb3;URUGUAY;ILS;35639.631505870864
218;JKYb3;BURUNDI;MXN;104305.61595425603
219;JKYb3;BELIZE;RON;54266.97590271298
220;JKYb3;CROATIA;TOP;20924.13024800667
221;JKYb3;NIGERIA;NAD;26626.14041672387
222;JKYb3;BAHRAIN;BMD;7991.501735068683
223;JKYb3;INDONESIA;RUB;379872.3702928403
224;JKYb3;LIBYAN ARAB JAMAHIRIYA;SCR;22944.334385431262
225;JKYb3;BRUNEI DARUSSALAM;JPY;1233215.3917112914
226;JKYb3;MAURITIUS;PKR;2450459.265934744
227;JKYb3;CANADA;GNF;1024699.2976639172
228;JKYb3;NAMIBIA;BWP;144508.6187262171
229;JKYb3;BOLIVIA;MUR;499869.78338553227
230;CKLNY;NEW ZEALAND;SLL;506269157.88958454
231;CKLNY;MALAWI;HKD;111235.21461162045
232;CKLNY;BRAZIL;YER;3515303.7645838778
233;CKLNY;MALDIVES;NGN;3357387.6519470476
234;CKLNY;PERU;TND;47533.762198760574
235;CKLNY;CAYMAN ISLANDS;BBD;32032.01694072876
236;CKLNY;TAIWAN, PROVINCE OF CHINA;NIO;436767.69417165103
237;AEMM3;RWANDA;DKK;186581.1312349513
238;AEMM3;SEYCHELLES;PLN;80981.8590125157
239;AEMM3;PHILIPPINES;SAR;2973.419834733555
240;AEMM3;BRUNEI DARUSSALAM;CLP;12244366.985533375
241;AEMM3;DOMINICA;VND;-5301834.936703292
242;AEMM3;SWAZILAND;YER;4574554.442874025
243;AEMM3;FIJI;KZT;2753527.239820063
244;AEMM3;PHILIPPINES;LRD;4094635.4966408084
245;AEMM3;GHANA;XPF;3599181.525971369
246;AEMM3;UKRAINE;HKD;211274.327012947
247;AEMM3;MOROCCO;BZD;34079.14864041037
248;AEMM3;BELARUS;KES;3135046.703562222
249;AEMM3;SAMOA;HRK;187583.1013841044
250;AEMM3;MEXICO;RON;13186.674099956927
251;AEMM3;NAMIBIA;MRO;7219687.946012271
252;BVab2;GUINEA;SEK;29976.660880829488
253;BVab2;CHILE;BZD;3312.554938776541
254;BVab2;MALAWI;UAH;28107.816445524466
255;BVab2;CAMBODIA;FJD;5955.055596396822
256;BVab2;PERU;CRC;538405.2865883465
257;BVab2;MYANMAR;TND;3178.9408055106765
258;BVab2;CAMBODIA;CAD;2524.252201473395
259;BVab2;SYRIAN ARAB REPUBLIC;RSD;277692.42575582385
260;BVab2;GUATEMALA;MUR;64861.32568882676
261;BVab2;MAURITANIA;NAD;48585.486857735115
262;BVab2;VIET NAM;HTG;287995.59349440434
263;BVab2;GUATEMALA;YER;32120.098546017183
264;BVab2;CAYMAN ISLANDS;PEN;3197.9569860716138
