Client;Country;Currency;Transaction
FFIVV;EURO;DOP;675853.9624936188
FFIVV;DOMINICAN REPUBLIC;WST;47186.027413701464
FFIVV;POLAND;DZD;41731.214336901765
FFJMW;URUGUAY;INR;31957.70275864645
FFJMW;HAITI;INR;24142.591811304726
FFJMW;TAIWAN, PROVINCE OF CHINA;BBD;5065.254539788584
FFJMW;EL SALVADOR;JPY;49898.758108166585
FFJMW;ICELAND;SGD;1998.5668149959588
FFJMW;BOTSWANA;VES;20163.047659809512
FFJMW;PAPUA NEW GUINEA;BHD;1337.4800016264633
FFJMW;NORWAY;THB;33731.96006213765
FFJMW;ZIMBABWE;COP;9637117.081658026
FFJMW;BANGLADESH;EUR;3465.367128846663
FFJMW;ZIMBABWE;BWP;-318.9078223960271
FFJMW;AZERBAIJAN;KWD;1000.3570035179287
FFJMW;DJIBOUTI;KES;330194.1444871499
FFJMW;VENEZUELA;NIO;14080.9656434038
FFJMW;CHINA;MUR;91639.109068167
FFJMW;ZIMBABWE;VUV;243432.04188798
CNVYZ;BRUNEI DARUSSALAM;GTQ;44878.91571172414
CNVYZ;THAILAND;BMD;8528.160587912314
CNVYZ;ZAMBIA;NZD;36003.54312625684
CNVYZ;SYRIAN ARAB REPUBLIC;RON;40151.84272516928
CNVYZ;TUNISIA;HNL;39432.95974568867
CNVYZ;BELIZE;ZWL;7469294.328037484
CNVYZ;MAURITIUS;DJF;1689743.4602902078
CNVYZ;CROATIA;BIF;6455189.398002627
CNVYZ;KUWAIT;TWD;544804.386603199
CNVYZ;SERBIA;GNF;36601741.76439321
CNVYZ;SYRIAN ARAB REPUBLIC;ILS;65219.32534643244
CNVYZ;GHANA;NAD;387046.9505446884
CNVYZ;BELARUS;ARS;2603913.401068245
AACEc;COLOMBIA;XAF;1932613.6173759857
AACEc;SINGAPORE;EGP;61950.95120697589
AACEc;CAYMAN ISLANDS;VUV;456899.203775528
BCLc2;DOMINICAN REPUBLIC;PGK;7068.2067303503145
BCLc2;AUSTRALIA;HRK;5413.340247926223
BCLc2;PHILIPPINES;TOP;538.2752016407869
BCLc2;INDIA;AWG;5418.741279889396
BCLc2;KUWAIT;MGA;4583795.612911594
BCLc2;ARUBA;HKD;15736.864089253453
BCLc2;INDIA;ALL;491969.82006220025
BCLc2;NAMIBIA;TOP;25.06381204979274
BCLc2;CROATIA;GNF;6193691.112772158
BCLc2;INDONESIA;EUR;2734.7493913000176
BCLc2;UKRAINE;COP;12254512.285035286
BCLc2;FIJI;TWD;84976.43105386985
BCLc2;ALGERIA;NOK;29686.571751200237
BCLc2;BELARUS;KZT;2055855.2914879685
BCLc2;TAIWAN, PROVINCE OF CHINA;BDT;86378.34729891772
BCLc2;NIGERIA;KRW;3180088.9731965754
BCLc2;HAITI;SGD;1412.3391149494291
BCLc2;MAURITANIA;RWF;3345391.8820579555
BCLc2;POLAND;BHD;1057.1780859499163
BCLc2;INDONESIA;BTN;28121.153030402165
AACFG;TURKEY;ZMW;27877.024650391842
AACFG;SWAZILAND;CAD;1490.4316834069252
AACFG;LIBYAN ARAB JAMAHIRIYA;CNY;1384.1540130914298
AACFG;SYRIAN ARAB REPUBLIC;PAB;2307.5712830641087
AACFG;SAMOA;DJF;243742.07518918958
AACFG;DENMARK;TTD;1650.0494036967707
AACFG;LIBERIA;JMD;237893.7659785769
AACFG;ROMANIA;PGK;507.9066835838707
AACFG;DENMARK;DJF;80845.14375086981
AACFG;JORDAN;GHS;4876.372443352899
FJN13;LEBANON;TTD;6903.177080067581
FJN13;HONDURAS;HNL;101595.13474994744
FJN13;BANGLADESH;ILS;9392.038910728581
FJN13;UGANDA;BND;903.6275377918947
FJN13;BRUNEI DARUSSALAM;TOP;4525.078394815218
FJN13;KUWAIT;XAF;902538.6271708873
FJN13;SRI LANKA;TOP;144.68158074570252
FJN13;TOGO;PHP;100627.80308150222
FJN13;SRI LANKA;XAF;2283200.8867175556
FJN13;BAHRAIN;GTQ;28635.881650429797
FJN13;LEBANON;PAB;-14.583903339166813
DDMN2;HAITI;EUR;2370.1655197688083
DDMN2;SWAZILAND;COP;6835333.1785979485
DDMN2;OMAN;CYP;1418.175194247517
DDMN2;CHILE;HRK;16632.629122519007
DDMN2;PARAGUAY;PYG;18485285.770188373
DDMN2;UNITED ARAB EMIRATES;BBD;5746.105625317772
DDMN2;GAMBIA;SZL;7422.024531607416
DDMN2;BOTSWANA;RON;10756.229697458153
DDMN2;ETHIOPIA;SBD;18805.50735273223
DDMN2;PAPUA NEW GUINEA;GYD;78479.10529384899
DDMN2;NAMIBIA;JOD;1864.8546918356537
DDMN2;COSTA RICA;PGK;3777.7038337119166
LMNWZ;SIERRA LEONE;UGX;23473.387332451544
LMNWZ;SOUTH AFRICA;XAF;455585.011217201
LMNWZ;SAUDI ARABIA;ARS;79100.81303192444
LMNWZ;SUDAN;QAR;2800.398682122686
LMNWZ;VENEZUELA;UGX;2898493.867811117
LMNWZ;HAITI;PKR;75453.37213017307
LMNWZ;FRENCH POLYNESIA;GNF;2455060.7836121866
LMNWZ;UNITED KINGDOM;SAR;413.42911029969787
LMNWZ;THAILAND;SRD;22816.581551378753
LMNWZ;GHANA;KES;6614.7661198754795
LMNWZ;ZIMBABWE;MGA;2337080.879191776
LMNWZ;AZERBAIJAN;XPF;33687.999379542984
BCLLb;BOLIVIA;FJD;5473.498091534011
BCLLb;DJIBOUTI;SCR;209902.72618839852
BCLLb;CANADA;ETB;1236644.8900617303
BCLLb;ETHIOPIA;CZK;-115.85743198290187
BCLLb;MACAU;MUR;696295.8629458713
BCLLb;ARGENTINA;LVL;3205.261008240373
BCLLb;PERU;NGN;3492032.7539145937
BCLLb;TRINIDAD AND TOBAGO;KYD;17779.05529212719
BCLLb;AZERBAIJAN;BHD;-55.16613751260155
BCLLb;MADAGASCAR;AUD;16260.965184497021
BCLLb;VENEZUELA;BSD;9537.056080707503
BCLLb;SAO TOME AND PRINCIPE;LYD;114049.35953123432
BCLLb;SINGAPORE;BMD;14234.848922508694
BCLLb;PAKISTAN;BHD;706.1265601613
BCLLb;CANADA;VUV;2326090.6640204517
BCLLb;PERU;DKK;12470.00102962733
BCLLb;RWANDA;SGD;28932.87801759106
CZabc;DENMARK;GNF;100236314.83753966
CZabc;CHILE;BRL;45582.650040854984
CZabc;AZERBAIJAN;MYR;31285.238394128944
DGHZ3;TAIWAN, PROVINCE OF CHINA;NAD;163889.39851365853
DGHZ3;MALAYSIA;SVC;87656.47538425282
DGHZ3;TUNISIA;UGX;3493363.517830376
DGHZ3;LAO PEOPLE'S DEMOCRATIC REP;PKR;3625411.1684402023
Gbbc2;PERU;COP;26788041.684039693
Gbbc2;LIBERIA;CHF;5121.3461504714005
Gbbc2;LIBYAN ARAB JAMAHIRIYA;IDR;49676786.548979156
Gbbc2;BARBADOS;GNF;19538485.48705998
Gbbc2;NIGERIA;LRD;319650.3053426235
Gbbc2;INDONESIA;BBD;6157.0436257408755
Gbbc2;PHILIPPINES;UAH;16606.363515901492
Gbbc2;QATAR;ANG;4094.7305309790368
Gbbc2;RWANDA;MAD;3751.033917968558
Gbbc2;GUINEA;BBD;4351.203427273137
Gbbc2;DENMARK;XAF;3409323.657909848
Gbbc2;PAPUA NEW GUINEA;TTD;6298.158647076684
Gbbc2;NEPAL;THB;148564.3197798476
Gbbc2;ISRAEL;MZN;385111.2171536597
Gbbc2;URUGUAY;PHP;268491.42594715126
Gbbc2;MALAWI;CLP;3699012.601164465
Gbbc2;BANGLADESH;ZAR;67993.7325150259
KXXb3;GHANA;GBP;9791.130221972444
KXXb3;ZAMBIA;DOP;111670.62036858153
KXXb3;CAYMAN ISLANDS;SOS;6685327.809808296
KXXb3;DENMARK;CNY;46001.9680583921
KXXb3;UNITED ARAB EMIRATES;CLP;7019014.359989885
KXXb3;TURKEY;TWD;85698.99182302553
KXXb3;JAPAN;GHS;149504.17871964385
KXXb3;CROATIA;TRY;234477.29964511326
KXXb3;MADAGASCAR;AZN;17968.799243106027
KXXb3;PERU;LRD;1770867.035743276
KXXb3;MAURITANIA;BDT;935727.0998296093
KXXb3;JAMAICA;KES;533707.3646448997
KXXb3;ZAMBIA;PGK;3525.1077545241264
KXXb3;MAURITIUS;UAH;441002.3632975669
KXXb3;OMAN;BMD;444.36667930490324
ACbbb;TURKEY;ANG;10614.723646695986
ACbbb;SUDAN;PHP;255289.44465586572
ACbbb;NEPAL;TND;6880.403953426365
ACbbb;MACAU;IRR;248648057.6854753
ACbbb;SAUDI ARABIA;CNY;10434.061730295429
ACbbb;CHINA;OMR;1961.2505583797322
ACbbb;MALAYSIA;TRY;120845.91971613608
ACbbb;DOMINICA;HTG;521695.88618925307
ACbbb;EURO;VUV;387700.8758647669
ACbbb;NETHERLANDS ANTILLES;TRY;56399.39530857737
ACbbb;HUNGARY;HRK;17222.214987054052
ACbbb;ARUBA;AWG;6706.848672928111
ACbbb;MALDIVES;BIF;1572479.2679495597
ACbbb;GAMBIA;AED;21375.201848532626
ACbbb;GUATEMALA;HUF;963269.0344997463
ACbbb;CROATIA;GYD;267913.86661337904
ACbbb;ZIMBABWE;UAH;205170.54361808294
ACbbb;DOMINICA;KYD;4289.789839994978
ACbbb;MOZAMBIQUE;ISK;209322.25198041755
ACbbb;SWITZERLAND;LBP;11163713.41317171
FFIMX;SINGAPORE;KRW;3736534.187967124
FFIMX;ALBANIA;BOB;19500.686796218535
FFIMX;NAMIBIA;MUR;48514.60635609611
FFIMX;SWITZERLAND;AOA;409124.1256833794
FFIMX;VIET NAM;UYU;106621.0033020288
FFIMX;NICARAGUA;VES;42193.017445670754
FFIMX;PARAGUAY;HRK;11557.62543416381
FFIMX;MEXICO;MUR;74326.37879063052
FFIMX;TONGA;TWD;-642.7636814811588
FFIMX;GUINEA;XOF;598163.9137265878
AJKK1;GAMBIA;SVC;16767.72136911225
AJKK1;HUNGARY;INR;191940.92617100655
AJKK1;SWAZILAND;GMD;253879.77878190702
AJKK1;PARAGUAY;THB;158387.97624791265
AJKK1;ALBANIA;BZD;11374.530149293534
AJKK1;MACAU;MRO;189505.75886974894
AJKK1;MALAWI;GYD;721709.8613630995
FLa33;SWAZILAND;VND;69351735.66652763
FLa33;MALAWI;BBD;33520.970278500245
FLa33;CROATIA;JOD;12603.949902328151
FLa33;PAKISTAN;JMD;1450450.5508768505
FLa33;JAMAICA;PAB;7497.0352874924
FLa33;SERBIA;PAB;4414.177026911448
FLa33;KAZAKHSTAN;KHR;26514219.331737008
FLa33;BOTSWANA;GMD;1075012.0219820675
FLa33;MADAGASCAR;XCD;17079.183531397808
FLa33;SWAZILAND;UGX;48207534.56240462
FLa33;NEPAL;KES;1564142.4909151867
FLa33;BERMUDA;MMK;28434096.644263133
FLa33;OMAN;FJD;13981.022617716175
FLa33;MOZAMBIQUE;ETB;382049.90518971323
LMZaa;RWANDA;BZD;1288.7974252517301
LMZaa;IRAN (ISLAMIC REPUBLIC OF);ARS;128120.11445625318
LMZaa;SIERRA LEONE;ARS;165229.71074400094
LMZaa;MAURITIUS;NGN;1372039.6697674375
BKLLa;SUDAN;AWG;4968.8365998785885
BKLLa;EL SALVADOR;MYR;26895.564204527043
BKLLa;BAHRAIN;YER;1401643.6184540598
BKLLa;ARUBA;KZT;1828874.749580531
BKLLa;TAIWAN, PROVINCE OF CHINA;ZAR;83676.12393942174
BKLLa;EURO;BRL;13201.486072734777
BKLLa;SOLOMON ISLANDS;BOB;11935.107034848412
BKLLa;NEPAL;TWD;365609.4054655918
BKLLa;MOROCCO;SEK;56363.93131513299
BKLLa;KOREA, REPUBLIC OF;GYD;865672.3288308148
BKLLa;CHILE;LBP;3533399.2085460518
BKLLa;SURINAME;NAD;165055.81909148372
BKLLa;HONDURAS;UYU;26852.67156689225
BKLLa;MACAU;KYD;1784.5331282159677
BKLLa;NAMIBIA;PKR;2511250.3644594047
BKLLa;PARAGUAY;QAR;24962.30961277881
FG222;SYRIAN ARAB REPUBLIC;KHR;116593188.82208653
FG222;SOLOMON ISLANDS;SCR;202205.32798038947
FWYYc;ZIMBABWE;BBD;7651.734363742718
FWYYc;VIET NAM;NPR;97984.6864839528
FWYYc;SWAZILAND;KRW;11845414.53412202
FWYYc;SWEDEN;GHS;135488.7522905614
FWYYc;SWAZILAND;UGX;18058349.879971173
FWYYc;JAPAN;BYR;100697425.92784095
FWYYc;VENEZUELA;JOD;158.50819067803153
FWYYc;BHUTAN;LYD;42511.70638217653
FWYYc;POLAND;RON;44959.1327515674
FWYYc;UNITED KINGDOM;NGN;2962192.7942823614
FJLMZ;TAIWAN, PROVINCE OF CHINA;TTD;130.19167914348228
FJLMZ;BANGLADESH;HTG;9174.009352633779
FJLMZ;UNITED KINGDOM;SZL;902.2200591960374
FJLMZ;KENYA;BBD;-0.29332650068508165
FJLMZ;BARBADOS;EGP;283.15734309850905
FJLMZ;QATAR;MAD;106.16221509249237
FJLMZ;GAMBIA;MAD;127.11008329763791
FJLMZ;EGYPT;LBP;86051.3960109324
FJLMZ;TRINIDAD AND TOBAGO;SBD;388.7845684059687
FJLMZ;TURKEY;PLN;335.53265456017226
FJLMZ;BANGLADESH;MGA;116859.6167698249
AENac;PERU;HNL;68764.60652112078
AENac;BANGLADESH;LAK;5952017.362159836
AENac;SOLOMON ISLANDS;TWD;119840.26557693213
AENac;IRAQ;KHR;3371350.803548641
AENac;ZAMBIA;PAB;250.09688292629764
AENac;KENYA;UAH;55490.55380460608
AENac;ROMANIA;BND;1999.2102806234307
AENac;DOMINICAN REPUBLIC;IRR;7606242.728283176
AENac;SOUTH AFRICA;IDR;30113.94107736016
AENac;CZECH REPUBLIC;BIF;3677150.38371978
AENac;SUDAN;NPR;301903.2088604211
AENac;PERU;JOD;3346.6161011320282
AENac;INDIA;MRO;718937.1811490532
AENac;TRINIDAD AND TOBAGO;BYR;12928056.420252008
AENac;CAPE VERDE;INR;43331.68930085711
AENac;MOROCCO;LRD;177336.23483981166
AENac;JORDAN;XOF;1919409.3406258114
AENac;CAYMAN ISLANDS;THB;163530.53062568742
AENac;MYANMAR;XCD;8411.01690213578
VWbb1;CZECH REPUBLIC;GTQ;68460.17619666856
VWbb1;LAO PEOPLE'S DEMOCRATIC REP;GBP;5448.466114733861
VWbb1;PANAMA;NZD;7299.685991698127
VWbb1;ALBANIA;PEN;11237.332570791663
VWbb1;UKRAINE;RUB;503721.2565331404
VWbb1;DOMINICAN REPUBLIC;PLN;3511.372390761198
VWbb1;HUNGARY;MYR;58910.869061852274
VWbb1;BRUNEI DARUSSALAM;COP;28071620.969925847
VWbb1;NEPAL;INR;586511.0519858534
VWbb1;GAMBIA;XOF;593280.6655017028
VWbb1;HONG KONG;FJD;2950.872526866555
VWbb1;PAPUA NEW GUINEA;MMK;2504520.8301903172
VWbb1;ICELAND;UAH;55699.41777499181
VWbb1;BAHRAIN;CZK;137566.00172902527
CLNVc;GUINEA;BWP;50084.12293739068
CLNVc;THAILAND;BHD;1152.3357020496665
CLNVc;PAPUA NEW GUINEA;JOD;1238.1338305295824
CLNVc;QATAR;MWK;3067036.5382362944
CLNVc;THAILAND;CRC;2177469.7624301496
CLNVc;SERBIA;SLL;62051063.53235285
CLNVc;ZIMBABWE;BSD;1082.6778220788565
CLNVc;CHILE;SAR;10584.972722627901
CLNVc;SOLOMON ISLANDS;GTQ;11991.55469631315
CLNVc;FRENCH POLYNESIA;BTN;128831.01556221113
CLNVc;FRENCH POLYNESIA;MAD;9630.712782439348
CLNVc;ICELAND;GBP;2236.3931282378335
CLNVc;KOREA, REPUBLIC OF;NOK;28222.372013575277
CLNVc;ISRAEL;ZMW;73100.56227254374
GNZZb;MALAWI;NGN;996734.524173524
GNZZb;SAMOA;SRD;56960.57331921181
GNZZb;BARBADOS;PHP;99971.19195582926
GNZZb;CYPRUS;DOP;72785.92221752688
GNZZb;ICELAND;PGK;2209.5355480244043
BBJJM;SURINAME;AOA;523604.1737746368
BBJJM;TRINIDAD AND TOBAGO;MMK;4624161.561003209
BBJJM;NAMIBIA;PHP;628838.1750267502
BBJJM;MAURITANIA;SYP;3430607.806906845
BBJJM;BULGARIA;HTG;692869.6574178155
BBJJM;SEYCHELLES;SGD;24545.154084235317
BBJJM;MALAYSIA;ZAR;225446.1839094524
BBJJM;NORWAY;NOK;99459.86298103529
BBJJM;BELIZE;MOP;26721.177696400056
BBJJM;CAPE VERDE;KYD;13515.04829614614
BBJJM;DENMARK;KWD;4977.815023558893
BBJJM;VIET NAM;HRK;106579.44389621721
BBJJM;SOUTH AFRICA;MXN;362285.2531251946
EJNc1;MOROCCO;YER;874676.0181464333
EJNc1;BRAZIL;XCD;14741.61698196687
EJNc1;DJIBOUTI;LVL;5447.6644833892005
EJNc1;CANADA;KYD;4536.31699957382
EJNc1;SRI LANKA;XAF;3124996.8719301424
EJNc1;BHUTAN;FJD;23747.691486605538
EJNc1;TURKEY;PGK;15410.872163040245
EJNc1;QATAR;MVR;25649.36579578555
EJNc1;JAMAICA;AED;37698.30700350107
EJNc1;GHANA;JOD;1549.3548671802184
EJNc1;BOTSWANA;BGN;9191.794822138032
EJNc1;LAO PEOPLE'S DEMOCRATIC REP;CAD;5430.275509107193
BCDD1;DOMINICAN REPUBLIC;GHS;375.41244672696394
BCDD1;FIJI;SVC;12599.011132885373
BCDD1;EL SALVADOR;SAR;10547.88419187017
BBLLM;CAMBODIA;BND;77.48089584040018
BBLLM;SAO TOME AND PRINCIPE;KYD;117.29609652542545
BBLLM;MAURITIUS;NAD;4786.536383876394
BBLLM;SOLOMON ISLANDS;STD;3000002.116647708
BBLLM;BOLIVIA;IDR;681025.7543889623
BBLLM;ISRAEL;XAF;495148.58955745783
BBLLM;JAMAICA;KYD;51.75057016138373
ABHHV;CAMBODIA;UAH;95556.81196150632
ABHHV;BELIZE;UAH;47598.9862984751
ABHHV;ROMANIA;PLN;891.1860013808869
ABHHV;MOROCCO;XOF;774576.1235896323
ABHHV;JAPAN;TWD;37442.44133637171
ABHHV;KENYA;CRC;2116798.4914807794
ABHHV;UGANDA;XCD;5578.507156827782
ABHHV;GAMBIA;MWK;2329748.1679893383
ABHHV;DJIBOUTI;INR;228375.37314350394
ABHHV;TURKEY;MZN;102995.69170611045
ABHHV;CENTRAL AFRICAN REPUBLIC;BRL;9005.683841403645
ABHHV;MAURITANIA;IRR;79525785.7526863
ABHHV;ISRAEL;LYD;18771.05195290882
BCFXZ;CROATIA;RWF;1977202.7921785582
BCFXZ;ISRAEL;BDT;65003.43114165409
BCFXZ;GUATEMALA;CRC;1924034.0318405405
BCFXZ;FIJI;NOK;689.5169298641231
BCFXZ;FIJI;CRC;336715.9412168519
BCFXZ;SOLOMON ISLANDS;XAF;672864.7650416221
BCFXZ;MYANMAR;JOD;2238.464628614546
AGHXa;CAMBODIA;DJF;52740.996304072745
AGHXa;FRENCH POLYNESIA;AUD;1686.445001254008
AGHXa;BAHAMAS;BGN;3140.6854535320795
AGHXa;AUSTRALIA;RWF;1915391.4687150894
AGHXa;NORWAY;TTD;12959.909175757064
AGHXa;VIET NAM;NIO;67982.2177607346
AGHXa;LIBERIA;TWD;49075.801338037476
CGJKZ;SWITZERLAND;RON;9349.067070727127
CGJKZ;VIET NAM;EUR;6218.54583360529
DDDYc;KAZAKHSTAN;INR;536724.0404448227
DDDYc;CHINA;GBP;1991.9731800569396
DDDYc;MAURITANIA;GMD;380547.0590544427
DDDYc;BELARUS;BSD;2880.3803556062558
DDDYc;KOREA, REPUBLIC OF;KZT;2740586.4619194665
DDDYc;BELARUS;ZMW;62920.64438695173
DDDYc;SWAZILAND;ZMW;4153.291757851449
DDDYc;RWANDA;JMD;885995.0714898605
DDDYc;ICELAND;AWG;2154.9729402551557
DDDYc;MOROCCO;XPF;447658.16693318775
DDDYc;SWAZILAND;ZMW;104246.47262573955
DDDYc;KENYA;KYD;5128.370157313066
DDDYc;ROMANIA;SGD;6420.14324526476
DDDYc;CENTRAL AFRICAN REPUBLIC;NGN;2655686.8821789436
AHJWZ;BULGARIA;WST;407.59931596913344
AHJWZ;SOUTH AFRICA;BWP;19970.71532785109
AHJWZ;MOROCCO;GNF;8919151.361896964
AHJWZ;CAPE VERDE;PAB;1450.3742326568329
AHJWZ;URUGUAY;GMD;30409.22695188484
AHJWZ;ARUBA;CAD;1496.2138554287371
AHJWZ;TANZANIA, UNITED REPUBLIC OF;CZK;4363.135903765321
AHJWZ;BERMUDA;TRY;20103.445908523358
AHJWZ;ETHIOPIA;MXN;18107.800499484983
AHJWZ;INDONESIA;BYR;24897976.85652226
AHJWZ;PAKISTAN;TOP;2651.986704785351
AHJWZ;OMAN;BGN;977.998850182516
AHJWZ;EL SALVADOR;NPR;44389.86839244142
AEMW1;DOMINICAN REPUBLIC;SYP;6159529.217430768
AEMW1;BOLIVIA;PHP;416277.46913787833
AEMW1;PANAMA;AED;38338.38639369004
AEMW1;SUDAN;XCD;17346.51324430381
AEMW1;MEXICO;MGA;25174698.642199676
AEMW1;BOTSWANA;GTQ;7085.694091720963
AEMW1;MALAYSIA;TND;25421.637379768526
AEMW1;NORWAY;LVL;7878.092266956426
AEMW1;EL SALVADOR;RON;45355.71903506773
AEMW1;RWANDA;SBD;4962.307835381229
AEMW1;DJIBOUTI;OMR;323.4544648939295
AEMW1;POLAND;GMD;463119.0714829556
AEMW1;SWEDEN;TWD;75948.9322528939
AEMW1;SYRIAN ARAB REPUBLIC;JPY;1416826.671369053
HWWYY;GUINEA;LBP;4310493.255801575
HWWYY;BANGLADESH;SLL;55731306.0711126
HWWYY;FRENCH POLYNESIA;NZD;968.6978326422403
HWWYY;SRI LANKA;BWP;20149.876197554633
HWWYY;SAO TOME AND PRINCIPE;DJF;426273.6102268797
HWWYY;SUDAN;GYD;391549.16252742516
HWWYY;BELIZE;CHF;1993.7974162658597
HWWYY;ICELAND;BGN;1515.4492446430286
HWWYY;IRAN (ISLAMIC REPUBLIC OF);DKK;1112.7913586752645
HWWYY;ROMANIA;SAR;9698.635652494153
HWWYY;CAPE VERDE;KWD;47.53141859572847
HWWYY;BELIZE;INR;119134.7728771837
HWWYY;ARUBA;NOK;18268.21800887572
HWWYY;MALDIVES;BBD;4047.335132850358
BDZ12;AZERBAIJAN;SGD;569.1608061736712
BDZ12;MADAGASCAR;XPF;46578.899497258055
BDZ12;INDONESIA;XAF;25306.84151742892
BDZ12;UNITED ARAB EMIRATES;CLP;404926.1214679709
BDZ12;GUYANA;GBP;321.98249481974074
CGINc;SAO TOME AND PRINCIPE;CVE;254007.04675890825
CGINc;COSTA RICA;ARS;219862.44027264614
CGINc;CAMBODIA;KZT;554681.8973146324
CGINc;COSTA RICA;NPR;204762.70402704878
CGINc;ROMANIA;XOF;604038.4443899126
CGINc;CANADA;BSD;1322.0881625045524
CGINc;KAZAKHSTAN;IDR;4179044.1215885826
CGINc;PERU;ZWL;647398.1269803038
CGINc;ETHIOPIA;AUD;2241.260227081606
CGINc;SWAZILAND;BWP;22649.54850481812
AJJL2;KUWAIT;MXN;3244.7843350857834
AJJL2;NETHERLANDS ANTILLES;BTN;4112.9764936839
AJJL2;IRAQ;NAD;4974.910435531744
AJJL2;SWEDEN;VUV;9427.633685384491
AJJL2;HONG KONG;TND;766.5024558718982
AJJL2;BRAZIL;MMK;950289.7650805502
AJJL2;AUSTRALIA;INR;36390.720448652806
AJJL2;NEPAL;SOS;185511.20022127224
AJJL2;OMAN;MAD;4346.650341157038
AJJL2;EURO;NGN;62597.238000203986
AJJL2;EGYPT;NPR;46690.20054906337
AJJL2;AUSTRALIA;BWP;228.87968313022466
AJJL2;BULGARIA;WST;122.04983552648999
AJJL2;ICELAND;IQD;561129.2193885073
AJJL2;SWEDEN;LKR;53638.23205973841
AJJL2;ICELAND;CZK;7747.849560267067
AJJL2;THAILAND;MMK;670085.6632981512
AJJL2;MAURITIUS;UGX;1027173.3815373922
AJJL2;RUSSIAN FEDERATION;BYR;11216711.966921594
AKKN1;NEW ZEALAND;SOS;3401324.5449713375
AKKN1;GUATEMALA;CYP;1300.5648220016033
AKKN1;MYANMAR;XCD;13899.515650417974
AKKN1;KAZAKHSTAN;CRC;4789086.970473094
AKKN1;BOLIVIA;TZS;14184721.337767081
AKKN1;ZAMBIA;CLP;6116555.792621851
AKKN1;HONG KONG;XPF;593506.8559398787
AKKN1;SOLOMON ISLANDS;CZK;120991.24522374336
AKKN1;NORWAY;CLP;2756992.3098505363
AKKN1;CANADA;ZWL;1501100.9844463973
AKKN1;RUSSIAN FEDERATION;GNF;48710776.50756539
AKKN1;CAPE VERDE;LVL;772.979300069767
AKKN1;BURUNDI;SDG;1446566.4776898997
AKKN1;JAMAICA;PEN;34997.063658006664
AKKN1;UKRAINE;SGD;10641.542984954156
AKKN1;RUSSIAN FEDERATION;MRO;1829591.607450274
AKKN1;UKRAINE;COP;17155509.371110003
AKKN1;LAO PEOPLE'S DEMOCRATIC REP;PLN;38330.58724884546
HMWY3;NIGERIA;HRK;34642.487991595786
HMWY3;UNITED KINGDOM;CVE;909491.3877406489
HMWY3;ETHIOPIA;LRD;9956.324431970825
HMWY3;TURKEY;NPR;361263.91658510704
HMWY3;CAMBODIA;HTG;1013009.010118818
HMWY3;VENEZUELA;GHS;146226.93983988202
HMWY3;MYANMAR;BHD;637.3075922357173
HMWY3;ZIMBABWE;IDR;81172683.68099031
HMWY3;SIERRA LEONE;DZD;546493.888883391
HMWY3;DJIBOUTI;SDG;3974671.8928365814
HMWY3;CHINA;RWF;4685448.0700031
HMWY3;ROMANIA;IQD;3967507.0202107024
HMWY3;SUDAN;SBD;79828.30430696206
AGXa3;UNITED ARAB EMIRATES;GTQ;4386.007937673889
AGXa3;AZERBAIJAN;AWG;1903.090064362286
AGXa3;TANZANIA, UNITED REPUBLIC OF;ARS;1131568.2011646503
AGXa3;SAO TOME AND PRINCIPE;PEN;2786.475948630846
AGXa3;PERU;CZK;26282.94656390724
AGXa3;NEPAL;MRO;996864.8650368947
AGXa3;PAPUA NEW GUINEA;SDG;3043302.348796181
AGXa3;DJIBOUTI;CYP;4078.8206550780174
AGXa3;COLOMBIA;PEN;13314.198345408924
AGXa3;BRAZIL;SYP;3702844.9231928596
AGXa3;ROMANIA;YER;709199.8723844193
AGXa3;BELIZE;VES;72510.49619704536
AGXa3;LATVIA;MOP;9188.45448653256
IMXWW;VENEZUELA;HNL;152375.77453678614
IMXWW;DJIBOUTI;STD;238543360.40658164
IMXWW;KOREA, REPUBLIC OF;RWF;6934347.391213822
IMXWW;CAMBODIA;XAF;5816540.0215918375
IMXWW;EURO;ZWL;677954.8771756559
DEEFF;SAMOA;MYR;4677.7493142460335
DEEFF;NETHERLANDS ANTILLES;WST;17414.190156293997
DEEFF;BRUNEI DARUSSALAM;AZN;15776.300093476118
DEEFF;SWITZERLAND;SEK;203053.53883560034
DEEFF;YEMEN;BDT;1343169.7619928727
DEEFF;LEBANON;BGN;5118.566691412564
DEEFF;CANADA;MOP;30662.120818760937
DEEFF;SAO TOME AND PRINCIPE;TTD;14678.530496686075
DEEFF;BOLIVIA;COP;43263771.040261336
BDIWW;COLOMBIA;ETB;418970.57713501004
BDIWW;BAHAMAS;SCR;195702.259280381
BDIWW;OMAN;TTD;142454.53042606797
BCGN1;SOLOMON ISLANDS;RUB;63310.948635953704
BCGN1;BELARUS;NAD;5499.2342088613605
BCGN1;KUWAIT;LRD;28050.80789120778
BCGN1;BELIZE;SBD;2624.797746103836
BCGN1;NEW ZEALAND;VES;2515.241256528351
BCGN1;HUNGARY;NIO;22762.167565947897
BCGN1;IRAQ;NGN;488230.8577631634
BCGN1;TAIWAN, PROVINCE OF CHINA;BND;882.7466620648765
BCGN1;BULGARIA;VES;17918.51686131314
BCGN1;DOMINICA;HNL;20612.148454925235
BCGN1;CAPE VERDE;LVL;67.03942592124598
BCGN1;NEPAL;AZN;895.683612844089
CGNZa;LEBANON;SOS;466971.4353643065
CGNZa;ALGERIA;SRD;27467.41945944715
CGNZa;ZAMBIA;JPY;105525.07565602008
CGNZa;CAYMAN ISLANDS;SYP;343638.37458071904
CGNZa;JAPAN;MZN;11871.840224363003
CGNZa;TUNISIA;KWD;43.24041325486049
CGNZa;COLOMBIA;UAH;24740.596766699695
CGNZa;BULGARIA;LBP;222257.65212980474
CGNZa;LATVIA;BBD;1941.6685353066603
BHMb2;SAUDI ARABIA;NZD;8163.544762357376
BHMb2;MACAU;SBD;769.0588837897328
BHMb2;RWANDA;TWD;168314.3589506983
BHMb2;QATAR;BZD;11146.310916886729
BHMb2;MAURITANIA;CYP;1075.9924425693266
BHMb2;LAO PEOPLE'S DEMOCRATIC REP;CNY;13124.734897253973
BHMb2;BELARUS;MUR;131054.53900961977
BHMb2;SAMOA;KWD;930.6407124812888
BHMb2;BRUNEI DARUSSALAM;BIF;8252187.967956771
BHMb2;ICELAND;XAF;3336865.8671148224
BHMb2;SINGAPORE;MWK;5963916.583628042
BHMb2;QATAR;QAR;5505.147248212251
BHMb2;BANGLADESH;PGK;18072.145728316307
BHMb2;LIBERIA;LVL;1512.9935920734954
BHMb2;TRINIDAD AND TOBAGO;IQD;6642061.274305934
BHMb2;HONG KONG;COP;20220949.876329146
DGIIJ;RWANDA;BHD;1802.6710133041825
DGIIJ;UGANDA;BDT;1289296.1350996543
DGIIJ;IRAQ;BDT;785425.4150686667
DGIIJ;MACAU;TTD;70242.96611270712
DGIIJ;EL SALVADOR;ZAR;222904.1146694114
DGIIJ;PANAMA;SRD;266437.4113659828
DGIIJ;SYRIAN ARAB REPUBLIC;MUR;580525.0069549172
DGIIJ;OMAN;KHR;30237182.499654133
IJWYb;KUWAIT;TOP;2463.4472664860414
IJWYb;PAKISTAN;LAK;12636229.537555417
IJWYb;INDONESIA;AZN;956.7523031440378
IJWYb;URUGUAY;BMD;389.29873445272864
IJWYb;VANUATU;NZD;998.9906647936923
IJWYb;IRAN (ISLAMIC REPUBLIC OF);ILS;3135.953008018338
IJWYb;CAPE VERDE;DJF;175371.1021803436
IJWYb;PAPUA NEW GUINEA;XPF;103652.65578092504
IJWYb;KOREA, REPUBLIC OF;BBD;1807.2570846444366
IJWYb;KOREA, REPUBLIC OF;IRR;3110945.3914277037
IJWYb;HONG KONG;NZD;1593.4695713126173
IJWYb;SAO TOME AND PRINCIPE;CZK;19374.981435048732
IJWYb;COSTA RICA;AOA;564691.2277996463
IJWYb;MAURITANIA;JOD;57.35324156926632
FIL11;KAZAKHSTAN;COP;9928348.182839625
BMXaa;MACAU;BND;3778.524910176567
BMXaa;BARBADOS;RON;7556.260124615758
AGLWY;THAILAND;IRR;359366528.986657
AGLWY;HAITI;PES;1232729.1015412437
AGLWY;AUSTRALIA;JMD;127501.13064886673
AGLWY;ZAMBIA;PES;1544527.2874475212
AGLWY;NORWAY;CAD;2727.0280627156076
AGLWY;HUNGARY;CAD;7339.732192807193
AGLWY;VIET NAM;GMD;486030.1552653773
AGLWY;OMAN;MRO;1598160.1814475006
AGLWY;BAHRAIN;ARS;2315203.9627937325
AGLWY;INDONESIA;LBP;-7347.5780160460035
AGLWY;GUINEA;GBP;6942.305320379567
AGLWY;SAMOA;TWD;291793.1295783924
AGLWY;ISRAEL;ZMW;20865.967619408122
AGLWY;UNITED KINGDOM;CZK;184802.64608362506
AGLWY;ZIMBABWE;XAF;3131897.8821864296
AGLWY;SIERRA LEONE;SYP;2489528.831922331
GGJLL;SAMOA;GNF;26635555.057888396
GGJLL;ISRAEL;SRD;168601.62295678395
GMZZb;ETHIOPIA;XAF;46558.15549755347
GMZZb;JORDAN;SEK;688.0664440524096
GMZZb;LAO PEOPLE'S DEMOCRATIC REP;SYP;126023.84116224309
GMZZb;NIGERIA;MVR;2211.8439658879743
GMZZb;HUNGARY;EGP;570.1677695299611
GMZZb;PERU;MOP;2347.7475063039587
GMZZb;KOREA, REPUBLIC OF;MRO;29322.37637675486
GMZZb;SERBIA;JOD;148.6845809218588
GMZZb;SYRIAN ARAB REPUBLIC;PAB;148.56504514832565
GMZZb;SWEDEN;PLN;679.9588171833248
GMZZb;ARGENTINA;BBD;546.8777075746601
GKXZb;NICARAGUA;LKR;150956.9093284909
GKXZb;INDIA;MRO;131415.75756145376
GKXZb;SAO TOME AND PRINCIPE;NPR;2398.265399914499
GKXZb;SAUDI ARABIA;BWP;3343.7582782452623
GKXZb;FIJI;GHS;3675.3725457580745
GKXZb;HAITI;BBD;791.5715424905694
GKXZb;BERMUDA;ILS;634.4535813791155
GKXZb;COLOMBIA;LAK;5807758.663920293
GKXZb;BULGARIA;SYP;72755.11976938439
GKXZb;LIBERIA;TOP;124.87105252692034
GKXZb;HAITI;MZN;20387.240695654367
GKXZb;MOROCCO;KHR;90361.09024427079
GKXZb;SURINAME;MOP;2088.3943598396936
GKXZb;NIGERIA;ALL;15753.479375542063
IIN22;SWAZILAND;EGP;96735.3537620854
IIN22;SYRIAN ARAB REPUBLIC;SZL;15911.023312755378
IIN22;CROATIA;KWD;290.88334726740567
IIN22;HONDURAS;CZK;71722.6430760772
IIN22;MAURITANIA;CLP;5780448.997282774
IIN22;SUDAN;KZT;2595664.60734803
IIN22;MACAU;BND;8555.078754314109
IIN22;UNITED ARAB EMIRATES;PES;1106447.408178501
IIN22;BURUNDI;ISK;269833.4046647182
IIN22;SIERRA LEONE;WST;17994.158984462592
IIN22;ARGENTINA;BWP;51172.71135330271
IIN22;UNITED KINGDOM;LVL;2247.5344951521024
IIN22;TRINIDAD AND TOBAGO;LAK;50275569.25695629
IIN22;CANADA;ANG;8100.430384725305
IIN22;NEPAL;JMD;528365.0374830908
IIN22;BURUNDI;BGN;10629.422661101564
JNXY2;SYRIAN ARAB REPUBLIC;SLL;8370647.71598872
JNXY2;NEW ZEALAND;LVL;1717.2082796129462
JNXY2;SAMOA;DKK;18701.028148829573
JNXY2;UNITED ARAB EMIRATES;AZN;2275.9580465206227
JNXY2;NETHERLANDS ANTILLES;ILS;1950.3148513493952
JNXY2;ALGERIA;CLP;1567246.7294411734
JNXY2;BRAZIL;HUF;2040331.7510530106
JNXY2;AZERBAIJAN;SCR;2938.3604675048027
JNXY2;JAPAN;CYP;2481.465361597426
JNXY2;SAUDI ARABIA;NGN;2178493.5436818996
JNXY2;ROMANIA;UAH;187700.00684020104
JNXY2;LEBANON;GNF;32023723.514695648
JNXY2;EGYPT;KWD;585.9507900240745
JNXY2;SUDAN;HRK;642.0786231842307
JNXY2;POLAND;LRD;-2289.056398315692
JNXY2;LATVIA;SCR;3378.7535596861126
JNXY2;OMAN;BIF;4712029.58198499
JNXY2;TUNISIA;XOF;1398573.9620429322
DFFIa;SWITZERLAND;BHD;567.1069558996699
DFFIa;LIBERIA;CAD;343.86555054634607
DFFIa;DENMARK;RWF;384706.0664659367
DFFIa;TURKEY;KZT;350751.0303861582
AFLNX;SEYCHELLES;MMK;387146.75642992015
AFLNX;KUWAIT;TND;13754.155214341932
AFLNX;DJIBOUTI;SEK;1835.330731015013
AFLNX;TOGO;LBP;2196011.1954032118
AFLNX;SWITZERLAND;YER;721691.1751115419
AFLNX;EURO;TRY;45488.807449937245
AFLNX;THAILAND;LRD;96240.70756055601
AFLNX;LIBYAN ARAB JAMAHIRIYA;SRD;4779.834812962814
AFLNX;ICELAND;BMD;3498.41509049716
AFLNX;SUDAN;CNY;46145.59980455286
AFLNX;BANGLADESH;UAH;231120.35320488864
AFLNX;SOMALIA;NAD;38050.80475061469
AFLNX;PAPUA NEW GUINEA;CLP;59752.93261960151
AFLNX;CHINA;PHP;286667.56245380844
AFLNX;SAO TOME AND PRINCIPE;AED;8980.701222670445
AFLNX;IRAN (ISLAMIC REPUBLIC OF);LVL;4452.533707207516
AFLNX;NETHERLANDS ANTILLES;BWP;74847.31904981799
AFLNX;VIET NAM;GBP;126.21208133113633
AFLNX;ARUBA;CLP;1551515.8021572393
ILWZb;EL SALVADOR;COP;1797842.5734004208
ILWZb;UGANDA;LVL;750.256491208216
ILWZb;JAMAICA;CZK;14039.363524394865
ILWZb;PERU;CLP;495014.98887249496
ILWZb;MALDIVES;GNF;1308379.8255479084
ILWZb;BRUNEI DARUSSALAM;GNF;1579043.8800133227
ILWZb;SWITZERLAND;CNY;5572.93709038262
ILWZb;NIGERIA;UAH;35795.82310383457
ILWZb;VANUATU;KWD;237.19365525804758
ILWZb;BAHRAIN;LRD;165866.53951153267
ILWZb;CHILE;TWD;3680.150913631162
ILWZb;ISRAEL;BHD;44.11254494122895
ILWZb;MALAWI;LBP;335254.15185829706
ILWZb;FIJI;DOP;38649.28530611629
FLbb1;BELARUS;GNF;322124131.80377996
FLbb1;MOZAMBIQUE;LYD;64805.520750305775
FLbb1;HUNGARY;AZN;39976.24816375068
FLbb1;HAITI;UGX;141111752.3570381
FLbb1;SERBIA;VND;503278632.45480496
FLbb1;CHILE;EUR;20606.153119993753
FLbb1;BANGLADESH;BZD;1162.1479721702638
FLbb1;TRINIDAD AND TOBAGO;BTN;1834776.3825250599
FLbb1;CHILE;KRW;5034113.89257878
FLbb1;BELARUS;SZL;188661.13732996496
HNWWY;BULGARIA;SAR;54110.12286053096
HNWWY;VANUATU;KES;2059281.3294937923
HNWWY;DENMARK;MAD;116618.77950864122
HNWWY;NIGERIA;TND;74558.12341637058
HNWWY;GUYANA;NAD;233974.29607778176
HNWWY;FIJI;JMD;1772069.9155657175
HNWWY;LATVIA;ILS;76551.74624896667
HNWWY;HONDURAS;ZMW;67500.69532921852
HNWWY;CAMBODIA;TOP;31085.111971149945
HNWWY;ROMANIA;NGN;8227960.506928488
HNWWY;DOMINICA;JPY;442758.0751234471
HNWWY;ALGERIA;PES;614372.8757564485
HNWWY;QATAR;SDG;11579157.498707378
HNWWY;CENTRAL AFRICAN REPUBLIC;JOD;15760.243578528936
HNWWY;BARBADOS;UGX;78584285.53987393
HNWWY;ALBANIA;HRK;99330.94375244684
HNWWY;BELIZE;PGK;3591.0219872752355
CKMXa;TUNISIA;MUR;102648.62777754414
CKMXa;BHUTAN;COP;11879693.701024754
CKMXa;SAUDI ARABIA;MVR;1210.6326493720878
CKMXa;SWAZILAND;GYD;58457.789040920296
AGNb2;MAURITANIA;BRL;27996.35614570791
AGNb2;MALDIVES;IDR;85381545.80736375
AGNb2;LEBANON;PGK;26051.505837955017
AGNb2;VANUATU;BGN;16046.61280654473
AGNb2;SERBIA;KHR;1430250.6493831067
AGNb2;BRUNEI DARUSSALAM;ANG;15106.46608127365
AGNb2;GUINEA;PLN;4301.506029038734
AGNb2;EURO;AUD;26681.671655293918
AGNb2;INDONESIA;VND;384307924.60631186
AGNb2;ZAMBIA;WST;48724.376619901384
AGNb2;ZAMBIA;BHD;7022.145702671298
AGNb2;MAURITIUS;AUD;15044.574091557808
AGNb2;LATVIA;GTQ;87013.00716425666
AGNb2;ALBANIA;TZS;17196104.601071365
AGNb2;INDIA;DZD;1302757.6594813338
AGNb2;RWANDA;LKR;6881124.876804472
AGNb2;CAYMAN ISLANDS;KYD;3903.294029036893
AGNb2;BRUNEI DARUSSALAM;MOP;-788.1592457064739
ABCH2;KUWAIT;RWF;264127.6245739733
ABCH2;EURO;LVL;216.7600251594112
ABCH2;ARGENTINA;MXN;46360.90976382808
FHK33;EL SALVADOR;MAD;51766.56880946345
FHK33;SWEDEN;HTG;92032.59271535068
ACHJN;VANUATU;MZN;70641.74531721967
ACHJN;NICARAGUA;EGP;3254.2974156956316
ACHJN;SWEDEN;LRD;60201.81778415844
ACHJN;MACAU;INR;54356.62788129613
ACHJN;INDIA;THB;2486.2695778153916
ACHJN;BARBADOS;MWK;310346.8777867829
ACHJN;MADAGASCAR;KES;87372.98797112294
ACHJN;MALAWI;HTG;175049.42094846207
ACHJN;LIBYAN ARAB JAMAHIRIYA;DJF;46036.37607270655
ACHJN;BERMUDA;BRL;3019.831599306864
ACHJN;PANAMA;SCR;6054.946940682124
ACHJN;NICARAGUA;GHS;-56.216907590662885
BBHLW;JORDAN;KWD;1653.9563822696039
BBHLW;EURO;AED;7286.037730389002
BBHLW;NEPAL;CHF;4279.931904515017
BBHLW;BANGLADESH;LKR;80015.95607856137
BBHLW;GUINEA;ANG;8970.843499397655
BBHLW;IRAQ;JPY;805881.6114773335
BBHLW;BULGARIA;KZT;2686744.040377594
BBHLW;MAURITANIA;SEK;46328.85339855169
BBHLW;ROMANIA;UGX;15720744.651495123
BBHLW;SOLOMON ISLANDS;GNF;7760369.359477926
BBHLW;MALAYSIA;JMD;574233.4166779678
BBHLW;BOTSWANA;BND;7002.515875719148
BBHLW;KENYA;KWD;1017.2729014818248
BBHLW;ALGERIA;XOF;1560250.3479654524
BBHLW;BRAZIL;NGN;696032.5374488051
BBHLW;BOLIVIA;MRO;1140473.8908300414
BBHLW;NORWAY;CNY;28540.229295401263
BBHLW;ZIMBABWE;KZT;2319909.8729060767
BBHLW;VENEZUELA;BTN;405723.48040058004
BBHLW;EL SALVADOR;PYG;37904863.7627795
LVYbc;CZECH REPUBLIC;VND;169311543.2582162
LVYbc;SAMOA;MAD;82138.8813276518
LVYbc;HAITI;FJD;26270.032771029382
LVYbc;NIGERIA;TRY;9877.598694683074
LVYbc;BELARUS;JPY;960348.0143305877
LVYbc;VENEZUELA;NOK;21574.41488006531
LVYbc;BAHAMAS;GNF;116526993.39053713
ACGJ3;SYRIAN ARAB REPUBLIC;MGA;16669470.516648374
ACGJ3;VENEZUELA;CAD;8199.719749909786
ACGJ3;BERMUDA;GMD;493016.41116668546
ACGJ3;SURINAME;HTG;711914.229468681
BDDMc;SINGAPORE;HUF;688602.9704271422
BDDMc;BOLIVIA;CZK;854.3170599884766
BDDMc;SIERRA LEONE;BZD;1798.5924249181498
BDDMc;NEW ZEALAND;MOP;16522.904115430218
BDDMc;ICELAND;BBD;1401.252006642654
BDDMc;AZERBAIJAN;RUB;75411.2942056711
BDDMc;GUINEA;HKD;24369.94332383337
BDDMc;BAHRAIN;NGN;501654.2839751868
BDDMc;PAKISTAN;BTN;159095.21541830667
BDDMc;DOMINICAN REPUBLIC;SGD;2522.0498920165483
BDDMc;UNITED ARAB EMIRATES;UAH;56699.75639056725
BDDMc;ANGOLA;ZWL;937150.8464197809
BDDMc;HAITI;GMD;185499.21066343095
