Client;Country;Currency;Transaction
HKWab;BULGARIA;VUV;61167.085150748295
HKWab;SRI LANKA;NPR;69580.04002629733
HKWab;NAMIBIA;TWD;24847.168571504346
HKWab;LEBANON;TTD;1256.9783209654383
HKWab;MALDIVES;AOA;229171.08521807246
HKWab;BOLIVIA;IDR;10434843.752838729
HKWab;POLAND;WST;2010.9617031023256
HKWab;URUGUAY;MOP;3239.7755602102898
HKWab;BAHAMAS;ALL;110410.78698996769
HKWab;SRI LANKA;RON;2255.536869728318
HKWab;LEBANON;SVC;1391.0327090052156
DGXYa;CAYMAN ISLANDS;BWP;123471.95062943539
DGXYa;TUNISIA;SOS;3844896.2866006787
DGXYa;FIJI;AZN;9158.103306527004
DGXYa;URUGUAY;BTN;215556.6960075562
DGXYa;INDONESIA;EUR;7390.641196241697
DGXYa;NIGERIA;BIF;9985740.77959005
DGXYa;RWANDA;IQD;12893123.53335486
DGXYa;NETHERLANDS ANTILLES;SZL;43216.07636914404
CEJL1;BAHAMAS;ARS;127390.71379067547
CEJL1;BURUNDI;ZAR;10923.24035508309
CEJL1;ALBANIA;LVL;5304.549223231868
CEJL1;MADAGASCAR;SGD;4127.086912213193
CEJL1;SUDAN;HTG;120432.0711456848
CEJL1;SYRIAN ARAB REPUBLIC;HUF;2922493.4001769493
CEJL1;COLOMBIA;MUR;216332.90548508384
CEJL1;PAKISTAN;DKK;13148.01356830025
CEJL1;SINGAPORE;JMD;-122.74099504757838
CEJL1;DENMARK;KWD;144.55874099573322
CEJL1;ROMANIA;NGN;1917301.8609054293
CEJL1;BERMUDA;WST;15158.534246657871
CEJL1;INDONESIA;TZS;1198024.2138883485
CEJL1;SYRIAN ARAB REPUBLIC;JOD;4321.686162784155
CEJL1;BAHRAIN;PAB;2687.8679950405144
BFXW2;ETHIOPIA;PAB;7066.089438921202
BFXW2;QATAR;NAD;55142.3540701611
BFXW2;URUGUAY;RWF;5605368.869978028
BFXW2;KUWAIT;NGN;2801277.56357987
BFXW2;MAURITANIA;SRD;159838.64010936624
BFXW2;AZERBAIJAN;MMK;15340250.776552811
BFXW2;SRI LANKA;CAD;8779.761334697789
CDMac;BAHRAIN;ZWL;787.4963989472153
CDMac;SWAZILAND;SOS;81509.5477629353
CDMac;ICELAND;AZN;5.155736388959669
CDMac;BANGLADESH;KZT;81691.60522805118
CDMac;TURKEY;MUR;5534.891557328471
CDMac;ROMANIA;ARS;17163.227698413415
CDMac;MAURITANIA;UGX;323362.0048250853
BDDW3;SEYCHELLES;KHR;1228093.2835451982
BDDW3;MAURITANIA;HTG;10999.308041809974
BDDW3;BHUTAN;UYU;29874.760234994937
BDDW3;LATVIA;NZD;40.42688071761735
BDDW3;UNITED KINGDOM;ANG;884.5335791745957
BDDW3;NICARAGUA;HKD;2335.3716672155983
BDDW3;AZERBAIJAN;STD;1777038.350955549
BDDW3;UNITED KINGDOM;SDG;22382.145599084204
BDDW3;KENYA;MZN;29005.81636575457
BDDW3;NEW ZEALAND;FJD;1230.8517032871778
BDDW3;COSTA RICA;PES;3951.6296445058238
BDDW3;PARAGUAY;BIF;1061379.295830428
BDDW3;ALGERIA;XCD;131.2792308574582
BDDW3;LEBANON;RWF;547477.7872413045
BDDW3;THAILAND;BMD;301.86446699019075
BDDW3;TRINIDAD AND TOBAGO;MVR;7503.577403005247
BDDW3;HONG KONG;BZD;311.2118184270455
BDDW3;DJIBOUTI;BBD;508.0560428031626
BDDW3;SERBIA;KRW;498496.7966965371
BCCJ2;ALBANIA;UGX;107095831.64330189
BCCJ2;JAPAN;BSD;1539.033031412466
BCCJ2;LATVIA;SYP;2864670.4969676402
BCCJ2;PARAGUAY;SAR;72504.62270508382
BCCJ2;MALAWI;PLN;61640.126147220486
BCCJ2;DOMINICA;HUF;4674212.566550089
BCCJ2;OMAN;TND;32538.17085739916
BCCJ2;URUGUAY;DKK;113000.4387791387
BCCJ2;SAO TOME AND PRINCIPE;QAR;55821.28553708126
BCCJ2;SWITZERLAND;XPF;2187305.5497020716
BCCJ2;URUGUAY;TND;3442.6867035014543
BCCJ2;NAMIBIA;GNF;62300600.3599993
BCCJ2;PERU;MUR;1321720.666173824
BCCJ2;FIJI;PES;4053324.919358378
EXab3;PHILIPPINES;CZK;117156.00915292463
EXab3;ZIMBABWE;MXN;54728.35619832445
EXab3;BAHAMAS;LAK;52744497.961546674
EXab3;MAURITIUS;SAR;13944.83610271956
EXab3;TAIWAN, PROVINCE OF CHINA;ISK;1306992.0308568426
EXab3;LATVIA;MMK;15697279.46140449
DDJZ1;CAYMAN ISLANDS;HNL;36866.010172761205
BBHHJ;CROATIA;JPY;69490.00515934397
BBHHJ;EURO;ZWL;103618.27077047067
BBHHJ;BOTSWANA;GTQ;369.3583130022817
BBHHJ;SUDAN;THB;295.25681140414645
BBHHJ;CAYMAN ISLANDS;SOS;151200.25711892196
BBHHJ;IRAQ;CLP;139280.43991820284
BBHHJ;TAIWAN, PROVINCE OF CHINA;WST;144.43283137980094
BBHHJ;TRINIDAD AND TOBAGO;LVL;131.91745217313058
BBHHJ;FRENCH POLYNESIA;AUD;275.3423234418453
BBHHJ;CAYMAN ISLANDS;TZS;993201.2063078795
BBHHJ;RWANDA;GMD;9763.007299885994
BBHHJ;LEBANON;SBD;-22.8975317305127
BBHHJ;CENTRAL AFRICAN REPUBLIC;WST;17.577203064145586
BBHHJ;TUNISIA;SLL;4894272.701655386
BBHHJ;NEPAL;SLL;3238922.906136745
BBHHJ;HONG KONG;AZN;258.63080518863757
BBHHJ;CHILE;TWD;1989.7629820265745
CDHc3;GUINEA;UYU;26415.910304558383
CDHc3;SUDAN;MXN;34265.24627841777
CDHc3;SOMALIA;BZD;3194.7732442312736
CDHc3;CYPRUS;MAD;3477.4676232007114
CDHc3;SOUTH AFRICA;GHS;14928.080199913822
CDHc3;EL SALVADOR;NPR;310550.37272157875
CDHc3;INDIA;SOS;252897.3384377195
CDHc3;TONGA;PYG;7001476.069669544
CDHc3;SAMOA;SCR;27878.293081889602
EHHYZ;BHUTAN;MYR;21882.401205958322
EHHYZ;HUNGARY;RUB;143149.77290415057
EHHYZ;EURO;TOP;15393.564090704858
EHHYZ;URUGUAY;XPF;408315.09045959415
EHHYZ;TRINIDAD AND TOBAGO;AOA;2657831.5227359645
EHHYZ;GHANA;BRL;28772.57171115572
EHHYZ;NEW ZEALAND;SDG;1469905.7404716152
EHHYZ;OMAN;DJF;507649.35259925143
EHHYZ;SAUDI ARABIA;MWK;3818818.6497843578
CMa23;SWITZERLAND;SDG;4873079.108574059
GNZ23;SURINAME;KRW;13890707.291478932
BHMWc;CAMBODIA;VUV;191471.75441029473
BHMWc;CANADA;ZAR;18804.708647818385
BFHKN;ALBANIA;XAF;6335177.405134291
BFHKN;MALAWI;TWD;96281.35756254483
BFHKN;COLOMBIA;CYP;1856.8840576331017
BFHKN;TRINIDAD AND TOBAGO;KRW;2504948.658591085
BFHKN;BAHRAIN;UGX;15041178.476790847
BFHKN;PANAMA;YER;1333370.3246847582
BFHKN;ALGERIA;GMD;406952.2655192531
BFHKN;CHILE;KWD;613.2100461975731
BFHKN;POLAND;IDR;86090012.58306299
BFHKN;GAMBIA;QAR;24387.80618245781
BFHKN;INDIA;IRR;117657647.92237675
BFHKN;PARAGUAY;MOP;75673.86006160859
BFHKN;ARUBA;PGK;33359.40047644769
BFHKN;AZERBAIJAN;PAB;6655.130161056387
BFHKN;SOLOMON ISLANDS;UGX;24195224.087943766
BFHKN;GUYANA;ALL;840228.2583472878
IJKMN;ARUBA;EGP;54659.99694589773
IJKMN;MOROCCO;CZK;18911.73148276275
IJKMN;ARUBA;BMD;1028.5108589334388
IJKMN;EURO;BDT;547076.4535073461
IJKMN;DOMINICA;CHF;1175.0633124997162
IJKMN;UNITED KINGDOM;TWD;140278.4230567679
IJKMN;MOZAMBIQUE;BIF;2359426.8926411984
IJKMN;EGYPT;LAK;141455039.78833157
IJKMN;ICELAND;EGP;163795.7177759287
IJKMN;ETHIOPIA;ISK;442679.3468313781
IJKMN;EGYPT;TWD;119220.52889938564
IJKMN;MOROCCO;LAK;157429662.1595147
IJKMN;OMAN;MZN;42160.36880073911
IJKMN;PARAGUAY;UAH;207946.25415220484
IJKMN;NEW ZEALAND;XPF;1049292.74575911
BBIV3;BELIZE;DZD;298083.928133403
BBIV3;UGANDA;JMD;10199.435324587188
BBIV3;ZAMBIA;MXN;20713.24807618469
BBIV3;UKRAINE;MRO;411472.1603599312
BBIV3;OMAN;AOA;19509.476827619364
BBIV3;SWEDEN;CAD;1074.1652245756636
BBIV3;TUNISIA;ARS;525601.4116510428
BBIV3;BELIZE;SCR;40874.75297003576
BBIV3;JAPAN;TZS;8290083.757752759
BBIV3;PAPUA NEW GUINEA;VUV;307197.25203030603
BBIV3;JORDAN;VES;89844.37259853915
BBIV3;THAILAND;GBP;3672.7295625895645
BBIV3;BHUTAN;SVC;12182.338489948399
BBIV3;VANUATU;UYU;152804.32891180125
ABDD2;CAYMAN ISLANDS;OMR;1840.9059283004099
ABDD2;BOTSWANA;EGP;25446.51598237421
ABDD2;ANGOLA;HTG;385677.6857452076
ABDD2;SWEDEN;SYP;3197247.0667722095
ABDD2;JORDAN;RUB;32566.8038365022
ABDD2;OMAN;WST;10249.274499914916
ABDD2;UKRAINE;OMR;351.60109722226156
ABDD2;CROATIA;UYU;73374.18810373089
ABDD2;ICELAND;RWF;2898754.71503278
ABDD2;SOMALIA;TND;19958.71531223647
ABDD2;MALAWI;SRD;102175.0218768718
ABDD2;KENYA;BBD;10364.180690485582
ABDD2;DJIBOUTI;ZMW;91355.02441303375
BIJNa;URUGUAY;MZN;94693.32122595664
BIJNa;EGYPT;NGN;485060.8649872563
BIJNa;PANAMA;DJF;220267.81829356166
BIJNa;KOREA, REPUBLIC OF;CZK;43211.640183730226
AJNb2;MACAU;KZT;2887594.7821821417
AJNb2;BURUNDI;CZK;12028.549259384226
AJNb2;LEBANON;PKR;224702.05812228713
AJNb2;CROATIA;BYR;-1592888.4016378021
AJNb2;PANAMA;IRR;253462968.4543098
AJNb2;PERU;KYD;5098.062876992527
AJNb2;KUWAIT;RON;18355.087664027855
AJNb2;HONG KONG;SDG;3645162.0110755423
AJNb2;VANUATU;BGN;5794.9471984636675
AJNb2;MOZAMBIQUE;KRW;4286205.500215492
AJNb2;JAMAICA;COP;33453185.58720044
AJNb2;TAIWAN, PROVINCE OF CHINA;PEN;140.10338430405378
AJNb2;SAMOA;DZD;936728.1444997354
AJNb2;DOMINICA;CNY;30914.56970327301
AJNb2;BERMUDA;MWK;2432060.862362297
AJNb2;NICARAGUA;SOS;3436558.2337467573
DVWZb;CZECH REPUBLIC;TZS;5642751.169430895
DVWZb;SIERRA LEONE;SAR;11714.60219386305
DVWZb;PANAMA;MMK;11464559.849206893
DVWZb;BRUNEI DARUSSALAM;TTD;19394.87017563737
DVWZb;MOROCCO;SVC;40234.09880175487
DVWZb;INDONESIA;ZAR;36275.144595832404
DVWZb;ICELAND;DZD;311269.79867139005
DVWZb;PARAGUAY;DKK;38333.1862903364
DVWZb;EGYPT;JOD;155.96714551336044
DVWZb;SAUDI ARABIA;TWD;33635.4768436557
DVWZb;NIGERIA;TZS;5527278.771693564
DVWZb;IRAQ;KRW;111247.61292096283
DVWZb;CZECH REPUBLIC;AUD;7095.49696389379
DVWZb;NIGERIA;BMD;3910.6038490369365
DVWZb;NORWAY;PKR;551444.096544911
DVWZb;BRUNEI DARUSSALAM;DJF;85670.32225643398
DVWZb;GUINEA;MXN;50857.80608808225
DVWZb;VANUATU;SOS;2130717.5465048244
DVWZb;LIBERIA;KRW;3347881.1834738078
DVWZb;MOROCCO;BWP;60417.374055978726
AEXYY;ANGOLA;UGX;25702797.48295869
AEXYY;SUDAN;NOK;34136.34450537413
AEXYY;BURUNDI;PLN;20396.71645987446
AEXYY;NICARAGUA;TRY;60247.6754261125
AEXYY;ZIMBABWE;LRD;103810.11548639466
AEXYY;PAPUA NEW GUINEA;NAD;9771.503013176332
AEXYY;BANGLADESH;MXN;61283.09337720426
AEXYY;IRAQ;GHS;4086.5140461956244
MXWc1;NAMIBIA;EGP;198330.40609671857
MXWc1;ANGOLA;BWP;147611.556333012
MXWc1;ICELAND;AZN;22250.37936799071
MXWc1;PERU;PYG;120958869.76647781
MXWc1;MALDIVES;TRY;445827.79750986083
MXWc1;NETHERLANDS ANTILLES;STD;480200525.6869438
MXWc1;SYRIAN ARAB REPUBLIC;ZMW;219335.91598758256
MXWc1;MOZAMBIQUE;PHP;689405.5150444986
MXWc1;CAYMAN ISLANDS;BWP;-1368.398073921433
MXWc1;DOMINICAN REPUBLIC;COP;100094319.17452137
MXWc1;SEYCHELLES;JMD;3512815.60594799
DGJKL;AZERBAIJAN;BMD;50937.26426078044
DGJKL;GHANA;VND;598137046.8925258
DGJKL;NEW ZEALAND;ZWL;46903501.94375292
DGJKL;ALBANIA;TOP;112989.74808238399
ELWY2;TAIWAN, PROVINCE OF CHINA;IRR;204278674.25798213
ELWY2;LAO PEOPLE'S DEMOCRATIC REP;NGN;1769232.8332968368
ELWY2;SAO TOME AND PRINCIPE;SLL;30002668.694833413
ELWY2;TAIWAN, PROVINCE OF CHINA;JMD;748657.4070973312
ELWY2;VENEZUELA;CLP;680210.0799030397
ELWY2;SERBIA;BYR;73129731.8834656
ELWY2;BHUTAN;XOF;2127394.2274235613
CJJJ1;HUNGARY;MRO;9022541.77540372
CJJJ1;PAPUA NEW GUINEA;MZN;1565966.0556112998
CJJJ1;CROATIA;BWP;275673.16544839833
CJJJ1;VANUATU;CLP;16517513.299257034
CJJJ1;ALGERIA;QAR;34628.079658681134
CJJJ1;BAHRAIN;KZT;6502.468278436735
CJJJ1;CHILE;XAF;16359637.462915216
CJJJ1;ARGENTINA;SZL;472577.2185862563
CJJJ1;SOLOMON ISLANDS;IDR;-1146257.2333795873
CJJJ1;PERU;GYD;2365362.357278799
CJJJ1;TANZANIA, UNITED REPUBLIC OF;PES;2898743.5789052527
CJJJ1;COLOMBIA;BGN;7361.529380990096
CJJJ1;COSTA RICA;JOD;4751.642203737351
CJJJ1;TUNISIA;BZD;7867.14077583479
CJJJ1;BAHRAIN;LAK;350710626.59748524
CJJJ1;SYRIAN ARAB REPUBLIC;INR;122626.89614731057
CJJJ1;SINGAPORE;LAK;9025817.631803865
CJJJ1;TURKEY;KES;89419.14590620846
AJXXX;RUSSIAN FEDERATION;BRL;2098.766651521247
AJXXX;CHILE;LVL;950.0572793682785
AJXXX;INDONESIA;EGP;33504.70898223628
AJXXX;SWAZILAND;EUR;368.36827188939515
AJXXX;ALGERIA;IDR;22510320.71157931
AJXXX;KOREA, REPUBLIC OF;VES;11099.652522591878
AJXXX;LEBANON;ARS;76350.85910470314
AJXXX;LEBANON;SDG;450254.1689403899
AJXXX;NORWAY;ALL;6741.910917356578
AJXXX;GAMBIA;SYP;70821.92341251674
AJXXX;IRAN (ISLAMIC REPUBLIC OF);CNY;3496.4396353233
BIXWY;NIGERIA;SLL;103747663.520284
BIXWY;NETHERLANDS ANTILLES;CYP;5371.704379289252
BIXWY;DOMINICAN REPUBLIC;UAH;708194.2363541283
BIXWY;FIJI;NZD;27752.133277599394
BIXWY;MEXICO;HTG;1991634.390981705
BIXWY;LIBERIA;SDG;9541393.211055739
BIXWY;HAITI;TRY;26589.978682804656
BIXWY;EL SALVADOR;UAH;163164.50795028245
BIXWY;SURINAME;PHP;25626.618573975975
BIXWY;HAITI;STD;199597339.81969482
BIXWY;TANZANIA, UNITED REPUBLIC OF;MXN;304065.3881116141
BIXWY;POLAND;ANG;187.79187372288465
BIXWY;BRAZIL;RUB;1009941.4519723475
BIXWY;CHINA;XAF;472842.077301819
BIXWY;CZECH REPUBLIC;XAF;10311690.248947825
BIXWY;EL SALVADOR;PAB;1054.9450426134504
BIXWY;SRI LANKA;PHP;325903.73621252057
HYY11;NIGERIA;EGP;8709.197583936282
HYY11;CANADA;XPF;57274.05658444069
HYY11;ROMANIA;NGN;352533.0789619528
HYY11;BHUTAN;HKD;3365.5630710464425
HYY11;CHILE;TZS;85217.49349610653
HYY11;TUNISIA;BOB;5457.692886451899
HYY11;NAMIBIA;PYG;2350749.6230031196
HYY11;BERMUDA;LYD;3170.1661635144947
HYY11;DOMINICA;VUV;56881.49121549598
HYY11;NIGERIA;MUR;35772.83951055328
HYY11;GUYANA;TTD;1514.7909246005852
HYY11;YEMEN;KYD;311.6640994814073
HYY11;SUDAN;NPR;67511.61303926694
HYY11;CHILE;XAF;452929.165146389
ABac1;ICELAND;SDG;116045.34672542292
ABac1;SWEDEN;JPY;37070.87761633441
ABac1;TUNISIA;VUV;13645.532129260147
ABac1;EGYPT;ISK;39658.75837302802
ABac1;DOMINICA;BSD;2.749312655267446
ABac1;AUSTRALIA;SDG;89828.70086879733
BCIL1;BANGLADESH;NGN;2333085.597691369
BCIL1;THAILAND;NAD;116405.17593589252
BCIL1;MYANMAR;BWP;21064.645417630738
BCIL1;INDONESIA;UYU;205400.25974090587
BCIL1;SAO TOME AND PRINCIPE;MZN;433214.97889399267
BCIL1;SWEDEN;HKD;46201.888548158844
BCIL1;MAURITIUS;CZK;39691.39281479112
BCIL1;LIBYAN ARAB JAMAHIRIYA;KES;610775.6399592282
BCIL1;CZECH REPUBLIC;MMK;856346.5868849531
BCIL1;BHUTAN;LVL;4656.108504306429
BCIL1;SERBIA;CNY;34881.75328965567
BCIL1;INDIA;MRO;2074167.9446620115
BCIL1;HONDURAS;VUV;627248.1572703517
BCIL1;GUINEA;LRD;55690.02549902819
BCIL1;CHINA;LVL;1874.6761991066276
BCIL1;CAPE VERDE;MAD;66680.80944515807
BCIL1;ARUBA;RSD;400825.3756644616
FLNX3;MALAWI;INR;736194.0209071421
FLNX3;UNITED KINGDOM;XPF;635614.2912548848
FLNX3;SOMALIA;XPF;963162.6520739727
FLNX3;SWITZERLAND;ISK;1245801.7612538622
FLNX3;SURINAME;AUD;2049.5906546006827
FLNX3;ZIMBABWE;VND;52563605.64053542
FLNX3;ROMANIA;SZL;125577.31555844849
FLNX3;BHUTAN;SCR;57741.34742739516
FLNX3;ETHIOPIA;MUR;353167.4910987604
FLNX3;JORDAN;MZN;215483.2804240265
FLNX3;KENYA;TOP;10395.163028519193
FLNX3;SINGAPORE;ARS;524154.7552696115
FLNX3;KENYA;JPY;871474.9392648622
FLNX3;PARAGUAY;GHS;102161.58228484166
FLNX3;SOLOMON ISLANDS;NZD;8170.947744709071
FLNX3;PERU;TND;8101.380165927423
FLNX3;PERU;CNY;40804.96460374101
FLNX3;BANGLADESH;SAR;13979.786387390044
FLNX3;TOGO;PEN;25846.666058319
AMb22;SOLOMON ISLANDS;CZK;465641.0197995397
AMb22;DJIBOUTI;UGX;57039348.41523327
AMb22;PAPUA NEW GUINEA;LYD;17911.325295065108
AMb22;PERU;TWD;27057.05425551621
IKWac;MAURITIUS;JOD;16538.437789388503
IKWac;FRENCH POLYNESIA;MUR;1311660.18122513
IKWac;DJIBOUTI;BWP;127780.81564412218
IKWac;CYPRUS;NAD;216307.06952530556
IKWac;CAPE VERDE;OMR;16664.770872662302
IKWac;ZIMBABWE;PKR;10176327.841390988
IKWac;IRAQ;CAD;38437.616886235315
IKWac;AZERBAIJAN;PYG;236051449.39327902
IKWac;TURKEY;PEN;200037.2613373844
IKWac;HUNGARY;ANG;26964.04801490808
IKWac;GUINEA;ZWL;27834355.050912198
IKWac;ARGENTINA;BDT;2104118.0849455753
IKWac;GUINEA;GTQ;276966.17215022846
IKWac;BANGLADESH;ETB;544059.1493896218
IKWac;BRUNEI DARUSSALAM;SVC;93331.34200181544
IKWac;BOLIVIA;SAR;3184.28083587568
ABCa1;SWAZILAND;INR;225209.32297946472
ABCa1;DENMARK;CYP;286.82967882013014
ABCa1;SERBIA;AZN;846.8941312871044
BHKM3;RUSSIAN FEDERATION;SAR;5634.053301526757
BHKM3;BELARUS;RUB;249104.4646919862
BHKM3;PERU;PYG;34812990.21337164
MMZb3;SURINAME;VES;64022.13641075706
MMZb3;EGYPT;KYD;1026.2103074511
MMZb3;CYPRUS;SGD;11.473013774991951
MMZb3;BURUNDI;SLL;44815904.159824416
MMZb3;MYANMAR;TZS;3009683.2973975725
MMZb3;CANADA;XAF;1267065.8348621023
MMZb3;JAPAN;MWK;760850.8770076815
MMZb3;AUSTRALIA;CRC;1052800.3205552245
MMZb3;SAMOA;HKD;7109.128411207574
MMZb3;PAKISTAN;AOA;438452.8103983636
MMZb3;UNITED ARAB EMIRATES;DKK;7800.284146147154
MMZb3;MALDIVES;ZWL;1076556.297680635
AHa12;ROMANIA;MYR;10144.909379215935
AHa12;NEPAL;CAD;893.4121069464832
AHa12;MYANMAR;PES;-2424.3690818924088
AHa12;TOGO;MGA;7280403.155131447
AHa12;PAKISTAN;NAD;6185.569326049127
AHa12;ALBANIA;BRL;3366.4293353480116
AHa12;LIBYAN ARAB JAMAHIRIYA;RSD;629956.3069437346
AHa12;NICARAGUA;LYD;11936.236507309553
AHa12;GUYANA;BTN;167547.5650940413
AHa12;SWAZILAND;GYD;717048.6525194608
AHa12;MAURITANIA;VUV;385364.7626478738
AHa12;JORDAN;MRO;2020515.7079484013
AHa12;PAKISTAN;MGA;8848489.988544375
AHa12;CENTRAL AFRICAN REPUBLIC;KHR;12315543.206515217
AE223;MEXICO;LAK;25891383.358447816
AE223;MACAU;CYP;790.6988785416822
AE223;PAPUA NEW GUINEA;MRO;675817.9253689916
AE223;MOZAMBIQUE;AZN;2206.868544695841
EFNYb;JORDAN;XOF;4332217.919759931
EFNYb;BAHAMAS;RON;9250.475058248983
EFNYb;URUGUAY;MZN;402312.0543525572
EFNYb;TANZANIA, UNITED REPUBLIC OF;SBD;19027.72303812606
EFNYb;COLOMBIA;TRY;71715.53023799536
EFNYb;LIBYAN ARAB JAMAHIRIYA;RSD;629777.3400492831
EFNYb;FIJI;GMD;82505.28695906675
EFNYb;SWAZILAND;LVL;4616.977347523552
EFNYb;GHANA;XAF;3817489.288554095
EFNYb;PARAGUAY;SBD;3061.2821670192902
EFNYb;URUGUAY;SCR;56589.106326196845
EFNYb;SAMOA;BZD;5863.5622619077885
EFNYb;FRENCH POLYNESIA;COP;23896494.31575944
EFNYb;SRI LANKA;BSD;3916.15809846013
FLV11;PARAGUAY;TND;3973.2024348382415
ABHHX;MAURITIUS;LAK;47859872.62520153
ABHHX;TURKEY;CZK;38857.0363398442
ABHHX;ISRAEL;AWG;14299.629369723172
ABHHX;CZECH REPUBLIC;SZL;191374.35009320403
ABHHX;DOMINICA;DZD;891851.5108038362
ABHHX;BOTSWANA;AED;-8.393077962013255
ABHHX;GAMBIA;GTQ;47909.67826147818
ABHHX;SOMALIA;SOS;1264973.8940620427
ABHHX;SAO TOME AND PRINCIPE;BZD;4085.7128674147048
ABHHX;COSTA RICA;GMD;249041.53793303575
ABHHX;BAHRAIN;ZMW;104562.58533328159
ABHHX;PARAGUAY;AZN;3237.7480585765625
ABHHX;LIBYAN ARAB JAMAHIRIYA;CAD;1624.2555235051504
ABHHX;UNITED ARAB EMIRATES;MWK;10292472.598443544
ABHHX;SIERRA LEONE;CAD;4244.37113509093
ABHHX;TURKEY;KWD;1181.9014902827266
ABHHX;MALAYSIA;SGD;5485.7864655433605
ACCWY;TONGA;KYD;298.60182892674914
ACCWY;CAPE VERDE;MAD;3454.9329511899455
ACCWY;OMAN;RWF;122010.38685926177
ACCWY;EURO;SDG;22667.690191671172
ACCWY;PANAMA;LYD;2609.029221653844
ACCWY;SOMALIA;PES;12310.185435608999
ACCWY;HUNGARY;RUB;33452.81844881052
ACCWY;SINGAPORE;IQD;744345.8110717733
ACCWY;QATAR;LKR;183717.77199414707
ACCWY;MAURITIUS;DOP;12936.565502792084
ACCWY;FRENCH POLYNESIA;ETB;1123.320852572708
ACCWY;ISRAEL;PHP;721.3176382686802
ACCWY;MALAYSIA;NZD;495.57663006848486
ACCWY;SOLOMON ISLANDS;AUD;512.1298162557647
BMNNV;BULGARIA;LRD;507530.4947339234
BMNNV;IRAN (ISLAMIC REPUBLIC OF);GYD;721298.2766112242
BMNNV;PAKISTAN;GYD;1006919.0557743101
BMNNV;PAPUA NEW GUINEA;MGA;19215307.981547326
BMNNV;CZECH REPUBLIC;IRR;169625910.49241775
BMNNV;ARUBA;BYR;50749694.814389676
BMNNV;SAMOA;NAD;-148.72181424605725
EHcc2;NEW ZEALAND;AZN;524.477212348584
EHcc2;EURO;NGN;181228.13470929003
EHcc2;POLAND;XAF;209932.89409319684
EHcc2;QATAR;KZT;497208.85049059254
EHcc2;CYPRUS;BMD;1445.2947088250519
EHcc2;SURINAME;JMD;14895.701955201575
EHcc2;VANUATU;LYD;7474.1673583764805
EHcc2;CAMBODIA;PAB;829.9482838542026
EHcc2;ROMANIA;PEN;1340.227491869825
EHcc2;MAURITIUS;XAF;575752.3541687726
EHcc2;ZIMBABWE;CVE;139275.195174719
EHcc2;VANUATU;JOD;310.03755576713314
EHcc2;HUNGARY;NZD;1862.6135796726214
EHcc2;LIBYAN ARAB JAMAHIRIYA;XCD;1692.7073239242961
EHcc2;UNITED ARAB EMIRATES;YER;217935.66579029366
EHcc2;JAMAICA;XCD;2773.8241684470718
EHcc2;KUWAIT;CHF;1525.9874866617604
EHcc2;TUNISIA;KWD;46.20731112372153
EHcc2;PHILIPPINES;CNY;9735.915940271123
EHcc2;YEMEN;SRD;12382.712458056101
AALaa;MADAGASCAR;ZWL;2529812.887011094
AALaa;COSTA RICA;EUR;3858.5292374161895
AALaa;PANAMA;BHD;925.8144321735753
AALaa;ARGENTINA;VND;95193517.97315545
AALaa;ZIMBABWE;KWD;1254.7753746890667
AALaa;OMAN;ALL;317448.7063700808
AALaa;SAO TOME AND PRINCIPE;GTQ;9477.265497008035
AALaa;CHILE;EGP;31323.01328396922
AALaa;SWAZILAND;BOB;29891.383870215544
AALaa;LEBANON;UYU;85199.7286430055
AALaa;NICARAGUA;BRL;1149.4621259712653
AALaa;MAURITIUS;SRD;83169.02497006743
AALaa;JAMAICA;GHS;30813.080178806118
AALaa;PHILIPPINES;NAD;24174.878171379463
AALaa;HUNGARY;JMD;207061.0999233818
AALaa;NEPAL;NZD;755.3995412920598
AALaa;ICELAND;TZS;7320109.246977116
FHVWY;TURKEY;AWG;23456.97470977316
FHVWY;MOZAMBIQUE;FJD;44747.64694590672
FHVWY;SAMOA;XAF;1327.1793720882015
FHVWY;MEXICO;LYD;20694.719534764423
FHVWY;SUDAN;LYD;50454.82506042122
FHVWY;SOMALIA;BDT;1802966.072477786
FHVWY;INDIA;KWD;4727.866290013452
FHVWY;PAKISTAN;FJD;7355.90561805297
FHVWY;POLAND;MWK;16659596.825346412
FHVWY;SRI LANKA;UGX;24259458.476346817
FHVWY;CYPRUS;LYD;87469.27425780223
Haac1;ETHIOPIA;BHD;3174.362250025123
Haac1;CAMBODIA;LAK;7175487.630561159
BKNab;SRI LANKA;TOP;2958.1121297323157
BKNab;BULGARIA;CZK;108319.53899537507
BKNab;MOZAMBIQUE;HKD;5449.258250903205
BKNab;BULGARIA;SGD;4290.721373182603
BKNab;VIET NAM;BIF;5158565.518951371
BKNab;GUATEMALA;PHP;66557.4769738925
BKNab;JAMAICA;MXN;92269.65708996665
BKNab;BOTSWANA;MWK;383991.33615483716
BKNab;BULGARIA;MOP;8657.957335263422
BKNab;ARUBA;NIO;50293.69313908755
BKNab;PANAMA;ZAR;79627.4082516384
BKNab;MAURITANIA;IRR;65354211.41599908
BKNab;QATAR;VND;120478963.36547688
BKNab;PERU;WST;14154.884213976848
BKNab;BURUNDI;UAH;113226.28242625868
BKNab;EGYPT;BMD;326.74632491023647
CILVW;MACAU;BGN;10608.790220127898
CILVW;UKRAINE;BND;1113.3676793352583
CILVW;HUNGARY;BMD;3502.3492719908186
CILVW;COSTA RICA;XPF;262480.1297963385
CILVW;ALGERIA;KRW;3032859.3080437304
CILVW;SAMOA;ZMW;120085.8892380287
CILVW;DOMINICA;ETB;357460.63402724295
CILVW;CAPE VERDE;ILS;5471.463481894446
CILVW;ROMANIA;SGD;4497.278850597027
CILVW;SUDAN;SOS;1466114.9012776029
CILVW;TRINIDAD AND TOBAGO;HNL;172999.94171092092
CILVW;CAYMAN ISLANDS;BIF;5609292.582724716
CILVW;LEBANON;ETB;57491.653895470685
CILVW;MACAU;DOP;73289.59239873195
CILVW;SOLOMON ISLANDS;XOF;3522998.480888118
CILVW;DJIBOUTI;MZN;462012.63418506086
CILVW;KOREA, REPUBLIC OF;RSD;469491.6323085346
EGGY1;GHANA;AOA;476729.2849381928
EGGY1;OMAN;SOS;914064.5331123387
EGGY1;FRENCH POLYNESIA;SZL;2926.588512984107
EGGY1;CHILE;BYR;26739759.914028898
EGGY1;MADAGASCAR;ARS;344466.82978123316
EGGY1;BOLIVIA;VES;51870.511382748184
EGGY1;CYPRUS;DJF;214414.76687711166
EGGY1;VIET NAM;PGK;5247.932372892748
EGGY1;ALGERIA;PEN;1368.527751891764
EGGY1;SAUDI ARABIA;PHP;55849.326814730885
EGGY1;JAMAICA;BYR;59240233.20550966
EGGY1;PARAGUAY;FJD;4985.295714173705
EGGY1;BELIZE;BIF;352828.02917575795
EGGY1;NEPAL;LBP;1905516.628193863
EGGY1;PAPUA NEW GUINEA;KZT;137733.2583646408
EGGY1;DOMINICAN REPUBLIC;PKR;57558.625969541805
EGGY1;LIBYAN ARAB JAMAHIRIYA;KYD;1269.1777522577124
DHKLM;CROATIA;IRR;634430999.7650453
DHKLM;CAPE VERDE;IQD;9008146.56615553
DHKLM;SURINAME;SDG;342869.48859595344
DHKLM;IRAQ;VND;293661216.0289067
DFGNY;SINGAPORE;HUF;115677.10558566828
DFGNY;NETHERLANDS ANTILLES;MYR;734.327723897542
DKKZ3;LEBANON;QAR;14987.3663156054
DKKZ3;BRAZIL;ZMW;67640.05090806625
DKKZ3;SIERRA LEONE;XOF;1211143.610085998
DKKZ3;TOGO;MUR;246724.18194175002
DKKZ3;PANAMA;AZN;568.4079468870877
DKKZ3;NIGERIA;AUD;943.0536499783503
DKKZ3;GUINEA;AZN;4966.193999619019
DKKZ3;SOUTH AFRICA;VUV;154457.10555819224
DKKZ3;MAURITANIA;FJD;8519.11972696353
DKKZ3;BERMUDA;NAD;39804.93225686796
DKKZ3;PARAGUAY;TRY;35082.75317551687
DKKZ3;BULGARIA;TRY;87410.12018507741
DKKZ3;UNITED ARAB EMIRATES;BBD;2639.180421341647
DKKZ3;INDIA;PKR;158445.3629941857
DKKZ3;URUGUAY;JPY;304785.2338014607
DKKZ3;CAMBODIA;GHS;27385.987134843825
DKKZ3;ETHIOPIA;GBP;4183.913194101943
ACDFY;MALDIVES;STD;292217791.9090719
ACDFY;CANADA;AOA;1110517.2133271857
ACDFY;PAPUA NEW GUINEA;NIO;387032.3953326199
ACDFY;DJIBOUTI;ETB;58771.21433898227
ACDFY;COLOMBIA;RUB;531141.5434308128
ACDFY;JAMAICA;SEK;82747.7814701114
ACDFY;TAIWAN, PROVINCE OF CHINA;PHP;342852.7892874325
ACDFY;ZAMBIA;MWK;2620803.8351110276
ACDFY;SOLOMON ISLANDS;TOP;10114.673875136645
ACDFY;LIBYAN ARAB JAMAHIRIYA;NIO;106550.04288436876
ACDFY;SERBIA;SCR;42355.91316071248
ACDFY;ETHIOPIA;LYD;16033.886549312885
AFGGW;PAPUA NEW GUINEA;PEN;10844.026710658938
AFGGW;MALAWI;JMD;906475.7661250039
AFGGW;PERU;SRD;160799.05303127106
AFGGW;SOUTH AFRICA;NOK;22345.882063529392
AFGGW;ZAMBIA;KES;650071.0328575177
AFGGW;PAPUA NEW GUINEA;LBP;10853337.396727674
AFGGW;TANZANIA, UNITED REPUBLIC OF;BGN;11504.108654029877
AFGGW;MOROCCO;ZAR;114230.1607577326
FFILM;SOLOMON ISLANDS;MAD;41981.67665528722
FFILM;UGANDA;BBD;17573.178792322957
FFILM;EGYPT;ILS;12250.838002797595
FFILM;CHINA;KWD;1976.067677328672
FFILM;JORDAN;KWD;1006.0079933919674
FFILM;VANUATU;IDR;77814582.28535558
FFILM;SYRIAN ARAB REPUBLIC;MZN;440842.9032492832
FFILM;KAZAKHSTAN;MXN;91725.25589068716
FFILM;BOLIVIA;IRR;276707093.2428911
FFILM;IRAQ;INR;457312.39460515796
FFILM;UNITED KINGDOM;BRL;44410.22245092453
FFILM;NEW ZEALAND;SEK;87180.57895265154
FFILM;DJIBOUTI;ZMW;74242.36204829066
EYZZc;MYANMAR;IRR;1106737798.5898118
EYZZc;MAURITANIA;NPR;2430403.772239602
EYZZc;DOMINICAN REPUBLIC;SAR;55238.98450457437
EYZZc;KAZAKHSTAN;PGK;195.86961219599846
EYZZc;SOUTH AFRICA;MWK;10407816.938624984
EYZZc;MYANMAR;MAD;17095.65741125716
EYZZc;ARGENTINA;NGN;4235560.149876912
EYZZc;BOTSWANA;THB;768577.3686590841
EYZZc;NIGERIA;MUR;856725.1071625618
EYZZc;SINGAPORE;SLL;71068142.39936237
EYZZc;CENTRAL AFRICAN REPUBLIC;MRO;4123698.23665288
KVZaa;QATAR;KYD;1188.0589217201064
KVZaa;CHINA;BHD;569.5291296980455
KVZaa;LIBYAN ARAB JAMAHIRIYA;ANG;166.1265320709032
KVZaa;GUATEMALA;BSD;844.8739093310843
KVZaa;COSTA RICA;EGP;29900.127982129703
KVZaa;TONGA;SLL;27058163.792419538
KVZaa;AZERBAIJAN;BOB;2751.4043938536743
KVZaa;ALGERIA;JOD;1012.5608451377475
KVZaa;NORWAY;DOP;49278.57415819604
KVZaa;TRINIDAD AND TOBAGO;BDT;64964.879697512486
KVZaa;ICELAND;GBP;1119.0432796542336
KVZaa;MALAYSIA;BTN;108455.64327248422
KVZaa;BELARUS;TTD;2972.321533653782
KVZaa;CAYMAN ISLANDS;PES;310721.3891890025
KVZaa;TRINIDAD AND TOBAGO;AZN;939.7877204234325
KVZaa;SRI LANKA;SAR;3841.1790305029376
KVZaa;SAO TOME AND PRINCIPE;AZN;2136.320015511501
KVZaa;VIET NAM;AUD;125.53286710166223
KVZaa;PERU;LKR;650829.1750941367
KVZaa;SERBIA;AOA;247903.63434896883
BGLNY;POLAND;BWP;16921.98058020938
BGLNY;ALGERIA;TZS;6269442.17165381
BGLNY;EGYPT;PYG;14368107.095977835
BGLNY;RWANDA;SZL;73004.2882739494
BGLNY;TUNISIA;MZN;106192.21578689727
BGLNY;KAZAKHSTAN;BRL;7457.859035116676
BGLNY;TONGA;COP;94566.07858545282
BGLNY;TAIWAN, PROVINCE OF CHINA;ZAR;63692.56460600306
BGLNY;BERMUDA;JPY;373753.7684522531
BGLNY;SRI LANKA;YER;639987.1681118939
BGLNY;ALGERIA;MXN;12770.421082249071
BGLNY;EL SALVADOR;TOP;7416.269580607551
ALa13;LIBYAN ARAB JAMAHIRIYA;MMK;102398531.47257447
ALa13;VENEZUELA;EUR;41841.22541610812
ALa13;PANAMA;WST;73924.50138065968
EVXYY;LIBYAN ARAB JAMAHIRIYA;SBD;41179.948249461166
EVXYY;PAPUA NEW GUINEA;IQD;7059069.167013092
EVXYY;EL SALVADOR;KWD;1630.4585244960892
EVXYY;BURUNDI;UYU;160012.20647544425
EVXYY;POLAND;TTD;6752.8231604151315
DXc11;SOLOMON ISLANDS;KHR;9364629.944128016
DXc11;MACAU;JOD;325.54986548867606
DXc11;SWITZERLAND;CRC;-11082.626760898076
DXc11;LIBERIA;AUD;299.2986420402715
DXc11;UKRAINE;BOB;14495.088463831338
DXc11;BANGLADESH;TRY;992.6357491482929
DXc11;ARUBA;EUR;297.45591618244623
JJMYY;NETHERLANDS ANTILLES;GTQ;269781.0911438282
JJMYY;ARUBA;NGN;3803643.725850981
JJMYY;NORWAY;DZD;712975.6152583039
JJMYY;ALGERIA;PEN;50889.94837614059
JJMYY;THAILAND;SLL;173347578.57268667
JJMYY;UNITED KINGDOM;SVC;81754.40057551503
JJMYY;MEXICO;IRR;1272868621.85232
JJMYY;TONGA;NOK;70224.69619003618
JJMYY;SAMOA;SAR;103252.369179513
JJMYY;LAO PEOPLE'S DEMOCRATIC REP;TRY;21941.820392857167
JJJZc;UKRAINE;BGN;1057.6576774429454
JJJZc;GUATEMALA;IDR;9720009.23238256
JJJZc;JAPAN;CZK;8561.443539455566
JJJZc;LIBERIA;KES;57171.856494613305
JJJZc;SAMOA;SOS;91267.14851896533
JJJZc;HONDURAS;KYD;479.05875544240797
JJJZc;TURKEY;HTG;49241.202340300566
JJJZc;BARBADOS;PEN;1500.8331725998567
JJJZc;JORDAN;GHS;5537.369940313362
JJJZc;UKRAINE;LKR;191525.29304396527
JJJZc;LIBERIA;AUD;867.9754846302945
AFGXc;BAHRAIN;CHF;5326.908404459785
AFGXc;SERBIA;BYR;24742793.561634954
AFGXc;BRAZIL;ISK;709762.2880323639
AFGXc;NIGERIA;LBP;4799826.992761612
BCDY1;PERU;XPF;605445.6031787522
BCDY1;ISRAEL;ZAR;501161.1001940087
BCDY1;UKRAINE;MWK;7748843.431814938
BCDY1;ISRAEL;RON;82455.63976524341
BCDY1;DOMINICAN REPUBLIC;WST;58104.97096108555
BCDY1;SYRIAN ARAB REPUBLIC;SAR;64458.1346614513
BCDY1;PANAMA;THB;790148.642345731
BCDY1;YEMEN;BRL;139021.91254158432
BCDY1;TONGA;STD;223056133.6485488
BCDY1;LAO PEOPLE'S DEMOCRATIC REP;TOP;14731.042526532714
BCDY1;TUNISIA;SEK;193962.28816193342
BCDY1;NIGERIA;SGD;17757.60077058889
BCDY1;UNITED ARAB EMIRATES;WST;87152.99163672891
BCDY1;TAIWAN, PROVINCE OF CHINA;ETB;755903.8640849474
BCDY1;EL SALVADOR;PKR;1967025.2928057534
BCDY1;ZAMBIA;LAK;216469388.20510563
BCDY1;CROATIA;ZWL;3287042.7218578323
ILb11;VENEZUELA;LAK;476953950.9258379
ILb11;UNITED KINGDOM;NOK;253694.80810656797
ILb11;SWEDEN;AED;16348.46835659758
ILb11;NAMIBIA;SCR;268804.3404854635
ILb11;LIBYAN ARAB JAMAHIRIYA;INR;2302582.4573738365
ILb11;NIGERIA;CLP;7342367.846393009
ILb11;SOMALIA;TOP;65077.84362109351
ILb11;FIJI;LBP;25779057.238729265
ILb11;INDIA;ETB;749508.5697668908
ILb11;KUWAIT;AWG;26102.020961953847
ILb11;BOLIVIA;QAR;102926.774399705
ILb11;CHILE;HRK;80584.96328801301
ILb11;ROMANIA;BHD;951.1230513583662
ILb11;TURKEY;CYP;6040.956573124543
ILb11;SERBIA;GBP;21185.76986309031
ILb11;POLAND;SAR;79446.7707295415
ILb11;NEW ZEALAND;JOD;6778.1414112466355
ILb11;EGYPT;TND;14753.022891158738
BXXX2;CAMBODIA;XOF;-13362.144372034509
BXXX2;JAMAICA;MYR;7416.442896215344
BXXX2;JAMAICA;PKR;205293.6970305853
BXXX2;KAZAKHSTAN;TND;3887.0266441698373
BXXX2;UGANDA;BIF;3707667.127400684
BXXX2;GUATEMALA;INR;86018.9766461834
BXXX2;CAYMAN ISLANDS;BZD;2461.2947870098733
BXXX2;NORWAY;BBD;3118.996148827938
BXXX2;SOLOMON ISLANDS;CAD;2069.016811643409
BXXX2;NORWAY;CAD;2500.0179291088984
BXXX2;DOMINICA;INR;81067.01570774306
BXXX2;BERMUDA;DJF;352899.56209944555
BXXX2;NORWAY;ZWL;429508.25298807287
BXXX2;ICELAND;MOP;11511.872779296747
BXXX2;BRAZIL;RWF;135039.09953253594
BXXX2;FIJI;KWD;791.8683294041413
BXXX2;BOLIVIA;MZN;21379.738480442036
AAGab;BELARUS;PHP;1050.3554575363728
AAGab;ROMANIA;SEK;145.68063734076125
AAGab;GAMBIA;PHP;651.3211152334308
AAGab;SIERRA LEONE;CNY;18.105791117210693
AAGab;OMAN;CHF;6.110495896054635
AAGab;GAMBIA;SBD;277.91902486561264
AAGab;CHINA;GTQ;31.935844881416525
AAGab;BHUTAN;BND;14.026184327062131
AAGab;PAPUA NEW GUINEA;BHD;12.606761261423655
AAGab;SOMALIA;BDT;2497.8480762783374
AAGab;MADAGASCAR;LYD;70.36478422362953
AAGab;TONGA;SAR;73.14756862449697
BEVXY;BAHRAIN;KHR;19141790.372778274
BEVXY;CROATIA;XOF;2479147.9813356907
BEVXY;HONDURAS;CHF;9064.929832723083
BEVXY;CAYMAN ISLANDS;GTQ;4055.4155956978825
BEVXY;UKRAINE;TND;28657.748220810146
BEVXY;BRAZIL;CYP;958.0441551973131
ABGNW;GUYANA;LKR;384178.9510689987
ABGNW;ROMANIA;PGK;12867.080963294344
ABGNW;DOMINICAN REPUBLIC;DKK;2004.718433754027
ABGNW;CANADA;MZN;7418.12370197021
ABGNW;KOREA, REPUBLIC OF;SRD;93173.7609227327
ABGNW;MALAYSIA;BRL;7000.73265075879
ABGNW;ETHIOPIA;GNF;24178119.84882089
ACKVV;POLAND;BDT;624789.4770916527
ACKVV;SAO TOME AND PRINCIPE;PES;267016.24325478496
ACKVV;LEBANON;XOF;2855737.3017239403
ACKVV;ROMANIA;DOP;386697.1372029949
ACKVV;JORDAN;MAD;41072.728824531434
ACKVV;POLAND;BND;6057.2021265323965
ACKVV;ALBANIA;SEK;14394.127399055411
ACKVV;COLOMBIA;BGN;6192.349311466164
ACKVV;ISRAEL;LVL;4666.884372585094
ACKVV;NIGERIA;DKK;36385.49856063013
ACKVV;RUSSIAN FEDERATION;XPF;814950.9496244589
ACKVV;GHANA;AUD;12200.354269169924
ACKVV;BRUNEI DARUSSALAM;ANG;14848.837237871358
ACKVV;PANAMA;RUB;455102.0710849421
ACKVV;UKRAINE;SEK;49298.706495256665
ACKVV;GAMBIA;CVE;287831.0249803388
ACKVV;KENYA;NPR;679277.3229720062
ACKVV;ZIMBABWE;TND;9290.363386000217
ACKVV;DOMINICAN REPUBLIC;MAD;64933.666569032575
ACKVV;SOMALIA;WST;7979.047361393157
ADG23;EL SALVADOR;RSD;2857613.305684518
ADG23;MALAWI;CHF;4152.025611882195
ADG23;SWEDEN;KES;2426679.2439836124
AALXZ;UNITED ARAB EMIRATES;HTG;40910.39035442146
AALXZ;SYRIAN ARAB REPUBLIC;BMD;1046.848307463548
AALXZ;MOROCCO;RUB;38442.75053941609
AALXZ;ROMANIA;MVR;6394.1219520568
AALXZ;NEPAL;TZS;2662972.482036504
AALXZ;PERU;SOS;233601.2628034038
AALXZ;FRENCH POLYNESIA;ALL;20167.34173064868
AALXZ;SAMOA;BDT;72400.06190773439
AALXZ;EL SALVADOR;BGN;515.0096666939057
AALXZ;URUGUAY;MXN;437.46515367504026
AALXZ;BARBADOS;CZK;31113.656249017215
AALXZ;EGYPT;TZS;2648568.983077062
AALXZ;SOMALIA;SDG;416288.8397200006
AALXZ;CHINA;KES;48177.982474954566
AALXZ;LIBYAN ARAB JAMAHIRIYA;MOP;5714.708841708465
AALXZ;MYANMAR;YER;59254.21575953527
AALXZ;ARGENTINA;SRD;8527.951975363256
AALXZ;KENYA;GNF;3118344.155116974
AALXZ;BHUTAN;SEK;14581.315618931407
AALXZ;SOUTH AFRICA;ZAR;9652.531748460222
AGMXb;IRAN (ISLAMIC REPUBLIC OF);BND;1018.647564883235
AGMXb;GAMBIA;TTD;7366.156521416883
AGMXb;SERBIA;SVC;3014.339271190702
AGMXb;SYRIAN ARAB REPUBLIC;AUD;1747.0678817243843
AGMXb;GHANA;GMD;71665.94023162902
AGMXb;ALGERIA;IRR;522352.63281169656
CHJL2;EURO;BND;6.458144926781637
DEG13;BHUTAN;AUD;6827.994430190401
DEG13;DJIBOUTI;VND;167730466.62452173
DEG13;CAMBODIA;TTD;13335.975136977888
DEG13;THAILAND;KYD;3648.650282474657
DEG13;BULGARIA;XOF;294900.40019489755
DEG13;UNITED ARAB EMIRATES;VUV;794129.681095913
DEG13;SAMOA;LVL;4150.825897155448
DEG13;BOLIVIA;MZN;395004.7565451595
DEG13;CZECH REPUBLIC;ETB;4213.232581052081
DEG13;BELARUS;TRY;38084.23731337264
DEG13;URUGUAY;DZD;820563.4715359706
DEG13;HONG KONG;SVC;55389.06854497361
DEG13;URUGUAY;LBP;5182634.3547234535
DEG13;KENYA;GBP;4869.59484292335
DEG13;COLOMBIA;COP;24296359.098865677
