;Client;Country;Currency;Transaction
0;DGGGY;NEPAL;PYG;38071224.73162285
1;DGGGY;SINGAPORE;NAD;15027.221736587486
2;DGGGY;CHILE;WST;3778.2776655336893
3;DGGGY;LEBANON;COP;3651220.540498043
4;DGGGY;CENTRAL AFRICAN REPUBLIC;PLN;10347.704627821491
5;DGGGY;TRINIDAD AND TOBAGO;MWK;2506373.8946470967
6;DGGGY;KOREA, REPUBLIC OF;VES;31937.35810439096
7;DGGGY;NEW ZEALAND;HRK;10029.300011300564
8;DGGGY;TOGO;IDR;43741633.97476094
9;DGGGY;NICARAGUA;AED;14702.35626075878
10;DGGGY;CROATIA;GNF;54870755.37291671
11;DGGGY;PAPUA NEW GUINEA;XCD;14234.283291365906
12;DGGGY;INDIA;LVL;3356.447461980596
13;DGGGY;AUSTRALIA;DJF;225677.50909980608
14;DGGGY;PARAGUAY;VND;120018230.75481248
15;DGGGY;SERBIA;AWG;8550.854204974796
16;DGGGY;SIERRA LEONE;GBP;2972.2035379101303
17;DGGGY;PAKISTAN;MZN;54743.182235882035
18;DGGGY;DOMINICA;MZN;98244.84553898263
19;KMNWa;GAMBIA;CNY;1492.1881329635412
20;KMNWa;PAPUA NEW GUINEA;BMD;1961.0566977029173
21;KMNWa;HONG KONG;XCD;4150.582283984281
22;AAACb;SOUTH AFRICA;DJF;40931.80502275564
23;AAACb;TOGO;WST;322.8268698623759
24;AAACb;CAYMAN ISLANDS;TTD;1784.1842936055145
25;AAACb;MOROCCO;NOK;2394.7745283776253
26;AAACb;BELIZE;LBP;353457.23585294856
27;AAACb;HUNGARY;ZMW;5304.427706467592
28;AEEYa;CAMBODIA;RON;13792.262087603127
29;AEEYa;SIERRA LEONE;RON;8202.532687772213
30;AEEYa;KUWAIT;CHF;617.8826602896702
31;AEEYa;BULGARIA;GMD;89273.21055854543
32;AEEYa;CROATIA;CYP;1746.889792913874
33;AEEYa;CAPE VERDE;UYU;2154.1688040546464
34;AEEYa;NEPAL;PKR;168514.08764061547
35;MMVX1;BAHAMAS;TOP;1352.7211787882395
36;DDEJb;ZIMBABWE;ISK;4530389.803787679
37;DDEJb;IRAN (ISLAMIC REPUBLIC OF);GHS;225603.19438668262
38;DDEJb;SINGAPORE;HTG;6218642.248864967
39;DDEJb;BERMUDA;MXN;465146.4561808205
40;DDEJb;MADAGASCAR;SAR;156046.19561659786
41;DDEJb;ZAMBIA;LAK;155550036.22066006
42;DDEJb;SAUDI ARABIA;DKK;49024.140446690806
43;DDEJb;BELARUS;DOP;1099497.8254789058
44;DDEJb;TURKEY;AOA;2154548.839223861
45;DDEJb;CHINA;BSD;13831.67623235893
46;DDEJb;PAPUA NEW GUINEA;HUF;1957630.4979089268
47;DDEJb;HONDURAS;PLN;40131.36566840065
48;DDEJb;PHILIPPINES;MAD;369784.3504522912
49;DDEJb;TURKEY;DZD;4772227.531341129
50;DDEJb;ANGOLA;KYD;23049.03721793674
51;DDEJb;MOROCCO;GBP;12398.872573138615
52;DDEJb;SIERRA LEONE;CYP;17597.824910740263
53;CLLLa;IRAN (ISLAMIC REPUBLIC OF);SRD;341836.6370209216
54;CLLLa;RUSSIAN FEDERATION;RON;17400.348066113183
55;CLLLa;BARBADOS;JPY;7927.449045370419
56;CLLLa;RUSSIAN FEDERATION;NPR;622233.8786397851
57;CLLLa;KUWAIT;KHR;43138637.96449594
58;CLLLa;SYRIAN ARAB REPUBLIC;RWF;12188451.295265201
59;CLLLa;BELIZE;STD;173849005.98598146
60;CLLLa;ISRAEL;GBP;9595.976221344024
61;CLLLa;ANGOLA;PLN;15802.846727269027
62;CLLLa;ZIMBABWE;RON;59985.410438442814
63;CLLLa;SAO TOME AND PRINCIPE;XCD;9584.51777689427
64;CLLLa;COSTA RICA;KYD;10580.53312502939
65;CLLLa;NIGERIA;THB;171697.18081724038
66;LXXXY;OMAN;UYU;152068.80723963233
67;LXXXY;ICELAND;LVL;2482.9966994051574
68;LXXXY;ANGOLA;LBP;4749095.308984212
69;LXXXY;LAO PEOPLE'S DEMOCRATIC REP;TOP;2528.204985896573
70;LXXXY;NETHERLANDS ANTILLES;KZT;500434.16768890974
71;LXXXY;KAZAKHSTAN;KRW;3366506.021530762
72;LXXXY;CAMBODIA;EUR;721.960373217173
73;LXXXY;BELARUS;BND;1766.0449022951807
74;LXXXY;UKRAINE;CAD;3384.4062840386064
75;LXXXY;AUSTRALIA;DJF;12976.700718905753
76;LXXXY;PANAMA;XOF;2319008.8550439905
77;LXXXY;SEYCHELLES;BRL;1939.055499934678
78;LXXXY;PARAGUAY;LRD;234247.54215157824
79;LXXXY;ISRAEL;MVR;1980.0373993623216
80;IKL22;KENYA;BMD;14.326223126788989
81;IKL22;BURUNDI;PLN;198.80364774206754
82;IKL22;ROMANIA;RON;10.042530258402905
83;IKL22;FRENCH POLYNESIA;NPR;3937.1936740772526
84;IKL22;SEYCHELLES;UAH;155.91004993286876
85;IKL22;QATAR;LRD;2959.130417201847
86;IKL22;PANAMA;JOD;8.372133643020142
87;IKL22;PHILIPPINES;DJF;9658.032320828634
88;IKL22;NICARAGUA;KWD;15.5335693933594
89;IKL22;TRINIDAD AND TOBAGO;GYD;579.2516333380445
90;IKL22;ROMANIA;RON;92.87310327919236
91;IKL22;DJIBOUTI;CRC;33436.69103851704
92;IKL22;BAHRAIN;YER;2900.9170421552185
93;IKL22;MOROCCO;VES;833.020390751338
94;IKL22;BAHAMAS;SRD;528.8872257886213
95;BJMab;ETHIOPIA;NOK;40072.39481111485
96;BJMab;TONGA;NZD;2819.1072990769117
97;BJMab;UNITED KINGDOM;DJF;278281.5019928413
98;BJMab;QATAR;RON;9768.609403285445
99;BJMab;TRINIDAD AND TOBAGO;DKK;7397.128577118077
100;BJMab;HAITI;MVR;11508.401078464329
101;BJMab;BERMUDA;BWP;50359.808148852135
102;EGGLX;TRINIDAD AND TOBAGO;KRW;259798.85804977894
103;EGGLX;SEYCHELLES;PES;348734.01508887
104;EGGLX;TRINIDAD AND TOBAGO;XAF;36085.03333341591
105;EGGLX;MYANMAR;VES;33466.554184553155
106;EGGLX;ISRAEL;GYD;302043.1276595454
107;EGGLX;NEPAL;BIF;951657.3745847521
108;EGGLX;ANGOLA;KES;115753.17102709571
109;EGGLX;NIGERIA;SAR;2825.156323739907
110;EGGLX;MADAGASCAR;RWF;1080398.428727299
111;EGGLX;JAPAN;GTQ;6053.170150552346
112;EGGLX;LAO PEOPLE'S DEMOCRATIC REP;PHP;23993.74004738024
113;EGGLX;UNITED KINGDOM;BND;1650.7026856548896
114;EGGLX;SIERRA LEONE;KRW;467184.367433841
115;FKXY1;LIBERIA;SBD;129289.10201137174
116;FKXY1;MOZAMBIQUE;SAR;116553.42489661936
117;FKXY1;ALGERIA;MVR;1153422.8306534684
118;FKXY1;MADAGASCAR;MOP;74064.10041775955
119;FKXY1;CAMBODIA;BZD;34565.40262895622
120;FKXY1;CANADA;UYU;2558349.7868937217
121;FKXY1;ALGERIA;BTN;2682736.2241115314
122;FKXY1;GUYANA;LVL;7356.451380411872
123;FKXY1;DOMINICA;SAR;161824.38275991316
124;CFMM1;ZIMBABWE;SGD;665.8513151348764
125;CFMM1;SUDAN;SCR;16396.010697550784
126;CFMM1;BAHAMAS;KES;117030.87272637394
127;CFMM1;ROMANIA;DOP;56711.07020905775
128;CFMM1;CZECH REPUBLIC;BRL;4966.670711642129
129;FGJa2;VIET NAM;LAK;22675081.599315505
130;FGJa2;EL SALVADOR;ETB;34389.98386926664
131;FGJa2;SUDAN;VND;20378992.116493404
132;FGJa2;LIBYAN ARAB JAMAHIRIYA;XCD;901.69730042233
133;FGJa2;LATVIA;CYP;140.4699357158697
134;FGJa2;PERU;STD;11587081.57574758
135;FGJa2;KUWAIT;HRK;3259.814449537997
136;FGJa2;TURKEY;KWD;340.9327010832444
137;FGJa2;EL SALVADOR;HRK;567.4454818687044
138;FGJa2;SOUTH AFRICA;QAR;2830.066278977582
139;FGJa2;IRAQ;LKR;272303.2720085768
140;FGJa2;TAIWAN, PROVINCE OF CHINA;ETB;55555.27201046937
141;FGJa2;SOMALIA;MOP;3185.8180012371486
142;FGJa2;QATAR;CLP;1266737.8015980267
143;FGJa2;BARBADOS;AUD;1747.5805390815685
144;FGJa2;ZIMBABWE;CZK;25427.717767160066
145;FGJa2;PHILIPPINES;CAD;1221.3694414776223
146;FGJa2;CAPE VERDE;ISK;91320.15153670858
147;FGJa2;MADAGASCAR;PYG;8059016.167097143
148;FGJa2;CHILE;LKR;57980.35616001003
149;BNVWa;VENEZUELA;BWP;36619.492283438136
150;BNVWa;TONGA;AOA;1603249.2090186353
151;BNVWa;RUSSIAN FEDERATION;MYR;8970.637892693632
152;BNVWa;BHUTAN;DOP;171717.22341612456
153;BNVWa;MOROCCO;SVC;16523.631820614846
154;BNVWa;INDIA;ANG;2877.2847169904157
155;BNVWa;AUSTRALIA;HTG;65064.647077864094
156;BNVWa;BOLIVIA;EGP;66622.04175238866
157;BNVWa;LIBYAN ARAB JAMAHIRIYA;CRC;2012073.482144786
158;BNVWa;TUNISIA;GMD;17346.6978439524
159;BNVWa;MAURITIUS;LRD;393365.9508160334
160;BNVWa;IRAQ;WST;6761.600478101805
161;BNVWa;BOLIVIA;CRC;1557665.6836819754
162;BNVWa;FRENCH POLYNESIA;UGX;9780477.669769531
163;BNVWa;UGANDA;XCD;2925.402661898983
164;BNVWa;TUNISIA;PKR;655659.0160271787
165;EEHVW;TOGO;BTN;670909.0070920939
166;EEHVW;YEMEN;CLP;8274602.679726659
167;EEHVW;GAMBIA;SCR;65463.171840635914
168;BCY12;YEMEN;JMD;682173.2312732539
169;BCY12;DJIBOUTI;LAK;87550593.98108093
170;BCY12;KOREA, REPUBLIC OF;THB;7642.315672099939
171;BCY12;SEYCHELLES;RSD;183780.55327408417
172;BCY12;TAIWAN, PROVINCE OF CHINA;GYD;313161.2915082195
173;BCY12;PERU;KYD;3321.7953324998825
174;BCY12;TURKEY;DZD;262653.69675765804
175;BCY12;GHANA;LKR;1632741.9531646867
176;BCY12;EGYPT;HRK;38826.22511587997
177;BCY12;ETHIOPIA;JPY;113590.49456216242
178;BCY12;ETHIOPIA;PKR;816662.3378342892
179;BCY12;TURKEY;NOK;53735.71478557898
180;EMMZc;LATVIA;BTN;242612.04672566117
181;EMMZc;MOROCCO;MAD;48641.38494017456
182;EMMZc;IRAQ;LVL;8611.249759497294
183;EMMZc;BOLIVIA;JMD;1640545.0744075917
184;EMMZc;BOTSWANA;BSD;10651.85831793879
185;EMMZc;ROMANIA;PHP;37886.84111630979
186;EMMZc;ROMANIA;UGX;17662760.822630256
187;EMMZc;NAMIBIA;HUF;1715295.0145686378
188;EMMZc;ANGOLA;TZS;28364296.166064277
189;EMMZc;SINGAPORE;BOB;69592.4194372139
190;EMMZc;LAO PEOPLE'S DEMOCRATIC REP;CHF;8205.562171344003
191;EMMZc;ETHIOPIA;SAR;13055.386827662725
192;EMMZc;VIET NAM;VND;206737268.04461944
193;NVXa3;MAURITIUS;CZK;201957.23738853517
194;NVXa3;NAMIBIA;DKK;44679.69309378919
195;NVXa3;HUNGARY;IRR;281975979.44852936
196;NVXa3;RWANDA;KES;673919.5130540782
197;NVXa3;SWAZILAND;UGX;12063194.708508609
198;NVXa3;SINGAPORE;ZAR;16620.8358590584
199;NVXa3;CROATIA;INR;556271.1904982611
200;NVXa3;TONGA;COP;38408166.02411632
201;NVXa3;CHILE;HUF;4941940.718660614
202;NVXa3;MOZAMBIQUE;SBD;84443.84055963396
203;NVXa3;CANADA;ZMW;178946.8433749606
204;NVXa3;BELIZE;JMD;902731.7540816779
205;NVXa3;NEW ZEALAND;AWG;21543.322829857527
206;NVXa3;JAPAN;TWD;357864.3027013386
207;NVXa3;BERMUDA;GHS;129102.53173201287
208;NVXa3;CYPRUS;MRO;1167899.0172649852
209;AAHbc;ISRAEL;PEN;23180.834072464513
210;AAHbc;LAO PEOPLE'S DEMOCRATIC REP;CHF;2907.4644659916703
211;AAHbc;BURUNDI;KRW;1992529.8030678183
212;AAHbc;POLAND;HKD;9559.701003406675
213;AAHbc;BERMUDA;PAB;1727.7640302458021
214;AAHbc;HONDURAS;BIF;10834383.99049369
215;AAHbc;CHILE;SZL;78973.91975191653
216;AAHbc;COSTA RICA;NAD;28355.307198994004
217;AAHbc;BULGARIA;KZT;2058977.192712431
218;AAHbc;EGYPT;CHF;2972.958436263405
219;AAHbc;VENEZUELA;MOP;12023.846940283926
220;AAHbc;RWANDA;SGD;943.2678304383368
221;AAHbc;MAURITANIA;HTG;196329.85819529928
222;AAHbc;TURKEY;SRD;1176.4545400795894
223;DDW12;SUDAN;RWF;343822.6890509153
224;DDW12;HONDURAS;KWD;41.376354710812954
225;DDW12;SWAZILAND;ISK;39881.63934068876
226;DDW12;CAYMAN ISLANDS;TRY;3322.064560574432
227;DDW12;BAHAMAS;HKD;1271.036973137535
228;DDW12;BELIZE;BDT;32207.132236891834
229;DDW12;AUSTRALIA;HKD;901.2577221290278
230;DDW12;UGANDA;KES;18215.679162657943
231;DDW12;ROMANIA;LRD;16499.080745840747
232;DDW12;EL SALVADOR;STD;-22985.590397942593
233;DDW12;CANADA;EGP;7150.633924971776
234;DDW12;CZECH REPUBLIC;PKR;3936.8401030397927
235;DDW12;VIET NAM;TWD;9688.253624092064
236;DDW12;FIJI;CVE;17843.03286850298
237;DDW12;CHINA;MOP;542.4692965863454
238;DDW12;BARBADOS;NPR;24433.0418164644
239;KLN12;SAUDI ARABIA;PYG;10979514.864439804
240;KLN12;OMAN;BMD;1689.5065383831327
241;KLN12;JAPAN;GHS;18138.662577816835
242;KLN12;JAPAN;QAR;4844.035607469295
243;KLN12;SIERRA LEONE;TZS;5268549.786947303
244;KLN12;BULGARIA;UGX;7131193.401093008
245;KLN12;PERU;HRK;21823.9026882546
246;KLN12;UGANDA;UYU;35937.39913095661
247;KLN12;FIJI;ILS;1785.86393920419
248;KLN12;MALDIVES;CAD;1884.908292995012
249;KLN12;BELARUS;GYD;601256.3657877003
250;KLN12;UNITED ARAB EMIRATES;SGD;3861.520405455131
251;KLN12;TUNISIA;BDT;251027.52029595897
252;KLN12;AUSTRALIA;MZN;42277.246266568836
253;KLN12;BHUTAN;BHD;225.54498635170995
254;KLN12;RWANDA;SOS;294562.80692472134
255;KLN12;SYRIAN ARAB REPUBLIC;ZAR;16349.10466520936
256;KLN12;PAKISTAN;TOP;2322.3158853880436
257;KLN12;SUDAN;NGN;134931.556819444
258;KLN12;FIJI;LBP;331401.3747680646
259;JKWY2;ZAMBIA;EGP;9061.129035022224
260;JKWY2;JAPAN;ZAR;46421.77175036286
261;JKWY2;SINGAPORE;PHP;8053.555814593877
262;JKWY2;BAHAMAS;HUF;1590794.2977072115
263;JKWY2;AUSTRALIA;JMD;276070.6486015732
264;JKWY2;OMAN;HTG;526018.6794907843
265;JKWY2;UGANDA;VND;51775093.33044419
266;JKWY2;CAYMAN ISLANDS;SAR;18992.202329204865
267;JKWY2;BOLIVIA;JOD;2056.5629211269347
268;JKWY2;FIJI;NOK;22968.821707075276
269;JKWY2;NEPAL;AUD;5803.259553691591
270;JKWY2;TRINIDAD AND TOBAGO;SYP;1978646.4945102532
271;JKWY2;HONDURAS;ARS;660216.6936634486
272;JKWY2;TONGA;ZAR;57116.619485484494
273;JKWY2;SEYCHELLES;NIO;173531.9092000801
274;JKWY2;FRENCH POLYNESIA;BMD;1169.5200319706598
275;JKWY2;SOMALIA;JPY;292550.12436628534
276;JKWY2;IRAQ;MZN;165760.99147961204
277;JKWY2;SEYCHELLES;MWK;1000001.4006887658
278;AAbb2;ISRAEL;MXN;14087.602446862005
279;AAbb2;SAMOA;BHD;571.7711933215268
280;AAbb2;ARGENTINA;AZN;4040.9085963341477
281;AAbb2;HUNGARY;TOP;4306.921176760487
282;AAbb2;EL SALVADOR;SZL;71979.0151810799
283;AAbb2;CHINA;GMD;20968.893945467775
284;AAbb2;RUSSIAN FEDERATION;SGD;4067.196918040846
285;AAbb2;VENEZUELA;SEK;54084.25914539056
286;AAbb2;TOGO;TOP;7809.794839717081
287;AAbb2;PHILIPPINES;PKR;1032565.1029915982
288;AAbb2;UKRAINE;BWP;40138.51254131178
289;AAbb2;ARGENTINA;VND;31363243.97027948
290;AAbb2;UKRAINE;JOD;1067.4096184647883
291;AAbb2;LATVIA;LVL;-24.33197412430523
292;AAEWb;ISRAEL;QAR;2153.624861810707
293;AAEWb;IRAQ;BWP;5430.485478756978
294;AAEWb;SWITZERLAND;LVL;309.22945651950283
295;AAEWb;SRI LANKA;PAB;1031.9238344708629
296;AAEWb;SOUTH AFRICA;MWK;751592.2684597499
297;AAEWb;MAURITANIA;OMR;16.901019219126248
298;AAEWb;ZAMBIA;CYP;808.2159672909821
299;ANVb1;DENMARK;CRC;3796375.914786465
300;ANVb1;INDONESIA;ISK;152161.6518835279
301;ANVb1;PHILIPPINES;AZN;14321.090227500175
302;ANVb1;VANUATU;RON;31686.57635081496
303;ANVb1;RUSSIAN FEDERATION;HUF;3114786.953182374
304;ANVb1;KUWAIT;DJF;1169144.6815903748
305;ANVb1;GHANA;BYR;47621086.29127177
306;ANVb1;EGYPT;GTQ;65136.82250697861
307;ANVb1;LAO PEOPLE'S DEMOCRATIC REP;DOP;2190.3743311653066
308;ANVb1;VIET NAM;ILS;36418.111228233494
309;AEGKc;PERU;SDG;6578832.896101906
310;AEGKc;NETHERLANDS ANTILLES;SGD;34091.633843592565
311;AEGKc;CAYMAN ISLANDS;XCD;31722.785846659972
312;AEGKc;MALDIVES;BOB;65356.051384001184
313;AEGKc;MALDIVES;GHS;148748.54339142845
314;AEGKc;CANADA;QAR;5766.119184349789
315;AEGKc;MOROCCO;XAF;13977362.889376078
316;AEGKc;BELIZE;EUR;30906.84979816885
317;AEGKc;MOROCCO;AZN;34996.045801906956
318;AEGKc;UGANDA;MOP;150624.22187987049
319;AEGKc;BRAZIL;BWP;524219.8751114906
320;AEGKc;NAMIBIA;ZMW;303625.5697243439
321;AEGKc;TOGO;SLL;203945996.0944383
322;AEGKc;TANZANIA, UNITED REPUBLIC OF;BOB;234959.10893832557
323;AEGKc;TURKEY;VUV;3297064.8708218057
324;AEGKc;ALBANIA;NGN;4771169.959703779
325;AEGKc;TANZANIA, UNITED REPUBLIC OF;MVR;155824.60392611008
326;AEGKc;BANGLADESH;XAF;25297741.6153185
327;AEGKc;SUDAN;DJF;6222957.97272206
328;AEGKc;NEPAL;ZWL;3889394.297501087
329;CKMZ1;PANAMA;IDR;29246663.544550385
330;CKMZ1;NEPAL;SRD;50916.737128826746
331;CKMZ1;LIBYAN ARAB JAMAHIRIYA;NZD;2268.838889895504
332;CKMZ1;MALAYSIA;RON;10515.521535220621
333;CKMZ1;PAPUA NEW GUINEA;ZMW;18442.093826502034
334;CKMZ1;JAMAICA;TRY;29700.80576048118
335;CKMZ1;BHUTAN;BZD;3163.0484726572463
336;CKMZ1;HONG KONG;DKK;718.9968843250836
337;CKMZ1;CAYMAN ISLANDS;ARS;83479.55058328877
338;CKMZ1;TONGA;XOF;1140207.1521467099
339;CKMZ1;CHINA;BHD;315.354417244412
340;BLYZc;HONG KONG;EUR;15983.640975356522
341;BLYZc;PHILIPPINES;MWK;1121771.614279235
342;BLYZc;MYANMAR;JMD;4013633.068103716
343;BLYZc;MADAGASCAR;THB;922150.6399796437
344;BLYZc;SAUDI ARABIA;BGN;42198.56534625749
345;BLYZc;LIBERIA;SDG;8250017.712142784
346;BLYZc;HONG KONG;PYG;27044734.885229774
347;BLYZc;SOLOMON ISLANDS;ZWL;18801851.746645447
348;BLYZc;ISRAEL;BBD;9169.865326942047
349;BLYZc;OMAN;PLN;65731.56553258777
350;BLYZc;PERU;TRY;521677.62130875536
351;BLYZc;TURKEY;HKD;201444.05650544708
352;HJVac;UNITED KINGDOM;NAD;105276.84304576184
353;HJVac;TANZANIA, UNITED REPUBLIC OF;LAK;144942702.6980578
354;HJVac;ARGENTINA;CNY;9288.2255491199
355;HJVac;NORWAY;GYD;905568.4382454517
356;HJVac;BRAZIL;VES;154658.9091885761
357;HJVac;SWEDEN;ETB;388732.8308258466
358;HJVac;KUWAIT;MUR;380313.9665967665
359;HJVac;BRAZIL;MUR;183161.24143790762
360;HJVac;CAMBODIA;DKK;4669.383057036243
361;HJVac;GAMBIA;HNL;117008.80055736896
362;HJVac;ISRAEL;GTQ;26655.52685607035
363;FJYb1;ANGOLA;MWK;16207122.334959278
364;FJYb1;COSTA RICA;KZT;7454459.428949753
365;FJYb1;KOREA, REPUBLIC OF;KYD;7425.255086802968
366;FJYb1;SERBIA;JOD;9833.662171577544
367;FJYb1;SWEDEN;PLN;32640.391471553292
368;FJYb1;PARAGUAY;EGP;155810.73889564915
369;FJYb1;TANZANIA, UNITED REPUBLIC OF;XPF;1990899.2454608828
370;FJYb1;EGYPT;NZD;22865.236292368576
371;CCGW1;SRI LANKA;IRR;472942766.35218203
372;CCGW1;SINGAPORE;VND;255363686.2454176
373;CCGW1;CENTRAL AFRICAN REPUBLIC;SRD;27698.815289364415
374;CCGW1;NETHERLANDS ANTILLES;BHD;3534.6916668083354
375;CCGW1;NEPAL;BMD;14507.021490730242
376;CCGW1;PARAGUAY;BWP;100107.6009809855
377;CCGW1;BRUNEI DARUSSALAM;BBD;1679.962395079985
378;CCGW1;GUINEA;KZT;1872158.943900138
379;CCGW1;PARAGUAY;AWG;5559.760237092978
380;CCGW1;MALDIVES;YER;2161543.4399328823
381;CCGW1;IRAQ;TZS;27805216.88422636
382;INXc3;CHILE;LAK;3413877.30540526
383;INXc3;MOZAMBIQUE;BSD;172.39775970116466
384;INXc3;SYRIAN ARAB REPUBLIC;RWF;97558.13408050727
385;INXc3;FIJI;LVL;45.94339648993561
386;INXc3;PERU;MXN;3506.3090553645725
387;INXc3;DENMARK;MGA;657275.6735182549
388;INXc3;GAMBIA;GBP;11.3523490412471
389;INXc3;BOLIVIA;GMD;10682.256025128425
390;INXc3;HONG KONG;NZD;146.79734428204262
391;INXc3;MYANMAR;UYU;7833.101698463393
392;INXc3;ISRAEL;BWP;3437.8096396950564
393;INXc3;KAZAKHSTAN;BSD;117.09387149236044
394;INXc3;SWAZILAND;SOS;89934.7896813614
395;INXc3;SRI LANKA;TRY;1504.5353607370328
396;INXc3;BRAZIL;BYR;3883456.7039641123
397;AHJJY;MYANMAR;NGN;2368943.777663501
398;AHJJY;ZAMBIA;BOB;62584.73942618834
399;AHJJY;INDONESIA;FJD;15189.146232892606
400;AHJJY;SWITZERLAND;PYG;56986215.755479574
401;BBFFI;ETHIOPIA;TTD;89546.15769687122
402;BBFFI;DJIBOUTI;SDG;3672913.9237043406
403;BBFFI;GHANA;PLN;34775.20470800276
404;BBFFI;MAURITANIA;RWF;9242118.053375522
405;BBFFI;IRAQ;MXN;239935.22242897103
406;BBFFI;SUDAN;BIF;27743390.896552023
407;BBFFI;TRINIDAD AND TOBAGO;BWP;99177.8638488292
408;BBFFI;MADAGASCAR;SRD;237235.2596132144
409;BBFFI;JORDAN;PGK;25840.104046742195
410;BBFFI;INDIA;LBP;10751953.670174718
411;BBFFI;MAURITANIA;NPR;1695681.380273955
412;BBFFI;JAMAICA;LRD;824659.9821657293
413;BBFFI;EURO;ZAR;46207.50872956051
414;BBFFI;CAMBODIA;IRR;420268662.978094
415;GWWZb;ISRAEL;BHD;763.8868461846324
416;GWWZb;SOLOMON ISLANDS;BYR;96379101.72871843
417;GWWZb;SRI LANKA;MWK;4227370.101492937
418;GWWZb;TURKEY;GNF;17306417.135701153
419;GWWZb;NORWAY;NZD;505.2114077570086
420;GIYY1;DJIBOUTI;DOP;3319968.5786187104
421;GIYY1;CHINA;BRL;79206.46780051931
422;GIYY1;TOGO;ETB;2519397.263053815
423;GIYY1;BELARUS;KZT;10253863.689179992
424;GIYY1;GAMBIA;AZN;66885.08945313908
425;GIYY1;CAPE VERDE;SZL;580208.9052194762
426;GIYY1;MALAWI;LKR;12960716.991822112
427;GIYY1;YEMEN;BMD;17257.83666973298
428;GIYY1;OMAN;AZN;63693.1986977692
429;GIYY1;EL SALVADOR;CRC;9041347.741098305
430;GIYY1;PAKISTAN;JOD;10408.849605105814
431;GIYY1;MOZAMBIQUE;DKK;368596.6919125889
432;GIYY1;TAIWAN, PROVINCE OF CHINA;MYR;8003.417600845558
433;GJ223;IRAN (ISLAMIC REPUBLIC OF);AWG;2133.2518341145837
434;GJ223;SAMOA;SBD;12119.535680925352
435;GJ223;SOLOMON ISLANDS;JOD;770.2239339294149
436;GJ223;SAMOA;JPY;36823.37578991344
437;GJ223;NICARAGUA;PHP;34642.1344346568
438;GJ223;PARAGUAY;LVL;277.5312913717003
439;GJ223;FIJI;NGN;671804.3512939839
440;GJ223;ARUBA;DZD;183796.43180329574
441;GJ223;GAMBIA;FJD;1841.9531876111928
442;GJ223;LAO PEOPLE'S DEMOCRATIC REP;AOA;623707.5810093883
443;HWYc3;GUYANA;JMD;338431.4308232465
444;HWYc3;VIET NAM;NOK;21158.418691115618
445;HWYc3;BURUNDI;JMD;144432.62143777206
446;HWYc3;FRENCH POLYNESIA;JMD;345744.474946678
447;HWYc3;SRI LANKA;GMD;46489.02534175935
448;HWYc3;VENEZUELA;AZN;966.7669001202784
449;HWYc3;ANGOLA;ANG;467.37276900105155
450;HWYc3;EURO;KES;148003.66661101425
451;HWYc3;UKRAINE;SCR;8531.276626277597
452;HWYc3;BURUNDI;XCD;5528.60610694403
453;HWYc3;SOMALIA;VES;10280.399406945477
454;IIKL3;FIJI;PES;2382633.393018512
455;IIKL3;BULGARIA;NIO;305355.45624560193
456;IIKL3;SWITZERLAND;RUB;2032749.3765121487
457;IIKL3;SOMALIA;PAB;20633.780986351263
458;IIKL3;IRAQ;INR;589210.0334393918
459;IIKL3;NORWAY;EGP;312001.6816349022
460;HX223;CHILE;LRD;888417.8487081906
461;HX223;GUYANA;COP;37071928.24178921
462;HX223;CAYMAN ISLANDS;SOS;4290388.380690838
463;HX223;ARUBA;PLN;24382.17514405027
464;HX223;CROATIA;BOB;5704.262492280258
465;HX223;KENYA;ALL;626831.6633846832
466;HX223;PAKISTAN;BYR;127135026.22652581
467;HX223;NICARAGUA;RUB;77002.32193240862
468;HX223;INDONESIA;EUR;4682.124207197327
469;HX223;LIBYAN ARAB JAMAHIRIYA;AED;5834.620047279515
470;HX223;ZAMBIA;BIF;12494785.551054662
471;HX223;EL SALVADOR;BHD;1515.1994672758942
472;NVXZ2;LEBANON;KZT;3127378.4060992273
473;NVXZ2;POLAND;RSD;1071465.9834087084
474;NVXZ2;CHINA;TTD;71603.52219159153
475;NVXZ2;ARGENTINA;BOB;10489.10903079125
476;NVXZ2;CHINA;CYP;378.51291270971643
477;NVXZ2;VENEZUELA;MGA;55396689.7287505
478;NVXZ2;UGANDA;SLL;232900179.5392797
479;NVXZ2;EURO;DOP;303509.4954895009
480;NVXZ2;JORDAN;AOA;1408966.3683827566
481;NVXZ2;BAHRAIN;MGA;3415866.5852652937
482;NVXZ2;SYRIAN ARAB REPUBLIC;XOF;6811358.353927098
483;NVXZ2;JAMAICA;GBP;11001.382210387625
484;BGJX1;ETHIOPIA;WST;78.75185064479453
485;BGJX1;CHINA;UYU;20451.45872074217
486;BGJX1;UKRAINE;CVE;26856.644052492567
487;BGJX1;COSTA RICA;AZN;789.4343596250394
488;BGJX1;MOROCCO;PKR;81493.52531894927
489;BGJX1;KUWAIT;KES;86600.95331034681
490;BGJX1;LAO PEOPLE'S DEMOCRATIC REP;LKR;93572.05362310128
491;BGJX1;AZERBAIJAN;BWP;581.0304597714571
492;BGJX1;BERMUDA;STD;12359630.936519116
493;BGJX1;ZAMBIA;STD;14863580.423382828
494;BGJX1;MACAU;ZWL;173205.4243294561
495;BGJX1;RUSSIAN FEDERATION;NOK;1220.659576028538
496;BGJX1;FIJI;SOS;356727.62020965846
497;BGJX1;LAO PEOPLE'S DEMOCRATIC REP;HNL;11894.32379344562
498;BGJX1;KUWAIT;CZK;14646.59559309237
499;BGJX1;AUSTRALIA;SEK;2188.038037765903
500;BGJX1;HUNGARY;SAR;905.4920168280638
501;BGJX1;UNITED ARAB EMIRATES;PHP;19512.386500634886
502;BGJX1;COSTA RICA;KWD;139.37141341852893
503;BKKW3;SYRIAN ARAB REPUBLIC;OMR;3368.604340315617
504;BKKW3;HONDURAS;SYP;2754358.6545311594
505;BKKW3;LEBANON;JPY;1090719.905570873
506;BKKW3;SERBIA;XAF;6900038.037966274
507;BKKW3;TRINIDAD AND TOBAGO;KES;139224.91615440187
508;BKKW3;CHILE;SBD;112123.98188789043
509;BKKW3;DOMINICAN REPUBLIC;MAD;50251.211664594644
510;BKKW3;SAMOA;LBP;11650163.670675486
511;BKKW3;HONG KONG;LYD;7291.664749014016
512;BKKW3;SIERRA LEONE;MAD;171356.15815504565
513;BKKW3;ETHIOPIA;BRL;33101.77084638893
514;BKKW3;PARAGUAY;KYD;2104.0669155705195
515;BKKW3;HONG KONG;COP;30349350.31924735
516;BKKW3;MAURITIUS;SGD;8720.630649590883
517;BKKW3;COSTA RICA;IDR;119714685.03631634
518;BKKW3;EURO;ISK;2522224.0634976444
519;BKKW3;BAHRAIN;DZD;353566.59936186334
520;BKKW3;CROATIA;NGN;7789625.7786503825
521;BKKW3;VIET NAM;PYG;91645585.86396095
522;BKKW3;AZERBAIJAN;NOK;40227.466101175574
523;CEHa1;SWAZILAND;CYP;1862.9365843147818
524;CEHa1;CAPE VERDE;MMK;1931875.4435289481
525;CEHa1;MALAYSIA;MXN;68576.83664476953
526;CEHa1;ROMANIA;GMD;13828.419268150643
527;CEHa1;TUNISIA;ZMW;12302.871527882431
528;CEHa1;BERMUDA;XAF;1020737.8500868354
529;CEHa1;MALAYSIA;MOP;15866.296905935902
530;CEHa1;GUYANA;MXN;19387.515559234023
531;CEHa1;CAYMAN ISLANDS;UAH;39742.544598382374
532;CEHa1;ZAMBIA;SBD;601.9524341756642
533;CEHa1;INDONESIA;IRR;95506272.67857154
534;CEHa1;KOREA, REPUBLIC OF;HUF;877025.9346792389
535;CEHa1;GHANA;ZWL;999406.1061018276
536;FMNWc;RUSSIAN FEDERATION;PKR;1414954.198938688
537;FMNWc;TONGA;PES;516569.7301592432
538;FMNWc;SOUTH AFRICA;KYD;3696.9243380331363
539;FMNWc;SRI LANKA;NZD;6280.938296636148
540;FMNWc;SOMALIA;TZS;6608000.453761902
541;FMNWc;URUGUAY;VES;31503.23509370262
542;FMNWc;HONDURAS;NGN;1723076.1012039576
543;FMNWc;EURO;PAB;2276.422162153198
544;FMNWc;IRAN (ISLAMIC REPUBLIC OF);AWG;2236.2896226147745
545;FMNWc;FIJI;XCD;8835.129147266442
546;FMNWc;SOLOMON ISLANDS;HKD;50468.78855664681
547;FMNWc;TONGA;WST;12389.527855552893
548;FMNWc;VENEZUELA;BTN;305227.5340591552
549;FMNWc;VANUATU;AZN;5533.860311993577
550;FMNWc;UKRAINE;UYU;285742.86286572734
551;FMNWc;MALDIVES;MAD;53891.30227314841
552;GHHW2;MADAGASCAR;ISK;1630120.7691513926
553;AACVa;PAKISTAN;MZN;279519.05560907366
554;AACVa;KUWAIT;RUB;150853.41328287197
555;AACVa;VANUATU;NGN;958802.3485942886
556;AACVa;PHILIPPINES;AZN;3648.21794620696
557;AACVa;HONDURAS;TWD;96715.5825116568
558;AACVa;TUNISIA;XCD;4211.283321498049
559;AACVa;IRAQ;RON;9984.294295157637
560;AACVa;HUNGARY;PKR;626021.3303517282
561;AACVa;BULGARIA;ZAR;74815.27124811379
562;AACVa;BRUNEI DARUSSALAM;MYR;3771.1736020777203
563;AACVa;SOMALIA;MUR;179367.10466569476
564;AACVa;NORWAY;CRC;2284908.4018652076
565;AACVa;INDONESIA;AZN;1522.320091668853
566;DJYZ3;ALGERIA;BYR;96239372.87854964
567;DJYZ3;RUSSIAN FEDERATION;JOD;4252.711882317439
568;DJYZ3;SAUDI ARABIA;PLN;12991.406032715702
569;DJYZ3;MADAGASCAR;ZAR;91748.11115899961
570;DJYZ3;MOROCCO;JOD;2135.021190635934
571;DJYZ3;SWITZERLAND;IDR;22485501.319001164
572;DJYZ3;PHILIPPINES;XAF;3357914.177521667
573;DJYZ3;HONDURAS;JPY;469004.03540940577
574;DJYZ3;JAPAN;CVE;282961.57242921734
575;DJYZ3;KOREA, REPUBLIC OF;MRO;1658573.4214616308
576;DJYZ3;KUWAIT;TWD;88964.03880648542
577;DJYZ3;RUSSIAN FEDERATION;STD;23369294.691430748
578;FJNNN;NEW ZEALAND;XPF;36728.31703298091
579;FJNNN;BRUNEI DARUSSALAM;MVR;7657.835895124349
580;FJNNN;ISRAEL;FJD;882.3460877656084
581;WYYa1;EL SALVADOR;AOA;333014.4944113502
582;WYYa1;DJIBOUTI;CVE;608619.4721755753
583;WYYa1;SWITZERLAND;NOK;111639.09366747693
584;WYYa1;NEW ZEALAND;XCD;21336.550764796353
585;WYYa1;RUSSIAN FEDERATION;JOD;728.2459759739884
586;WYYa1;SAUDI ARABIA;HKD;759.462403446589
587;WYYa1;BHUTAN;QAR;23452.86717180879
588;WYYa1;VIET NAM;JMD;859791.4824675439
589;WYYa1;MEXICO;SBD;76305.84640932908
590;NYYab;NAMIBIA;ANG;551.2191848140404
591;NYYab;SURINAME;ALL;56202.44985329041
592;NYYab;SWITZERLAND;CVE;134080.4711409344
593;NYYab;VENEZUELA;MWK;1439569.4620092358
594;NYYab;UGANDA;OMR;411.3362626847388
595;NYYab;PANAMA;SVC;10415.401619379454
596;NYYab;ISRAEL;SLL;13959578.652556477
597;NYYab;HUNGARY;KWD;33.68987023655733
598;NYYab;EURO;XPF;136945.78872812976
599;NYYab;NEPAL;LVL;654.2830019532736
600;NYYab;MACAU;KES;112654.58171392826
601;NYYab;NAMIBIA;KHR;772683.4506998188
602;NYYab;SWITZERLAND;MYR;1569.0064780639868
603;NYYab;BAHAMAS;BHD;33.15040410209651
604;NYYab;GUATEMALA;KHR;1570386.0191557314
605;NYYab;NAMIBIA;CZK;7430.316028255728
606;NYYab;IRAN (ISLAMIC REPUBLIC OF);OMR;477.39854098591223
607;INXWW;RWANDA;IQD;19119144.896625083
608;INXWW;NIGERIA;CVE;99148.63955649079
609;INXWW;PAKISTAN;MVR;215509.73244236415
610;AJMXc;DJIBOUTI;MWK;382657.796059503
611;AJMXc;PAKISTAN;MRO;334107.51327365084
612;AJMXc;BRAZIL;VES;2394.501968847908
613;AJMXc;BAHRAIN;MAD;125.8823193422543
614;AJMXc;DOMINICA;ANG;1007.4416855778751
615;AJMXc;ARGENTINA;HTG;68854.80157789863
616;AJMXc;SWITZERLAND;CYP;399.0771015869666
617;AJMXc;MAURITIUS;CAD;1101.700528541382
618;AJMXc;DOMINICAN REPUBLIC;ANG;1337.8120097672156
619;AJMXc;MALAYSIA;TWD;25873.94854276994
620;AJMXc;LEBANON;IQD;1250353.3053291917
621;AJMXc;UNITED ARAB EMIRATES;XAF;545409.1604783679
622;AJMXc;AUSTRALIA;PYG;2417924.669498596
623;ACJJa;DOMINICAN REPUBLIC;BYR;51315945.85917621
624;ACJJa;COLOMBIA;IDR;83205437.2403391
625;ACJJa;UNITED KINGDOM;SDG;5106253.432873465
626;FGIWc;BULGARIA;ILS;2833.2722580860604
627;FGIWc;SAMOA;NIO;12867.692213650915
628;FGIWc;SEYCHELLES;SRD;20042.58446558447
629;FGIWc;INDIA;SBD;11053.682756664075
630;FJVb2;GAMBIA;VUV;3771950.2916066805
631;FJVb2;ARGENTINA;AED;29347.552440314037
632;FJVb2;DOMINICA;KZT;385617.36864403985
633;FJVb2;ZIMBABWE;BWP;61998.39735408447
634;FJVb2;LATVIA;LRD;1660792.5519194696
635;FJVb2;EURO;MOP;229969.39307489377
636;FJVb2;IRAQ;MUR;1023307.3263759494
637;FJVb2;NEW ZEALAND;BGN;7294.293741020388
638;FJVb2;SOMALIA;KYD;13716.376802516825
639;FJVb2;NEW ZEALAND;KYD;3843.488441594133
640;FJVb2;MEXICO;BIF;36855147.23573569
641;FJVb2;ALGERIA;CNY;142709.70163827806
642;FJVb2;COSTA RICA;SEK;28705.52891450127
643;FJVb2;BHUTAN;NGN;13902361.897379283
644;FJVb2;BERMUDA;SAR;64323.9419274035
645;CGGJL;EURO;CAD;1688.1958193256469
646;CGGJL;SIERRA LEONE;BHD;888.0498572116599
647;CGGJL;RWANDA;PES;389202.9616681226
648;BDNX1;CENTRAL AFRICAN REPUBLIC;BWP;97395.46334108169
649;BDNX1;SUDAN;KHR;25112870.472243793
650;BDNX1;KOREA, REPUBLIC OF;RSD;1352715.22613667
651;BDNX1;LEBANON;SZL;76914.85281629628
652;BDNX1;CHILE;AZN;6589.408611857045
653;BDNX1;ROMANIA;PEN;47164.06707339443
654;BDNX1;SAMOA;PES;743339.3909965437
655;BDNX1;ALBANIA;MZN;40110.434952787626
656;BDNX1;FIJI;EGP;245863.9240794833
657;BDNX1;BRAZIL;DZD;1620168.337762708
658;BDNX1;BRUNEI DARUSSALAM;PLN;10492.369829231975
659;BDNX1;URUGUAY;ZAR;165437.1228105354
660;BDNX1;SOUTH AFRICA;DKK;82642.25640772545
661;BDNX1;MALDIVES;ETB;452603.8870282874
662;BDNX1;GUATEMALA;KYD;2282.399159206394
663;BDNX1;KAZAKHSTAN;UGX;31067719.57265382
664;BDNX1;SAUDI ARABIA;JMD;1642111.288773947
665;BDNX1;THAILAND;GYD;1931335.9016846826
666;BDNX1;ZAMBIA;SBD;38469.67046435412
667;BDNX1;DENMARK;SLL;211940740.00468782
668;AHMNa;GAMBIA;ALL;545666.4071482394
669;AHMNa;ROMANIA;ZWL;2884540.351384273
670;AHMNa;MAURITANIA;BTN;139020.68471530906
671;AHMNa;GUATEMALA;LAK;66531155.07687321
672;AHMNa;JAPAN;MOP;35871.31735877832
673;AABGX;INDONESIA;MWK;4619042.701924296
674;AABGX;DENMARK;XPF;1186067.4221662038
675;AABGX;CYPRUS;MOP;77068.190161101
676;AABGX;HONDURAS;JPY;1244582.0318597392
677;AABGX;SAUDI ARABIA;XPF;1659100.617335098
678;AABGX;PAKISTAN;VUV;1705569.2446443338
679;AABGX;CAMBODIA;GBP;1508.6178471640992
680;AABGX;BELIZE;XPF;6628.923683646023
681;AABGX;MALAYSIA;ALL;865161.7861715883
682;AABGX;KENYA;NPR;1219708.388233559
683;AABGX;JORDAN;AWG;15607.840613348912
684;BBEIY;GUATEMALA;BBD;1255.4132101757887
685;BBEIY;BELIZE;JMD;43203.76500810221
686;BBEIY;BELIZE;BND;208.71626711629563
687;BBEIY;BULGARIA;SAR;633.3859142030237
688;BBEIY;LEBANON;LAK;6784837.888356901
689;BBEIY;SIERRA LEONE;RUB;1144.9891814397183
690;BBEIY;PERU;HUF;86282.41598901384
691;BBEIY;THAILAND;TZS;1029887.8827655389
692;BBEIY;SWITZERLAND;MAD;7338.003310954668
693;BBEIY;VANUATU;MGA;2995889.8152145613
694;BBEIY;NEW ZEALAND;MGA;2634943.4448953825
695;BEGIY;HAITI;COP;6901902.947090513
696;BEGIY;SOLOMON ISLANDS;UYU;72130.67672459279
697;BEGIY;UKRAINE;PAB;1624.812780376099
698;CCDWZ;NAMIBIA;BSD;552.5951992278322
699;CCDWZ;MACAU;TRY;820.5092114629379
700;CCDWZ;BAHAMAS;TND;1301.5381532553056
701;CCDWZ;AZERBAIJAN;MAD;5566.025814408869
702;CCDWZ;HONG KONG;KHR;1550832.4385583217
703;CCDWZ;BHUTAN;NAD;2309.146579181517
704;CCDWZ;ARUBA;UYU;18996.111745013393
705;CCDWZ;SAMOA;COP;2059466.7075944871
706;CCDWZ;HONDURAS;IDR;3581821.1131858686
707;CCDWZ;HONG KONG;MVR;3691.334267443242
708;CCDWZ;SERBIA;GNF;5413667.111262094
709;CCDWZ;INDONESIA;XCD;1208.9580197249613
710;CCDWZ;KAZAKHSTAN;CZK;3748.834682006927
711;CCDWZ;LIBYAN ARAB JAMAHIRIYA;GBP;59.67285366201933
712;CCDWZ;EURO;RUB;15265.485832771688
713;DFFXc;SWAZILAND;NZD;9498.371188740497
714;DFFXc;PHILIPPINES;SGD;8737.704181771061
715;DFFXc;IRAN (ISLAMIC REPUBLIC OF);SAR;25735.39600722761
716;DFFXc;SRI LANKA;PYG;59597228.32917272
717;DFFXc;LAO PEOPLE'S DEMOCRATIC REP;KZT;2169404.8033625823
718;DFFXc;NIGERIA;BRL;41434.6321907385
719;DFFXc;CYPRUS;AOA;1809573.0779335306
720;DFFXc;PARAGUAY;SLL;59779482.01959502
721;DFFXc;ZAMBIA;MVR;32537.75348476614
722;DFFXc;SRI LANKA;CVE;230136.47501134244
723;DFFXc;BANGLADESH;LAK;172161858.91478926
724;DFFXc;COLOMBIA;BMD;9745.641015898587
725;DFFXc;NIGERIA;UAH;343178.2013377084
726;DFFXc;PERU;PYG;77453044.98922853
727;DFFXc;BARBADOS;BRL;50004.34691980222
728;DFFXc;HONG KONG;CAD;14773.295060835611
729;DFFXc;UNITED KINGDOM;RWF;1989801.5399338973
730;HVYY3;FIJI;NZD;6529.206720827015
731;HVYY3;AZERBAIJAN;TND;9865.170667177903
732;HVYY3;UNITED KINGDOM;NOK;11300.638208994225
733;HVYY3;LIBYAN ARAB JAMAHIRIYA;SDG;629963.6697618756
734;HVYY3;UGANDA;EUR;3944.7363911695693
735;HVYY3;PERU;AOA;1713860.2029142305
736;HVYY3;KOREA, REPUBLIC OF;MUR;184067.0803377824
737;HVYY3;OMAN;AED;10933.776462415088
738;HVYY3;LAO PEOPLE'S DEMOCRATIC REP;PHP;151967.502021989
739;HVYY3;CAYMAN ISLANDS;GNF;34443553.989388935
740;HVYY3;VANUATU;INR;19222.789625326594
741;HVYY3;YEMEN;HUF;1280320.6338184671
742;HVYY3;MACAU;PLN;1403.4278788781464
743;HVYY3;NORWAY;VES;33642.738939763374
744;HVYY3;MYANMAR;SAR;9739.852805936205
745;HVYY3;TANZANIA, UNITED REPUBLIC OF;ALL;271069.4631214723
746;HVYY3;VANUATU;BGN;260.0911468416229
747;DFWZ2;IRAN (ISLAMIC REPUBLIC OF);CLP;3283909.7072119555
748;DFWZ2;INDIA;RON;15911.54163561773
749;DFWZ2;SWITZERLAND;GNF;2226370.5541119077
750;DFWZ2;UNITED ARAB EMIRATES;KES;572670.7682594502
751;DFWZ2;EGYPT;IQD;6712324.409634175
752;DFWZ2;HONDURAS;LBP;7495945.869505763
753;DFWZ2;SUDAN;BND;6007.985542094826
754;DFWZ2;ETHIOPIA;TWD;108543.30247223802
755;DFWZ2;SOMALIA;LBP;1653454.3140596533
756;DFWZ2;CYPRUS;JOD;714.5090552976425
757;DFWZ2;TUNISIA;MGA;23032020.586445156
758;DFWZ2;NEPAL;CNY;37138.68374243355
759;DFWZ2;KOREA, REPUBLIC OF;CNY;33068.07945944144
760;DFWZ2;AUSTRALIA;PEN;11391.445615609027
761;DFWZ2;QATAR;KWD;836.2730283578549
762;DFWZ2;SOMALIA;KZT;1757694.8802222167
763;DFWZ2;NORWAY;GMD;275173.0406032668
764;BBCDG;BHUTAN;BND;35252.52912673487
765;BBCDG;MYANMAR;BRL;278928.77121484926
766;BBCDG;SWAZILAND;BSD;56921.58521224899
767;BBCDG;TONGA;UAH;2152212.8524549003
768;BBCDG;AZERBAIJAN;DZD;7112077.998355818
769;BBCDG;ICELAND;DOP;2931722.1433551256
770;BBCDG;SYRIAN ARAB REPUBLIC;HTG;878289.556444416
771;AIYZZ;UNITED ARAB EMIRATES;SOS;86345.38646821186
772;AIYZZ;KOREA, REPUBLIC OF;HNL;4564.44155213427
773;AIYZZ;CZECH REPUBLIC;NOK;5757.367455192721
774;AIYZZ;RUSSIAN FEDERATION;VES;1730.3509357987161
775;AIYZZ;NICARAGUA;GYD;91912.46600845711
776;AKY23;INDONESIA;SBD;3412.923239634868
777;AKY23;SAMOA;TND;1081.7827103377272
778;AKY23;BRUNEI DARUSSALAM;SDG;437575.94556010724
779;AKY23;TAIWAN, PROVINCE OF CHINA;BOB;97.29752101020786
780;AKY23;PAPUA NEW GUINEA;MVR;17402.263237952484
781;AKY23;BELIZE;THB;40274.44892789042
782;AKY23;CYPRUS;MRO;276108.65896023664
783;AKY23;FRENCH POLYNESIA;UGX;3616368.1674831393
784;AKY23;TOGO;DKK;1409.9052003888173
785;AKY23;HAITI;ZAR;6570.811137846372
786;AKY23;ROMANIA;PAB;143.11840706732946
787;AKY23;HONDURAS;SVC;10023.421190516929
788;AKY23;MAURITANIA;VND;4180285.4124336503
789;AKY23;ARGENTINA;GMD;16169.394868725176
790;AGGNN;JAMAICA;PYG;13463397.02163972
791;AGGNN;PANAMA;XOF;2111174.767956357
792;AGGNN;BOLIVIA;DOP;182246.04996054608
793;AGGNN;COLOMBIA;HTG;231116.9325835933
794;AGGNN;HUNGARY;SYP;1076341.8952021867
795;BFWY2;HUNGARY;BMD;2078.5021760014274
796;BFWY2;BULGARIA;ARS;762801.3411966274
797;BFWY2;VENEZUELA;XOF;1539007.3647064008
798;CWb22;PARAGUAY;SYP;42329.77206780496
799;CWb22;PERU;DJF;15670.236927649397
800;CWb22;NAMIBIA;MWK;42819.08065765127
801;CWb22;TRINIDAD AND TOBAGO;BMD;111.4471070772715
802;CWb22;MALAWI;LYD;78.8423051882579
803;CWb22;SOMALIA;SRD;3105.318976395569
804;CWb22;MAURITANIA;CAD;186.97662723530613
805;CWb22;GUATEMALA;NZD;32.52288954253396
806;CWb22;MALAYSIA;HRK;1284.101805233745
807;CWb22;PERU;EGP;3674.9352819117066
808;CWb22;MALAYSIA;UGX;239302.33395573168
809;CWb22;UGANDA;HTG;465.99956575520304
810;CWb22;BAHRAIN;IDR;559198.301215114
811;CWb22;IRAN (ISLAMIC REPUBLIC OF);NPR;2294.7155562146013
812;CWb22;GUATEMALA;PES;10091.496218761094
813;CWb22;NETHERLANDS ANTILLES;SYP;60088.868517351446
814;CWb22;BRUNEI DARUSSALAM;BYR;4175339.2827127017
815;CWb22;IRAN (ISLAMIC REPUBLIC OF);MGA;421008.2191778688
816;BCWZb;DENMARK;AED;1153.0402044574428
817;BCWZb;MEXICO;RWF;1055944.6869573581
818;BCWZb;BHUTAN;CNY;1717.806698317956
819;BCWZb;SURINAME;BND;3054.359464327774
820;BCWZb;UNITED KINGDOM;BMD;1313.1401691844458
821;BCWZb;MAURITIUS;BWP;10516.29318484662
822;BCWZb;SURINAME;PLN;8729.377857223604
823;BCWZb;CANADA;PAB;1894.1696377746696
824;BCWZb;CHILE;SBD;16413.604184843713
825;BCWZb;GUINEA;AUD;2523.8461116617714
826;BCWZb;MOROCCO;MGA;328008.2657975432
827;BCWZb;LIBYAN ARAB JAMAHIRIYA;GNF;19205805.577095263
828;BCWZb;BANGLADESH;VND;45003632.36953083
829;BCWZb;ALBANIA;ANG;1555.0035744921308
830;BCWZb;GUYANA;MOP;3044.9534701960793
831;MXWa3;KOREA, REPUBLIC OF;ZAR;3101.933833497165
832;MXWa3;CENTRAL AFRICAN REPUBLIC;RON;2779.3106045486447
833;MXWa3;ANGOLA;SLL;8418795.96363767
834;FJLc2;MOROCCO;QAR;1095.2328772126343
835;FJLc2;CANADA;PYG;2236081.974654851
836;FJLc2;BOLIVIA;JOD;828.4207000387447
837;FJLc2;BARBADOS;BGN;475.75725439219036
838;FJLc2;COSTA RICA;MUR;32757.717550250396
839;FJLc2;KUWAIT;GMD;16280.923631848984
840;FJLc2;JAMAICA;AWG;522.7815074045058
841;FJLc2;KAZAKHSTAN;LVL;306.3142785519463
842;FJLc2;BRAZIL;LRD;81661.46032109465
843;FJLc2;BANGLADESH;AZN;10.016155516474141
844;FJLc2;SWAZILAND;UYU;47763.986272978305
845;FJLc2;TAIWAN, PROVINCE OF CHINA;AED;2513.110727713439
846;FJLc2;SOLOMON ISLANDS;NGN;336479.3771364663
847;FJLc2;QATAR;KWD;193.80651043994098
848;FJLc2;SAO TOME AND PRINCIPE;HRK;3720.4961439017734
849;FJLc2;BOLIVIA;LRD;60493.45505352979
850;FJLc2;HAITI;BTN;90211.63131511984
851;FJLc2;NETHERLANDS ANTILLES;BHD;125.38760037376811
852;FJLc2;CAYMAN ISLANDS;HNL;17135.25375899902
853;FJLc2;GUINEA;NPR;117044.78701346274
854;BGXZZ;NICARAGUA;LRD;38681.00296756782
855;BGXZZ;RUSSIAN FEDERATION;BIF;3187928.5296724504
856;BGXZZ;BELIZE;MZN;492570.6066270103
857;CEMYb;SOLOMON ISLANDS;PKR;510352.5958499106
858;CEMYb;CAYMAN ISLANDS;SBD;729.2689394089957
859;CEMYb;TRINIDAD AND TOBAGO;NIO;19616.469615032776
860;CEMYb;THAILAND;PEN;2474.620812415116
861;CEMYb;AZERBAIJAN;GHS;35902.55602779641
862;CEMYb;CROATIA;PYG;6592790.224057229
863;CEMYb;CAYMAN ISLANDS;TRY;10458.732207072519
864;CEMYb;BAHRAIN;XOF;281467.42222037405
865;CEMYb;GUINEA;HKD;19366.015425100788
866;CEMYb;BANGLADESH;MGA;3703175.570305329
867;CEMYb;KOREA, REPUBLIC OF;BGN;2334.0725505827695
868;CEMYb;KOREA, REPUBLIC OF;VES;34905.53242352211
869;CEMYb;CENTRAL AFRICAN REPUBLIC;RSD;185061.87011891132
870;CEMYb;SWAZILAND;BMD;2531.042620580859
871;CEMYb;LIBYAN ARAB JAMAHIRIYA;CRC;690672.9136861666
872;CEMYb;ANGOLA;AED;2612.8562330390896
873;CEMYb;ZIMBABWE;GHS;26290.718630225365
874;AACYZ;PAPUA NEW GUINEA;JPY;352429.27378485765
875;AACYZ;PAKISTAN;BTN;17028.656826177084
876;AACYZ;CAPE VERDE;BHD;724.9786743062187
877;AACYZ;MYANMAR;AWG;928.9725573026168
878;DGGWa;NAMIBIA;CLP;1649737.0893933598
879;DGGWa;CZECH REPUBLIC;RSD;556353.049132288
880;DGGWa;ALGERIA;DOP;64820.06169835885
881;DGGWa;LIBERIA;RSD;949831.4132537018
882;DGGWa;KOREA, REPUBLIC OF;PHP;71385.03172210287
883;DGGWa;OMAN;BYR;208022729.39548254
884;DGGWa;LEBANON;BRL;26949.637230297434
885;DGGWa;GUINEA;BIF;15381666.299751922
886;DGGWa;JORDAN;PKR;93417.16262308405
887;DGGWa;GUYANA;IQD;4260168.573417413
888;DGGWa;MALDIVES;MAD;29465.804053262833
889;DGGWa;SWEDEN;BDT;163343.58181134082
890;DGGWa;ZAMBIA;KZT;1249049.2978240899
891;EGHVa;BANGLADESH;DZD;1062219.6013870477
892;EGHVa;MACAU;KYD;8004.644802834518
893;EGHVa;GAMBIA;AED;12626.363843216848
894;EGHVa;CAYMAN ISLANDS;MRO;240080.29702184416
895;EGHVa;LEBANON;MUR;293465.1311482683
896;EGHVa;BRUNEI DARUSSALAM;BYR;125302917.76954335
897;EGHVa;NEW ZEALAND;SVC;46688.9457337169
898;EGHVa;ARGENTINA;RUB;448149.2246562524
899;EGHVa;HAITI;YER;1216874.4869774142
900;EGHVa;BHUTAN;BBD;13612.959625820258
901;EGHVa;ICELAND;PGK;28929.305295273192
902;EGHVa;SAO TOME AND PRINCIPE;MOP;12934.833035654046
903;EGHVa;MAURITANIA;PHP;550208.0406564308
904;EGHVa;CHILE;SZL;32968.70377836277
905;EGHVa;ROMANIA;KYD;64.97741991079708
906;FII22;ARUBA;RSD;151677.91667527758
907;FII22;CAMBODIA;CAD;6285.499656095748
908;FII22;JAPAN;KYD;6700.979158075614
909;FII22;TUNISIA;EUR;956.4936719613165
910;FII22;KENYA;GNF;22195319.617693245
911;FII22;VIET NAM;XCD;15656.764138248145
912;ALNVZ;LIBERIA;CYP;597.5540631556097
913;ALNVZ;BARBADOS;VES;10536.77450555086
914;ALNVZ;CROATIA;BIF;4125204.311754163
915;ALNVZ;ALGERIA;XCD;5726.297262634882
916;ALNVZ;ARUBA;ARS;452080.8316275295
917;ALNVZ;ZIMBABWE;BDT;145399.07113145498
918;ALNVZ;LIBYAN ARAB JAMAHIRIYA;WST;3248.0894354090774
919;ALNVZ;GAMBIA;MMK;2846105.9794495422
920;ALNVZ;UGANDA;GNF;5326583.415244699
921;ALNVZ;MAURITANIA;SDG;1257404.5737724756
922;ALNVZ;BOTSWANA;THB;21262.761389258612
923;AACVc;ZAMBIA;BYR;128603607.60318024
924;AACVc;COSTA RICA;HTG;690279.4702215604
925;AACVc;URUGUAY;ZMW;43777.363029856846
926;AADJV;SAUDI ARABIA;SRD;-1515.5689153136354
927;AADJV;ARUBA;OMR;2206.475590202739
928;AADJV;TOGO;CLP;5458126.480472611
929;AADJV;CROATIA;AWG;17084.375458475926
930;AADJV;MAURITANIA;ISK;239418.61371062926
931;CJNZ1;SOLOMON ISLANDS;ALL;190682.75464014732
932;CJNZ1;VANUATU;QAR;5527.724458283361
933;CJNZ1;RUSSIAN FEDERATION;UYU;7893.612816060732
934;CJNZ1;SERBIA;AZN;2260.6826730320877
935;CJNZ1;NEW ZEALAND;KES;56994.13479714396
936;CJNZ1;LAO PEOPLE'S DEMOCRATIC REP;PEN;5645.034002459934
937;CJNZ1;PAKISTAN;SZL;31598.000714535232
938;CJNZ1;TOGO;CYP;728.2962106844801
939;CJNZ1;NIGERIA;BWP;7077.53947757148
940;CJNZ1;AUSTRALIA;ISK;69320.6565800274
941;CJNZ1;HAITI;NGN;432749.3397191562
942;CJNZ1;SYRIAN ARAB REPUBLIC;IQD;1428895.0251370352
943;BBWWZ;THAILAND;COP;433522.0620551269
944;BBWWZ;KUWAIT;BTN;5584.865083659515
945;BBWWZ;DJIBOUTI;BOB;1631.8910105267778
946;BBWWZ;SAUDI ARABIA;KES;5658.986530488189
947;BBWWZ;IRAQ;GYD;12499.121220248962
948;BBWWZ;CROATIA;ZWL;95165.66821019995
949;BBWWZ;TONGA;DJF;7989.525058230367
950;BBWWZ;HONDURAS;BYR;2757570.299026065
951;BBWWZ;SAUDI ARABIA;PEN;868.9772746129402
952;BBWWZ;TRINIDAD AND TOBAGO;PGK;863.9840426972141
953;BBWWZ;LATVIA;ETB;4864.398574342044
954;BBWWZ;CENTRAL AFRICAN REPUBLIC;ISK;7555.5319026041025
955;BBWWZ;PAKISTAN;MRO;52581.65305610222
956;BBWWZ;HONG KONG;QAR;53.92842364524699
957;BBWWZ;UNITED KINGDOM;MGA;789978.9797332482
958;BBWWZ;HAITI;BIF;481375.01240422355
959;EEFIN;ROMANIA;CZK;15446.406133561986
960;EEFIN;IRAQ;DZD;16926.078877849523
961;EEFIN;NETHERLANDS ANTILLES;PES;120320.94728119332
962;EEFIN;SUDAN;CYP;13.918285582720976
963;EEFIN;GHANA;THB;12135.687467432199
964;EEFIN;PAKISTAN;LAK;1910032.449133938
965;CLWY1;ARUBA;MXN;64911.24039056062
966;CLWY1;FRENCH POLYNESIA;TRY;44732.62346159376
967;CLWY1;THAILAND;JOD;2451.2625314268175
968;CLWY1;CANADA;MOP;9743.482946108274
969;CLWY1;NAMIBIA;SAR;3018.343591640225
970;CLWY1;HAITI;TZS;885940.2719382113
971;CLWY1;ISRAEL;BGN;4278.028585824838
972;CLWY1;SRI LANKA;ISK;393080.42319381575
973;CLWY1;PAPUA NEW GUINEA;EUR;2206.6202995037124
974;CLWY1;NEPAL;CNY;8584.873182012305
975;CLWY1;TRINIDAD AND TOBAGO;MMK;5080338.801245932
976;CLWY1;SERBIA;ZWL;1450698.2965129153
977;CLWY1;COLOMBIA;KHR;13928480.313078381
978;CLWY1;SEYCHELLES;ANG;5126.771344085031
979;CLWY1;BHUTAN;LAK;20570632.691359915
980;CLWY1;FRENCH POLYNESIA;KYD;619.6180645238319
981;CLWY1;SWAZILAND;LYD;16941.868804123173
982;CLWY1;TURKEY;BND;2602.041039190001
983;EIbb2;SRI LANKA;MYR;52.3618243842986
984;EIbb2;BERMUDA;LRD;2246.5312554773277
985;EIbb2;MACAU;PGK;61.19998997039111
986;EIbb2;UNITED ARAB EMIRATES;SLL;108263.78071988747
987;EIbb2;ALGERIA;VUV;1685.5699179577869
988;EIbb2;NEPAL;CLP;8587.887031552
989;EIbb2;CANADA;KHR;30674.04817482731
990;EIbb2;UNITED KINGDOM;ZMW;184.5138368163358
991;EIbb2;PHILIPPINES;BIF;21281.593084624517
992;EIbb2;KOREA, REPUBLIC OF;PES;272.73935781882426
993;EIbb2;NEPAL;KES;1145.689602741941
994;AKLc3;YEMEN;KZT;8066680.146897273
995;AKLc3;CAYMAN ISLANDS;SOS;19974713.00622439
996;AKLc3;SYRIAN ARAB REPUBLIC;MWK;5891235.492140587
997;AKLc3;SAUDI ARABIA;SCR;514777.2667289422
998;AKLc3;HONG KONG;CZK;387277.1172036893
999;AKLc3;GAMBIA;AUD;25280.312087203798
1000;AKLc3;GHANA;CHF;15104.512772826674
1001;AKLc3;DENMARK;CLP;17218743.530888896
1002;AKLc3;MALAWI;PGK;37001.38765726569
1003;AKLc3;NETHERLANDS ANTILLES;BSD;-355.16440303910565
1004;AKLc3;GUATEMALA;HUF;6306049.319961815
1005;AKLc3;DOMINICAN REPUBLIC;SCR;119131.3888683163
1006;AKLc3;TRINIDAD AND TOBAGO;TTD;107486.50484408783
1007;AKLc3;KAZAKHSTAN;LRD;3817089.9723746213
1008;AKLc3;TANZANIA, UNITED REPUBLIC OF;CVE;-27131.675618864545
1009;AKLc3;MALDIVES;KRW;28836823.35408451
1010;AKLc3;FRENCH POLYNESIA;CZK;115981.42832922988
