;Client;Country;Currency;Transaction
0;AGLa3;INDIA;KHR;22852324.574871406
1;AGLa3;TONGA;MUR;53485.42879029427
2;AGLa3;SIERRA LEONE;SYP;2434063.809790002
3;AGLa3;CZECH REPUBLIC;HKD;20049.104081069407
4;AGLa3;VENEZUELA;ANG;1665.8766057397984
5;AGLa3;LEBANON;ZMW;15740.598849704797
6;AGLa3;KENYA;PEN;15019.231843089616
7;AGLa3;BURUNDI;NZD;1809.817583739232
8;AGLa3;MALAYSIA;PLN;1088.0006010348045
9;AGLa3;MOROCCO;NOK;63538.99971122963
10;AGLa3;MOROCCO;JOD;3180.6381351039267
11;AGLa3;BOTSWANA;PLN;16820.605036742872
12;AGLa3;UNITED KINGDOM;ARS;1189740.895167153
13;AGLa3;UNITED KINGDOM;SZL;90939.83530228431
14;AGLa3;HONDURAS;MAD;25328.536752098324
15;AGLa3;MYANMAR;HKD;22181.044667293143
16;AGLa3;PAPUA NEW GUINEA;EUR;615.4895570308734
17;AGLa3;ANGOLA;TOP;11450.150556129665
18;AGLa3;MALAYSIA;SGD;6415.497500903971
19;AGLa3;BHUTAN;LRD;167792.05418044355
20;IJLaa;BARBADOS;SOS;1246981.4391662667
21;IJLaa;SYRIAN ARAB REPUBLIC;JPY;23466.337638799356
22;IJLaa;TANZANIA, UNITED REPUBLIC OF;LYD;11676.198491838313
23;IJLaa;PARAGUAY;ETB;12684.639991741158
24;IJLaa;RWANDA;NOK;17934.586086544863
25;BCHNb;SAMOA;MVR;5971.314400481968
26;BCHNb;SURINAME;NPR;67633.28938493352
27;BCHNb;BRUNEI DARUSSALAM;CHF;1795.1412194664497
28;BCHNb;CHILE;KWD;209.78052086259646
29;BCHNb;HAITI;MOP;9238.79860821156
30;BCHNb;QATAR;UGX;1454637.0029322833
31;BCHNb;UNITED KINGDOM;ISK;327707.0057487809
32;BCHNb;SWITZERLAND;SYP;1215297.6587751692
33;BCHNb;MEXICO;PEN;1536.6835260089026
34;BCHNb;JAMAICA;GMD;99603.3197662711
35;BCHNb;HAITI;GYD;402625.7331131501
36;BCHNb;VIET NAM;DKK;10984.215037160722
37;BCHNb;IRAQ;BDT;7117.449301350087
38;BCHNb;KAZAKHSTAN;XAF;760180.7972663675
39;BCHNb;MEXICO;BIF;1688975.2024124528
40;BCHNb;HUNGARY;BYR;38545946.373642206
41;BCHNb;POLAND;QAR;2504.8751189340906
42;BCHNb;JAPAN;SOS;283981.964252002
43;BCHNb;BERMUDA;CLP;2380182.1275884337
44;BCHNb;ICELAND;BBD;333.6153279578446
45;IKXZZ;SEYCHELLES;BSD;365.783004340158
46;IKXZZ;JORDAN;LRD;56965.64839959256
47;IKXZZ;BULGARIA;COP;1667552.6070895847
48;IKXZZ;BARBADOS;MVR;4346.583466774757
49;IKXZZ;VIET NAM;BWP;4440.6166346185155
50;IKXZZ;BOTSWANA;LAK;1699400.4425554136
51;IKXZZ;CYPRUS;GMD;11242.181890105769
52;ACEGX;ARGENTINA;QAR;33763.742096608155
53;ACEGX;DOMINICA;ANG;12171.312303867431
54;ACEGX;ROMANIA;TND;6081.670330650812
55;ACEGX;GHANA;ILS;5006.580762659547
56;ACEGX;SOMALIA;TWD;238314.4453073992
57;ACEGX;PERU;DOP;481606.99529119127
58;ACEGX;SOUTH AFRICA;HUF;383784.9227698462
59;ACEGX;BOTSWANA;EGP;210847.6316445109
60;ACEGX;MALDIVES;SEK;11575.198285755772
61;ACEGX;LIBYAN ARAB JAMAHIRIYA;PGK;10486.977896401564
62;ACEGX;SEYCHELLES;SBD;51256.75116928039
63;ACEGX;SWAZILAND;XOF;2285941.8397417837
64;ACEGX;NEW ZEALAND;HRK;88573.81912795578
65;ACEGX;TANZANIA, UNITED REPUBLIC OF;MVR;120594.14323862224
66;ACEGX;ISRAEL;BDT;408525.39002244937
67;ACEGX;INDIA;LVL;7367.541233308344
68;ACEGX;HAITI;FJD;14771.653587826719
69;ACEGX;PAKISTAN;THB;429044.67403782194
70;ACEGX;FRENCH POLYNESIA;KYD;8951.76284067899
71;ACEGX;SUDAN;JPY;1749105.4132034152
72;VVW11;NEW ZEALAND;MMK;35647136.68309376
73;VVW11;VIET NAM;PAB;20540.483816339532
74;VVW11;BRAZIL;LRD;1167854.9515363036
75;VVW11;AUSTRALIA;FJD;45350.01690287686
76;VVW11;CROATIA;MZN;339736.0592620745
77;VVW11;LEBANON;MMK;54508606.24680046
78;VVW11;SWITZERLAND;BIF;27216101.78034579
79;VVW11;SIERRA LEONE;RUB;1510224.1157265007
80;VVW11;KAZAKHSTAN;ZAR;251218.4749704415
81;VVW11;TURKEY;ANG;28748.609724571394
82;VVW11;MADAGASCAR;JMD;2059300.453714158
83;VVW11;NIGERIA;IRR;574967856.2009572
84;VVW11;HAITI;CVE;2006863.4523262538
85;VVW11;BOLIVIA;MAD;202927.10996366708
86;VVW11;PERU;LYD;122998.34314280201
87;VVW11;SAMOA;TOP;57410.12734984729
88;VVW11;MAURITANIA;CLP;11213716.7421053
89;HIJNa;JAMAICA;ARS;252846.96228492173
90;HIJNa;KENYA;ARS;69857.15971711399
91;HIJNa;BURUNDI;DOP;286061.19579869974
92;HIJNa;TURKEY;ILS;8535.313232211452
93;HIJNa;NIGERIA;JPY;755662.8554737408
94;HIJNa;EL SALVADOR;MRO;1576091.1424191217
95;HIJNa;EGYPT;SLL;18710465.4911649
96;HIJNa;SINGAPORE;SLL;80015749.14901106
97;HIJNa;SINGAPORE;OMR;2156.569443135422
98;HIJNa;VIET NAM;AOA;495646.52263995877
99;HIJNa;TANZANIA, UNITED REPUBLIC OF;KZT;318445.1930417633
100;HIJNa;SINGAPORE;KWD;1516.0005531996471
101;HIJNa;FIJI;DKK;31680.954210627548
102;EEFFN;BERMUDA;LYD;13814.389630663427
103;EEFFN;UKRAINE;AWG;14652.10091275916
104;EEFFN;COSTA RICA;ZMW;171239.81722866345
105;EEFFN;CAMBODIA;LAK;28278785.84685493
106;EKNNb;GAMBIA;ETB;183084.84996282993
107;EKNNb;GUINEA;GNF;2583668.99483326
108;EKNNb;MAURITIUS;ETB;177449.75664888884
109;EKNNb;BERMUDA;CAD;2486.8756716340413
110;EKNNb;BELIZE;BBD;921.608862727823
111;EKNNb;NICARAGUA;CZK;-934.3584225596455
112;EKNNb;CAYMAN ISLANDS;INR;207350.72982732573
113;EKNNb;TRINIDAD AND TOBAGO;LYD;17124.275138856192
114;EKNNb;LATVIA;WST;10158.614923246994
115;EKNNb;ETHIOPIA;MUR;145860.8293223865
116;EKNNb;DJIBOUTI;GMD;100071.46953951786
117;EKNNb;URUGUAY;TZS;8229130.758623236
118;EKNNb;MALDIVES;GHS;3968.9448209188395
119;EKNNb;ZAMBIA;KWD;1287.5048243798176
120;CFKc1;LEBANON;DKK;9689.179018484681
121;CFKc1;GUINEA;MYR;7375.65283406808
122;CFKc1;NORWAY;CZK;56016.09074196202
123;CFKc1;CHINA;DJF;249485.98498736677
124;CFKc1;SOLOMON ISLANDS;DZD;131305.4230932993
125;CFKc1;JAPAN;CVE;163283.14365533678
126;CFKc1;TOGO;CVE;359990.01805891364
127;CFKc1;CZECH REPUBLIC;BMD;1935.4661584848332
128;CFKc1;KENYA;BHD;14.599666117566386
129;CFKc1;BOTSWANA;NOK;36526.0250127621
130;CFKc1;BANGLADESH;HKD;10377.768328491733
131;CFKc1;NEPAL;IDR;56076137.715992145
132;CFKc1;RUSSIAN FEDERATION;ALL;118297.02470784231
133;CFKc1;CHILE;TTD;15700.792115351223
134;CFKc1;RUSSIAN FEDERATION;XAF;2236042.963879923
135;CFKc1;NETHERLANDS ANTILLES;LVL;879.297226131408
136;CFKc1;BOLIVIA;XOF;622707.2473801422
137;CFKc1;GUINEA;CHF;1777.0804473525843
138;CFKc1;ALBANIA;HTG;370017.28571208456
139;CEJcc;SINGAPORE;GYD;83807.18269624078
140;CEJcc;UGANDA;SOS;1577.7852416461026
141;CEJcc;SUDAN;AUD;940.846463898081
142;CEJcc;HONG KONG;MUR;27983.582818024217
143;CEJcc;GUYANA;LYD;2287.9452891476903
144;CEJcc;HONG KONG;BSD;495.6253773665173
145;CEJcc;MACAU;BRL;1191.982173754619
146;CEJcc;PHILIPPINES;VES;4895.528869674865
147;CEJcc;HONDURAS;AOA;124039.16611140904
148;CEJcc;RWANDA;PAB;77.92702270494026
149;CEJcc;BAHRAIN;CHF;748.4502070071906
150;CEJcc;JAPAN;NAD;4122.8941421677255
151;DINN1;SWAZILAND;NAD;20678.19221973012
152;DINN1;MOROCCO;BGN;680.8115483110219
153;DINN1;UGANDA;EGP;36491.956724367345
154;HIIJ3;YEMEN;PHP;30766.72899196168
155;HIIJ3;NEPAL;IRR;17972482.95809833
156;HIIJ3;LIBYAN ARAB JAMAHIRIYA;INR;76065.38476711571
157;HIIJ3;MAURITANIA;ISK;105687.6010008448
158;HIIJ3;TOGO;AUD;1389.4074078021538
159;HIIJ3;FRENCH POLYNESIA;BGN;1708.5028085180518
160;HIIJ3;CAMBODIA;PYG;-61454.560332027984
161;HIIJ3;VIET NAM;MRO;217942.18740842456
162;HIIJ3;JORDAN;VES;6035.961593644824
163;LMXXY;GAMBIA;KWD;97.79443867365083
164;LMXXY;RUSSIAN FEDERATION;KRW;181536.03837808847
165;LMXXY;ARUBA;TWD;30383.655104715224
166;LMXXY;RUSSIAN FEDERATION;CHF;2459.835974123351
167;LMXXY;CHINA;XCD;21779.939389375122
168;LMXXY;MYANMAR;SEK;85888.0034913093
169;LMXXY;SOMALIA;RUB;518520.3589781072
170;LMXXY;SINGAPORE;SLL;10676875.786784858
171;LMXXY;SOUTH AFRICA;DJF;222380.9235892536
172;LMXXY;INDIA;INR;217797.5491466945
173;LMXXY;KAZAKHSTAN;OMR;916.6619644923907
174;LMXXY;GUATEMALA;LRD;736504.6246174228
175;CIIKa;SERBIA;VUV;394634.6699559682
176;CIIKa;TAIWAN, PROVINCE OF CHINA;SCR;5992.750394771389
177;CIIKa;SYRIAN ARAB REPUBLIC;JOD;3011.4970076049453
178;CIIKa;SWAZILAND;NZD;3965.282393672393
179;CIIKa;SWEDEN;PGK;29079.370011624585
180;CIIKa;ETHIOPIA;LVL;3388.407216946357
181;CIIKa;FRENCH POLYNESIA;SDG;2039011.284244759
182;CIIKa;CENTRAL AFRICAN REPUBLIC;OMR;2603.122589559164
183;CIIKa;NEPAL;LBP;11302368.5151312
184;CIIKa;TAIWAN, PROVINCE OF CHINA;HRK;52661.8882078435
185;CIIKa;HONG KONG;ANG;12379.266331982175
186;CIIKa;BOLIVIA;UAH;198148.25221640797
187;CIIKa;LIBERIA;JMD;1028574.5882862003
188;CIIKa;MADAGASCAR;VES;47294.240005190906
189;CIIKa;KAZAKHSTAN;GYD;497763.6001154589
190;CIIKa;LATVIA;MXN;121867.42878195408
191;CIIKa;PAKISTAN;VND;71163060.82657927
192;BVWa3;FIJI;MRO;189332.21814408226
193;BVWa3;POLAND;LAK;11367338.497979648
194;BVWa3;TANZANIA, UNITED REPUBLIC OF;BMD;692.6928399737606
195;BVWa3;KENYA;INR;44836.01780640137
196;BVWa3;GUYANA;CYP;248.4199879735786
197;BVWa3;LIBERIA;ALL;54294.346493508245
198;BVWa3;HONG KONG;SBD;4563.221549552217
199;BVWa3;PAKISTAN;LAK;1710900.4371959164
200;CEaa1;BELARUS;BMD;10365.640750031984
201;CEaa1;PERU;AWG;17076.592337494556
202;CEaa1;BHUTAN;SCR;223595.58684634813
203;CEaa1;SOMALIA;UAH;163943.0932727001
204;CEaa1;DENMARK;VES;499619.56361202744
205;CEaa1;AZERBAIJAN;KES;726016.1353298344
206;CEaa1;NAMIBIA;PHP;660733.3823328416
207;CEaa1;BOTSWANA;CAD;23517.03182170594
208;CEaa1;UNITED KINGDOM;BTN;1393096.0064092723
209;CEaa1;RUSSIAN FEDERATION;LYD;75102.30493668128
210;CEaa1;SWAZILAND;NPR;2004114.6306677216
211;CEaa1;MAURITANIA;PGK;476.01181273218185
212;CEaa1;LATVIA;NIO;408667.0223650521
213;CEaa1;NIGERIA;GMD;672723.6011307397
214;CEaa1;TUNISIA;MGA;31582022.10970096
215;CEaa1;MOROCCO;GYD;2503226.298329261
216;CEaa1;ALGERIA;HNL;127907.396591669
217;CEaa1;PHILIPPINES;MVR;357992.977410461
218;EHLZ1;DOMINICA;ZWL;1325741.8003027935
219;EHLZ1;EL SALVADOR;TTD;89473.52701653843
220;EHLZ1;INDIA;KHR;45761363.28536928
221;EHLZ1;BOTSWANA;PLN;32273.484943347008
222;EHLZ1;GHANA;KES;603585.8274744351
223;EHLZ1;SURINAME;HUF;1210776.9859472734
224;EHLZ1;LIBYAN ARAB JAMAHIRIYA;QAR;45172.935241017876
225;EHLZ1;KUWAIT;VES;223101.9920403292
226;EHLZ1;LAO PEOPLE'S DEMOCRATIC REP;THB;8310.320578295696
227;EHLZ1;BURUNDI;NOK;126690.47374510646
228;EHLZ1;BELIZE;ILS;37196.213544117425
229;EHLZ1;NORWAY;GTQ;95502.3113431338
230;EHLZ1;FRENCH POLYNESIA;THB;93254.06716047252
231;EHLZ1;QATAR;MGA;59383449.37679523
232;EHLZ1;MOZAMBIQUE;TND;26545.900566420605
233;EHLZ1;EGYPT;MOP;50993.35096285104
234;AJJaa;EGYPT;BBD;2147.9726371150896
235;AJJaa;BANGLADESH;CAD;1110.6136355042636
236;AJJaa;BARBADOS;EGP;7080.298762476551
237;AJJaa;BOTSWANA;BZD;562.1255704955817
238;AJJaa;SAO TOME AND PRINCIPE;PHP;65013.4163421248
239;AJJaa;TANZANIA, UNITED REPUBLIC OF;BZD;2984.5344407048337
240;AJJaa;KENYA;PES;147558.35563857947
241;AJJaa;EURO;PLN;716.0187592967608
242;AJJaa;KOREA, REPUBLIC OF;TRY;20660.696080385937
243;AJJaa;KAZAKHSTAN;GYD;116773.3817843753
244;AJJaa;NIGERIA;SCR;20692.164708547603
245;AJJaa;KOREA, REPUBLIC OF;CHF;65.0646608592885
246;AJJaa;SEYCHELLES;IDR;11959204.247763775
247;AJJaa;BERMUDA;CAD;278.2540357192589
248;AJJaa;CENTRAL AFRICAN REPUBLIC;IDR;15014401.255633775
249;HIIMZ;TUNISIA;BSD;18888.837725340007
250;HIIMZ;CROATIA;SEK;-1951.0630998246456
251;HIIMZ;NEPAL;AZN;30382.609276866915
252;HIIMZ;NICARAGUA;CYP;11527.703886146175
253;GJNZc;CENTRAL AFRICAN REPUBLIC;BOB;16052.792004305988
254;GJNZc;CANADA;RSD;120927.72932515881
255;GJNZc;CHILE;YER;538835.314026704
256;GJNZc;AUSTRALIA;SBD;45955.31221751244
257;GJNZc;BARBADOS;LKR;2165516.953545259
258;GJNZc;PERU;BBD;12312.860946678453
259;GJNZc;LATVIA;AOA;1326356.8736559637
260;GJNZc;BERMUDA;HTG;549356.1944027744
261;GJNZc;HONDURAS;CZK;96585.42642280988
262;GJNZc;KUWAIT;DOP;344064.53622131445
263;GJNZc;NEW ZEALAND;CHF;4788.155785649698
264;GJNZc;CAMBODIA;MRO;1705811.9487956492
265;GJNZc;JAPAN;CVE;40462.18173181601
266;GJNZc;PERU;SDG;3148793.828602726
267;GJNZc;MEXICO;PGK;3273.144706505974
268;GJNZc;SWEDEN;NIO;172320.84349975846
269;GJNZc;VIET NAM;SLL;93183495.68258874
270;GJNZc;BURUNDI;SDG;562297.468878182
271;JWWW2;DOMINICA;GMD;579859.9214574592
272;JWWW2;SWEDEN;TND;10266.777261645815
273;JWWW2;ARGENTINA;XOF;4694715.6827660035
274;EZbc2;TUNISIA;TND;20410.057068898997
275;EZbc2;KOREA, REPUBLIC OF;XAF;2154189.548925957
276;EZbc2;MOZAMBIQUE;ILS;14244.845846787672
277;EZbc2;CYPRUS;CNY;29265.89275048365
278;EZbc2;JORDAN;DZD;372374.76744939055
279;EZbc2;KUWAIT;DOP;286739.95473814086
280;EZbc2;DJIBOUTI;BHD;1142.7615911032135
281;EZbc2;QATAR;RON;19221.435263184638
282;EZbc2;ALGERIA;SCR;18945.82698172198
283;EZbc2;BURUNDI;OMR;3453.7154877176054
284;EZbc2;GUATEMALA;GHS;18190.701187347768
285;EZbc2;KUWAIT;SDG;3748614.9671290093
286;EZbc2;MACAU;NOK;7400.247747105007
287;EZbc2;THAILAND;BYR;208029948.97572067
288;EZbc2;OMAN;RWF;4783856.70518868
289;EZbc2;GAMBIA;LYD;37543.06841375837
290;BBCDb;PANAMA;MVR;13760.521008402467
291;BBCDb;ARUBA;BHD;61.73568166084203
292;BBCDb;SWAZILAND;PGK;4103.019421291895
293;BBCDb;CROATIA;TRY;17516.98958371821
294;BBCDb;AZERBAIJAN;PLN;978.9711497283611
295;BBCDb;CAPE VERDE;ILS;1603.595274847402
296;DJc12;EGYPT;TND;19257.76562215953
297;DJc12;UNITED ARAB EMIRATES;BYR;332901429.4793807
298;DJc12;SERBIA;MXN;493736.3164974856
299;DJc12;CAMBODIA;JOD;13998.109360639373
300;DJc12;SERBIA;MRO;5231855.434016023
301;DJc12;INDIA;LYD;12903.609708419684
302;DJc12;PHILIPPINES;NZD;41693.039325925165
303;DJc12;ZIMBABWE;GMD;252623.67792325467
304;DJc12;NICARAGUA;PHP;1260020.5502967392
305;DJc12;ZIMBABWE;NIO;573000.5087675261
306;DJc12;BRUNEI DARUSSALAM;MZN;167569.85805133014
307;DJc12;SERBIA;SDG;4712391.115581047
308;DJc12;GHANA;PES;2937686.218518636
309;DJc12;INDONESIA;ZAR;197661.6541963647
310;DJc12;EL SALVADOR;MZN;417281.803382724
311;DGJZ2;UNITED KINGDOM;NPR;22997.278095779628
312;DGJZ2;BOTSWANA;TTD;19302.53624567453
313;DGJZ2;BERMUDA;BND;4918.593124954675
314;DGJZ2;CAPE VERDE;WST;6217.168704441553
315;DGJZ2;MEXICO;BHD;836.5369693225383
316;DGJZ2;CANADA;ISK;356313.8784676557
317;DGJZ2;TONGA;IRR;56077242.795710534
318;DGJZ2;RUSSIAN FEDERATION;IQD;495608.91078286653
319;DGJZ2;NEPAL;SRD;44068.129863192175
320;DGJZ2;CZECH REPUBLIC;AWG;4767.1530742757495
321;DGJZ2;BARBADOS;INR;61065.448262041
322;DGJZ2;ANGOLA;JMD;457991.6959438946
323;DGJZ2;ALBANIA;ALL;39323.42944465525
324;DGJZ2;SYRIAN ARAB REPUBLIC;SLL;34329388.12126881
325;DGJZ2;SOMALIA;VUV;121510.56141511729
326;DGJZ2;LAO PEOPLE'S DEMOCRATIC REP;BZD;1187.5621181310626
327;DGJZ2;GUYANA;SDG;254345.5606513247
328;DGJZ2;BERMUDA;VND;14370351.701252043
329;DGJZ2;INDIA;LBP;2647449.2314567165
330;DGGKZ;ANGOLA;PGK;10779.06095663858
331;DGGKZ;PAPUA NEW GUINEA;SYP;2171365.308617596
332;DGGKZ;TONGA;UYU;185083.80765787512
333;AAMV3;BRUNEI DARUSSALAM;BMD;2728.0581060468307
334;AAMV3;GUATEMALA;HRK;4056.455051211596
335;AAMV3;VIET NAM;HRK;3861.4108472609523
336;AAMV3;GUYANA;QAR;11061.877663031555
337;AAMV3;ARGENTINA;BSD;2881.596104156712
338;AAMV3;YEMEN;THB;55881.52774337372
339;AAMV3;LIBERIA;MUR;16264.57252871355
340;AAMV3;JAMAICA;CNY;19879.431299225475
341;AAMV3;MYANMAR;HKD;15511.772437097397
342;AAMV3;GAMBIA;AZN;4249.936061591849
343;AAMV3;EURO;AED;3155.5447869001455
344;AAMV3;CENTRAL AFRICAN REPUBLIC;IRR;27607912.922814116
345;AAMV3;BANGLADESH;LVL;391.5818289849634
346;ADFHN;SAUDI ARABIA;MXN;122895.40283126236
347;ADFHN;AZERBAIJAN;CAD;8592.189955176456
348;ADFHN;SINGAPORE;GHS;50911.61149505659
349;ADFHN;KAZAKHSTAN;NZD;4424.151476990779
350;ADFHN;SEYCHELLES;NGN;2117429.0835268334
351;ADFHN;CYPRUS;XCD;4809.929527121644
352;ADFHN;SWEDEN;BOB;47723.2897506858
353;ADFHN;TURKEY;BWP;66776.46029443933
354;ADFHN;NEW ZEALAND;DKK;39637.80577027888
355;ADFHN;CROATIA;LVL;686.0754567811059
356;ADFHN;CROATIA;BOB;13396.459509108652
357;ADFHN;BELIZE;JOD;4003.271884507039
358;BDMMM;HONG KONG;ZMW;515236.2542369867
359;BDMMM;COSTA RICA;BBD;22809.48143795342
360;BDMMM;CHINA;MZN;1228431.463069446
361;BDMMM;LEBANON;QAR;93050.76992355505
362;BDMMM;BAHAMAS;GMD;1298031.2486204312
363;BDMMM;BAHRAIN;PHP;529715.5646983519
364;BDMMM;IRAN (ISLAMIC REPUBLIC OF);XAF;39676.57191167541
365;BDMMM;SAMOA;XCD;27940.99530324605
366;BDMMM;FIJI;XOF;4027172.049035054
367;BDMMM;MADAGASCAR;HRK;161259.92897748554
368;BDMMM;NETHERLANDS ANTILLES;AZN;2370.469775364332
369;BDMMM;PARAGUAY;JPY;1922653.2570637031
370;BDMMM;MEXICO;RON;38548.531216308555
371;BDMMM;RUSSIAN FEDERATION;ZAR;266550.6637885212
372;CFWa2;BERMUDA;CRC;2747194.9080117233
373;JLM22;ICELAND;BTN;436375.091113576
374;JLM22;DENMARK;UAH;133348.26443720036
375;JLM22;JAMAICA;TND;651.1309502176899
376;JLM22;TOGO;PGK;11567.680858567963
377;JLM22;KUWAIT;BWP;33957.09068605026
378;JLM22;RUSSIAN FEDERATION;INR;360525.9548214046
379;JLM22;UGANDA;LKR;780880.8173367112
380;JLM22;ALGERIA;HRK;41880.408403259644
381;JLM22;MALAWI;SZL;116797.48438207638
382;JLM22;MALDIVES;IDR;44759165.63907766
383;JLM22;MALAWI;KES;557119.1801578227
384;JLM22;NIGERIA;KWD;723.4744524954177
385;JLM22;BERMUDA;DZD;900043.3523856018
386;JLM22;SURINAME;COP;30848582.337386705
387;JLM22;SYRIAN ARAB REPUBLIC;AED;22815.03976195904
388;JLM22;ROMANIA;MZN;317056.6150559232
