Client;Country;Currency;Transaction
CIMNa;SOMALIA;BMD;3647.4941548928023
CIMNa;ZIMBABWE;MGA;22249061.16816244
CIMNa;LATVIA;GHS;84165.24039408675
CIMNa;SOLOMON ISLANDS;MAD;1366.475283470595
CIMNa;CHINA;VUV;49875.96965248262
CIMNa;SINGAPORE;ANG;986.4580185260531
CIMNa;ETHIOPIA;DKK;6536.02540446101
CIMNa;LIBERIA;LKR;1332715.0034430283
CIMNa;SOLOMON ISLANDS;EGP;60416.81111121131
CJNYZ;UNITED ARAB EMIRATES;RUB;30752.338236101088
CJNYZ;IRAQ;LKR;385525.0562602945
CJNYZ;PAKISTAN;INR;97406.30140210004
CJNYZ;ROMANIA;SDG;482458.7819848572
CJNYZ;SAO TOME AND PRINCIPE;CHF;794.5734972711397
CJNYZ;TANZANIA, UNITED REPUBLIC OF;BDT;39549.771022725414
CJNYZ;ETHIOPIA;BWP;5997.532063193815
CJNYZ;GUATEMALA;UGX;282815.8586384827
CJNYZ;OMAN;OMR;46.236139708148634
CJNYZ;SOUTH AFRICA;RSD;119646.6201361898
CJNYZ;PAPUA NEW GUINEA;UYU;33754.861432621765
CJNYZ;AUSTRALIA;SBD;5318.221816553234
CJNYZ;PANAMA;KYD;256.1339141218977
CJNYZ;POLAND;LRD;121298.4722186758
DDY12;CYPRUS;RUB;410245.5168110999
DDY12;SURINAME;SDG;2108960.7278689207
DDY12;YEMEN;HRK;14858.741253229153
DDY12;UKRAINE;PES;1293038.2550797265
DDY12;BOLIVIA;LVL;-29.960696708889657
DDY12;RUSSIAN FEDERATION;GMD;776928.3895321424
DDY12;CAPE VERDE;XAF;8791143.749530962
DDY12;LIBYAN ARAB JAMAHIRIYA;BYR;326290936.03129786
DDY12;ZIMBABWE;DOP;351483.86928207404
DDY12;LIBYAN ARAB JAMAHIRIYA;TND;27156.637999207232
DDY12;ICELAND;PAB;16161.890996518825
DDY12;PARAGUAY;BHD;3482.2509718079064
DDY12;NETHERLANDS ANTILLES;TTD;3251.971878865912
DDY12;SUDAN;ISK;2446587.241114903
DDY12;TURKEY;COP;3283680.0144885723
DDY12;JAMAICA;SYP;2217460.6556690075
DDY12;AUSTRALIA;MRO;1245693.9097954838
DDY12;ZAMBIA;JMD;51232.59071608628
DDY12;SWITZERLAND;OMR;5735.098148983988
DDY12;SRI LANKA;TOP;39310.695450527695
DDEF2;HONG KONG;LBP;9890063.716242542
AEYa3;SURINAME;SAR;3920.095607151504
AEYa3;ANGOLA;TRY;128556.23484300385
AEYa3;PHILIPPINES;SBD;58739.45328343386
AEYa3;UGANDA;SCR;37393.66006895943
AEYa3;MOZAMBIQUE;MMK;12154199.69013654
AEYa3;SOLOMON ISLANDS;GTQ;48297.735396948054
AEYa3;CAPE VERDE;HRK;42857.89918491115
AEYa3;TANZANIA, UNITED REPUBLIC OF;BSD;596.3831093421101
AEYa3;MAURITANIA;HTG;145936.5748975832
AEYa3;BRUNEI DARUSSALAM;BWP;1351.7211705714467
AEYa3;BULGARIA;NAD;82499.70123091392
AEYa3;ARUBA;AWG;8014.773245447518
AEYa3;SAUDI ARABIA;CAD;7407.139750694647
AEYa3;EURO;MGA;5917803.867352228
AEYa3;ARGENTINA;BOB;47771.897751655284
AEYa3;SOMALIA;XPF;708556.8854480423
AEYa3;MOZAMBIQUE;ZWL;3403903.10093136
FFVbb;ANGOLA;HNL;25597.974384537374
FFVbb;VANUATU;INR;70774.945716243
FFVbb;MALDIVES;GNF;11825140.604348404
FFVbb;SWITZERLAND;MOP;10372.682544542062
FFVbb;SIERRA LEONE;ARS;98883.96106415015
FFVbb;SOMALIA;SCR;5830.55392753498
FFVbb;NICARAGUA;LYD;6617.3628580783525
FFVbb;INDIA;JMD;83517.42724389934
FFVbb;SIERRA LEONE;OMR;278.78934937417426
FFVbb;BANGLADESH;CLP;1280997.408830381
FFVbb;TONGA;BMD;994.506652558488
FFVbb;SOUTH AFRICA;SYP;147503.05904801274
FFVbb;OMAN;ILS;3079.037602942595
FFVbb;IRAQ;THB;17060.835455555884
FFVbb;PAKISTAN;CYP;457.0983396709844
FFVbb;QATAR;MGA;2688185.594131195
FFVbb;BOTSWANA;BIF;2504219.343002203
FFVbb;NETHERLANDS ANTILLES;CHF;535.4071129358081
FFVbb;AZERBAIJAN;MRO;335747.9667071114
FFVbb;SURINAME;MXN;13769.109943829364
CCCE2;SWEDEN;MZN;913577.9117055467
CCCE2;SERBIA;CNY;42783.74169634907
CCCE2;COSTA RICA;BGN;12465.197098270954
CCCE2;BULGARIA;ZWL;14817749.247299014
CCCE2;GAMBIA;AED;19189.92929111593
CCCE2;DOMINICAN REPUBLIC;CVE;318343.2879290972
CCCE2;LIBYAN ARAB JAMAHIRIYA;STD;738141691.8755122
CCCE2;JORDAN;PES;7036300.485381225
CCCE2;MAURITANIA;LBP;48113383.29654372
CCCE2;DENMARK;PKR;8274103.68009566
CCCE2;SOMALIA;SAR;100417.08497239377
CCCE2;DOMINICA;KES;1733156.5548731391
CCCE2;HONDURAS;AZN;54131.31028574833
CCCE2;TUNISIA;VES;519910.8444114062
CCCE2;EURO;MRO;9794079.738865098
CCCE2;RUSSIAN FEDERATION;PYG;156606414.00593013
CCCE2;KUWAIT;DOP;1224199.757096592
CCCE2;HAITI;TWD;927105.7770102713
CFabc;SAUDI ARABIA;SEK;25856.582966965463
CFabc;ANGOLA;MZN;144445.78697749466
CFabc;CAPE VERDE;CZK;143963.9799136182
CDVcc;BELARUS;TRY;7680.956427396061
CDVcc;PHILIPPINES;BND;776.5285459890761
CDVcc;CANADA;HTG;88342.87735363838
CDVcc;MADAGASCAR;CZK;4958.697358231092
CDVcc;SWAZILAND;KYD;538.9581919415026
CDVcc;MACAU;MWK;414642.5648268153
CDVcc;CANADA;SGD;860.5710122037367
CDVcc;SWAZILAND;TTD;826.6308033162536
CDVcc;KAZAKHSTAN;KYD;475.7802363883703
CDVcc;MYANMAR;PAB;493.76426946191225
CDVcc;LAO PEOPLE'S DEMOCRATIC REP;ALL;39238.407803479284
CDVcc;JAPAN;BYR;17166062.377718795
CDVcc;SUDAN;BMD;822.3940269982436
CDVcc;MADAGASCAR;GHS;3221.373872723613
CDVcc;TURKEY;ZMW;13079.750184507886
CDVcc;EL SALVADOR;KZT;207794.65955269092
CDVcc;MALDIVES;GNF;5155714.789228424
CDVcc;UGANDA;TZS;1111490.9506977948
LWYZa;SAUDI ARABIA;PLN;33096.05601372947
LWYZa;BAHRAIN;BWP;33782.24879270278
LWYZa;SUDAN;KES;3644725.3121561315
LWYZa;CROATIA;TOP;40394.46880256951
LWYZa;LIBYAN ARAB JAMAHIRIYA;CLP;440909.53287999233
LWYZa;BOTSWANA;BHD;2021.939992051147
LWYZa;GHANA;ILS;36900.64820855887
LWYZa;HONG KONG;PKR;8043154.096556986
LWYZa;PAKISTAN;KWD;10854.8708585883
LWYZa;MALAYSIA;HRK;176399.34620872076
LWYZa;SOUTH AFRICA;ISK;1667081.6905382406
LWYZa;MEXICO;YER;4694815.156038183
LWYZa;SAMOA;KES;1777767.495490889
DEbcc;HONDURAS;ZAR;30772.62876584569
DEbcc;SOMALIA;STD;17395385.206901193
DEbcc;DOMINICAN REPUBLIC;SZL;17812.829912846162
DEbcc;ANGOLA;BWP;27169.554461308275
DEbcc;SWITZERLAND;ALL;74810.36890404687
DEbcc;DOMINICA;LBP;1662406.3661038978
DEbcc;TONGA;SOS;229014.52084953547
DEbcc;BURUNDI;TOP;4539.4745008588225
DEbcc;HONG KONG;PLN;1715.6743862601893
DEbcc;SOLOMON ISLANDS;PYG;4176573.4791309144
DEbcc;BULGARIA;BIF;2618918.612106589
DEbcc;SEYCHELLES;BIF;418469.0192447279
BFLN2;CHINA;SYP;156591.1138546299
BFLN2;PERU;GHS;3088.278059936232
BFLN2;UNITED ARAB EMIRATES;LKR;56764.10701567336
BFLN2;CAPE VERDE;XCD;355.8283906806228
BFLN2;DJIBOUTI;BOB;189.36674159382167
BFLN2;NAMIBIA;DZD;13197.372787495471
BFLN2;SUDAN;ETB;925.2595696792747
BFLN2;CANADA;KYD;171.28944021098428
BFLN2;BELIZE;RUB;14024.727371587838
KKVb3;LIBERIA;TRY;12191.904466701955
KKVb3;SRI LANKA;PEN;1442.5897535400077
KKVb3;ARUBA;BMD;1512.6276128397312
KKVb3;SERBIA;NPR;206293.62205421657
KKVb3;PAKISTAN;PHP;160648.68927127332
KKVb3;YEMEN;PES;123327.08636230478
CMMVY;MOROCCO;HRK;8922.446674073062
CMMVY;LIBERIA;UGX;75681776.15084258
CMMVY;KAZAKHSTAN;SCR;225.06394821463624
CMMVY;SWITZERLAND;ANG;20159.871203448285
CMMVY;SAO TOME AND PRINCIPE;ZWL;16441574.406951183
CMMVY;ZAMBIA;IRR;397594140.3861832
CMMVY;CAYMAN ISLANDS;KWD;5104.883870127435
CMMVY;BRUNEI DARUSSALAM;HNL;203118.7398099643
CMMVY;HONDURAS;STD;394042171.6345055
CMMVY;KOREA, REPUBLIC OF;TWD;779029.1457514903
CMMVY;MOZAMBIQUE;PHP;651130.576739324
CMMVY;VANUATU;AED;59028.42959177109
CMMVY;YEMEN;BWP;21428.20669471876
CMMVY;ZIMBABWE;NOK;220033.7972271631
CMMVY;SOLOMON ISLANDS;RON;16904.589077893786
CCGL1;SUDAN;ALL;3140.0797755430267
CCGL1;UGANDA;HKD;2020.4933117232376
CCGL1;CAPE VERDE;SGD;485.09909478269515
CCGL1;EL SALVADOR;MYR;3179.5340606215796
CCGL1;MADAGASCAR;CHF;291.9383060001912
CCGL1;SAMOA;MOP;1685.3471456848122
CCGL1;MOZAMBIQUE;MXN;13547.55594284614
CCGL1;PAKISTAN;SEK;6853.149487337412
CCGL1;COLOMBIA;NAD;11581.094350363295
HJXYa;SERBIA;PAB;326.547652891727
HJXYa;NEPAL;NPR;2684.585815611738
HJXYa;SURINAME;BDT;14368.811972528967
HJXYa;IRAN (ISLAMIC REPUBLIC OF);SDG;155222.43920142596
HJXYa;ETHIOPIA;DOP;10135.09292564687
HJXYa;MAURITIUS;SLL;6359965.738496395
HJXYa;MALAYSIA;UAH;2455.0500778243627
HJXYa;LEBANON;SOS;188175.66460721346
HJXYa;CHINA;PGK;487.9143534595048
HJXYa;DOMINICA;VND;6861875.275938325
HJXYa;INDIA;YER;29187.985750210217
HJXYa;BOTSWANA;BGN;98.22984727193344
HJXYa;MACAU;UYU;9893.484295372182
HJXYa;NEW ZEALAND;HRK;1359.1661804733346
HJXYa;UNITED KINGDOM;THB;2248.6654045850264
HJXYa;PAPUA NEW GUINEA;MGA;164611.70339355184
HJXYa;DJIBOUTI;MYR;1115.3102209519855
BDHLV;ETHIOPIA;YER;1059889.6371154333
BDHLV;OMAN;COP;33741092.72168274
BDHLV;JAPAN;ETB;94232.80953992275
BDHLV;IRAN (ISLAMIC REPUBLIC OF);LAK;117662948.14875078
BDHLV;NEPAL;BHD;4284.301155071817
BDHLV;EURO;GTQ;21511.04173493536
BDHLV;IRAN (ISLAMIC REPUBLIC OF);BOB;79146.13354385912
BDHLV;PARAGUAY;UGX;13917834.98644156
BDHLV;FRENCH POLYNESIA;SDG;4328389.9954590835
XWWa3;UGANDA;MYR;30573.477400839958
XWWa3;NORWAY;BMD;2771.7255090752305
XWWa3;UKRAINE;OMR;221.61175918632927
XWWa3;OMAN;GHS;65288.65785697926
XWWa3;TOGO;UGX;15614152.946360953
XWWa3;DJIBOUTI;BMD;1868.7868919666107
XWWa3;INDIA;JOD;6246.190750770015
XWWa3;ETHIOPIA;KYD;624.3475909573882
XWWa3;PAPUA NEW GUINEA;TOP;2904.0824072186915
XWWa3;COSTA RICA;KHR;25280957.074924186
XWWa3;SUDAN;BMD;3527.5665440934094
XWWa3;MEXICO;AWG;8482.053613594353
XWWa3;SRI LANKA;NGN;25486.79892959204
DWYY3;TUNISIA;PEN;85990.30526766529
DWYY3;NIGERIA;BZD;59535.19313169955
DWYY3;TANZANIA, UNITED REPUBLIC OF;TND;5688.965270555557
DWYY3;AUSTRALIA;BGN;24254.95095589804
DWYY3;GAMBIA;PEN;39152.969117187866
DWYY3;NICARAGUA;BDT;2963350.2218414745
EJa13;PAPUA NEW GUINEA;RWF;5432125.993850104
EJa13;ROMANIA;AED;32050.029040167843
EJa13;AUSTRALIA;PEN;22563.171311098446
EJa13;TUNISIA;EUR;6349.509622812693
EJa13;TUNISIA;SLL;29671201.746301282
EJa13;UKRAINE;MYR;9993.274034834001
EJa13;LIBERIA;RSD;555150.6553171659
EJa13;TAIWAN, PROVINCE OF CHINA;IQD;12041967.903811164
EJa13;PARAGUAY;AED;32376.863861119928
EJa13;PAPUA NEW GUINEA;LVL;1203.5955890013693
EJa13;VENEZUELA;INR;8859.785963587372
EJa13;GUYANA;TND;8672.820986417972
EJa13;BELIZE;JOD;1029.6616445722377
EJa13;PAPUA NEW GUINEA;UYU;257186.53857126116
EJa13;LATVIA;MOP;36807.98363137939
EJa13;HONG KONG;PGK;20742.92298889676
EJa13;LAO PEOPLE'S DEMOCRATIC REP;HRK;9276.262804946773
EJa13;GUINEA;IRR;273240447.5104931
EJa13;LATVIA;CHF;4231.100990384929
WWY11;TRINIDAD AND TOBAGO;SBD;30332.321869362306
WWY11;NAMIBIA;CLP;7871524.136685177
WWY11;BOLIVIA;CRC;259546.50249811693
WWY11;JAPAN;BGN;8110.317854864712
WWY11;VIET NAM;CNY;42307.83878314248
WWY11;LATVIA;BND;15307.655037543513
WWY11;SYRIAN ARAB REPUBLIC;CLP;11327996.766546164
WWY11;BARBADOS;KYD;6138.998231204933
WWY11;CROATIA;BHD;2766.1191731707872
WWY11;MOZAMBIQUE;GYD;34796.79575900696
WWY11;TURKEY;UGX;35876365.46054929
WWY11;IRAQ;ARS;1025808.6910035315
WWY11;FRENCH POLYNESIA;THB;170553.39965912324
WWY11;IRAN (ISLAMIC REPUBLIC OF);VES;65301.68274348023
WWY11;NEPAL;SLL;12747063.794023737
BBCLV;RUSSIAN FEDERATION;SOS;617914.8744176043
BBCLV;VENEZUELA;FJD;10574.357178925666
BBCLV;JAPAN;BRL;22643.974438151774
BBCLV;CZECH REPUBLIC;PGK;13730.376422663232
BBCLV;SWITZERLAND;LBP;3017124.948537537
CEKV1;TURKEY;DOP;788959.470712572
CEKV1;SEYCHELLES;BTN;877949.1380949119
CEKV1;TONGA;SZL;322910.9315974201
CEKV1;FRENCH POLYNESIA;LKR;4602183.584080451
CEKV1;NORWAY;BOB;83699.40138344147
CEKV1;TONGA;BYR;237967269.0327146
CEKV1;FIJI;IDR;60944813.92785999
CEKV1;BRAZIL;KHR;5970222.193105441
CEKV1;HONG KONG;XCD;14577.506624919017
CEKV1;COSTA RICA;BOB;82021.51128577808
CEKV1;TANZANIA, UNITED REPUBLIC OF;LYD;11328.199590193459
CEKV1;LATVIA;UYU;216298.18470766913
EEFH3;COSTA RICA;PES;726247.3301364505
EEFH3;TUNISIA;PKR;636947.1291786362
EEFH3;HONG KONG;ILS;13727.73925916917
EEFH3;BULGARIA;SCR;30666.68568036701
EEFH3;PERU;MOP;3655.4999890462686
EEFH3;NEW ZEALAND;BOB;11860.989072820414
EEFH3;FRENCH POLYNESIA;EGP;34017.56610814177
EEFH3;COLOMBIA;ISK;340346.78338187595
EEFH3;TAIWAN, PROVINCE OF CHINA;LRD;515305.6994206018
EEFH3;ALGERIA;KRW;4148061.2873461694
EEFH3;DENMARK;ZWL;1009096.0723687847
EEFH3;OMAN;JPY;68699.1923413217
EEFH3;PERU;MAD;14492.248184216664
EEFH3;PAPUA NEW GUINEA;AOA;491738.7752861374
EEFH3;BERMUDA;TWD;51792.96309782911
EEFH3;NETHERLANDS ANTILLES;XPF;59761.00537432555
EKMN1;SAUDI ARABIA;MRO;674743.0217059829
EKMN1;ANGOLA;PLN;2310.1914644925164
EKMN1;EGYPT;ALL;115124.25972915394
BDDb2;CAMBODIA;CNY;51774.420793194775
BDDb2;AUSTRALIA;XOF;1598290.6143932599
BDDb2;UNITED KINGDOM;MAD;65368.40191543262
BDDb2;ALBANIA;NOK;18306.452785057096
BDDb2;NEPAL;ANG;4155.787166893734
BDDb2;RUSSIAN FEDERATION;TND;16492.0624849655
BDDb2;IRAN (ISLAMIC REPUBLIC OF);JPY;558804.6922357915
BDDb2;BAHRAIN;SOS;4441226.813973294
BDDb2;NICARAGUA;EGP;49362.192935248175
BDDb2;BELARUS;UGX;2104379.8111452973
BDDb2;SWAZILAND;NOK;22766.451340200645
BDDb2;LAO PEOPLE'S DEMOCRATIC REP;WST;8191.795767527234
BDDb2;AUSTRALIA;PHP;389841.15836290893
BDDb2;CAMBODIA;EUR;587.7959190137609
BDDb2;GUATEMALA;BRL;414.1053411665983
NXXZZ;MOROCCO;TOP;491.89756206258556
NXXZZ;ALGERIA;STD;2551814.78143466
NXXZZ;CAMBODIA;HNL;1640.8831106785715
NXXZZ;JAMAICA;PYG;1289575.4011188985
NXXZZ;MALDIVES;ZAR;1828.021655124675
NXXZZ;ROMANIA;PKR;26020.759803390265
NXXZZ;UNITED ARAB EMIRATES;BND;306.6113576748664
NXXZZ;MADAGASCAR;IQD;308969.37377304246
NXXZZ;FIJI;MYR;396.9860883024983
NXXZZ;SURINAME;LYD;91.21087092346716
NXXZZ;MAURITANIA;CRC;39046.07195995196
NXXZZ;BURUNDI;AZN;383.96938568156156
NXXZZ;PANAMA;VUV;27301.41045103123
NXXZZ;SURINAME;ARS;552.8349924553264
FIJY2;QATAR;DZD;1077145.7398457502
FIJY2;EURO;SOS;5920582.8873093985
FIJY2;BERMUDA;LRD;1436389.1886335139
FIJY2;NEW ZEALAND;QAR;47676.61318329738
FIJY2;VIET NAM;XPF;69757.75939276282
FIJY2;ARGENTINA;RSD;-2078.5136732750934
FIJY2;DOMINICA;KWD;730.5150390503604
FIJY2;EGYPT;AUD;6007.225362693858
FIJY2;LAO PEOPLE'S DEMOCRATIC REP;UYU;619599.0084598624
FIJY2;INDIA;LRD;2327697.448340747
FIJY2;JAPAN;IRR;195470404.26330894
FIJY2;CROATIA;NPR;583637.9646841547
FIJY2;LAO PEOPLE'S DEMOCRATIC REP;ZWL;3253024.1347230244
FIJY2;SUDAN;DJF;330981.4363401381
FIJY2;SURINAME;ALL;737249.7499580625
FIJY2;GAMBIA;AED;18809.00972450917
FIJY2;MAURITIUS;JPY;589572.924117023
