;Client;Country;Currency;Transaction
0;EWZaa;SUDAN;DKK;48964.35906336646
1;EWZaa;SIERRA LEONE;BBD;9475.549728806975
2;EWZaa;PERU;RUB;274083.7036724144
3;EWZaa;SIERRA LEONE;TOP;-205.10176938122333
4;EWZaa;HONG KONG;PHP;421245.1765863551
5;EWZaa;TOGO;BOB;45581.695150349165
6;EWZaa;SOUTH AFRICA;TOP;2658.2797953135023
7;EWZaa;PAKISTAN;BSD;16391.241164700852
8;EWZaa;SURINAME;QAR;18112.69007510118
9;EWZaa;SEYCHELLES;THB;176412.99167477968
10;EWZaa;SOLOMON ISLANDS;NPR;675397.3846081569
11;EWZaa;NAMIBIA;KYD;10921.469623370545
12;EWZaa;BOTSWANA;GMD;72368.31615566503
13;EWZaa;GUYANA;PES;561568.564835301
14;EWZaa;SWAZILAND;MZN;681556.8278951398
15;EWZaa;BELIZE;BZD;3479.9134618513617
16;EWZaa;BANGLADESH;EUR;9456.178044112594
17;BKLXW;BRUNEI DARUSSALAM;NPR;510325.9041630062
18;BKLXW;KOREA, REPUBLIC OF;NOK;85217.97089740247
19;BKLXW;PAPUA NEW GUINEA;XOF;1018017.4828572999
20;BKLXW;NEPAL;BND;7171.934392762768
21;BKLXW;SRI LANKA;BWP;48314.57829285933
22;BKLXW;UNITED ARAB EMIRATES;XAF;969786.5361229439
23;BKLXW;PAPUA NEW GUINEA;MXN;15272.444760903662
24;BKLXW;JAPAN;PKR;81700.78163262081
25;BKLXW;PAPUA NEW GUINEA;CLP;7630908.625617173
26;BKLXW;SOMALIA;SEK;89526.15775572776
27;BKLXW;FRENCH POLYNESIA;ANG;6625.854564944158
28;BKLXW;CROATIA;MRO;3123004.464762823
29;BKLXW;HONDURAS;SRD;196334.69235049325
30;BKLXW;MAURITANIA;KHR;4035955.05471785
31;BKLXW;CHINA;KZT;1616036.8349542178
32;BKLXW;KUWAIT;ZAR;137059.6734976301
33;BKLXW;YEMEN;LKR;2074769.6571774904
34;BKLXW;ROMANIA;TTD;33076.53636793156
35;BKLXW;NEW ZEALAND;NIO;228836.35166332382
36;BKLXW;MEXICO;DOP;211473.23275579
37;EMXb3;GUINEA;LBP;3507744.2921534637
38;CXYbb;SERBIA;XAF;9606558.024695003
39;CXYbb;BERMUDA;BGN;14222.247373910483
40;CXYbb;NETHERLANDS ANTILLES;BND;11842.110355405941
41;CXYbb;KAZAKHSTAN;CLP;6516226.593818071
42;CXYbb;LIBYAN ARAB JAMAHIRIYA;GNF;110930332.18056352
43;CXYbb;OMAN;GNF;128851708.82823832
44;CXYbb;INDONESIA;IRR;463675600.48441535
45;CXYbb;INDIA;CAD;9231.386403474167
46;ACCDb;CHILE;MRO;2434678.50442736
47;ACCDb;CYPRUS;NAD;34728.61035213444
48;ACCDb;ARGENTINA;BBD;12519.071566254075
49;ACCDb;MADAGASCAR;STD;138812786.10580832
50;ACCDb;DOMINICAN REPUBLIC;BTN;442874.06793528976
51;ACCDb;UNITED KINGDOM;MWK;1522354.4654868054
52;ACCDb;SWAZILAND;BWP;49284.703752212234
53;ACCDb;SOLOMON ISLANDS;BOB;38237.525811627274
54;ACCDb;ALGERIA;GMD;182590.190864003
55;ACCDb;DENMARK;JPY;589343.4047852278
56;ACCDb;CHINA;CAD;2459.2953481576546
57;ACCDb;CZECH REPUBLIC;BYR;35821434.175604455
58;ACCDb;BURUNDI;PES;1363933.5911051931
59;IMVXZ;DOMINICAN REPUBLIC;PHP;104896.41585826693
60;IMVXZ;MYANMAR;HUF;2038409.7357575407
61;IMVXZ;NORWAY;STD;136522014.49021214
62;IMVXZ;SWITZERLAND;HTG;696078.6891635901
63;IMVXZ;TONGA;MVR;50685.39890685052
64;IMVXZ;DOMINICA;CYP;0.9967952435144712
65;IMVXZ;BARBADOS;XOF;2971114.89915891
66;IMVXZ;PAPUA NEW GUINEA;THB;22876.647708796554
67;CZbcc;AUSTRALIA;RUB;94707.67197435221
68;CZbcc;DENMARK;TRY;17280.557927568785
69;CZbcc;POLAND;XOF;1191451.1644576224
70;CZbcc;VENEZUELA;ANG;254.52218578696602
71;CZbcc;KAZAKHSTAN;PES;119424.84196992291
72;CZbcc;VENEZUELA;PAB;48.656039541863585
73;CZbcc;SAUDI ARABIA;ZWL;85135.90279850955
74;CZbcc;BHUTAN;ILS;3571.2135763878127
75;CZbcc;MYANMAR;QAR;6330.600880830356
76;CZbcc;ARUBA;INR;126163.1439421339
77;CZbcc;RUSSIAN FEDERATION;KES;182528.0950978884
78;CZbcc;PERU;KYD;1677.5526016594115
79;FLVYY;KOREA, REPUBLIC OF;PAB;4738.475671015579
80;FLVYY;EL SALVADOR;WST;29556.22310670725
81;FLVYY;CHILE;BRL;3995.6976301863688
82;FLVYY;PHILIPPINES;JOD;4884.139413442967
83;FLVYY;DOMINICA;GYD;1512504.2043473718
84;11133;TRINIDAD AND TOBAGO;SAR;5896.75189316933
85;11133;ALBANIA;UGX;4164821.277204443
86;11133;MOROCCO;IRR;45838218.33024485
87;GIVZZ;POLAND;MZN;86285.98609936226
88;GIVZZ;NEW ZEALAND;GYD;1244544.2544674121
89;GIVZZ;JAMAICA;KYD;4467.791043292682
90;GIVZZ;UKRAINE;VUV;443235.98961141036
91;GIVZZ;SINGAPORE;AZN;5869.31488919146
92;GIVZZ;BURUNDI;ILS;12844.682517823605
93;GIVZZ;FRENCH POLYNESIA;RSD;131282.2885464696
94;GIVZZ;COLOMBIA;NIO;217534.38075657838
95;GIVZZ;JAMAICA;MRO;2379518.3945619906
96;GIVZZ;MYANMAR;TOP;9921.731761430372
97;GIVZZ;TAIWAN, PROVINCE OF CHINA;AUD;5995.88141990676
98;GIVZZ;LAO PEOPLE'S DEMOCRATIC REP;KZT;1791958.1038400922
99;GIVZZ;RWANDA;CYP;3802.792583014294
100;GIVZZ;FIJI;EUR;609.819102653292
101;GIVZZ;CAPE VERDE;TTD;37598.7470218441
102;CFZZ3;UNITED KINGDOM;RON;309.5121889102898
103;CFZZ3;DOMINICA;IDR;30715087.33840172
104;CFZZ3;SYRIAN ARAB REPUBLIC;VUV;235003.68910178152
105;CFZZ3;ETHIOPIA;LKR;293228.1842106599
106;CFZZ3;ICELAND;BND;2575.491500634491
107;CFZZ3;DOMINICA;BDT;83148.54954528617
108;CFZZ3;ZIMBABWE;BGN;1753.8274594889917
109;CFZZ3;ISRAEL;LVL;934.9523056990067
110;CFZZ3;MAURITIUS;LAK;29303117.56877984
111;CFZZ3;TUNISIA;LBP;314045.59220294876
112;CFZZ3;URUGUAY;IRR;82149134.37985055
113;CFZZ3;VANUATU;TOP;2747.734569617292
114;CFZZ3;FRENCH POLYNESIA;TND;5448.855183906219
115;CFZZ3;SIERRA LEONE;LBP;1286182.6591238652
116;CFZZ3;GUATEMALA;GHS;3652.766019702667
117;CFZZ3;TURKEY;SRD;425.15478926353467
118;CFZZ3;NETHERLANDS ANTILLES;HUF;636976.8266541518
119;CFZZ3;ANGOLA;CVE;116757.12403138616
120;CFZZ3;GUYANA;CAD;1433.0863435019098
121;CFZZ3;ROMANIA;BSD;622.9474750558807
122;BEVZa;ZAMBIA;AUD;12889.402398211178
123;BEVZa;CENTRAL AFRICAN REPUBLIC;AED;10278.052841714936
124;BEVZa;MALAWI;HTG;1014938.6799271181
125;BEVZa;HAITI;RON;14179.600499503895
126;BEVZa;LEBANON;CNY;10929.586359155473
127;BEVZa;LIBYAN ARAB JAMAHIRIYA;GNF;57084908.124971345
128;BEVZa;KENYA;SAR;27315.410124361617
129;BEVZa;COSTA RICA;TWD;277735.0718716811
130;BEVZa;GUYANA;VND;25823514.576878324
131;BEVZa;MALAYSIA;HTG;204640.8234169253
132;BEVZa;LIBERIA;KRW;2077354.5576652412
133;BEVZa;POLAND;CVE;23910.874584996902
134;BEVZa;DJIBOUTI;TRY;54898.46744642602
135;BEVZa;RWANDA;KZT;901039.9714096191
136;BEVZa;PANAMA;MWK;3364375.454820081
137;BEVZa;BRUNEI DARUSSALAM;JPY;1258558.5861139975
138;BEVZa;SWAZILAND;RON;1331.6132530715322
139;ELLL3;CYPRUS;MZN;12470.846766220768
140;ELLL3;CHINA;THB;12896.138483763752
141;ELLL3;INDONESIA;SBD;807.6827609238053
142;ELLL3;LAO PEOPLE'S DEMOCRATIC REP;RWF;422071.2536634019
143;ELLL3;NEPAL;BWP;1637.080784226268
144;ELLL3;UKRAINE;RON;1253.7684413766435
145;ELLL3;SOMALIA;COP;1629545.9088675238
146;ELLL3;TUNISIA;AUD;60.35283878974922
147;ELLL3;ALGERIA;TTD;1769.4853203063265
148;ELLL3;SWEDEN;ILS;190.80772465132665
149;ELLL3;SINGAPORE;MOP;2329.7090155276555
150;LLXWb;AZERBAIJAN;VND;402295774.6186309
151;LLXWb;UGANDA;SEK;65977.97881292025
152;LLXWb;AUSTRALIA;ETB;612254.9109868243
153;LLXWb;MEXICO;PES;2121590.1093968195
154;LLXWb;BAHRAIN;PES;2510562.0601659524
155;LLXWb;PAKISTAN;BOB;80888.57771628769
156;LLXWb;PARAGUAY;MZN;1615678.8171952604
157;LLXWb;MOROCCO;PKR;7748391.259681538
158;LLXWb;SWAZILAND;RON;186422.85526668758
159;LLXWb;GAMBIA;BTN;3191643.649396092
160;LLXWb;CENTRAL AFRICAN REPUBLIC;NPR;3799577.2376368474
161;LLXWb;ROMANIA;BND;1573.8864557920388
162;LLXWb;MOZAMBIQUE;ZAR;100564.55541979078
163;LLXWb;BRAZIL;ANG;33680.905931160865
164;LLXWb;DJIBOUTI;XPF;504451.00665296917
165;LLXWb;ETHIOPIA;VES;687388.435661431
166;LLXWb;ARUBA;TRY;61747.455586534066
167;LLXWb;COLOMBIA;KYD;15048.850530214602
168;ADJNc;HONDURAS;HKD;61071.41295209418
169;ADJNc;ZAMBIA;ZAR;135900.81686532366
170;ADJNc;FIJI;CNY;55642.14812918862
171;ADJNc;JAMAICA;SVC;87384.43768268026
172;ADJNc;ARGENTINA;HTG;1244586.8805851461
173;ADJNc;LEBANON;AUD;23700.723768018768
174;ADJNc;SUDAN;KHR;15038781.613715433
175;ADJNc;PERU;KYD;13255.77995098391
176;ADJNc;IRAQ;MAD;66002.34822155547
177;ADJNc;PHILIPPINES;LVL;1573.7686490503734
178;ADJNc;MACAU;KHR;52326812.59453942
179;ADJNc;PAKISTAN;INR;436605.5449898823
180;ADJNc;FRENCH POLYNESIA;FJD;11956.67593826339
181;ADJNc;CZECH REPUBLIC;AOA;7724315.703455468
182;ADJNc;TRINIDAD AND TOBAGO;UAH;504937.2515357605
183;FJLc1;HUNGARY;SZL;8753.992591161395
184;FJLc1;TONGA;AWG;4940.327143839326
185;FJLc1;LIBERIA;PES;458339.0564406824
186;FJLc1;MACAU;CYP;382.2481882086616
187;FJLc1;SOLOMON ISLANDS;ZAR;44264.07354420742
188;FJLc1;BRUNEI DARUSSALAM;AZN;1455.7960643684414
189;FJLc1;ISRAEL;QAR;16320.802959824781
190;FJLc1;NIGERIA;GYD;708403.5393437943
191;FJLc1;PANAMA;BOB;2501.879474369224
192;FJLc1;NETHERLANDS ANTILLES;BHD;437.8135095835006
193;FJLc1;LIBYAN ARAB JAMAHIRIYA;KHR;2591105.5941687743
194;FJLc1;AZERBAIJAN;UGX;7759573.866276175
195;FJLc1;CENTRAL AFRICAN REPUBLIC;GBP;1135.2555865976747
196;FJLc1;CAMBODIA;PGK;362.839906915456
197;FJLc1;NEPAL;NIO;68417.7268889482
198;FJLc1;RWANDA;GMD;276129.1807959375
199;FJLc1;COSTA RICA;UYU;90897.41631877184
200;FJLc1;CHINA;BBD;3121.9367602274833
201;FJLc1;THAILAND;AED;9378.339377146416
202;FJLc1;EL SALVADOR;ZMW;73481.69481258705
203;DELZ2;PERU;GYD;52697.15906700569
204;DELZ2;SURINAME;KWD;202.29198555799215
205;DELZ2;VIET NAM;NIO;8309.987140448426
206;DELZ2;TOGO;PLN;4267.08672434543
207;DELZ2;TAIWAN, PROVINCE OF CHINA;XPF;39851.74639359624
208;DELZ2;MEXICO;VUV;105956.89585005742
209;DELZ2;PANAMA;RON;4400.052081594828
210;DELZ2;BARBADOS;BMD;400.66904816554216
211;DELZ2;PAPUA NEW GUINEA;UAH;21547.7723582775
212;IKKNW;DJIBOUTI;CLP;17385971.23440283
213;IKKNW;SAMOA;ARS;3535437.9427129575
214;IKKNW;TRINIDAD AND TOBAGO;SVC;100018.024233053
215;IKKNW;UKRAINE;SOS;6598966.829454894
216;IKKNW;IRAQ;SYP;8137587.96593979
217;IKKNW;BARBADOS;BGN;34412.3099762487
218;IKKNW;SWAZILAND;MOP;99955.72379809304
219;IKKNW;EL SALVADOR;IRR;667625963.5043418
220;IKKNW;ETHIOPIA;FJD;16693.676777828285
221;IKKNW;BELARUS;XPF;575505.1180052765
222;IKKNW;CENTRAL AFRICAN REPUBLIC;KRW;6677728.573391728
223;IKKNW;SEYCHELLES;VES;143535.3053211137
224;EXbbb;BRAZIL;RUB;1197976.0589445091
225;EXbbb;PERU;TTD;1208.9873155927148
226;EXbbb;SWAZILAND;MUR;-9704.48427343071
227;EXbbb;BRUNEI DARUSSALAM;BSD;21291.43473267907
228;EXbbb;BOTSWANA;SEK;25265.791551826187
229;EXbbb;TUNISIA;MUR;947663.9860054512
230;EXbbb;DOMINICAN REPUBLIC;LAK;224912156.60510874
231;EXbbb;SRI LANKA;SDG;8331357.067785256
232;EXbbb;SEYCHELLES;TND;65009.37395095662
233;EXbbb;MACAU;LVL;20427.039560011614
234;EXbbb;LATVIA;VND;14390562.049353667
235;EXbbb;LEBANON;UYU;776114.6705849102
236;EXbbb;SYRIAN ARAB REPUBLIC;GYD;4589.3904182695
237;EXbbb;NIGERIA;HUF;5842122.0497258585
238;EXbbb;MYANMAR;RSD;2613096.764421733
239;EXbbb;IRAQ;BZD;56491.05987481747
240;EXbbb;LAO PEOPLE'S DEMOCRATIC REP;DKK;213899.78345400342
241;EXbbb;URUGUAY;IQD;8154415.036581624
242;EXbbb;CHINA;BWP;81778.81525363047
243;EXbbb;PARAGUAY;ZWL;7134528.42219386
244;CDGJY;BOLIVIA;PES;1834128.6499190584
245;CDGJY;JAMAICA;FJD;8186.316191041704
246;CDGJY;CANADA;DKK;13707.043737328111
247;CDGJY;INDONESIA;STD;249427713.81670856
248;CDGJY;SWITZERLAND;DZD;709852.2486686325
249;CDGJY;KENYA;PLN;1583.2845345991964
250;CDGJY;LIBERIA;AUD;23900.54383439526
251;CDGJY;UNITED ARAB EMIRATES;SOS;6045502.141125361
252;CDGJY;SOLOMON ISLANDS;ETB;664498.3537783427
253;CDGJY;GAMBIA;ZAR;220241.2237771148
254;CDGJY;HAITI;HRK;78251.06597793911
255;CDGJY;HONG KONG;LRD;210806.2076146057
256;CDGJY;SOUTH AFRICA;KES;1207178.6334339334
257;CDGJY;VENEZUELA;AUD;1046.1682103826113
258;CDGJY;MOROCCO;MGA;12902936.514247473
259;CDGJY;MALAYSIA;XCD;35948.212092473135
260;GHVXa;UKRAINE;PKR;89619.30914195876
261;GHVXa;ARGENTINA;PAB;390.49789835402214
262;GHVXa;MALAWI;MWK;916886.2097909125
263;GHVXa;ALBANIA;XCD;1642.8684227137446
264;GHVXa;BRUNEI DARUSSALAM;BYR;31528804.803853393
265;GHVXa;JAMAICA;XCD;3395.261406941739
266;GHVXa;TAIWAN, PROVINCE OF CHINA;THB;3653.646566893133
267;GHVXa;EL SALVADOR;MUR;687.7139287534021
268;GHVXa;CZECH REPUBLIC;TND;1148.0726032385999
269;GHVXa;SEYCHELLES;WST;3171.685634722241
270;GHVXa;RUSSIAN FEDERATION;SEK;708.5549580446016
271;GHVXa;TAIWAN, PROVINCE OF CHINA;PES;90409.96986223367
272;GHVXa;HUNGARY;ANG;195.83806164155015
273;GHVXa;MALDIVES;LKR;603091.2036903894
274;GHVXa;ALGERIA;KRW;614276.1781220058
275;GHVXa;TUNISIA;YER;246454.8592945437
276;GHVXa;BURUNDI;CVE;61203.919983316126
277;GHVXa;TONGA;SCR;7945.533521904015
278;GHVXa;VANUATU;BRL;5990.355433633558
279;ADFI2;GUYANA;MYR;33498.30591313645
280;ADFI2;CANADA;ZAR;240617.4729508945
281;ADFI2;COSTA RICA;NAD;248235.84328424634
282;ADFI2;UNITED ARAB EMIRATES;MVR;33061.72051231325
283;ADFI2;HONDURAS;BRL;109584.29968811283
284;ADFI2;NICARAGUA;OMR;3152.725168580798
285;ADFI2;BOTSWANA;AWG;25846.30958777509
286;IIIZc;KUWAIT;CNY;50776.27083064844
287;IIIZc;CAYMAN ISLANDS;AUD;8974.037393937706
288;IIIZc;BRUNEI DARUSSALAM;TWD;218570.84907217367
289;IIIZc;HUNGARY;KWD;1399.258263801462
290;IIIZc;SOMALIA;MVR;158448.32322895268
291;IIIZc;HAITI;MAD;25497.23737769182
292;IIIZc;KOREA, REPUBLIC OF;SYP;861298.5703754865
293;IIIZc;TUNISIA;SYP;5230887.974705746
294;IIIZc;SAO TOME AND PRINCIPE;VES;247491.61849692307
295;IIIZc;LATVIA;LYD;13132.907003063689
296;IIIZc;GUINEA;DZD;1405326.6694227718
297;IIIZc;BARBADOS;JMD;1572556.066757103
298;DHV12;DENMARK;RUB;129036.86492843548
299;DHV12;BELARUS;QAR;10980.973631625391
300;DHV12;SUDAN;KHR;431257.08442116086
301;DHV12;ZAMBIA;BND;1190.074197375371
302;DHV12;KUWAIT;IDR;8874543.02969679
303;DHV12;COSTA RICA;TND;5352.6421705702915
304;DHV12;PANAMA;MOP;26857.946774642056
305;DHV12;IRAN (ISLAMIC REPUBLIC OF);NIO;116958.53890433146
306;DHV12;SERBIA;JOD;1543.1426744853209
307;DHV12;PARAGUAY;MUR;94350.73278594273
308;DHV12;KUWAIT;MXN;32849.05495649777
309;DHV12;CENTRAL AFRICAN REPUBLIC;SDG;1080855.003702428
310;CWWa1;NAMIBIA;BND;5756.049903084619
311;CWWa1;TURKEY;DKK;35605.77871592644
312;CWWa1;FRENCH POLYNESIA;BMD;3948.5664449499764
313;CWWa1;UGANDA;TTD;22008.16822107551
314;CWWa1;CROATIA;MRO;987125.2871869591
315;CWWa1;PAKISTAN;SAR;17575.222995404456
316;CWWa1;CANADA;PHP;127662.45190716335
317;CWWa1;ISRAEL;BIF;1380173.5756208138
318;CWWa1;EGYPT;LRD;241477.50345876763
319;CWWa1;KAZAKHSTAN;COP;15238284.944112891
320;CWWa1;SAUDI ARABIA;CAD;4507.952721786592
321;CWWa1;QATAR;BTN;34075.529707137684
322;CWWa1;PARAGUAY;HUF;208948.45015590798
323;DDHXY;COLOMBIA;DKK;1823.673200319532
324;DDHXY;BOTSWANA;SOS;1187463.4826641844
325;DDHXY;TURKEY;IDR;15433779.046601593
326;DDHXY;POLAND;WST;717.3079152453618
327;DDHXY;SAMOA;DJF;894411.9501904015
328;DDHXY;VENEZUELA;NOK;29070.574380716753
329;DDHXY;SOUTH AFRICA;SBD;19048.54932178533
330;DDHXY;NAMIBIA;DJF;346469.80190032005
331;DDHXY;THAILAND;UAH;24270.026341478006
332;DDHXY;QATAR;PAB;4660.489763076365
333;DDHXY;NIGERIA;CRC;1494031.6028928396
334;DDHXY;PERU;PES;68108.79405297873
335;DDHXY;OMAN;SBD;37424.739995594995
336;DDHXY;MEXICO;BBD;1236.8516203657282
337;DDHXY;MALAYSIA;NPR;353438.064725078
338;DDHXY;KOREA, REPUBLIC OF;MXN;7777.083396236366
339;DDHXY;PANAMA;MUR;2107.524805804931
340;DDHXY;ROMANIA;SBD;237.01851619285964
341;AHNc2;CAMBODIA;PKR;220924.66236408637
342;AHNc2;CYPRUS;CYP;3057.330961018066
343;AHNc2;UNITED KINGDOM;WST;2383.4298680775514
344;AHNc2;CROATIA;CHF;-13.230936813919929
345;AHNc2;LIBERIA;PYG;41546363.93068804
346;AHNc2;TURKEY;CVE;606261.5891092921
347;AHNc2;SERBIA;TND;9709.73354633439
348;AHNc2;GHANA;JMD;560489.114099061
349;AHNc2;SINGAPORE;BMD;1744.1094102577872
350;AHNc2;ZIMBABWE;OMR;1163.682292779003
351;AHNc2;AZERBAIJAN;LAK;35513355.12566381
352;AHNc2;MACAU;MZN;399907.10289796116
353;IJXc3;DOMINICAN REPUBLIC;HKD;75402.28039748516
354;IJXc3;PAPUA NEW GUINEA;NOK;52759.84853200268
355;IJXc3;ZIMBABWE;KWD;3780.6520215015644
356;IJXc3;COLOMBIA;UGX;31872437.992415145
357;IJXc3;ALGERIA;PKR;2085388.935473802
358;IJXc3;POLAND;BHD;6131.550475769068
359;IVX12;TANZANIA, UNITED REPUBLIC OF;IDR;122186082.4724067
360;IVX12;KUWAIT;UYU;539289.14973342
361;IVX12;CAMBODIA;XAF;10093.813599928659
362;IVX12;LEBANON;PKR;3380532.368280122
363;IVX12;TUNISIA;SGD;19256.003182057008
364;IVX12;MOROCCO;MZN;149280.78763357562
365;IVX12;PAKISTAN;LBP;3659028.9211547133
366;IVX12;BRUNEI DARUSSALAM;PGK;26410.68797015914
367;DGINV;INDIA;AED;523.6626990183663
368;DGINV;DOMINICAN REPUBLIC;PLN;3845.6709140239846
369;DGINV;COLOMBIA;FJD;2695.6864558968027
370;DGINV;JAPAN;CZK;7915.640233666715
371;DGINV;KENYA;STD;11994672.602510938
372;DGINV;KENYA;MMK;622933.3604044783
373;DGINV;GHANA;OMR;147.61835785605476
374;DGINV;THAILAND;HTG;123345.19535966055
375;DGINV;PERU;PAB;537.6957420054767
376;DGINV;HAITI;CZK;28822.466533936153
377;DGINV;KAZAKHSTAN;OMR;0.6712467958592865
378;DGINV;VENEZUELA;BGN;2079.1260428826263
379;DGINV;BELIZE;GYD;257690.42548914743
380;BGJ33;CENTRAL AFRICAN REPUBLIC;UAH;90309.71223257478
381;BGJ33;TOGO;KHR;3599797.105367275
382;BGJ33;ZIMBABWE;MOP;11159.733373678722
383;BGJ33;ICELAND;UGX;10750954.606269078
384;BGJ33;NICARAGUA;KZT;1575564.0034821602
385;BGJ33;GAMBIA;AUD;6885.153486626699
386;BGJ33;BULGARIA;SGD;732.1768115059853
387;BGJ33;PHILIPPINES;TZS;11336643.66485111
388;BGJ33;DOMINICAN REPUBLIC;RSD;404027.2617719197
389;BGJ33;MALDIVES;TOP;13478.51414649332
390;BGJ33;CYPRUS;ANG;1917.2148038342339
391;BGJ33;LIBYAN ARAB JAMAHIRIYA;HNL;53131.37484199745
392;BGJ33;MALAWI;VES;49940.61928624981
393;BGJ33;UKRAINE;LYD;1520.4157290069836
394;BGJ33;JAPAN;CLP;-47810.398109052534
395;BGJ33;AZERBAIJAN;MVR;34368.76460942366
396;BGJ33;MAURITANIA;ARS;507091.9268187228
397;IMb22;BELARUS;HNL;2402960.6550308317
398;IMb22;ANGOLA;VND;-18099249.149506405
399;IMb22;UNITED KINGDOM;ANG;153534.94920235788
400;IMb22;ARUBA;ALL;12507516.134048814
401;IMb22;BELARUS;SLL;-14231232.599706648
402;IMb22;SAMOA;LRD;17277276.96734207
403;FFGMW;MYANMAR;NGN;1474560.1876352932
404;FFGMW;POLAND;LKR;284363.90797403065
405;BBLZc;SERBIA;BWP;137593.10826312532
406;BBLZc;CZECH REPUBLIC;SRD;147890.74131829324
407;BBLZc;HUNGARY;CZK;87638.2914507851
408;BBLZc;PAPUA NEW GUINEA;BRL;31887.992296583783
409;BBLZc;ARUBA;GBP;3630.401276068147
410;BBLZc;AZERBAIJAN;DOP;167406.16624416108
411;BBLZc;THAILAND;NIO;50457.27614153741
412;EGIWZ;YEMEN;TOP;5722.227561424569
413;EGIWZ;JAMAICA;GBP;2761.570124528856
414;EGIWZ;URUGUAY;KRW;268334.2405456304
415;EGIWZ;AZERBAIJAN;MAD;53125.57830734587
416;EGIWZ;BULGARIA;CZK;117719.85436007814
417;EGIWZ;JAMAICA;YER;546559.8948534155
418;EGIWZ;THAILAND;MYR;22741.665597375817
419;EGIWZ;SWEDEN;MUR;182826.18164554
420;EGIWZ;CAPE VERDE;TWD;56154.65192111816
421;EGIWZ;PERU;VES;53005.73993403281
422;EGIWZ;BELIZE;CRC;2427498.923723247
423;EGIWZ;PAPUA NEW GUINEA;PYG;36455039.81307185
424;EGIWZ;BAHAMAS;LYD;-203.54851787667462
425;JWZac;ALBANIA;PES;570111.3122457098
426;BIMM1;QATAR;BBD;7534.209215961995
427;BIMM1;SWAZILAND;HUF;893644.5196037084
428;BIMM1;GAMBIA;NZD;4237.787162375604
429;BIMM1;PERU;TOP;15249.132929003126
430;BIMM1;ZIMBABWE;XOF;2293495.626036067
431;BIMM1;UNITED ARAB EMIRATES;LBP;1160083.0790152801
432;AEIMX;ISRAEL;TZS;2953728.0456346255
433;AEIMX;FRENCH POLYNESIA;ZMW;14119.026264864679
434;AEIMX;NEW ZEALAND;MVR;26233.650996166667
435;AEIMX;SOLOMON ISLANDS;MZN;-452.9241177882383
436;AEIMX;UNITED KINGDOM;TWD;11090.57858685501
437;AEIMX;GAMBIA;LKR;895734.5003665332
438;AEIMX;YEMEN;MYR;2137.2298598245734
439;AEIMX;HAITI;ANG;4162.335899165747
440;AEIMX;SYRIAN ARAB REPUBLIC;MYR;2862.5851287802757
441;AEIMX;IRAN (ISLAMIC REPUBLIC OF);GBP;646.3658802837037
442;AEIMX;INDIA;GBP;7.184418174540989
443;AEIMX;SAO TOME AND PRINCIPE;ISK;338125.4567785623
444;AEIMX;DOMINICAN REPUBLIC;IDR;42206726.98556551
445;AEIMX;ALBANIA;LAK;24057434.54862553
446;EEVb3;PERU;TZS;7772870.721586189
447;DIKWc;INDIA;KYD;765.6103571368686
448;DIKWc;SERBIA;QAR;29221.037664292497
449;DIKWc;VENEZUELA;TND;21358.470665229226
450;DIKWc;GUYANA;BWP;41454.323621077914
451;DIKWc;ALBANIA;GYD;1189108.012584407
452;DIKWc;CZECH REPUBLIC;NAD;169376.47139678206
453;DIKWc;ICELAND;IRR;459508830.6484793
454;DIKWc;CENTRAL AFRICAN REPUBLIC;SGD;3837.3795070351416
455;DIKWc;LATVIA;SAR;19618.448272560752
456;DIKWc;LEBANON;KZT;-20869.704956050005
457;DIKWc;BELIZE;XPF;1283729.1229920033
458;DIKWc;BRUNEI DARUSSALAM;LRD;451788.59583627846
459;DIKWc;TRINIDAD AND TOBAGO;SOS;889370.2488635315
460;DIKWc;VENEZUELA;TWD;361272.2939468457
461;DIKWc;ICELAND;MYR;38076.00301234005
462;JMVc1;SOMALIA;BDT;255481.97991849246
463;JMVc1;GUYANA;MZN;123019.74107260485
464;JMVc1;SOUTH AFRICA;SLL;41528660.81758596
465;JMVc1;CHILE;LVL;1639.195434126285
466;JMVc1;LIBYAN ARAB JAMAHIRIYA;IQD;1685329.6423464397
467;JMVc1;LEBANON;CVE;231683.66219365603
468;JMVc1;DOMINICAN REPUBLIC;TRY;44244.4550124874
469;JMVc1;CAPE VERDE;BSD;1857.094185484692
470;JMVc1;TUNISIA;BZD;2939.1029976305745
471;JMVc1;SERBIA;BBD;3336.755493517442
472;JMVc1;LEBANON;BOB;12059.875091644775
473;JMVc1;GUINEA;GNF;621693.2297118827
474;JMVc1;TRINIDAD AND TOBAGO;BRL;6270.466436137042
475;JMVc1;TONGA;KWD;141.7493135544116
476;JMVc1;CYPRUS;NAD;15045.62266713097
477;AJJN1;SWEDEN;BGN;41167.582900204434
478;LXWZZ;BOLIVIA;TND;5837.31699324928
479;LXWZZ;BRAZIL;BND;459.7843760518024
480;LXWZZ;GUYANA;MUR;47936.12511081633
481;LXWZZ;BAHAMAS;CHF;798.6279637398477
482;LXWZZ;BULGARIA;ISK;251458.050836485
483;LXWZZ;TANZANIA, UNITED REPUBLIC OF;ILS;2252.39941439755
484;LXWZZ;MALAYSIA;ALL;3238.285055544642
485;LXWZZ;ZIMBABWE;AED;700.2331206952672
486;LXWZZ;QATAR;ALL;164612.82365685265
487;LXWZZ;DENMARK;NAD;28248.597659961037
488;LXWZZ;VIET NAM;LYD;2254.7636548284345
489;DDKYZ;HAITI;BRL;19089.73514243257
490;DDKYZ;QATAR;GBP;2854.2075635139354
491;DDKYZ;UKRAINE;VUV;538427.8849393094
492;DDKYZ;AUSTRALIA;AED;16728.728698754687
493;DDKYZ;RWANDA;XPF;410787.71845747693
494;DDKYZ;EGYPT;TTD;3685.593057862683
495;DDKYZ;MOZAMBIQUE;RSD;503019.37936750776
496;DDKYZ;SINGAPORE;SCR;4825.761521667039
497;DDKYZ;NETHERLANDS ANTILLES;RUB;214573.6278097998
498;DDKYZ;SAO TOME AND PRINCIPE;DOP;48660.80652541097
499;DDKYZ;IRAN (ISLAMIC REPUBLIC OF);GMD;208284.86850428543
500;AFFGc;SWEDEN;AWG;228.6771346147125
501;AFFGc;BRAZIL;BWP;666.825154061848
502;AFFGc;SUDAN;PAB;142.84557134365033
503;AFFGc;ZIMBABWE;MVR;1427.4561155381734
504;AFFGc;DENMARK;NIO;4789.139048770484
505;EEEc2;PAKISTAN;HTG;26454.175455440047
506;EEEc2;TUNISIA;LBP;168548.28181775115
507;EEEc2;ETHIOPIA;HRK;805.1848402657125
508;EEEc2;SURINAME;JMD;19827.499574181165
509;EEEc2;COLOMBIA;COP;185738.90355529077
510;EEEc2;BULGARIA;SZL;1957.5374312534907
511;EEEc2;BAHRAIN;OMR;42.4637072805739
512;CCJKb;MOROCCO;MOP;446.7259301727163
513;CCJKb;MYANMAR;ANG;1043.6654799518394
514;CCJKb;IRAQ;BND;2049.148550035244
515;CCJKb;KAZAKHSTAN;PKR;391808.1709132296
516;AIKMc;SIERRA LEONE;AUD;1451.3792718793866
517;ANNW2;NORWAY;NGN;551017.5852000467
518;ANNW2;BHUTAN;GBP;7693.91998179322
519;ANNW2;JORDAN;TTD;35344.3188211176
520;ANNW2;BOLIVIA;THB;53587.761219914806
521;ANNW2;BHUTAN;DOP;172452.07946953303
522;ANNW2;COLOMBIA;SCR;66076.09894782798
523;ANNW2;BOLIVIA;BRL;68126.20905149939
524;ANNW2;JAPAN;XAF;5706579.481894236
525;ANNW2;MOZAMBIQUE;DOP;652456.5894549103
526;BEac2;BARBADOS;MVR;191259.6214774536
527;BEac2;TOGO;JOD;6709.482605752438
528;BEac2;MADAGASCAR;SVC;23860.279096198446
529;Vac23;CAYMAN ISLANDS;DZD;1503847.1356410827
530;Vac23;YEMEN;SAR;23933.184012586004
531;Vac23;MALDIVES;MRO;2406406.3124344503
532;Vac23;ISRAEL;TWD;143048.99646454712
533;KLLVa;BELARUS;MGA;71379555.16780682
534;KLLVa;LIBYAN ARAB JAMAHIRIYA;CHF;5905.775410733358
535;KLLVa;URUGUAY;BHD;5149.542470497679
536;KLLVa;GAMBIA;BDT;379461.15123572823
537;KLLVa;LEBANON;NZD;23008.275740079287
538;KLLVa;BANGLADESH;GHS;209236.2150867716
539;KLLVa;BOTSWANA;BZD;22195.42639234598
540;KLLVa;UNITED KINGDOM;MWK;22066123.782140683
541;KLLVa;DENMARK;CRC;2601384.2206833884
542;KLLVa;TOGO;ZMW;272833.3155673879
543;KLLVa;KAZAKHSTAN;KRW;23338296.76134599
544;KLLVa;NEPAL;ZWL;10755775.066430422
545;KLLVa;ZAMBIA;VUV;2221191.712998389
546;KLLVa;DENMARK;ETB;1166658.8537065743
547;KLLVa;EURO;RWF;15053824.204648294
548;KLLVa;YEMEN;JMD;3019739.0805410477
549;ENXb2;KAZAKHSTAN;MYR;18257.277726892524
550;ENXb2;BRUNEI DARUSSALAM;ETB;32063.38018529366
551;ENXb2;EL SALVADOR;KZT;1176390.1265025137
552;ENXb2;ETHIOPIA;SDG;6605841.640654637
553;ENXb2;ETHIOPIA;BRL;6299.7839610832425
554;ENXb2;CROATIA;ZMW;232254.1767886301
555;ENXb2;SRI LANKA;XCD;15753.402605138292
556;ENXb2;CHINA;KRW;7576286.656421872
557;CCEV1;OMAN;HUF;9697636.68618582
558;CCEV1;BURUNDI;ARS;6839809.561596703
559;CCEV1;DENMARK;GHS;598828.8038267234
560;CCEV1;BAHRAIN;BBD;38422.64671741177
561;CCEV1;LIBERIA;TZS;74658399.47267528
562;CCEV1;ETHIOPIA;RON;125839.00673213461
563;CCEV1;TONGA;AOA;13241305.93862123
564;CCEV1;NETHERLANDS ANTILLES;HKD;236686.76538410422
565;CCEV1;PHILIPPINES;RWF;42152809.0341656
566;CCEV1;INDONESIA;ISK;1151558.9938370434
567;CCEV1;ICELAND;NIO;59318.03897744945
568;CCEV1;UGANDA;JMD;3527522.11130662
569;CCEV1;DOMINICAN REPUBLIC;BRL;185652.29388406494
570;CCEV1;INDONESIA;AOA;8340155.202482103
571;ABHMV;PAPUA NEW GUINEA;MAD;23218.818650758913
572;ABHMV;ANGOLA;BWP;105010.46645420133
573;ABHMV;RUSSIAN FEDERATION;KES;352383.2552105197
574;AEEIJ;GUYANA;LBP;132253.89811214927
575;AEEIJ;CAMBODIA;IDR;8683412.026191697
576;AEEIJ;TANZANIA, UNITED REPUBLIC OF;AUD;526.5931047732328
577;IINZc;PAPUA NEW GUINEA;LVL;1186.6987701954438
578;IINZc;UGANDA;XOF;2707805.5411159135
579;IINZc;BELARUS;AZN;33.39038377564848
580;IINZc;NORWAY;PEN;21303.190290468065
581;BCYY1;ROMANIA;NPR;616858.0470264269
582;BCYY1;INDIA;SLL;93516268.71926531
583;BCYY1;SOUTH AFRICA;GHS;40591.33177999642
584;BCYY1;JAMAICA;ETB;63110.65773515843
585;BCYY1;BELARUS;COP;13910838.18461291
586;BCYY1;PAKISTAN;UGX;12944973.54890652
587;BCYY1;SINGAPORE;BZD;14846.434381100149
588;BCYY1;BOTSWANA;BGN;2029.5313743704062
589;BCYY1;CHINA;MAD;36218.80220074538
590;BCYY1;TAIWAN, PROVINCE OF CHINA;LAK;36751672.82393558
591;BCYY1;BELARUS;YER;391666.0408974346
592;BCYY1;PERU;CNY;39823.08649951021
593;BCYY1;BOTSWANA;ANG;5629.400223030205
594;BEGIL;CANADA;KZT;695804.4446256076
595;BEGIL;CAPE VERDE;HKD;11516.388284156346
596;BEGIL;ROMANIA;KYD;1903.8817603626926
597;BEIIV;PANAMA;EGP;29221.06861426696
598;BEIIV;MEXICO;MXN;11413.51126857238
599;BEIIV;KUWAIT;JOD;1049.8570427696247
600;BEIIV;EGYPT;LVL;1714.656704501496
601;BEIIV;NORWAY;MRO;272608.9465675007
602;IKMYc;NIGERIA;NAD;166840.27647805822
603;IKMYc;RWANDA;KES;1054668.6233765082
604;IKMYc;NORWAY;HNL;482492.67865647
605;IKMYc;BERMUDA;SRD;794010.9336709855
606;IKMYc;CAYMAN ISLANDS;SGD;4392.740539019589
607;IKMYc;INDIA;MOP;178594.05379693836
608;IKMYc;EURO;SZL;288569.6348274176
609;Gacc3;BELIZE;JMD;4142.083405920509
610;Gacc3;ZAMBIA;CAD;90.6276251906043
611;Gacc3;SOMALIA;TRY;155.2457877862371
612;Gacc3;CENTRAL AFRICAN REPUBLIC;BTN;1656.6359303391466
613;Gacc3;SWITZERLAND;CZK;1236.8715680994749
614;Gacc3;GUYANA;XPF;1857.1040663188332
615;Gacc3;ZIMBABWE;PKR;14800.523019460228
616;Gacc3;VANUATU;MGA;258983.8704965539
617;Gacc3;SWEDEN;TWD;1200.2006746299737
618;Gacc3;GUATEMALA;ISK;7460.217987184781
619;Gacc3;MADAGASCAR;FJD;125.49803731000937
620;Gacc3;MALDIVES;FJD;78.8969741774723
621;CEFVW;TAIWAN, PROVINCE OF CHINA;LVL;2133.4143213458115
622;CEFVW;BHUTAN;STD;58618886.04819784
623;CEFVW;ANGOLA;ZAR;15444.035978516587
624;CEFVW;SOMALIA;TTD;28158.90083131473
625;CEFVW;CENTRAL AFRICAN REPUBLIC;KHR;9705041.12817949
626;CEFVW;ARUBA;PGK;762.6709977426862
627;CEFVW;VANUATU;BDT;374034.7258806322
628;CEFVW;AZERBAIJAN;PHP;32204.421908274744
629;CEFVW;POLAND;ETB;155895.60096082717
630;CEFVW;COLOMBIA;BDT;189220.18494282546
631;CEFVW;ALGERIA;BIF;782478.8999251325
632;CEFVW;QATAR;ETB;123278.57526989235
633;CEFVW;ROMANIA;SYP;54669.4644153484
634;CEFVW;CANADA;ETB;84115.17470436852
635;CEFVW;INDIA;NPR;51762.389139706764
636;ILNWc;SRI LANKA;PEN;10833.664398868052
637;EEFKb;YEMEN;PAB;6132.140857212882
638;EEFKb;VENEZUELA;TZS;8397967.432359705
639;EEFKb;SINGAPORE;BGN;7418.614319497312
640;EEFKb;HUNGARY;GHS;76249.72124250302
641;EEFKb;EL SALVADOR;RWF;2490923.726115882
642;EEFKb;SWITZERLAND;CRC;4341116.822267425
643;EEFKb;CHILE;BGN;8289.149079831708
644;EEFKb;AUSTRALIA;AZN;4958.219234297046
645;EEFKb;MADAGASCAR;AOA;3139782.4728800585
646;EEFKb;OMAN;SLL;51788737.233272284
647;EEFKb;PERU;CAD;5373.080320477659
648;EEFKb;POLAND;TZS;16721115.506424848
649;EEFKb;UNITED KINGDOM;TWD;242116.11366601964
650;EEFKb;HONDURAS;NGN;183270.77317285258
651;EEFKb;COLOMBIA;VND;19772979.450674154
652;EEFKb;ROMANIA;DZD;530911.1760516529
653;EEFKb;ZAMBIA;AED;19420.093312429377
654;EEFKb;MAURITANIA;MZN;251230.1291652356
655;EEFKb;HONDURAS;SCR;53591.88162766922
656;CDEGH;LIBERIA;PEN;154800.85590715834
657;CDEGH;DJIBOUTI;SGD;51473.18149784629
658;CDEGH;IRAQ;PYG;103203367.75985551
659;CDEGH;BELARUS;YER;5564629.9711659
660;CDEGH;PAKISTAN;KYD;9168.111586540916
661;CDEGH;THAILAND;PHP;-4183.270641213281
662;CDEGH;AUSTRALIA;SYP;3649031.597157591
663;CDEGH;LAO PEOPLE'S DEMOCRATIC REP;OMR;5613.976645800991
664;CDEGH;DJIBOUTI;CLP;9420375.640630888
665;CDEGH;LIBERIA;IDR;318510321.9877214
666;CDEGH;SOUTH AFRICA;TRY;482559.85296854214
667;CDEGH;SYRIAN ARAB REPUBLIC;EUR;37448.744168485646
668;CDEGH;SOLOMON ISLANDS;PAB;36965.79601008112
669;CDEGH;BELIZE;UGX;34470250.0407777
670;CDEGH;LIBYAN ARAB JAMAHIRIYA;TND;30351.057705535815
671;CDEGH;HAITI;BZD;14134.695952988703
672;CDEGH;BAHAMAS;COP;146027456.61294374
673;CDEGH;KOREA, REPUBLIC OF;BND;7827.641437396836
674;CDEGH;MOROCCO;IDR;527878962.27073383
675;CDEGH;PAKISTAN;BOB;186650.79719744425
676;GXYYb;OMAN;LYD;19373.972527079397
677;GXYYb;MALAYSIA;BND;22635.836045245258
678;GXYYb;VANUATU;LYD;2262.281252064583
679;GXYYb;AUSTRALIA;NZD;2702.834139225817
680;GXYYb;VANUATU;UYU;450538.6342134337
681;GXYYb;EGYPT;ZAR;178187.55876058398
682;GXYYb;MAURITIUS;NPR;1126397.6192091284
683;GXYYb;SAO TOME AND PRINCIPE;LAK;148287235.25661203
684;GXYYb;SEYCHELLES;UAH;342952.9231080762
685;GXYYb;TURKEY;IDR;1007059.2561203288
686;GXYYb;HUNGARY;CAD;-126.39954555196773
687;GXYYb;BELARUS;BHD;-46.35809374673932
688;GXYYb;BOLIVIA;CAD;20055.394560912217
689;FG222;CAYMAN ISLANDS;SVC;228883.4929310538
690;FG222;SOLOMON ISLANDS;DZD;-25581.45485785042
691;FG222;SINGAPORE;FJD;53364.488144874194
692;FG222;ALBANIA;PHP;661408.5238588827
693;FG222;KOREA, REPUBLIC OF;BRL;59073.42542712693
694;FG222;ZAMBIA;BDT;278650.2929058038
695;FG222;EL SALVADOR;MWK;2832425.2056349036
696;FG222;SYRIAN ARAB REPUBLIC;RON;101961.26196395938
697;FG222;GAMBIA;PYG;122178593.41552356
698;FG222;SOLOMON ISLANDS;BND;24060.789596536648
699;FG222;DOMINICA;EGP;683237.1910059839
700;FG222;BRUNEI DARUSSALAM;RON;107931.34398733027
701;FG222;NEW ZEALAND;OMR;5031.652091648465
702;FG222;PERU;XOF;8010610.370593393
703;FG222;SOMALIA;BWP;305335.012830636
704;FG222;THAILAND;MYR;31050.585071695103
705;FG222;OMAN;IDR;14095890.560052568
706;FG222;CROATIA;CAD;24647.72296191377
707;ALNN2;BRUNEI DARUSSALAM;SOS;1700118.4058140384
708;ALNN2;ZIMBABWE;JOD;157.46407772359575
709;ALNN2;BOLIVIA;NAD;78087.03201450927
710;ALNN2;ISRAEL;BWP;2174.297071698133
711;ALNN2;LATVIA;TTD;14156.968247585177
712;ALNN2;IRAQ;CNY;24021.842281899448
713;ALNN2;BELIZE;MWK;371757.1657348222
714;ALNN2;EURO;GYD;209701.07572653267
715;ALNN2;CYPRUS;WST;12097.589515573874
716;ALNN2;ANGOLA;YER;525357.7334712443
717;ALNN2;SOMALIA;PAB;842.932600217694
718;ALNN2;SEYCHELLES;INR;296141.3933385603
719;ALNN2;INDONESIA;NIO;119799.40934860434
720;ALNN2;JORDAN;AOA;1587344.183240928
721;CFKZ3;MOZAMBIQUE;KZT;2990044.0318958033
722;CFKZ3;KOREA, REPUBLIC OF;GMD;319760.3094318236
723;CFKZ3;DENMARK;CAD;24065.65511082883
724;CFKZ3;GAMBIA;CVE;276157.4354647961
725;CFKZ3;LIBYAN ARAB JAMAHIRIYA;JPY;156644.3376190501
726;CFKZ3;BOTSWANA;RUB;631582.2034051548
727;CFKZ3;JORDAN;LYD;84690.57091700354
728;CFKZ3;MALAYSIA;GBP;12530.545153402118
729;CFKZ3;SYRIAN ARAB REPUBLIC;BWP;86143.85370801255
730;CFKZ3;FIJI;DKK;97079.18118870263
731;CFKZ3;CZECH REPUBLIC;BRL;51711.30433487611
732;CFKZ3;GAMBIA;PHP;506440.87573989027
733;CFKZ3;UNITED KINGDOM;COP;39576627.1360002
734;CFKZ3;LEBANON;LVL;4681.500759476339
735;CFKZ3;EURO;AOA;8372936.185180157
736;CFKZ3;UNITED KINGDOM;DOP;425715.63949297345
737;CFKZ3;CAMBODIA;JPY;2422119.4484613384
738;CFKZ3;MEXICO;GBP;12922.980289306191
739;CFKZ3;PANAMA;GHS;195529.17110196958
740;CFKZ3;OMAN;DKK;31907.872657081632
741;GXWWc;TOGO;XPF;409207.7816786976
742;GXWWc;SAUDI ARABIA;KRW;1866771.9817582094
743;GXWWc;CAMBODIA;ISK;200263.95194832401
744;GXWWc;ANGOLA;SYP;1088506.5068283014
745;GXWWc;NORWAY;QAR;12197.130569328881
746;GXWWc;EURO;MXN;51823.080796406575
747;GXWWc;SAMOA;SDG;198819.33406786705
748;GXWWc;POLAND;NIO;103416.34831479506
749;GXWWc;TAIWAN, PROVINCE OF CHINA;VES;76440.5662443859
750;BDYY1;LATVIA;ARS;-14584.717178733737
751;BDYY1;ISRAEL;COP;14978714.713837761
752;BDYY1;HUNGARY;HKD;95373.44317031663
753;BDYY1;ARUBA;TOP;16902.976662117504
754;BDYY1;GUYANA;BRL;21028.488850751655
755;BDYY1;LAO PEOPLE'S DEMOCRATIC REP;PLN;15769.47654952391
756;BDYY1;BAHAMAS;DOP;249769.16130424035
757;BDYY1;THAILAND;HTG;608250.8636124778
758;BDYY1;PHILIPPINES;SCR;8857.793492876865
759;BDYY1;GUATEMALA;SVC;27920.13764877979
760;BDYY1;ALGERIA;SOS;3402081.2946178326
761;BDYY1;KENYA;TZS;18278502.115143172
762;BDYY1;CAYMAN ISLANDS;SYP;4425152.987101961
763;BDYY1;URUGUAY;LYD;7068.965110499836
764;BDYY1;UNITED KINGDOM;EGP;84338.86696770594
765;BDYY1;MOZAMBIQUE;AUD;5833.426189560654
766;BDYY1;TAIWAN, PROVINCE OF CHINA;XPF;413948.92015336524
767;BDYY1;ALGERIA;KES;366115.5364193434
768;AAJXY;BULGARIA;COP;2844466.1198580824
769;AAJXY;UKRAINE;MYR;6749.69798656871
770;AAJXY;CANADA;DOP;124307.72425834896
771;AAJXY;SWAZILAND;WST;1255.142248144769
772;AAJXY;ZAMBIA;SZL;2665.479829035692
773;AAJXY;SRI LANKA;SCR;49301.16854544608
774;AAJXY;ETHIOPIA;SYP;1757559.5800261116
775;AAJXY;PAPUA NEW GUINEA;MRO;175553.79220739656
776;AAJXY;PARAGUAY;NAD;42868.53130754831
777;AAJXY;LAO PEOPLE'S DEMOCRATIC REP;KZT;206882.62883113
778;AAJXY;RUSSIAN FEDERATION;BTN;31389.240153794293
779;AAJXY;POLAND;BGN;2458.7774176725825
780;AAJXY;ETHIOPIA;SRD;11765.55631413528
781;AN223;DENMARK;GHS;123325.72158972856
782;AN223;KAZAKHSTAN;BWP;83376.44375846138
783;AN223;PARAGUAY;YER;32018.895824190273
784;AN223;DENMARK;DZD;910519.9986152968
785;AN223;BARBADOS;VND;205402962.8860374
786;AN223;SAO TOME AND PRINCIPE;QAR;15686.59835207797
787;AN223;LEBANON;SBD;38457.10912325832
788;AN223;BOTSWANA;SRD;125850.87198554941
789;AN223;DOMINICA;SRD;114068.62183231924
790;ALVXa;UKRAINE;NAD;389993.0140002937
791;ALVXa;NICARAGUA;RWF;24490968.130119495
792;ALVXa;MALDIVES;JMD;407485.6767761706
793;ALVXa;MOROCCO;LBP;8533504.873070752
794;ALVXa;SAMOA;DKK;95245.46235834667
795;ALVXa;DENMARK;XCD;34860.23321872868
796;ALVXa;BELIZE;PAB;20148.77687110757
797;ALVXa;SAMOA;BZD;55051.4383124513
798;ALVXa;SYRIAN ARAB REPUBLIC;NGN;5809891.887611922
799;ALVXa;MALAWI;SCR;398704.60752904916
800;ALVXa;AZERBAIJAN;GYD;5990594.17219995
801;ALVXa;PAPUA NEW GUINEA;ETB;757141.2059087292
802;ALVXa;NETHERLANDS ANTILLES;TND;87007.08505228265
803;ALVXa;BRUNEI DARUSSALAM;CLP;12827598.983194903
804;ALVXa;MALDIVES;AWG;8293.144858822154
805;ALVXa;VANUATU;AZN;19055.426628483612
806;HHYZc;MACAU;AED;35224.795793243924
807;HHYZc;SOUTH AFRICA;DJF;2331363.385952248
808;cc333;PANAMA;FJD;4156.197089943402
809;cc333;MOROCCO;CNY;-188.26160815731544
810;cc333;COSTA RICA;MRO;1008331.5009963263
811;VZ112;DOMINICAN REPUBLIC;BGN;7135.164902547728
812;VZ112;SOUTH AFRICA;MOP;7273.381483661236
813;VZ112;PHILIPPINES;JMD;50973.894789356826
814;VZ112;HUNGARY;JPY;713283.9677541894
815;VZ112;LIBYAN ARAB JAMAHIRIYA;COP;25140560.85990897
816;FNN33;CAYMAN ISLANDS;WST;2105.280160611422
817;FNN33;URUGUAY;PHP;9111.541207893495
818;FNN33;EL SALVADOR;ETB;25873.696019839757
819;FNN33;BRAZIL;MAD;4633.118697110597
820;FNN33;AZERBAIJAN;SAR;2939.5096899965447
821;FNN33;IRAQ;MXN;12607.18085945862
822;FNN33;ANGOLA;VUV;35372.9275462638
823;FNN33;SURINAME;SBD;6461.123546502481
824;FNN33;ALGERIA;SCR;489.89923077948447
825;FNN33;CAYMAN ISLANDS;NOK;6936.943223874523
826;FNN33;HONDURAS;YER;175450.00055882795
827;HHIWW;SOMALIA;COP;19487626.333568826
828;HHIWW;MALDIVES;VES;91333.08173214307
829;HHIWW;SWAZILAND;HKD;33588.39622294422
830;HHIWW;MALDIVES;KYD;2727.0155144595337
831;HHIWW;HONG KONG;SEK;38582.952859677076
832;HHIWW;ISRAEL;VUV;345853.6375526359
833;HHIWW;JAMAICA;PGK;10684.033303621292
834;HHIWW;VIET NAM;TOP;824.5141617204845
835;HHIWW;LATVIA;BTN;156648.97806836388
836;CCDLa;MALAWI;SRD;276636.4178157422
837;CCDLa;HUNGARY;KZT;1458023.0108798223
838;CCDLa;CENTRAL AFRICAN REPUBLIC;LRD;385637.9378534747
839;CCDLa;NICARAGUA;SCR;153805.236083645
840;CCDLa;DJIBOUTI;CHF;9606.97995178685
841;CCDLa;MOROCCO;PLN;44513.39532587691
842;CCDLa;KOREA, REPUBLIC OF;XPF;1119464.19921475
843;CCDLa;SOMALIA;GMD;452920.9951239655
844;CCDLa;KOREA, REPUBLIC OF;UAH;112887.67800224101
845;CCDLa;SIERRA LEONE;MUR;568480.6838054436
846;CCDLa;ISRAEL;LKR;2483219.485459988
847;CCDLa;HONG KONG;INR;1093840.8072756089
848;CCDLa;MOZAMBIQUE;MXN;93620.31376962816
849;CCDLa;HAITI;VES;106248.06643053566
850;CCDLa;SWEDEN;PGK;5550.642515587419
851;CCDLa;GHANA;JPY;858863.5696863435
852;AEHb2;EGYPT;TZS;10386.170444971336
853;AEHb2;FIJI;ETB;15749.234791756
854;AEHb2;NORWAY;CLP;77452.46547479212
855;AEHb2;OMAN;RUB;18908.556053617023
856;AEHb2;BANGLADESH;BBD;186.77627190821954
857;AEHb2;VANUATU;SZL;242.4936512420019
858;AEHb2;NEW ZEALAND;KZT;24587.968393903477
859;AEHb2;LEBANON;VES;1148.43068873153
860;AEHb2;MALDIVES;ARS;26544.0161852129
861;AEHb2;SERBIA;BBD;175.4913090251976
862;AEHb2;BOTSWANA;MYR;849.895249889846
863;AEHb2;MAURITANIA;GYD;11194.479103542963
864;AEHb2;UNITED ARAB EMIRATES;MRO;93026.114965173
865;AKXZ2;TOGO;XOF;196151.0945759887
866;AKXZ2;MACAU;JOD;71.32413737696467
867;EEMNW;FRENCH POLYNESIA;XCD;4496.249541096225
868;EEMNW;ICELAND;MWK;2760162.1898561995
869;EEMNW;SIERRA LEONE;NAD;30634.870398017516
870;ABDGG;DENMARK;PEN;34101.241174332004
871;ABDGG;MALDIVES;HUF;3476576.4752256447
872;ABDGG;TOGO;TND;6376.083110109362
873;ABDGG;BOTSWANA;BRL;2402.3182470740658
874;ABDGG;THAILAND;XAF;5145099.411436743
875;ABDGG;HONG KONG;LBP;2535849.6081641586
876;ABDGG;JAPAN;UGX;9899142.755006697
877;ABDGG;CHILE;RSD;687508.5387781793
878;ABDGG;RUSSIAN FEDERATION;SBD;29826.65999239879
879;ABDGG;INDONESIA;BDT;508064.05310556083
880;ABDGG;BOTSWANA;UYU;-1360.8128018398365
881;ABDGG;BELIZE;SCR;116926.60472954653
882;ABDGG;BURUNDI;MGA;38789472.041515335
883;ABDGG;BHUTAN;BND;4632.214024759651
884;ABDGG;NORWAY;BIF;11374974.202478325
885;ABDGG;NEW ZEALAND;BBD;11517.489011160747
886;ABDGG;TAIWAN, PROVINCE OF CHINA;SRD;170205.07596401247
887;ABDGG;CROATIA;LVL;2163.2466802976496
888;ABDGG;MALDIVES;MXN;106635.51395807415
889;BBBBb;LATVIA;SLL;3587129.316677801
890;BBBBb;MAURITIUS;CZK;1491.7478127862082
891;BBBBb;INDIA;SRD;5220.109087414414
892;BBBBb;TOGO;SZL;3625.9531192462855
893;BBBBb;MALAWI;SCR;3219.177087753338
894;KXWY2;INDIA;TND;4.69155170051239
895;KXWY2;TONGA;SGD;25.870727151260994
896;KXWY2;MEXICO;BRL;25.166279150940678
897;KXWY2;SEYCHELLES;MMK;47660.55670606221
898;KXWY2;TONGA;CAD;18.932678312784024
899;KXWY2;KOREA, REPUBLIC OF;MRO;3617.114033668549
900;KXWY2;TURKEY;HUF;7024.742551842107
901;KXWY2;PANAMA;SRD;550.5618067061268
902;KXWY2;DOMINICA;ANG;3.5785084726165994
903;KXWY2;ALBANIA;TRY;88.41863273237716
904;KXWY2;BERMUDA;TND;64.8624270947678
