;Client;Country;Currency;Transaction
0;ACV22;MADAGASCAR;PKR;298286.4250678902
1;ACV22;HAITI;MAD;8006.7392362076025
2;ACV22;NEPAL;KES;193595.56186859315
3;ACV22;MOROCCO;VES;75607.57947406046
4;ACV22;MALDIVES;TRY;65015.743789120366
5;ACV22;CHINA;SGD;596.6914260906723
6;ACV22;MOZAMBIQUE;CLP;1273576.847459821
7;ACV22;CHINA;MYR;9142.435819148468
8;ACV22;TURKEY;MZN;306124.3962249072
9;FNXa3;SAO TOME AND PRINCIPE;HTG;450127.39238289313
10;FNXa3;MYANMAR;GNF;142339015.23576593
11;FNXa3;UNITED KINGDOM;RSD;480624.1685989627
12;FNXa3;JAPAN;KRW;11983712.039483193
13;FNXa3;AUSTRALIA;TZS;19290326.294161014
14;FNXa3;FRENCH POLYNESIA;UGX;6277183.280900335
15;AAKXY;ARUBA;NAD;122558.16757611281
16;AAKXY;JAPAN;BOB;74269.98819678376
17;AAKXY;COLOMBIA;SZL;174552.5416993122
18;AAKXY;SWITZERLAND;TZS;5194850.953143163
19;AAKXY;TONGA;STD;252048530.84431165
20;AAKXY;SUDAN;SBD;42246.80378619745
21;AAKXY;DOMINICAN REPUBLIC;BHD;1249.128156607806
22;AAKXY;DOMINICA;UYU;502119.02663383837
23;AAKXY;MACAU;TZS;24952706.33133248
24;AAKXY;BRAZIL;XCD;26795.6852898011
25;AAKXY;SUDAN;BTN;803236.2491711001
26;AAKXY;BULGARIA;GYD;1825924.1475838656
27;AAKXY;TUNISIA;MYR;8598.857937567953
28;AAKXY;ZIMBABWE;XPF;1768836.6856600018
29;BJJMN;HAITI;SAR;5933.563824386041
30;BJJMN;MEXICO;MWK;53116.07803205122
31;BJJMN;SAMOA;XOF;438015.79011959257
32;BJJMN;NEPAL;VUV;109376.55174438875
33;BJJMN;BURUNDI;ALL;357058.84242012684
34;BJJMN;UNITED ARAB EMIRATES;HUF;1100830.6573533567
35;CCCCI;NEW ZEALAND;ZAR;204212.5419828273
36;CCCCI;NIGERIA;GNF;75414623.91346732
37;CCCCI;BURUNDI;BSD;9354.091209702345
38;CCCCI;ICELAND;AOA;193769.48457763597
39;CCCCI;PANAMA;GYD;1604235.724859953
40;CCCCI;UGANDA;GHS;42434.09988300441
41;CCCCI;ROMANIA;XCD;2954.5928608832337
42;CCCCI;VIET NAM;ISK;1805480.960447695
43;CCCCI;SEYCHELLES;PHP;315229.37072912906
44;CCCCI;YEMEN;RUB;934288.8909981113
45;CCCCI;KOREA, REPUBLIC OF;UAH;14437.95479546126
46;CCCCI;CHINA;ZMW;78.54422049632376
47;CCCCI;ETHIOPIA;PHP;325403.8691274129
48;CCCCI;SINGAPORE;RSD;1492447.2669587194
49;CCCCI;NORWAY;UYU;136842.1318371088
50;CCCCI;RWANDA;BHD;3853.8893517148167
51;CCCCI;DOMINICA;GMD;938620.8105145725
52;FFMV1;MOROCCO;BRL;1693.5768733080881
53;FFMV1;AUSTRALIA;MGA;13191375.318365514
54;FFMV1;ALGERIA;CNY;29386.958777411048
55;FFMV1;DJIBOUTI;OMR;828.8637684719613
56;FFMV1;GHANA;MUR;24899.055956252778
57;FFMV1;SIERRA LEONE;MZN;52163.3535987871
58;FFMV1;YEMEN;THB;136014.33394030028
59;FFMV1;KUWAIT;CHF;4468.248514674813
60;FFMV1;TANZANIA, UNITED REPUBLIC OF;QAR;8058.350302092132
61;FFMV1;MOZAMBIQUE;NOK;15321.166778519073
62;FFMV1;BERMUDA;BOB;5318.8376177162245
63;FFMV1;RUSSIAN FEDERATION;RWF;3412189.3465080895
64;FFMV1;BULGARIA;KHR;4093737.3986960277
65;FFMV1;MALAWI;MXN;46709.052658893
66;FFMV1;VANUATU;CYP;1796.8676618373293
67;FFMV1;CYPRUS;SGD;2583.589597228507
68;FFMV1;MAURITIUS;HNL;12390.804182798476
69;FFMV1;ZAMBIA;NPR;324959.40523677523
70;FFMV1;SWEDEN;DKK;9604.965613692426
71;FFMV1;MADAGASCAR;TWD;116710.22047734313
72;JMYYY;ZAMBIA;XPF;950845.4968775039
73;JMYYY;TONGA;PHP;90590.51817953867
74;JMYYY;ISRAEL;ZWL;5793203.786029683
75;JMYYY;MADAGASCAR;LVL;4580.2025938069755
76;JMYYY;AUSTRALIA;NOK;42733.751003896214
77;JMYYY;LATVIA;BMD;5267.674642247939
78;JMYYY;BRAZIL;PGK;7358.673254548858
79;JMYYY;UNITED KINGDOM;PEN;14716.547427730542
80;JMYYY;ETHIOPIA;HRK;72885.7172483729
81;JMYYY;GUINEA;BGN;875.3678618012714
82;CFGNb;COSTA RICA;ISK;26195.52489169087
83;GGXW3;PANAMA;LAK;638653833.8046064
84;GGXW3;PHILIPPINES;VND;1269078447.809551
85;GGXW3;ARUBA;INR;4480401.514639258
86;GGXW3;COLOMBIA;HUF;25326953.917240582
87;GGXW3;DENMARK;SOS;16939972.3998931
88;GGXW3;UNITED ARAB EMIRATES;JPY;11064523.437691767
89;GGXW3;ETHIOPIA;TWD;782848.962028114
90;GGXW3;UNITED ARAB EMIRATES;CHF;22104.712538148277
91;GGXW3;ZIMBABWE;TOP;105116.80964019752
92;GGXW3;PANAMA;LAK;808070335.638293
93;GGXW3;SOUTH AFRICA;AUD;37550.96550224767
94;GGXW3;ISRAEL;CHF;8779.230800667947
95;GGXW3;NORWAY;BGN;89767.2361794504
96;AEI22;GAMBIA;BTN;68372.23304633386
97;AEI22;BOLIVIA;ZWL;318494.7796275115
98;AEI22;COSTA RICA;KYD;204.8098552422449
99;AEI22;ICELAND;KES;125909.05303517019
100;AEI22;LATVIA;MUR;34008.555608280236
101;AEI22;UKRAINE;SOS;47997.732218763325
102;AEI22;ALBANIA;TRY;985.2209701834056
103;AEI22;MYANMAR;HNL;33628.65598819
104;AEI22;HUNGARY;JPY;9896.483605854695
105;AEI22;KUWAIT;PHP;784.3373320160565
106;AEI22;MALDIVES;BHD;367.90030134306704
107;AEI22;QATAR;MMK;916439.0449536021
108;AEI22;HONG KONG;BHD;358.47497161297565
109;AEI22;RUSSIAN FEDERATION;PES;222554.08274557872
110;AEI22;BELARUS;MYR;5358.8964905417415
111;BDDKW;CENTRAL AFRICAN REPUBLIC;SVC;6802.39249898784
112;BDDKW;SIERRA LEONE;JMD;73771.30151433781
113;BDDKW;AZERBAIJAN;NGN;22585.7302671608
114;BDDKW;CROATIA;PGK;709.3501448235336
115;BDDKW;SWITZERLAND;PEN;2773.8137188458563
116;BDDKW;PHILIPPINES;DOP;43865.67640377636
117;BDDKW;SAMOA;PKR;2414.9415594049005
118;BDDKW;CAPE VERDE;MYR;1995.3096798471843
119;BDDKW;BOLIVIA;HKD;399.08426860303
120;BDDKW;MOZAMBIQUE;GTQ;2392.7433184140646
121;BDDKW;CENTRAL AFRICAN REPUBLIC;MWK;311305.21032765834
122;BDDKW;GUATEMALA;SYP;24066.390373852424
123;BDDKW;FIJI;KWD;236.98744680618216
124;BDDKW;CAMBODIA;INR;38195.62554631797
125;BDDKW;LEBANON;MGA;1793535.6458609458
126;BDDKW;PARAGUAY;WST;2093.3521801974966
127;ADLYc;TAIWAN, PROVINCE OF CHINA;OMR;3230.040202898139
128;ADLYc;LEBANON;MVR;191653.4758858313
129;BZZc1;BAHAMAS;DZD;425180.63998900144
130;BZZc1;LATVIA;JPY;842748.8158549031
131;EJKVZ;FIJI;TND;6232.450086247861
132;EJKVZ;IRAN (ISLAMIC REPUBLIC OF);VES;10847.002226356566
133;EJKVZ;JAMAICA;BRL;9678.734442722376
134;EJKVZ;LIBYAN ARAB JAMAHIRIYA;WST;3878.122318617629
135;EJKVZ;BAHRAIN;WST;7916.489296450488
136;EJKVZ;BANGLADESH;MOP;3019.392513222523
137;EJKVZ;TRINIDAD AND TOBAGO;ISK;205553.93614765062
138;EJKVZ;SINGAPORE;ARS;679310.4030393092
139;EJKVZ;CAYMAN ISLANDS;HUF;323931.4237293006
140;EJKVZ;HAITI;NIO;4225.823408221161
141;EJKVZ;IRAQ;AOA;223014.44568429946
142;EJKVZ;ZIMBABWE;ZMW;50549.568618291276
143;EJKVZ;CANADA;MGA;12309596.433952127
144;EJKVZ;IRAQ;PAB;1096.146032651437
145;HVY13;VIET NAM;XOF;433274.5889030932
146;HVY13;PANAMA;IQD;4841580.053536981
147;HVY13;GHANA;RON;4746.089795846031
148;HVY13;KUWAIT;QAR;18926.76982207461
149;HVY13;CAPE VERDE;KES;302976.574957464
150;BNc12;LATVIA;PYG;82265101.0091362
151;BNc12;NORWAY;UAH;73970.42167187053
152;BNc12;DJIBOUTI;SDG;3669480.045550091
153;BNc12;TUNISIA;UYU;-617.5685511176714
154;BNc12;BOLIVIA;WST;16460.543835557717
155;BNc12;ETHIOPIA;ZMW;113655.3507073659
156;BNc12;MADAGASCAR;CRC;5319530.09024081
157;BNc12;HONG KONG;BTN;722723.971163718
158;BNc12;MADAGASCAR;CLP;7489362.83139267
159;BNc12;SWITZERLAND;BYR;29161105.27520013
160;BNc12;NEW ZEALAND;IRR;474882321.35735035
161;BNc12;SOMALIA;SGD;2774.58221788087
162;BNc12;LIBYAN ARAB JAMAHIRIYA;LKR;2274563.4442966194
163;BNc12;SOUTH AFRICA;MGA;41522986.1283085
164;BNc12;CAMBODIA;GYD;1241752.7637110539
165;BNc12;CAPE VERDE;XOF;5867883.678901074
166;BNc12;KAZAKHSTAN;KZT;5564182.04668679
167;BNc12;MALAYSIA;MMK;19796318.48689166
168;BNc12;LAO PEOPLE'S DEMOCRATIC REP;KES;1145686.5541540966
169;BNc12;ZAMBIA;SYP;2541539.2850395828
170;AADL3;CAPE VERDE;CZK;167268.15003596997
171;AADL3;GAMBIA;PYG;27244627.340227973
172;AADL3;CENTRAL AFRICAN REPUBLIC;CRC;26497057.745153356
173;AADL3;RUSSIAN FEDERATION;LVL;4155.212845683545
174;AADL3;GUINEA;MVR;549277.3375631276
175;AADL3;KUWAIT;VES;999531.854050561
176;AADL3;BRUNEI DARUSSALAM;BZD;54894.68924735216
177;AADL3;NETHERLANDS ANTILLES;SAR;40880.74043184135
178;AADL3;SWITZERLAND;LYD;60074.97681837318
179;AADL3;SRI LANKA;IDR;202265000.57926458
180;AADL3;ARUBA;LYD;77796.07522349119
181;AADL3;FIJI;UAH;913634.3420999036
182;AADL3;NEW ZEALAND;NGN;14367715.612873508
183;AADL3;PERU;GTQ;150389.94609135258
184;AADL3;SUDAN;ISK;1318258.7632515132
185;AADL3;SOMALIA;GMD;1727562.222198829
186;AADL3;NEW ZEALAND;MMK;55555659.507923454
187;AADL3;CZECH REPUBLIC;KZT;17142212.13169565
188;AFK12;ZAMBIA;SVC;39930.32852401382
189;AFK12;CHINA;LKR;1684951.2560530165
190;AFK12;BHUTAN;VND;21904929.506096035
191;AFK12;SWEDEN;MXN;16926.27772484617
192;AFK12;BAHRAIN;MWK;1827274.943732066
193;AFK12;HUNGARY;AZN;2548.574415184864
194;AFK12;BERMUDA;DOP;216527.36820385527
195;AFK12;UKRAINE;CHF;312.01568520522574
196;AFK12;CHINA;BTN;236342.10246401973
197;AFK12;PERU;NGN;2118924.424343608
198;AFK12;MAURITANIA;SGD;2736.226861017749
199;AFK12;MACAU;CNY;19229.60229030704
200;AFK12;BAHRAIN;ETB;209256.27464497375
201;AFK12;SUDAN;PES;758139.2049094419
202;AFK12;CAYMAN ISLANDS;VND;4607123.077938534
203;AFK12;ZIMBABWE;DZD;791221.628842149
204;AFK12;QATAR;DJF;1094592.4718413209
205;AFK12;IRAQ;CLP;4695551.858414214
206;JMNN1;MAURITANIA;MYR;72613.59091149151
207;JMNN1;NEW ZEALAND;PLN;43879.112421036276
208;JMNN1;CENTRAL AFRICAN REPUBLIC;UGX;27860952.899291195
209;JMNN1;POLAND;OMR;3375.5153588679523
210;JMNN1;OMAN;FJD;32817.94458982216
211;JMNN1;QATAR;XCD;49965.633675167766
212;JMNN1;BURUNDI;EUR;15144.760040268297
213;JMNN1;COSTA RICA;ARS;3186901.7559310766
214;JMNN1;RWANDA;QAR;44364.888063196384
215;JMNN1;NICARAGUA;SLL;300328434.2441764
216;JMNN1;SWITZERLAND;DOP;370379.62099979265
217;JMNN1;SURINAME;BBD;22438.2458171088
218;JMNN1;BRAZIL;LYD;95224.6394818142
219;JMNN1;TAIWAN, PROVINCE OF CHINA;MMK;19362246.358518776
220;JMNN1;ALGERIA;AED;60125.78353967807
221;JMNN1;VENEZUELA;HRK;93574.49983066632
222;JMNN1;HONDURAS;SYP;144693.65731816518
223;BBBJV;ICELAND;NOK;7649.138664745928
224;BBBJV;BAHAMAS;ALL;100113.8804709881
225;BBBJV;NEPAL;XPF;49313.57025866359
226;Nb122;TRINIDAD AND TOBAGO;EGP;156187.90564685932
227;Nb122;MADAGASCAR;VND;360364316.3198252
228;CDHV1;LEBANON;LVL;4880.788283682208
229;CDHV1;AZERBAIJAN;UYU;189980.60943856937
230;CDHV1;BERMUDA;PHP;46628.499757867525
231;CDHV1;MAURITANIA;SZL;71562.59559049451
232;CDHV1;LIBERIA;LAK;126257064.72366415
233;EFVZa;BRAZIL;PYG;74022492.25826563
234;EFVZa;MAURITIUS;MYR;9639.921664001897
235;EFVZa;KENYA;AED;12093.53875122125
236;EFVZa;MAURITANIA;ILS;26045.695911654846
237;EFVZa;CZECH REPUBLIC;JMD;383564.36746235273
238;EFVZa;TRINIDAD AND TOBAGO;RWF;6296965.683760464
239;EFVZa;BRAZIL;PEN;19939.608985105107
240;EFVZa;CROATIA;TWD;120368.98606417401
241;EFVZa;BULGARIA;ILS;10184.920973545955
242;EFVZa;COSTA RICA;AUD;2495.1779140119106
243;EFVZa;CHINA;VUV;118763.5833591537
244;BBCZ2;EL SALVADOR;MOP;66457.33555562464
245;BBCZ2;DOMINICAN REPUBLIC;ISK;203629.56529855248
246;BBCZ2;SINGAPORE;JMD;305137.2550638047
247;BBCZ2;MOZAMBIQUE;XAF;3069259.764494157
248;BBCZ2;PHILIPPINES;CYP;4172.066219844916
249;BBCZ2;MAURITANIA;SGD;2642.623031178119
250;BBCZ2;SYRIAN ARAB REPUBLIC;XAF;5319702.565478403
251;BBCZ2;DENMARK;QAR;27973.170938049072
252;BBCZ2;LIBYAN ARAB JAMAHIRIYA;BIF;18036473.376973122
253;BBCZ2;THAILAND;SAR;5141.036894939723
254;BBCZ2;BAHAMAS;VND;174406288.1454896
255;BBCZ2;COSTA RICA;BIF;3845381.9820063324
256;BBCZ2;PHILIPPINES;HKD;63385.072407864005
257;BBCZ2;MAURITANIA;LYD;27492.726417609778
258;BBCZ2;SUDAN;JPY;995837.7642303025
259;BBCZ2;MOZAMBIQUE;SRD;46795.92454373821
260;BBCZ2;BERMUDA;PLN;32097.71057612948
261;BBCZ2;BRAZIL;BMD;75.3227899344632
262;BBCZ2;HAITI;TWD;102024.46792602491
263;BBCZ2;BELARUS;CVE;21681.16225741237
264;BDDIZ;LEBANON;XCD;4584.365902547807
265;BDDIZ;SEYCHELLES;ANG;4314.394209505678
266;BDDIZ;SIERRA LEONE;YER;419744.9455783237
267;BDDIZ;KENYA;KWD;1130.784684512067
268;BDDIZ;SINGAPORE;GMD;11364.054442329147
269;BDDIZ;SUDAN;EUR;1640.889012104819
270;BDDIZ;SAUDI ARABIA;SEK;5101.093521924953
271;BDDIZ;KAZAKHSTAN;ANG;1043.4484868244929
272;BDDIZ;BOTSWANA;QAR;16990.81453475185
273;BDDIZ;CYPRUS;ZWL;2691290.6715902323
274;BDDIZ;MADAGASCAR;SAR;18186.181758686318
275;BDDIZ;MALAWI;CNY;14134.148782192851
276;BDDIZ;TONGA;OMR;70.28037107021132
277;BDDIZ;GUYANA;BND;541.2811732351695
278;BDDIZ;THAILAND;DOP;5647.198740042029
279;BDDIZ;DOMINICA;AED;1564.0987614094681
280;BDDIZ;RWANDA;ANG;1657.1376816178808
281;BDDIZ;JAPAN;MVR;55309.43268287065
282;BDDIZ;POLAND;AZN;6055.778231825362
283;BDDIZ;LATVIA;LYD;14221.236490364005
284;GYZZc;EL SALVADOR;PKR;3623426.75887242
285;GYZZc;ZIMBABWE;TRY;54679.37337462635
286;GYZZc;DJIBOUTI;BMD;19227.423974482903
287;GYZZc;NIGERIA;XAF;4497156.794506881
288;GYZZc;PANAMA;SOS;8101575.348408343
289;GYZZc;COSTA RICA;RSD;2402693.168152706
290;GYZZc;HUNGARY;COP;18153112.319748186
291;KYYY3;CHILE;BRL;5159.803352864476
292;KYYY3;OMAN;BTN;129890.45293911977
293;KYYY3;QATAR;JPY;101124.96292758414
294;KYYY3;CAYMAN ISLANDS;AUD;233.4951697402517
295;KYYY3;JAMAICA;YER;163869.09836700602
296;KYYY3;BULGARIA;SBD;14662.952889193966
297;KYYY3;GHANA;NPR;202309.22898010042
298;KYYY3;BURUNDI;XAF;636446.5582591124
299;KYYY3;VENEZUELA;BSD;909.8689756816119
300;KYYY3;AZERBAIJAN;KZT;913622.9165996574
301;KYYY3;SRI LANKA;NPR;38836.26330763845
302;KYYY3;BELIZE;GBP;1347.7748434965163
303;KYYY3;KUWAIT;SDG;156335.98463049805
304;KYYY3;GAMBIA;BHD;636.8140331654913
305;KYYY3;MAURITANIA;RON;803.7282066016669
306;CGXXZ;SAO TOME AND PRINCIPE;SZL;28983.378771741656
307;CGXXZ;UKRAINE;NIO;59732.72646931223
308;CGXXZ;JAPAN;DKK;24435.645758561106
309;CGXXZ;SWAZILAND;BZD;7515.985222670902
310;CGXXZ;UNITED ARAB EMIRATES;BND;4950.82257243871
311;CGXXZ;BAHRAIN;NIO;139967.77489508808
312;CGXXZ;IRAQ;KWD;191.2318867980882
313;CGXXZ;GAMBIA;NPR;84501.84022737463
314;CGXXZ;ALBANIA;CLP;1495004.226646279
315;CGXXZ;ARUBA;MVR;39208.48848660596
316;CGXXZ;SWITZERLAND;STD;25690582.15261989
317;CGXXZ;KUWAIT;TWD;8883.793304206172
318;CGXXZ;KUWAIT;MXN;4348.860149912007
319;CGXXZ;TANZANIA, UNITED REPUBLIC OF;SCR;22773.903124695382
320;CGXXZ;QATAR;CNY;21966.06929858061
321;CGXXZ;HUNGARY;HKD;11031.782753597421
322;FYYYZ;MAURITANIA;MYR;2109.1779008385174
323;FYYYZ;GHANA;BRL;3879.4181969319247
324;FYYYZ;BARBADOS;SEK;11362.606540347015
325;CVWW1;ALGERIA;TTD;84609.64881976838
326;CVWW1;MALDIVES;HRK;30937.439246303697
327;CVWW1;SAUDI ARABIA;ISK;2463185.764932898
328;CVWW1;MALDIVES;GTQ;114290.09609094262
329;CVWW1;UNITED KINGDOM;LAK;133742183.6464448
330;CVWW1;FRENCH POLYNESIA;WST;32794.76731478388
331;CVWW1;GUYANA;MMK;33345022.32853438
332;CVWW1;LEBANON;LYD;30265.681640811417
333;CVWW1;JAPAN;JMD;2023594.2259533354
334;FHMMX;URUGUAY;ZMW;14243.171609133293
335;FHMMX;FIJI;BYR;5849519.929557447
336;FHMMX;UNITED ARAB EMIRATES;UYU;24164.291593810784
337;FHMMX;TANZANIA, UNITED REPUBLIC OF;ISK;21029.4239524109
338;FHMMX;SWITZERLAND;SVC;4442.44034683984
339;FHMMX;HONDURAS;XPF;2765.42928853982
340;FHMMX;SWAZILAND;ZWL;303836.93609418016
341;EH333;JAPAN;LVL;5683.074217708941
342;EH333;MAURITANIA;NOK;53523.750760736904
343;EH333;NORWAY;OMR;2036.695803682367
344;AJLYb;BANGLADESH;BSD;166.53240111401135
345;AJLYb;EL SALVADOR;MZN;27200.339184141296
346;AJLYb;AZERBAIJAN;GYD;114125.3690251284
347;AJLYb;VIET NAM;BWP;2407.6681780222016
348;AJLYb;DJIBOUTI;SAR;1295.7864723099624
349;AJLYb;COLOMBIA;IRR;30785460.673651736
350;AJLYb;SOMALIA;PHP;34712.881621326276
351;AJLYb;ANGOLA;CVE;26102.293927847575
352;AJLYb;ICELAND;PAB;459.48912505175474
353;AJLYb;TURKEY;MWK;441345.8269319598
354;AJLYb;DOMINICAN REPUBLIC;MWK;131777.72563003906
355;AJLYb;LEBANON;TZS;1559612.9715851299
356;AJLYb;INDONESIA;BIF;1130632.7204477377
357;AJLYb;HAITI;MMK;1399033.6957001544
358;CFHJb;NEW ZEALAND;SVC;172631.44756252193
359;CFHJb;EGYPT;XOF;9385694.020327913
360;CFHJb;LEBANON;BBD;32882.95596883021
361;CFHJb;BOTSWANA;INR;196056.37313601823
362;CFHJb;ZIMBABWE;SYP;344126.3186799444
363;CFHJb;VIET NAM;AUD;15661.3748752116
364;CFHJb;SERBIA;AOA;3793272.8487702236
365;CFHJb;ICELAND;GNF;83158813.90650806
366;IJLVb;FRENCH POLYNESIA;SDG;338671.4373850757
367;IJLVb;BELARUS;KYD;1308.9130535471043
368;IJLVb;MEXICO;SDG;1782439.9404438166
369;IJLVb;COSTA RICA;BGN;4517.313130780041
370;IJLVb;DJIBOUTI;PAB;1783.7684115328505
371;IJLVb;PHILIPPINES;KES;242054.80751125945
372;CFGNY;BHUTAN;ZAR;-1489.1183701433465
373;CFGNY;INDONESIA;NOK;124261.23978772855
374;CFGNY;NETHERLANDS ANTILLES;DZD;144137.97858761594
375;CFGNY;MACAU;SBD;86528.54763030398
376;CFGNY;ANGOLA;DKK;36268.991369924486
377;CFGNY;UGANDA;GBP;7124.6547083228215
378;CFGNY;TANZANIA, UNITED REPUBLIC OF;PEN;51860.55343062032
379;CFGNY;NETHERLANDS ANTILLES;SDG;1235884.5300983167
380;AEGKb;COLOMBIA;KES;126037.35921000062
381;AEGKb;SINGAPORE;TWD;23814.34628345017
382;AEGKb;MAURITANIA;ISK;11611.265517521271
383;AEGKb;POLAND;PGK;7497.907256147825
384;AEGKb;HAITI;MVR;27364.058110648097
385;AEGKb;NORWAY;MRO;401672.3124207815
386;AEGKb;ROMANIA;TRY;20353.096405991204
387;AEGKb;COLOMBIA;HNL;28647.095309992306
388;AEGKb;BERMUDA;BTN;80840.52242614694
389;AEGKb;BELIZE;VES;34862.00884599981
390;AEGKb;LIBYAN ARAB JAMAHIRIYA;TND;7712.688060677393
391;AEGKb;BOTSWANA;XOF;172309.07053664784
392;AEGKb;ROMANIA;MAD;5294.031091067313
393;AEGKb;LAO PEOPLE'S DEMOCRATIC REP;XPF;199290.08565055783
394;AEGKb;TOGO;EUR;2335.3410649015195
395;AEGKb;UGANDA;PAB;984.7155929601645
396;AEGKb;COSTA RICA;MOP;2627.633877623919
397;AEGKb;KUWAIT;TOP;1302.396531601784
398;AEGKb;OMAN;DZD;171979.1726164138
399;BBEa2;GUINEA;BDT;2705391.453412372
400;BBEa2;PANAMA;THB;89996.27503587116
401;BBEa2;JAMAICA;CVE;38296.00893219109
402;BBEa2;SOLOMON ISLANDS;MVR;428593.2244503072
403;BBEa2;PERU;CYP;10398.771115150987
404;BBEa2;LATVIA;TND;55474.869077339594
405;FYZZa;VANUATU;DOP;437497.5469718757
406;FYZZa;SOLOMON ISLANDS;PEN;18980.767876171005
407;FYZZa;HONDURAS;SVC;26552.766339207505
408;FYZZa;MEXICO;LYD;4345.969751310277
409;FYZZa;MACAU;EUR;3798.8009572976716
410;FYZZa;TAIWAN, PROVINCE OF CHINA;GNF;39067220.89417133
411;FYZZa;ICELAND;CZK;161726.92896268074
412;FYZZa;MALAWI;QAR;28136.591041507407
413;FYZZa;SYRIAN ARAB REPUBLIC;BHD;866.6230492658244
414;FYZZa;TANZANIA, UNITED REPUBLIC OF;HNL;188560.15066642832
415;GLMWW;NEPAL;KES;44607.72637872133
416;GLMWW;SURINAME;BRL;5292.294742671268
417;GLMWW;LIBYAN ARAB JAMAHIRIYA;TWD;14368.534095707077
418;GLMWW;JAPAN;CNY;11744.112332577482
419;GLMWW;MALAYSIA;UYU;48148.59801268148
420;GLMWW;RUSSIAN FEDERATION;MVR;23684.726559036437
421;GLMWW;COLOMBIA;IRR;26555462.142864402
422;GLMWW;CHILE;NIO;49164.06961838415
423;GLMWW;QATAR;XOF;520056.97521348356
424;GLMWW;SOUTH AFRICA;MYR;1026.6076338175021
425;GLMWW;AUSTRALIA;MRO;604772.689792
426;GLMWW;FIJI;SRD;1347.3867700898898
427;GLMWW;ARUBA;BSD;1473.9990226832695
428;GLMWW;JORDAN;NAD;30868.538704590264
429;GLMWW;GUINEA;LAK;6309684.436796321
430;GLMWW;SYRIAN ARAB REPUBLIC;SEK;395.99425236851687
431;GLMWW;URUGUAY;RON;4525.445206291825
432;GLMWW;SAMOA;RON;5761.32821186797
433;GLMWW;BANGLADESH;PGK;3401.412116024251
434;DDIK2;KAZAKHSTAN;XPF;275946.6728892032
435;DDIK2;SINGAPORE;TZS;5166431.529572005
436;DDIK2;EL SALVADOR;CZK;54942.941254034886
437;DDIK2;SINGAPORE;BYR;27521087.57821607
438;DDIK2;SYRIAN ARAB REPUBLIC;LAK;6774785.350811723
439;DDIK2;BARBADOS;IQD;2924016.8974543386
440;DDIK2;DENMARK;BIF;1786542.3611825577
441;DDIK2;ARGENTINA;THB;43529.955986855726
442;DDIK2;COSTA RICA;MAD;24128.670644306087
443;DDIK2;IRAQ;NZD;3821.490778646077
444;DDIK2;PARAGUAY;DKK;15502.950715080819
445;DDIK2;BANGLADESH;MGA;8089828.676714983
446;CDYYc;KENYA;VES;25934.20734216019
447;CDYYc;JORDAN;KZT;25621.36966693549
448;CDYYc;SOMALIA;LYD;312.86724667255373
449;CDYYc;MAURITANIA;KES;135673.5461556818
450;CDYYc;BURUNDI;CYP;135.90269518411048
451;CDYYc;VIET NAM;SBD;6498.369938231866
452;CDYYc;LAO PEOPLE'S DEMOCRATIC REP;ZAR;1424.0677838027707
453;CDYYc;THAILAND;ARS;310940.5941799591
454;CDYYc;UNITED KINGDOM;BRL;3250.0291063411114
455;CDYYc;BELARUS;SBD;2417.703741324152
456;CDYYc;GAMBIA;LVL;1119.8755202041139
457;CDYYc;CAYMAN ISLANDS;BMD;575.4030474739618
458;BDFHH;BANGLADESH;XCD;14876.420751945378
459;BDFHH;COLOMBIA;TRY;112455.08210804059
460;BDFHH;UNITED KINGDOM;GNF;3989796.2022695104
461;BDFHH;TOGO;JOD;4670.500362726439
462;BDFHH;DOMINICA;MOP;1902.3890062731703
463;BDFHH;BULGARIA;NZD;6908.927087508868
464;BDFHH;IRAQ;DJF;1235307.1824548275
