;Client;Country;Currency;Transaction
0;EWWZa;BULGARIA;BTN;1771735.3052754041
1;EWWZa;CANADA;KRW;6911242.650180519
2;EWWZa;TANZANIA, UNITED REPUBLIC OF;MMK;29788067.75038357
3;EWWZa;RUSSIAN FEDERATION;CRC;1012574.5893998216
4;EWWZa;SINGAPORE;GMD;771094.2188204338
5;EWWZa;EURO;RON;69918.56894951662
6;EWWZa;LIBERIA;TZS;6044775.667650594
7;EWWZa;BANGLADESH;BMD;3732.2031865872495
8;EWWZa;BAHRAIN;MOP;187383.11467740676
9;EWWZa;VIET NAM;SDG;4820715.857371593
10;EWWZa;ZAMBIA;RUB;943565.5073370895
11;EWWZa;VIET NAM;IQD;19240344.353712637
12;FMZbc;LIBERIA;NZD;3424.8605636298203
13;FMZbc;JORDAN;BZD;5184.684263038516
14;FMZbc;GHANA;DZD;386490.8126238995
15;FMZbc;SEYCHELLES;BIF;10115959.838980041
16;FMZbc;OMAN;CLP;848995.2006188022
17;FMZbc;KAZAKHSTAN;HKD;37015.76466421748
18;ADFHI;KUWAIT;BND;6808.89949947861
19;ADFHI;MEXICO;PES;281182.6155311942
20;ADFHI;PERU;BZD;2046.5717640295807
21;ADFHI;MALDIVES;SBD;28164.954325181585
22;ADFHI;VANUATU;HUF;21404.393058314054
23;ADFHI;BELARUS;MXN;7689.936475889691
24;BHNY1;BRAZIL;SAR;54607.43616830545
25;BHNY1;BANGLADESH;NAD;179914.04759945223
26;BHNY1;UNITED ARAB EMIRATES;BRL;25533.51325615677
27;BHNY1;PARAGUAY;IRR;867223193.2339984
28;BHNY1;CENTRAL AFRICAN REPUBLIC;ZAR;422490.0676901037
29;BHNY1;BULGARIA;BZD;39682.31568044992
30;BHNY1;CZECH REPUBLIC;CZK;165041.91216644092
31;BHNY1;HAITI;LVL;7025.532332745774
32;CCEJX;GUINEA;MWK;12256342.135372326
33;CCEJX;FIJI;ILS;26304.349572390653
34;CCEJX;BAHRAIN;QAR;40386.795483398346
35;CCEJX;BARBADOS;ISK;2105482.2445134306
36;CCEJX;SAMOA;TOP;9539.392155905382
37;CCEJX;PAKISTAN;SDG;8442829.503291192
38;CCEJX;KENYA;BSD;18101.781716246827
39;CCEJX;CAYMAN ISLANDS;GMD;347012.589721117
40;CCEJX;ALGERIA;BWP;164052.47612992855
41;CCEJX;GUYANA;IDR;275599444.2721419
42;CCEJX;PHILIPPINES;BBD;9594.769504798878
43;CCEJX;MACAU;EGP;78344.53355813352
44;CCEJX;TURKEY;ANG;25949.950489163966
45;CCEJX;MADAGASCAR;NIO;276189.41668202553
46;CCEJX;ALBANIA;AED;56692.391148818635
47;CCEJX;EGYPT;JOD;13108.00894773349
48;CIY22;SURINAME;XCD;1988.1636547283797
49;CIY22;LIBERIA;MVR;16499.150974506712
50;CIY22;SAUDI ARABIA;BTN;82782.94741430835
51;CIY22;BOLIVIA;NGN;310868.7403604721
52;CIY22;HONG KONG;GMD;64473.11645933238
53;CIY22;ZAMBIA;SVC;164.7446528236999
54;CIY22;COLOMBIA;INR;11482.492819555595
55;CIY22;SYRIAN ARAB REPUBLIC;NGN;21986.286034683864
56;CIY22;BELARUS;SDG;494116.71310023667
57;CIY22;TOGO;CAD;257.5347145983494
58;CIY22;PARAGUAY;MVR;947.7180342882854
59;CIY22;SOMALIA;PEN;86.33308312029486
60;CIY22;EGYPT;ETB;18890.791660513558
61;CIY22;PHILIPPINES;CVE;67775.65262785475
62;CIY22;ROMANIA;DOP;22892.140038704634
63;CIY22;SAUDI ARABIA;BND;723.0153012981011
64;CIY22;PAPUA NEW GUINEA;COP;3570424.049256875
65;CIY22;RWANDA;SCR;8962.185466845182
66;CIY22;BOLIVIA;KWD;26.328210495241454
67;EHMW1;SWITZERLAND;ILS;88065.02138670524
68;EHMW1;TAIWAN, PROVINCE OF CHINA;VES;590684.1457575305
69;EHMW1;BOLIVIA;SCR;482780.86237810104
70;EHMW1;TOGO;INR;976530.4642963613
71;EHMW1;SURINAME;QAR;140262.22593619864
72;EHMW1;INDIA;LKR;15446104.62589022
73;EHMW1;CROATIA;MXN;1510.1848692331216
74;EHMW1;SEYCHELLES;NAD;-7494.065958202409
75;DGYa3;SINGAPORE;COP;597208193.48176
76;DGYa3;PARAGUAY;ANG;190846.26706223618
77;DGYa3;GUATEMALA;LAK;824130167.4794891
78;DGYa3;TURKEY;JPY;981772.1442961732
79;DGYa3;CHINA;AED;11504.868176964197
80;DGYa3;YEMEN;BOB;495530.3904580568
81;DGYa3;MAURITANIA;STD;2596324168.0047674
82;DGYa3;DOMINICA;THB;1106375.435349962
83;DGYa3;EURO;KHR;386245525.14439857
84;DGYa3;SRI LANKA;QAR;66751.21152484539
85;DGYa3;SOMALIA;CRC;53411103.8561111
86;DGYa3;CENTRAL AFRICAN REPUBLIC;MOP;702140.0140431214
87;DGYa3;JAPAN;BTN;5733253.718397217
88;BLXWW;MEXICO;TND;29184.9925644815
89;BLXWW;EGYPT;SEK;108710.1921275364
90;BLXWW;DENMARK;GHS;39844.95329595698
91;MXYc3;BRUNEI DARUSSALAM;EUR;10411.540540097743
92;MXYc3;NICARAGUA;CHF;9105.958112879625
93;MXYc3;GUINEA;BYR;122717101.42944387
94;MXYc3;EL SALVADOR;LBP;14350958.056647668
95;MXYc3;SAUDI ARABIA;GYD;2380307.0249925605
96;MXYc3;CAYMAN ISLANDS;LYD;16799.10756281693
97;MXYc3;MALDIVES;BYR;255598461.25995862
98;MXYc3;SURINAME;BYR;44076203.096998826
99;MXYc3;UKRAINE;ILS;11455.253387678296
100;MXYc3;NAMIBIA;LVL;850.9838336873457
101;MXYc3;COLOMBIA;LRD;1483949.4262993291
102;MXYc3;ISRAEL;PAB;3908.5974955755723
103;MXYc3;MALAWI;BBD;9554.349433629177
104;MXYc3;SWAZILAND;CYP;2239.3883025066693
105;MXYc3;DJIBOUTI;RON;18111.263009190374
106;MXYc3;IRAQ;MYR;36650.320655479176
107;MXYc3;CHILE;PAB;8684.541933039964
108;MXYc3;IRAN (ISLAMIC REPUBLIC OF);FJD;3890.057846134558
109;MXYc3;HAITI;DJF;1152207.6509312957
110;DKX33;PANAMA;BGN;3771.7237254178585
111;DKX33;RUSSIAN FEDERATION;THB;-2210.8754926290194
112;DMX22;BULGARIA;SRD;987239.0460005414
113;DMX22;CENTRAL AFRICAN REPUBLIC;BIF;68436265.84276043
114;DMX22;CYPRUS;MXN;893021.0342878172
115;DMX22;DOMINICA;SBD;164373.57382457907
116;DMX22;SINGAPORE;PGK;124096.82815225505
117;HYZb2;INDIA;JOD;13856.653361059576
118;HYZb2;OMAN;KES;2389852.6968659586
119;HYZb2;MALDIVES;GNF;83148492.77040395
120;HYZb2;EGYPT;SZL;16187.849885639493
121;HYZb2;JAMAICA;NOK;173236.83783817018
122;HYZb2;ANGOLA;KES;1886217.2344664205
123;HYZb2;NEPAL;PLN;106638.79368386633
124;HYZb2;BELIZE;SYP;10734020.72222277
125;HYZb2;SOMALIA;HKD;194716.04372474187
126;HYZb2;COSTA RICA;SZL;18602.308851633185
127;HYZb2;TUNISIA;MRO;6013533.098775492
128;HYZb2;GHANA;SEK;213503.38120328748
129;HYZb2;EGYPT;MGA;41944074.87043947
130;HYZb2;ISRAEL;KZT;10588801.813650452
131;HYZb2;GUYANA;STD;279347687.54264885
132;HYZb2;SINGAPORE;RON;56213.51033739036
133;HYZb2;FRENCH POLYNESIA;MAD;224858.26356045483
134;HYZb2;URUGUAY;ARS;2861409.701925561
135;HYZb2;BULGARIA;RSD;518963.99271782715
136;HYZb2;KOREA, REPUBLIC OF;NOK;46428.252301340064
137;DKYZ3;JORDAN;KRW;14406387.679611009
138;DKYZ3;NICARAGUA;BND;15328.948987597792
139;DKYZ3;PARAGUAY;PEN;11788.292796202273
140;DKYZ3;PAKISTAN;THB;438632.35029236646
141;DKYZ3;LIBYAN ARAB JAMAHIRIYA;NZD;7639.94109751152
142;DKYZ3;LIBYAN ARAB JAMAHIRIYA;PYG;62381682.507223345
143;DKYZ3;BELIZE;MOP;64762.657794387065
144;BIMVb;JORDAN;CNY;14916.766382419224
145;BIMVb;CAMBODIA;ZAR;17615.674489766134
146;BIMVb;BAHRAIN;SYP;279866.8174391281
147;BIMVb;MOROCCO;BSD;2397.594759091984
148;HKLNb;HAITI;TOP;806.4626022571556
149;HKLNb;PANAMA;SDG;123361.6186711516
150;HKLNb;MAURITANIA;INR;17190.80678053269
151;HKLNb;FIJI;LYD;254.03706526186332
152;HKLNb;BRUNEI DARUSSALAM;ETB;13023.945710770087
153;HKLNb;GUYANA;LYD;4344.84028285171
154;HKLNb;PAKISTAN;KWD;529.066583829176
155;HKLNb;CROATIA;LAK;35082974.9401784
156;HKLNb;CENTRAL AFRICAN REPUBLIC;SVC;8926.724360587901
157;GJNX3;DOMINICAN REPUBLIC;STD;44315816.1258821
158;GJNX3;TOGO;HTG;359554.15689968097
159;GJNX3;ARGENTINA;CVE;608862.1042614253
160;GJNX3;TANZANIA, UNITED REPUBLIC OF;BWP;91877.94915238438
161;GJNX3;IRAN (ISLAMIC REPUBLIC OF);INR;577093.7163624606
162;DDDFc;MEXICO;AWG;2042.4414352935933
163;DDDFc;SERBIA;LBP;2167660.412145675
164;DDDFc;CANADA;EUR;299.4997722047671
165;DDDFc;CYPRUS;PES;132829.93685700558
166;DDDFc;EURO;BTN;72881.62082009525
167;DDDFc;BERMUDA;TZS;3941791.160646355
168;DDDFc;BRAZIL;EGP;2772.7328218590606
169;DDDFc;PAKISTAN;ZMW;26521.008717756686
170;DDDFc;TONGA;IQD;2271305.855816894
171;DDDFc;GUYANA;SCR;14842.40649424452
172;DDDFc;BELIZE;SBD;8103.444266297672
173;DDDFc;BULGARIA;TTD;10878.452599824643
174;DDDFc;GUYANA;KHR;4878594.0263373405
175;DDDFc;TRINIDAD AND TOBAGO;VND;35114413.70181344
176;DDDFc;KAZAKHSTAN;LBP;1384753.665061796
177;DDDFc;SOLOMON ISLANDS;MOP;1225.9304863451164
178;FNVYY;NICARAGUA;DZD;83627.91234501946
179;FNVYY;GUATEMALA;MMK;799611.1128469697
180;FNVYY;CHINA;TOP;3357.9922174339317
181;FNVYY;SOMALIA;RON;4207.5085973098685
182;FNVYY;BELIZE;ZWL;1126792.73559283
183;FNVYY;MEXICO;HTG;115865.68479949536
184;FNVYY;ZIMBABWE;BRL;2330.4402018318406
185;FNVYY;MAURITIUS;BWP;2211.050816005828
186;FNVYY;NEW ZEALAND;MMK;2312796.8431519954
187;FNVYY;FRENCH POLYNESIA;BYR;4907700.366693046
188;FNVYY;TUNISIA;SZL;6510.596570053665
189;HKNWW;BOLIVIA;PGK;154.74855986432416
190;HKNWW;OMAN;UGX;17002.36207238201
191;HKNWW;MALAYSIA;SVC;18.68251610491652
192;HKNWW;GAMBIA;MYR;238.26854758315605
193;HKNWW;CYPRUS;XAF;17448.124043744097
194;HKNWW;SIERRA LEONE;HKD;382.1808573431052
195;HKNWW;LAO PEOPLE'S DEMOCRATIC REP;ANG;75.91340715278415
196;HKNWW;EURO;TND;0.9472536012211334
197;HKNWW;ZAMBIA;PHP;3002.893668889858
198;HKNWW;GUATEMALA;HRK;118.10140305936548
199;HKNWW;MALAYSIA;TWD;765.3014750986791
200;LVZb1;BULGARIA;ZWL;14087.048218615086
201;LVZb1;UNITED ARAB EMIRATES;BIF;72665.12782470568
202;LVZb1;ISRAEL;MAD;792.102389292373
203;LVZb1;URUGUAY;THB;2118.7855988454867
204;LVZb1;BURUNDI;MAD;415.09066451471745
205;LVZb1;EL SALVADOR;SBD;616.8782048125031
206;LVZb1;DOMINICA;PKR;15377.303559515673
207;LVZb1;GAMBIA;VND;3123472.5661043683
208;LVZb1;INDONESIA;ETB;2240.9535210792887
209;LVZb1;SIERRA LEONE;DKK;403.11883920315
210;LVZb1;MALDIVES;LRD;-169.44649428629208
211;LVZb1;MALDIVES;DJF;16934.117602313832
212;LVZb1;MALDIVES;TRY;1824.8266039018463
213;LVZb1;BOTSWANA;ETB;4823.570395239242
214;LVZb1;MALAYSIA;GBP;53.35101735568947
215;LVZb1;COLOMBIA;BND;109.0057742442056
216;GXaab;LAO PEOPLE'S DEMOCRATIC REP;UGX;21544059.339801043
217;GXaab;LIBYAN ARAB JAMAHIRIYA;MUR;112438.59374831781
218;CEKV2;ANGOLA;WST;5925.205911809279
219;CEKV2;HAITI;HKD;29695.962128531348
220;CEKV2;ANGOLA;IRR;14188623.300466755
221;CEKV2;PAKISTAN;MZN;20085.220941613283
222;CEKV2;TOGO;AED;581.8692535870807
223;CEKV2;IRAN (ISLAMIC REPUBLIC OF);NPR;462937.262081028
224;CEKV2;COSTA RICA;PYG;5324678.998886794
225;CEKV2;LIBERIA;JMD;488578.8796485608
226;CEKV2;LIBYAN ARAB JAMAHIRIYA;CNY;9283.304431803
227;CEKV2;HONDURAS;GHS;6476.050547853441
228;CEKV2;CAYMAN ISLANDS;MVR;41095.19628634991
229;CEKV2;SWITZERLAND;BZD;6752.041654722484
230;CEKV2;NETHERLANDS ANTILLES;CRC;2092908.2152111859
231;CEKV2;YEMEN;GYD;259902.0790152864
232;BFKLa;ARGENTINA;IQD;32995759.54744294
233;BFKLa;SAO TOME AND PRINCIPE;UGX;47458100.8992941
234;BFKLa;EL SALVADOR;IQD;19406084.644655414
235;BFKLa;TANZANIA, UNITED REPUBLIC OF;NGN;8809123.904168265
236;BFKLa;VANUATU;WST;7024.651715081218
237;BFKLa;MOZAMBIQUE;MRO;7183010.499292438
238;BFKLa;LEBANON;MZN;1115897.68556254
239;HMMNV;RUSSIAN FEDERATION;SRD;-1981.7029279662179
240;HMMNV;SOLOMON ISLANDS;QAR;18785.812079403404
241;HMMNV;JAMAICA;UGX;45467662.56227868
242;HMMNV;DENMARK;RSD;375832.4425534407
243;HMMNV;GUATEMALA;CHF;70.33069489435309
244;HMMNV;SOMALIA;GBP;7983.793205247049
245;HMMNV;TOGO;NPR;1259586.5966017754
246;HMMNV;PAPUA NEW GUINEA;IQD;2625708.0776419975
247;HMMNV;QATAR;NGN;3282753.38151823
248;HMMNV;DENMARK;AWG;6059.7899774482075
249;HMMNV;TAIWAN, PROVINCE OF CHINA;TZS;20672624.97181023
250;HMMNV;PHILIPPINES;SRD;345212.65005171514
251;HMMNV;BURUNDI;CZK;284324.6160094918
252;HMMNV;CANADA;ILS;22197.233894413712
253;EJaa1;PAKISTAN;ALL;299288.42823340965
254;EJaa1;SUDAN;DJF;538887.3133869893
255;EJaa1;RUSSIAN FEDERATION;BBD;4923.655228575946
256;CGGaa;TUNISIA;NPR;53363.05947258961
257;CGGaa;CROATIA;OMR;454.73423037850984
258;CGGaa;HONG KONG;TND;3793.0985649324693
259;CGGaa;ISRAEL;HNL;25743.299070370893
260;CGGaa;CHINA;HUF;268329.9721343247
261;EZ123;CAMBODIA;IQD;28400265.891072325
262;EZ123;BHUTAN;SVC;218394.18615678226
263;EZ123;COSTA RICA;IQD;41228079.27121288
264;EZ123;SUDAN;STD;23700406.12857272
265;CJXXW;BRAZIL;ILS;19878.348207608127
266;CJXXW;BOLIVIA;TND;23189.99052724878
267;CJXXW;MYANMAR;NZD;8873.32491689278
268;CJXXW;YEMEN;SDG;517013.45097287465
269;CJXXW;LATVIA;RWF;5506472.468046158
270;CJXXW;BARBADOS;CRC;4033825.683201799
271;CJXXW;CROATIA;NIO;99654.30903519943
272;CJNVX;DOMINICAN REPUBLIC;KHR;1871546.87165599
273;CJNVX;SEYCHELLES;KWD;66.95805834570693
274;CJNVX;KENYA;SBD;4217.712572144808
275;CJNVX;NETHERLANDS ANTILLES;GMD;23519.908178490252
276;CJNVX;NIGERIA;CYP;361.44205422162497
277;CJNVX;KAZAKHSTAN;PLN;2130.9911776731215
278;CJNVX;BRUNEI DARUSSALAM;INR;2989.774420385192
279;CJNVX;BARBADOS;AOA;196424.60709042518
280;CJNVX;MEXICO;XAF;220390.70998595157
281;CJNVX;LEBANON;CAD;620.7907540626219
282;CJNVX;PAKISTAN;LRD;31591.1808315986
283;CJNVX;LIBERIA;NZD;979.938439958502
284;CJNVX;NICARAGUA;KZT;239877.3724414117
285;CJNVX;UNITED ARAB EMIRATES;ARS;49760.87230325521
286;CJNVX;JAPAN;PES;25244.13630181451
287;CJNVX;HUNGARY;MVR;198.23703457241905
288;CJNVX;PAPUA NEW GUINEA;IDR;1096687.774144272
289;JJKNb;HONDURAS;TOP;30390.51015441615
290;JJKNb;ALBANIA;UAH;324071.5208189031
291;JJKNb;NEW ZEALAND;QAR;47025.388050342015
292;JJKNb;LIBYAN ARAB JAMAHIRIYA;BYR;63080133.51680458
293;JJKNb;LATVIA;HTG;1398805.017941949
294;JJKNb;ANGOLA;MXN;141701.4643510784
295;JJKNb;CANADA;LBP;2979358.9967613495
296;JJKNb;CAPE VERDE;SEK;126189.82340233073
297;JJKNb;SINGAPORE;XPF;1553417.67287404
298;JJKNb;NETHERLANDS ANTILLES;BZD;20653.7095367248
299;GLLNX;HUNGARY;LVL;1878.3080520680028
300;GLLNX;KAZAKHSTAN;WST;10000.350376558668
301;GLLNX;KUWAIT;PKR;367256.7796572369
302;GLLNX;DENMARK;MZN;390394.24868312734
303;GLLNX;BRUNEI DARUSSALAM;ILS;38469.95852461314
304;GLLNX;NAMIBIA;MYR;23666.046845399735
305;GLLNX;HONDURAS;HKD;9229.336467508654
306;GLLNX;KENYA;HKD;5802.45249983567
307;GLLNX;UNITED ARAB EMIRATES;SDG;3930373.595326298
308;GLLNX;CAYMAN ISLANDS;LBP;7936509.313399705
309;GLLNX;JAPAN;MYR;41706.36339756002
310;GLLNX;TRINIDAD AND TOBAGO;FJD;24681.326464014735
311;GLLNX;CROATIA;VES;143151.5634824113
312;GLLNX;VANUATU;RUB;62581.473535152974
313;AEEEK;VIET NAM;DKK;73144.05766357723
314;AEEEK;MEXICO;TZS;19295119.448408667
315;DWbbc;SAO TOME AND PRINCIPE;ZWL;3406292.908681989
316;DWbbc;PHILIPPINES;BBD;13346.025481689569
317;DWbbc;TONGA;ZMW;45013.726251170476
318;DWbbc;DENMARK;BIF;1349257.5593049957
319;DWbbc;BAHAMAS;HTG;998.8557205025169
320;DWbbc;BELARUS;KHR;23056658.950828645
321;DWbbc;PAPUA NEW GUINEA;ALL;719560.7407625343
322;DWbbc;GUATEMALA;KRW;9208003.256032176
323;DWbbc;BAHAMAS;GMD;106430.89224539966
324;DWbbc;TUNISIA;TWD;10893.183852433991
325;DWbbc;CZECH REPUBLIC;HRK;44245.638781763395
326;DWbbc;SWITZERLAND;NIO;46988.4040006041
327;DWbbc;ALBANIA;TZS;7867623.241499438
328;DWbbc;AUSTRALIA;XCD;712.6678632701331
329;ABENb;SIERRA LEONE;KES;4470736.901563964
330;ABENb;FIJI;CHF;37786.063130795905
331;ABENb;PERU;QAR;120217.9564333314
332;ABENb;RWANDA;BMD;5254.063165661462
333;ABENb;ISRAEL;COP;166522583.51849917
334;ABENb;HUNGARY;PHP;2704647.1683204933
335;ABENb;TAIWAN, PROVINCE OF CHINA;KHR;58018724.4017459
336;ABENb;GUINEA;ILS;206295.56526290855
337;ABENb;CHINA;BMD;2663.5642597095402
338;ABENb;PERU;THB;756600.0738170027
339;ABENb;NEW ZEALAND;DZD;1484975.3402542328
340;ABENb;CAPE VERDE;ISK;2599359.6558792065
341;ABENb;ZAMBIA;TRY;1094989.3984725021
342;ABENb;SRI LANKA;CRC;36215297.12311364
343;ABENb;ISRAEL;HNL;1010690.6378382074
344;ABENb;INDIA;BHD;17449.099492607103
345;ABENb;MALAWI;CVE;6050766.184626791
346;ABENb;ANGOLA;CYP;2308.014960207013
347;ABENb;SWEDEN;XPF;2446728.666410428
348;GHIZ2;PARAGUAY;KYD;6.186623033513771
349;GHIZ2;ALGERIA;MWK;4782.679253899464
350;GHIZ2;CHILE;BGN;30.913032555281568
351;GHIZ2;GHANA;JOD;10.175865416248916
352;GHIZ2;ZIMBABWE;TZS;65315.291539835845
353;GHIZ2;TONGA;CRC;9803.14377981259
354;GHIZ2;PANAMA;AZN;23.85318107541975
355;GHIZ2;PAKISTAN;MUR;837.2489085697915
356;FJKXa;PARAGUAY;MYR;112934.34229328335
357;FJKXa;MALAYSIA;NOK;95124.56116450112
358;FJKXa;MACAU;RWF;8295092.96097724
359;FJKXa;HONG KONG;SCR;306348.1666899463
360;EGIb2;CENTRAL AFRICAN REPUBLIC;UAH;61294.156788411165
361;EGIb2;SIERRA LEONE;TWD;64172.3239024319
362;EGIb2;ZAMBIA;BBD;6668.441153495221
363;EGIb2;ALBANIA;MVR;36987.63649173637
364;EGIb2;JORDAN;QAR;16542.562163978437
365;EGIb2;VENEZUELA;CHF;3951.420715743432
366;EGIb2;SURINAME;BTN;74351.05245358525
367;EGIb2;PAPUA NEW GUINEA;LYD;26151.381191859033
368;EGIb2;BERMUDA;AOA;2243286.263224063
369;EGIb2;SRI LANKA;LBP;7839564.875230545
370;EGIb2;DOMINICA;GMD;48117.53146826894
371;EGIb2;URUGUAY;MZN;337829.5021160929
372;EGIb2;CENTRAL AFRICAN REPUBLIC;BWP;24053.359983510676
373;EGIb2;SYRIAN ARAB REPUBLIC;LRD;685931.8523771663
374;EGIb2;OMAN;JOD;1859.768951931787
375;EGIb2;SUDAN;NAD;91991.64508671654
376;EGIb2;PAPUA NEW GUINEA;GTQ;41336.201374094984
377;EGIb2;VENEZUELA;VES;77205.21740702141
378;EGIb2;LAO PEOPLE'S DEMOCRATIC REP;NAD;90582.60536019404
379;EGIb2;BOLIVIA;AOA;970160.349978559
380;LLMVV;BARBADOS;JOD;5997.182136374596
381;LLMVV;SOUTH AFRICA;SYP;4726971.380008443
382;AMMY3;KUWAIT;SZL;66.34969474359775
383;AMMY3;TONGA;SBD;40003.877298367835
384;AMMY3;MALDIVES;BDT;44703.051676916075
385;AMMY3;SYRIAN ARAB REPUBLIC;SLL;96473768.29887761
386;AMMY3;ICELAND;LYD;24622.948633971464
387;AMMY3;TUNISIA;HUF;1760923.7429577443
388;AMMY3;PARAGUAY;MGA;5295766.569605133
389;AMMY3;IRAQ;LYD;9763.809875899937
390;AMMY3;BAHAMAS;ILS;17907.402267013425
391;AMMY3;ANGOLA;NGN;1519627.1114807362
392;AMMY3;MADAGASCAR;MZN;235928.22524647554
393;AMMY3;BAHAMAS;KHR;4363641.170041199
394;AMMY3;ALGERIA;RSD;49926.3308727364
395;AMMY3;GAMBIA;XOF;620877.290545896
396;AMMY3;ARGENTINA;PYG;2688969.928215388
397;AMMY3;INDIA;IQD;2136163.282876435
398;AMMY3;CAYMAN ISLANDS;BOB;30141.47749503784
399;AMMY3;COSTA RICA;BOB;21325.019747304235
400;AMMY3;PHILIPPINES;PKR;265464.979287897
401;KMXa1;SAO TOME AND PRINCIPE;CYP;1157.8370971823028
402;KMXa1;COLOMBIA;GBP;2885.6111666574034
403;KMXa1;SOLOMON ISLANDS;BOB;6784.429195633789
404;KMXa1;COSTA RICA;UAH;48889.33291535134
405;KMXa1;SERBIA;ZMW;7560.063930385424
406;KMXa1;LIBYAN ARAB JAMAHIRIYA;ILS;757.9494809480093
407;KMXa1;IRAQ;HKD;10869.375084022015
408;KMXa1;NAMIBIA;GYD;652990.4361063815
409;EFVXb;QATAR;PES;647615.406397851
410;EFVXb;INDIA;CAD;15486.356034654842
411;EFVXb;NEPAL;PES;944881.4945804712
412;EFVXb;SWITZERLAND;COP;37705401.84673615
413;EFVXb;MACAU;CNY;15346.181160648113
414;EFVXb;UNITED KINGDOM;TOP;14235.08952965019
415;EFVXb;BANGLADESH;PHP;108335.33226876262
416;EFVXb;BERMUDA;VES;136607.20535749887
417;EFVXb;ISRAEL;DJF;538514.5073755581
418;EFVXb;PANAMA;RON;20509.803843627833
419;EFVXb;HONDURAS;SZL;83640.09326565743
420;EFVXb;AUSTRALIA;TND;17188.5525762022
421;EFVXb;ANGOLA;ISK;1284872.9036453571
422;HMZ33;BANGLADESH;BHD;1743.5719045149517
423;HMZ33;RUSSIAN FEDERATION;TZS;36965131.71693476
424;HMZ33;EURO;BWP;3523.1196833164413
425;HMZ33;BOTSWANA;GMD;540702.5383432896
426;Ac223;TONGA;CZK;150493.7102203404
427;Ac223;LIBERIA;SYP;3319124.5376005024
428;Ac223;BRAZIL;BND;13411.681641471014
429;Ac223;MOZAMBIQUE;NGN;4783594.203852912
430;Ac223;SAUDI ARABIA;PEN;41166.16764547803
431;Ac223;NIGERIA;BDT;504807.1357624839
432;Ac223;BRUNEI DARUSSALAM;BHD;2287.418739432658
433;Ac223;IRAQ;BGN;10381.54449448418
434;Ac223;MALDIVES;CRC;697615.1993621151
435;Ac223;TRINIDAD AND TOBAGO;ZAR;106010.15437424826
436;Ac223;BOLIVIA;SLL;151825900.4679831
437;Ac223;SEYCHELLES;INR;366985.65425704676
438;Ac223;SIERRA LEONE;SAR;-326.2678087723954
439;Ac223;BRAZIL;AZN;4012.642362554022
440;Ac223;HONG KONG;BTN;397933.9986033098
441;IVYb3;TONGA;MXN;51643.81376661821
442;IVYb3;COSTA RICA;INR;47960.20883547673
443;IVYb3;COLOMBIA;MOP;18562.359280810975
444;IVYb3;IRAQ;EUR;9738.520502262021
445;IVYb3;QATAR;KHR;34776626.94827151
446;IVYb3;MOROCCO;LRD;62330.56790375661
447;BH233;MACAU;TZS;912700.2701454449
448;BH233;SERBIA;NIO;21674.580690194307
449;BH233;SWITZERLAND;WST;111.7291368498558
450;BH233;GUATEMALA;BDT;-85.70842658498364
451;BH233;AUSTRALIA;WST;1189.4936880666255
452;BH233;BHUTAN;HTG;46224.76266759951
453;BH233;MAURITIUS;FJD;853.1849544250824
454;BH233;HONG KONG;AWG;209.00877228306052
455;BH233;UGANDA;INR;19982.609536001015
456;BH233;DJIBOUTI;NAD;2204.915032021106
457;BH233;UKRAINE;PEN;2118.3900562650574
458;BH233;MOROCCO;HRK;3194.0032048297535
459;BH233;PANAMA;TND;1316.9617909051185
460;BH233;SWEDEN;SVC;1368.0363730298282
461;BH233;PERU;WST;608.8886608830193
462;BH233;MALDIVES;TWD;14580.338558363277
463;BH233;SEYCHELLES;GTQ;3278.6656596286393
464;BH233;JAMAICA;NOK;6242.6101108697785
465;BH233;ZIMBABWE;MOP;3526.386620223336
466;BH233;ARGENTINA;ZAR;3532.9634022379414
467;BGKKY;TRINIDAD AND TOBAGO;PEN;28471.57501374041
468;BGKKY;SAUDI ARABIA;LYD;-416.65008586199195
469;BGKKY;NIGERIA;HTG;1167686.5384719293
470;BGKKY;MALAYSIA;DKK;19599.946524608476
471;BGKKY;BARBADOS;PLN;32405.22622218464
472;BGKKY;ICELAND;NZD;2981.0454706196606
473;BGKKY;LIBYAN ARAB JAMAHIRIYA;SDG;-726.1375631360534
474;BGKKY;MAURITIUS;LYD;12630.094393816502
475;BGKKY;PAPUA NEW GUINEA;SVC;90452.3480780754
476;BGKKY;ARGENTINA;GBP;5952.686946822951
477;BGKKY;INDIA;ETB;591578.7249131871
478;BGKKY;TOGO;FJD;26053.252738496594
479;BGKKY;NAMIBIA;LBP;7941976.25802459
480;BGKKY;ALBANIA;THB;450174.8455783896
481;BGKKY;CHILE;KHR;12264009.624187255
482;BGKKY;SURINAME;MWK;11201482.01804722
483;GVWbb;VENEZUELA;NAD;1179894.9900105442
484;GVWbb;INDONESIA;THB;1272883.3660842278
485;FFNb1;URUGUAY;CHF;904.0679903649506
486;FFNb1;KUWAIT;CAD;159.03388455240506
487;FFNb1;NETHERLANDS ANTILLES;GTQ;5325.226837928684
488;FFNb1;SOUTH AFRICA;LRD;329160.29424139106
489;FFNb1;BAHRAIN;ALL;96338.79365200597
490;AHc12;UKRAINE;SVC;35383.02450528144
491;AHc12;SRI LANKA;DZD;602313.6144028541
492;AHc12;SIERRA LEONE;AWG;5612.450058060821
493;AHc12;CAPE VERDE;ZWL;1454067.4730592307
494;AHc12;DOMINICAN REPUBLIC;CVE;-4618.61172757397
495;AHc12;GUYANA;IDR;7167308.350144288
496;AHc12;INDONESIA;JMD;323087.2702576
497;AHc12;CAMBODIA;CYP;1681.912966184443
498;AHc12;NORWAY;JOD;2232.6118078485856
499;AHc12;SOLOMON ISLANDS;DKK;16387.277842908647
500;AHc12;HONDURAS;UGX;476098.07118367095
501;AHc12;TANZANIA, UNITED REPUBLIC OF;RUB;282950.8258747627
502;NWac1;SAMOA;BMD;10382.728174715476
503;NWac1;RWANDA;PES;1872913.320145581
504;NWac1;DOMINICAN REPUBLIC;SLL;40546162.17478762
505;NWac1;SERBIA;KYD;3711.542490647466
506;NWac1;SAMOA;RUB;100574.54465472925
507;NWac1;BRUNEI DARUSSALAM;IDR;119367464.42464325
508;NWac1;MACAU;ISK;804456.6349821358
509;NWac1;MEXICO;TZS;11073750.34791686
510;NWac1;DOMINICA;NIO;213651.80291577574
511;NWac1;MAURITANIA;XCD;4007.030956700571
512;NWac1;ARGENTINA;PYG;66219326.91698107
513;NWac1;BELARUS;BBD;4978.2616149263395
514;NWac1;CANADA;SAR;40200.79850947421
515;FVWWZ;TONGA;MWK;5039592.956624975
516;FVWWZ;IRAQ;LAK;37693728.95138196
517;FVWWZ;VIET NAM;XAF;12312274.913120797
518;FVWWZ;CENTRAL AFRICAN REPUBLIC;ISK;729434.7922273374
519;FVWWZ;CANADA;EGP;513223.71593875426
520;FVWWZ;NEPAL;EGP;512328.58890777454
521;FVWWZ;SUDAN;SRD;180239.27395863007
522;FVWWZ;ZIMBABWE;KYD;11720.88995208327
523;FVWWZ;DJIBOUTI;TWD;357138.8344075751
524;FVWWZ;SUDAN;BYR;432316517.12723064
525;FVWWZ;MYANMAR;DJF;2372511.7421077457
526;FVWWZ;CZECH REPUBLIC;DZD;1083204.6273423154
527;FVWWZ;BOLIVIA;INR;1358284.7007416966
528;FVWWZ;BOLIVIA;MVR;108733.3615533793
529;FVWWZ;BANGLADESH;MXN;176787.30725401614
530;FVWWZ;PERU;GHS;66530.57997573784
531;FVWWZ;TUNISIA;VND;243033892.00239947
532;FVWWZ;BELARUS;LVL;12897.987783775914
533;FVWWZ;FRENCH POLYNESIA;STD;319347585.52047557
534;BHHIX;MYANMAR;TOP;6031.351386968881
535;BHHIX;NAMIBIA;AWG;3285.3864235444266
536;BHHIX;SAO TOME AND PRINCIPE;TOP;3418.8643927590447
537;BHHIX;ALBANIA;RUB;29055.828343855133
538;ANN13;LATVIA;JOD;4289.5605594814115
539;ANN13;ETHIOPIA;RWF;1291499.1825642698
540;ANN13;TONGA;BGN;30934.076455884344
541;ANN13;NAMIBIA;NAD;271240.5634356434
542;ANN13;UNITED ARAB EMIRATES;MAD;2738.168772637765
543;ANN13;CAPE VERDE;LVL;12132.25551510409
544;ANN13;PERU;RWF;2525767.9729912747
545;ANN13;VIET NAM;IQD;5234140.054287946
546;ANN13;PHILIPPINES;AUD;26337.637896073426
547;ANN13;BRAZIL;MXN;301055.0157317573
548;AEGIX;BAHRAIN;CZK;108592.31570601297
549;AEGIX;BURUNDI;NZD;6928.110652833211
550;AEGIX;PERU;CRC;3223036.0008474616
551;IXa33;HONG KONG;NAD;592039.5016185624
552;IXa33;VIET NAM;BWP;49814.9019999631
553;IXa33;COSTA RICA;SLL;359722022.8308061
554;IXa33;CAPE VERDE;GBP;32124.2436108926
555;IXa33;SURINAME;ARS;2718795.3742271224
556;IXa33;EGYPT;AWG;75155.59038408594
557;IXa33;KAZAKHSTAN;IRR;1642655249.7702076
558;IXa33;JAPAN;AZN;30901.061027941952
559;IXa33;KOREA, REPUBLIC OF;XPF;6010321.096533723
560;IXa33;ICELAND;CAD;10602.838325818988
561;IXa33;MAURITANIA;MGA;119697573.30452785
562;IXa33;LAO PEOPLE'S DEMOCRATIC REP;TND;48520.60344511362
563;IXa33;CROATIA;FJD;91766.99912013568
564;IXa33;TANZANIA, UNITED REPUBLIC OF;THB;1284763.4605272072
565;IXa33;JAPAN;BMD;16881.00380722817
566;IXa33;SWITZERLAND;BBD;71598.36762028594
567;IXa33;NETHERLANDS ANTILLES;SZL;131991.0850918599
568;JJKZ1;DJIBOUTI;DZD;443447.88994179136
569;JJKZ1;TAIWAN, PROVINCE OF CHINA;THB;140206.96085012794
570;JJKZ1;POLAND;GMD;132942.01287470563
571;JJKZ1;NAMIBIA;MWK;4176793.809672867
572;JJKZ1;HUNGARY;VES;87769.15985698419
573;JJKZ1;FIJI;PLN;10986.991495891643
574;JJKZ1;NAMIBIA;BOB;9582.366113496073
575;JJKZ1;GUINEA;VUV;176578.35173026667
576;JJKZ1;INDONESIA;NZD;562.4371559082051
577;JJKZ1;ICELAND;SDG;951960.4746546403
578;JJKZ1;LEBANON;SYP;672049.0767153897
579;JJKZ1;DJIBOUTI;MMK;3905674.0909309792
580;JJKZ1;VENEZUELA;ARS;777037.2101224635
581;JJKZ1;HAITI;MVR;1545.094264877666
582;JJKZ1;JAPAN;BDT;187866.7804989984
583;JJKZ1;CAMBODIA;PYG;1750260.0380047187
584;JJKZ1;TRINIDAD AND TOBAGO;DZD;14608.24515554722
585;JJKZ1;JAPAN;BBD;1603.0094861340344
586;JJKZ1;MALAYSIA;TZS;6192805.940416401
587;EFM23;AUSTRALIA;PES;624767.9952805147
588;EFM23;DOMINICAN REPUBLIC;TZS;16932300.791246712
589;EFM23;JORDAN;JPY;453481.0109004679
590;EFM23;JAMAICA;IQD;2584229.553691344
591;EFM23;MYANMAR;BRL;37714.41107050058
592;EFM23;VANUATU;MOP;73182.88780959314
593;EFM23;NETHERLANDS ANTILLES;PKR;955910.1548547035
594;EFM23;CAYMAN ISLANDS;AED;4309.0907210904425
595;CCFFL;HUNGARY;TOP;740.8915671674135
596;CCFFL;COLOMBIA;DJF;156031.76528337479
597;CCFFL;RWANDA;NAD;6158.072964663662
598;CCFFL;ALBANIA;LYD;4378.069488848927
599;KWWZ2;VANUATU;TWD;151032.15469267548
600;KWWZ2;DOMINICAN REPUBLIC;AZN;35134.59190859393
601;KWWZ2;LIBERIA;XCD;14205.814960508354
602;KWWZ2;MALAYSIA;EUR;23503.287693879418
603;KWWZ2;FIJI;VND;333391467.7543402
604;KWWZ2;KENYA;SYP;11197365.31754402
605;KWWZ2;JORDAN;IQD;33553374.15164014
606;KWWZ2;CHINA;MUR;641519.041615667
607;KWWZ2;KUWAIT;GHS;180401.5899964948
608;KWWZ2;CHILE;MUR;91167.34336406332
609;KWWZ2;DOMINICAN REPUBLIC;JPY;1085929.2668911354
610;KWWZ2;LATVIA;HNL;279780.37523218885
611;KWWZ2;SOUTH AFRICA;ZWL;8689506.412486859
612;KWWZ2;UNITED ARAB EMIRATES;INR;1153984.2485049088
613;KWWZ2;AZERBAIJAN;BND;11678.89947348085
614;KWWZ2;NAMIBIA;VND;259393620.69076115
615;KWWZ2;HUNGARY;SLL;324152041.52904284
616;KWWZ2;NETHERLANDS ANTILLES;NAD;268075.97922124167
617;BMNac;SYRIAN ARAB REPUBLIC;LBP;3439515.9262050604
618;BMNac;CAPE VERDE;CVE;1439767.4536836848
619;BMNac;KAZAKHSTAN;TTD;85989.56431283291
620;BMNac;CROATIA;PYG;28183512.033334944
621;BMNac;AZERBAIJAN;AOA;4561735.187497624
622;BMNac;HUNGARY;ANG;-212.6980062531266
623;BMNac;BARBADOS;VND;217615980.6886852
624;BMNac;IRAQ;KYD;8361.402686307736
625;BMNac;PAPUA NEW GUINEA;SRD;310971.02541227464
626;BMNac;SUDAN;LBP;265791.01459868834
627;BMNac;SIERRA LEONE;AOA;6354765.275310125
628;BMNac;TURKEY;SVC;65086.78085855895
629;BMNac;RWANDA;GYD;38237.969379085276
630;BMNac;NIGERIA;YER;2770003.089387519
631;DVXb3;VANUATU;KWD;521.4002117643112
632;DVXb3;MAURITIUS;LVL;2491.472931501868
633;DVXb3;VENEZUELA;CNY;16822.1951206928
634;DVXb3;ROMANIA;PKR;230503.83633127302
635;DVXb3;BURUNDI;BDT;36358.00580797014
636;DMNN1;CHILE;CRC;8489897.133447077
637;DMNN1;MOZAMBIQUE;HKD;23593.24258986539
638;DMNN1;NEPAL;PHP;739864.0927673549
639;DFKLc;TOGO;PGK;5220.96924484109
640;DFKLc;LEBANON;ZWL;878119.357102653
641;DFKLc;PERU;BOB;12156.941222617388
642;DFKLc;MAURITIUS;NPR;122902.96771734011
643;DFKLc;VIET NAM;AUD;2295.782769782813
644;DFKLc;SIERRA LEONE;HTG;118790.18223738835
645;DFKLc;SAMOA;AZN;998.6786285890618
646;DFKLc;UGANDA;DOP;110605.41938261101
647;DFKLc;EL SALVADOR;BRL;11586.671863003947
648;DFKLc;YEMEN;SYP;581256.8080830406
649;DFKLc;LEBANON;WST;1227.206086117834
650;DFKLc;EGYPT;TWD;6800.449830411769
651;DFKLc;BOLIVIA;LYD;4154.132514058989
652;DFKLc;NICARAGUA;COP;10810212.971394777
653;DFKLc;BURUNDI;SCR;9627.546214398397
654;CDNVb;ZAMBIA;INR;134126.27861918937
655;CDNVb;HONG KONG;GTQ;15745.205601809048
656;CDNVb;CYPRUS;SYP;641643.4797022801
657;CDNVb;MEXICO;LAK;4153090.0813940107
658;CDNVb;TOGO;ARS;323185.68897202326
659;ABDHW;BURUNDI;SGD;60304.762700034706
660;ABDHW;PAPUA NEW GUINEA;CRC;3692287.2276266445
661;ABDHW;COLOMBIA;BTN;4991891.251289185
662;ABDHW;VANUATU;BND;45239.600694137225
663;ABDHW;POLAND;UAH;1042381.8360111454
664;ABDHW;NIGERIA;VUV;64378.13233326296
665;ABDHW;MAURITIUS;PLN;271543.6735928348
666;XWWZ3;RUSSIAN FEDERATION;MXN;219496.58634397076
667;XWWZ3;RWANDA;MUR;725623.3328463386
668;XWWZ3;SINGAPORE;PEN;34705.04905857692
669;Xbbb3;POLAND;MXN;1714.9062976525188
670;Xbbb3;SERBIA;AED;2741.013117869161
671;Xbbb3;LATVIA;XCD;1956.3114347582136
672;Xbbb3;KUWAIT;SYP;122912.94848768886
673;Xbbb3;SINGAPORE;LKR;253732.2198261827
674;Xbbb3;KOREA, REPUBLIC OF;INR;30393.318245948958
675;Xbbb3;VENEZUELA;COP;3253133.356937294
676;Xbbb3;ZAMBIA;COP;553927.3299407563
677;Xbbb3;COSTA RICA;NZD;564.7254419971538
678;Xbbb3;MEXICO;KZT;302496.6825552218
679;Xbbb3;VANUATU;CYP;90.81518638163155
680;Xbbb3;INDONESIA;SZL;7233.470546079673
681;Xbbb3;BOLIVIA;KWD;56.13968437489209
682;Xbbb3;URUGUAY;IDR;11935649.721023077
683;Xbbb3;CHINA;BSD;188.67792764167615
684;Xbbb3;EGYPT;ILS;1867.8225770679426
685;ACKNN;SRI LANKA;KES;33715.4624770503
686;ACKNN;PERU;CLP;1282397.56922599
687;ACKNN;UNITED KINGDOM;IRR;42559784.75145705
688;ACKNN;FRENCH POLYNESIA;LYD;8619.302015162015
689;ACKNN;INDIA;AED;9812.143606775762
690;ACKNN;URUGUAY;BND;2087.1558170574226
691;ACKNN;ICELAND;RSD;10533.745601202281
692;ACKNN;JAPAN;DOP;84014.91729627081
693;ACKNN;EURO;KES;81560.64159386027
694;ACKNN;CHINA;MZN;169166.5901419964
695;ADEHW;SURINAME;UGX;24806786.050933234
696;ADEHW;SOUTH AFRICA;ILS;23858.168039119202
697;ADEHW;TANZANIA, UNITED REPUBLIC OF;RON;53505.81640598206
698;ADEHW;GAMBIA;KWD;319.22370511002686
699;ADEHW;DOMINICAN REPUBLIC;XAF;7627156.885089172
700;ADEHW;JORDAN;RUB;267620.9256060359
701;CDGVY;QATAR;ZAR;11412.81151893706
702;CDGVY;BELARUS;KES;407021.18229166756
703;CDGVY;SOMALIA;PHP;90505.4464670165
704;CDGVY;SIERRA LEONE;DKK;19332.62967816141
705;CDGVY;PAKISTAN;UAH;55262.96894574446
706;CDGVY;SURINAME;AED;7025.180622494724
707;CDGVY;MALDIVES;SYP;998502.811981849
708;ABNW3;TANZANIA, UNITED REPUBLIC OF;PES;-8696.238275228157
709;ABNW3;MOZAMBIQUE;HRK;48726.159144073215
710;ABNW3;HONDURAS;NOK;61849.38497616242
711;ABNW3;SEYCHELLES;TOP;12457.556807799967
712;ABNW3;ARGENTINA;ETB;247164.64455589955
713;ABNW3;KUWAIT;NZD;8583.50305031144
714;ABNW3;SERBIA;NGN;2513548.276962972
715;ABNW3;VIET NAM;CNY;34783.72455151969
716;ABNW3;RWANDA;AED;17130.7936769825
717;ABNW3;ETHIOPIA;HUF;207166.96604464305
718;ABNW3;MOROCCO;MOP;53431.6848732247
719;ABNW3;GUATEMALA;JMD;73027.54740612366
720;ABNW3;FIJI;TZS;7179253.983976321
721;ABNW3;CANADA;BIF;5579734.2856847
722;ABNW3;CAYMAN ISLANDS;ZAR;44003.669047753065
723;ABNW3;UKRAINE;ARS;478016.2218517251
724;ABNW3;ETHIOPIA;BZD;10800.721845196133
725;ABNW3;HUNGARY;HNL;129665.58209941597
726;ABNW3;POLAND;TTD;13527.237699940566
727;ABNW3;POLAND;HNL;113428.24039033166
728;IIIa2;BELARUS;SBD;28747.37147922336
729;IIIa2;BELIZE;PES;845252.8515048644
730;IIIa2;RWANDA;HNL;49255.44015285615
731;IIIa2;PARAGUAY;BHD;3816.529876200382
732;IIIa2;COSTA RICA;LAK;98632121.06497769
733;IIIa2;VIET NAM;CHF;2018.881244171596
734;IIIa2;BRAZIL;UAH;500396.5922571504
735;IIIa2;ICELAND;ALL;2309324.522007327
736;IIIa2;MALAWI;AED;48760.60348156032
737;IIIa2;HONDURAS;LAK;113495672.4101355
738;IIIa2;ARUBA;UGX;48527166.45467051
739;IIIa2;PERU;UYU;596098.5696343463
740;IIIa2;CAMBODIA;IDR;306235906.8606359
741;IIIa2;BOTSWANA;BND;15571.12743800309
742;IIIa2;ZIMBABWE;BOB;12475.858851927047
743;IIIa2;BAHRAIN;LVL;12997.893774770107
744;JJJa3;MADAGASCAR;GNF;75657567.56122436
745;JJJa3;EURO;KRW;7219894.315854639
746;JJJa3;DJIBOUTI;BRL;13098.562408783959
747;JJJa3;SAO TOME AND PRINCIPE;ARS;742985.6267621076
748;JJJa3;ARUBA;ETB;445687.9429668332
749;JJJa3;CROATIA;HUF;2393685.7867192547
750;JJJa3;ALGERIA;BHD;-3.0008731022019193
751;JJJa3;LATVIA;AOA;2983695.369929504
752;JJJa3;NICARAGUA;KHR;14705220.180138323
753;JJJa3;SAMOA;BWP;45943.51190248244
754;JJJa3;PAKISTAN;AOA;3926532.279991897
755;JJJa3;MALDIVES;PHP;112516.54235705211
756;JJJa3;CHILE;TWD;5242.928185134425
757;JJJa3;CROATIA;PES;1713147.59391133
758;JJJa3;MAURITIUS;IQD;5015963.9392330805
759;JJJa3;HONDURAS;AZN;10137.682317231407
760;FHJX1;MOZAMBIQUE;MRO;1548573.7274471072
761;FHJX1;KAZAKHSTAN;PKR;2232759.6572914883
762;FHJX1;IRAN (ISLAMIC REPUBLIC OF);BMD;2019.614808334872
763;FHJX1;THAILAND;ISK;1664229.3919358465
764;FHJX1;KAZAKHSTAN;AOA;2263087.764411808
765;FHJX1;DOMINICA;CRC;3092540.3465636834
766;FHJX1;POLAND;GNF;87487401.6417509
767;FHJX1;LAO PEOPLE'S DEMOCRATIC REP;XPF;33776.75500363341
768;FHJX1;SWEDEN;CAD;9840.592907455293
769;FHJX1;UGANDA;ALL;1821868.0345934397
770;FHJX1;VIET NAM;ZWL;7838118.245023944
771;FHJX1;SOUTH AFRICA;CAD;12662.894934212776
772;FHJX1;SERBIA;ARS;564820.6263596035
773;FHJX1;BELIZE;BSD;12050.480370530535
774;FHJX1;MOROCCO;LAK;31482411.46011901
775;FHJX1;KOREA, REPUBLIC OF;MRO;956230.0376675845
776;FHJX1;GUATEMALA;ZMW;65088.635368350835
777;FHJX1;KUWAIT;NGN;5739745.640273951
778;FHJX1;FRENCH POLYNESIA;VND;354651151.95488715
779;BFGKW;BAHAMAS;PKR;286712.51628783817
780;BFGKW;ANGOLA;CYP;1234.28918134649
781;ABBJa;CROATIA;SBD;56040.96734222883
782;ABBJa;MACAU;KWD;1728.1034130426958
783;ABBJa;SAO TOME AND PRINCIPE;GMD;143824.82847477385
784;ABBJa;VIET NAM;TOP;4140.257446618322
785;ABBJa;INDIA;TWD;70266.55281378329
786;ABBJa;INDONESIA;PGK;19379.05858031073
787;ABBJa;AUSTRALIA;KHR;26202273.753940374
788;ABBJa;FIJI;MXN;184640.7753616688
789;ABBJa;UKRAINE;NGN;1825217.166155463
790;IIJJc;BAHRAIN;RON;45575.94768285387
791;IIJJc;CAYMAN ISLANDS;FJD;17095.38967271019
792;IIJJc;IRAQ;CRC;-48592.475703297954
793;IIJJc;CAYMAN ISLANDS;KWD;1023.7132533194691
794;IIJJc;SOUTH AFRICA;LYD;21512.58875017279
795;IIJJc;GAMBIA;DJF;255333.80559140228
796;IIJJc;SRI LANKA;MUR;365865.44980603433
797;IIJJc;BURUNDI;BRL;23226.358268289743
798;IIJJc;PHILIPPINES;HNL;12563.871628522797
799;IIJJc;LIBERIA;SGD;2246.5521680216993
800;IIJJc;VANUATU;JPY;1055038.4429795041
801;IIJJc;VIET NAM;SVC;17972.591910004892
802;IIJJc;ALBANIA;KHR;23201570.494665094
803;IIJJc;LAO PEOPLE'S DEMOCRATIC REP;CRC;5481115.562961288
804;IIJJc;ZIMBABWE;MOP;17890.399084452634
805;IIJJc;BURUNDI;BHD;3000.0756267307584
806;IIJJc;JAMAICA;BZD;11864.66281755525
807;IIJJc;PAKISTAN;STD;196238556.13692704
808;IIJJc;SWAZILAND;GYD;1718227.2070632123
809;ABLc1;NEW ZEALAND;MRO;1001917.8584161011
810;ABLc1;UNITED KINGDOM;GMD;44990.64070137571
811;ABLc1;BAHRAIN;DZD;442282.20465924696
812;ABLc1;MALDIVES;SLL;69683350.37693943
813;ABLc1;NIGERIA;NAD;74179.71312874288
814;ABLc1;QATAR;SZL;45740.56562793932
815;HHMNa;BELIZE;XOF;117526.11735661833
816;HHMNa;BURUNDI;CYP;35.85402032798975
817;HHMNa;PAKISTAN;MMK;140917.03141683713
818;HHMNa;SAMOA;GBP;115.1285159956284
819;HHMNa;EURO;BTN;1504.38108307715
820;HHMNa;PHILIPPINES;WST;375.0600804899814
821;HHMNa;HONG KONG;MYR;761.0572223779485
822;HHMNa;ANGOLA;BSD;39.66486324601069
823;HHMNa;THAILAND;VUV;23380.408503372404
824;HHMNa;CHINA;BHD;52.36529662712061
825;HHMNa;MALDIVES;BGN;181.234929744704
826;HHMNa;SEYCHELLES;FJD;142.72678337245674
827;HHMNa;FRENCH POLYNESIA;MYR;881.9145979120506
828;HHMNa;FRENCH POLYNESIA;RUB;9807.855534585713
829;HHMNa;PHILIPPINES;LVL;124.28772227205616
830;HHMNa;SURINAME;BTN;10297.945646036402
831;HHMNa;ALGERIA;TTD;927.428655891461
832;NNXab;BHUTAN;SEK;154547.38307873902
833;NNXab;SYRIAN ARAB REPUBLIC;RUB;200858.2374189296
834;NNXab;LAO PEOPLE'S DEMOCRATIC REP;NOK;280516.12182776077
835;NNXab;BELARUS;PEN;35571.92460430424
836;NNXab;CHILE;MWK;25626936.425774843
837;NNXab;SWITZERLAND;STD;510348347.57102776
838;NNXab;RUSSIAN FEDERATION;NGN;6353725.126681015
839;NNXab;COSTA RICA;BND;13554.177626736213
840;NNXab;TONGA;PGK;34468.825380903036
841;NNXab;BULGARIA;LKR;4756285.959803035
842;NNXab;VANUATU;ANG;8641.290269617368
843;NNXab;GHANA;MYR;7061.03273607694
844;NNXab;BULGARIA;VND;157301466.75076264
845;NNXab;NETHERLANDS ANTILLES;ILS;41148.4397210734
846;NNXab;QATAR;CRC;15143956.666867202
847;NNXab;HAITI;MVR;272138.64824577223
848;GHJYZ;SURINAME;MZN;1029195.9199441106
849;GHJYZ;ZIMBABWE;MGA;14543503.467916138
850;GHJYZ;ZIMBABWE;HUF;10301755.759037951
851;GHJYZ;YEMEN;LAK;577389828.8473866
852;GHJYZ;RWANDA;BMD;21346.215963612893
853;GHJYZ;SWEDEN;BGN;28493.353787399097
854;GHJYZ;FRENCH POLYNESIA;HNL;353881.7229187616
855;LVVVX;ETHIOPIA;CZK;25659.227007465284
856;LVVVX;SOLOMON ISLANDS;LAK;18864834.55123901
857;LVVVX;BOLIVIA;IQD;1426023.2966005027
858;LVVVX;PAPUA NEW GUINEA;HNL;19932.052114000875
859;LVVVX;JAMAICA;MWK;2545850.0629295236
860;LVVVX;CYPRUS;DOP;74115.58505580213
861;LVVVX;INDIA;SRD;25682.968278625245
862;LVVVX;FRENCH POLYNESIA;VND;2285066.2489926154
863;LVVVX;ZAMBIA;MYR;7249.8233608797045
864;LVVVX;SIERRA LEONE;ZMW;28339.989415997345
865;LVVVX;KOREA, REPUBLIC OF;BOB;357.42821625794335
866;LVVVX;ALBANIA;PYG;17140431.022764996
867;LVVVX;PAKISTAN;SBD;8585.061969054235
868;GGWZc;BERMUDA;MWK;7539643.663364935
869;GGWZc;JAMAICA;BWP;49893.30051677785
870;GGWZc;BARBADOS;TOP;6833.774185750036
871;GGWZc;MYANMAR;RON;27296.98389260448
872;GGWZc;BULGARIA;PLN;6540.440263317936
873;GGWZc;ALBANIA;CZK;40724.84622083324
874;GGWZc;SWAZILAND;XCD;-215.4937104449796
875;GGWZc;LIBERIA;QAR;29347.613596751577
876;GGWZc;CYPRUS;ARS;1379515.8471413131
877;GGWZc;MAURITIUS;LRD;79441.11778147523
878;GGWZc;AZERBAIJAN;LKR;220741.5666041015
879;GGWZc;GHANA;NGN;181976.18059284266
880;GGWZc;GUATEMALA;UAH;219257.59641334918
881;GGWZc;GAMBIA;MVR;40378.49318322651
882;GGWZc;NEPAL;GHS;9632.318544082105
883;GGWZc;BAHAMAS;RON;754.1462368506507
884;GGWZc;BURUNDI;MXN;40837.82550153078
885;KLMXc;CAPE VERDE;CVE;978406.279012924
886;KLMXc;EGYPT;XAF;2042408.5958189284
887;KLMXc;SOMALIA;AOA;603879.8585355527
888;KLMXc;JORDAN;WST;16727.289183648525
889;KLMXc;SRI LANKA;AOA;5783629.743170407
890;KLMXc;BOLIVIA;KHR;8115713.155553904
891;KLMXc;CAMBODIA;SRD;225062.39524173958
892;KLMXc;NIGERIA;PKR;2036677.1828995787
893;KLMXc;ZAMBIA;SAR;9414.335481867714
894;KLMXc;BAHRAIN;INR;711368.8694109545
895;KLMXc;BRUNEI DARUSSALAM;SDG;4423290.99280188
896;IMMMZ;MOROCCO;EUR;3211.6930954357035
897;IMMMZ;BULGARIA;BIF;10004717.008064615
898;IMMMZ;BURUNDI;YER;3037881.040983303
899;IMMMZ;KENYA;XOF;10395149.200655505
900;IMMMZ;ARGENTINA;ANG;2289.2355004215237
901;IMMMZ;HONG KONG;CYP;5753.763261147489
902;IMMMZ;BURUNDI;UYU;115796.2331044925
903;IMMMZ;JAPAN;ZAR;142887.06337711614
904;IMMMZ;MALDIVES;VND;287376601.93761265
905;IMMMZ;UNITED KINGDOM;VND;437401514.4011215
906;IMMMZ;MOZAMBIQUE;BGN;32657.580189159475
907;IMMMZ;BARBADOS;BMD;1970.800885052645
908;IMMMZ;TAIWAN, PROVINCE OF CHINA;IRR;641334597.4571174
909;IMMMZ;SWEDEN;MYR;36140.67760510588
910;IMMMZ;GHANA;IDR;110147037.9951638
911;ENabc;IRAQ;EGP;61594.15145350018
912;ENabc;CAYMAN ISLANDS;EGP;20261.14587135696
913;ENabc;HONG KONG;KYD;54.71544460910395
914;ENabc;BERMUDA;LRD;16318.880305409337
915;ENabc;BRAZIL;IDR;39846666.93481645
916;ENabc;NAMIBIA;NIO;94522.92568465846
917;ENabc;VANUATU;BYR;47721663.82554126
918;ENabc;ALGERIA;BSD;903.5286944731585
919;ENabc;FRENCH POLYNESIA;NPR;19011.243456118693
920;ENabc;SWITZERLAND;MRO;528388.2054396195
921;ENabc;GHANA;JPY;315588.08368476084
922;ENabc;INDONESIA;JMD;227041.35207374048
923;ENabc;CANADA;GHS;17149.67947507455
924;HKMVW;UKRAINE;WST;16386.274626636925
925;HKMVW;AZERBAIJAN;CAD;7589.6640612297
926;HKMVW;TURKEY;JOD;382.66275020818017
927;HKMVW;KAZAKHSTAN;AED;17226.317705903522
928;HKMVW;ANGOLA;YER;1021720.9395292145
929;HKMVW;TAIWAN, PROVINCE OF CHINA;SGD;8227.9005961563
930;HKMVW;TRINIDAD AND TOBAGO;SYP;385566.48299673985
931;HKMVW;PERU;RSD;631892.843245558
932;HKMVW;TUNISIA;PEN;24833.246080579174
933;HKMVW;OMAN;TWD;212141.28528711115
934;HKMVW;ROMANIA;XOF;2333792.3665177086
935;HKMVW;PERU;ILS;16693.245220497793
936;HKMVW;VANUATU;HTG;211187.4729925065
937;HKMVW;RUSSIAN FEDERATION;CLP;2090280.0742479411
938;HKMVW;MAURITIUS;MYR;1433.590306966966
939;HKMVW;PERU;COP;33291698.388107777
940;HKMVW;VENEZUELA;OMR;2292.857809855328
941;HKMVW;BRAZIL;BWP;15974.55719248439
942;BCLLN;BAHAMAS;IQD;14075400.764890706
943;BCLLN;ALGERIA;MXN;266586.1891652062
944;BCLLN;BARBADOS;BSD;17897.21601151709
945;BCLLN;KENYA;RSD;1354755.5883024062
946;BCLLN;ROMANIA;MWK;8181683.692157546
947;BCLLN;GUATEMALA;ALL;2073920.0882699548
948;BCLLN;UNITED KINGDOM;TWD;74061.60787459086
949;BCLLN;NICARAGUA;XAF;10102171.324033746
950;BCLLN;PERU;XOF;5704945.508719915
951;BCLLN;BOLIVIA;IRR;718752486.0653111
952;BCLLN;CYPRUS;XPF;122756.1087542929
953;BCLLN;SOLOMON ISLANDS;PHP;1228532.3942607623
954;BCLLN;ETHIOPIA;UGX;22401001.22483636
955;BCLLN;INDONESIA;WST;41198.02084512945
956;BCLLN;LIBYAN ARAB JAMAHIRIYA;CYP;1537.512930823452
957;FHHIb;THAILAND;PAB;3694.9265762014243
958;FHHIb;SWITZERLAND;RSD;231155.01202464572
959;FHHIb;MYANMAR;DKK;20609.758907599742
960;FHHIb;BRUNEI DARUSSALAM;AWG;8774.165237119143
961;FHHIb;COSTA RICA;SAR;14219.126205307713
962;FHHIb;JAMAICA;RUB;202202.97388539943
963;FHHIb;LATVIA;ETB;69904.35456255596
964;FHHIb;NIGERIA;JOD;1041.1934675938478
965;FHHIb;IRAN (ISLAMIC REPUBLIC OF);VND;35613379.23771859
966;FHHIb;SAUDI ARABIA;MVR;30505.487075043166
