Client;Country;Currency;Transaction
GJXYZ;BELARUS;TWD;118390.87620873851
GJXYZ;MAURITIUS;ZAR;159326.3738422596
GJXYZ;TONGA;CRC;2786922.184215839
GJXYZ;LIBYAN ARAB JAMAHIRIYA;MXN;89713.28096022831
DKNYY;NAMIBIA;TWD;28402.758833292548
DKNYY;QATAR;RSD;529332.2146888506
DKNYY;TANZANIA, UNITED REPUBLIC OF;SOS;759523.8776682948
DKNYY;IRAQ;GYD;441610.42660783016
DKNYY;YEMEN;TOP;7654.392947481944
DKNYY;TUNISIA;AWG;6698.802314315207
DKNYY;NAMIBIA;CHF;4623.308976410066
DKNYY;ROMANIA;ILS;5334.8363536274155
DKNYY;YEMEN;MRO;1147030.6298175384
DKNYY;LIBERIA;CNY;16873.918919640255
DKNYY;KAZAKHSTAN;GMD;3048.2442483549357
DKNYY;DOMINICA;NOK;14509.247881221305
DKNYY;TRINIDAD AND TOBAGO;CYP;2126.5166607677374
DKNYY;NETHERLANDS ANTILLES;PAB;1345.7703464877613
ELXYa;LAO PEOPLE'S DEMOCRATIC REP;PLN;23652.458256048343
ELXYa;BAHAMAS;NOK;44065.71388029501
ELXYa;QATAR;BOB;32399.87123232046
ELXYa;NEPAL;BBD;4367.656829559864
ELXYa;NICARAGUA;QAR;2049.087742500724
ELXYa;ALBANIA;KRW;7608560.855315189
ELXYa;NICARAGUA;GNF;-20990.95789372187
DJMYc;SURINAME;NGN;2173550.6140899477
DJMYc;AZERBAIJAN;CHF;4143.427874646634
DJMYc;CAPE VERDE;AED;23539.42562267042
DJMYc;CROATIA;PKR;913157.3407842873
BJNNZ;IRAQ;LKR;6844970.7006796505
BJNNZ;BELARUS;THB;648447.0104819285
BJNNZ;BULGARIA;THB;223915.21713740568
BJNNZ;SOMALIA;HNL;81940.04138385785
BJNNZ;URUGUAY;BTN;505318.01809617854
BJNNZ;LAO PEOPLE'S DEMOCRATIC REP;SVC;204117.33138584736
BJNNZ;LEBANON;GTQ;153584.11782385112
BJNNZ;NAMIBIA;XPF;1853893.0447687102
BJNNZ;MYANMAR;FJD;40953.24434956988
BJNNZ;EURO;CAD;24001.967419792876
BJNNZ;SWEDEN;GNF;21613761.566524778
BJNNZ;RUSSIAN FEDERATION;MXN;473219.59105132456
HJXaa;EGYPT;MYR;73390.10370791648
HJXaa;NEPAL;AED;9560.665196407661
HJXaa;ARUBA;XAF;2381441.6948097227
HJXaa;POLAND;COP;92528511.27245994
HJXaa;IRAN (ISLAMIC REPUBLIC OF);EUR;9378.770669904496
HJXaa;TRINIDAD AND TOBAGO;BND;6253.197248685399
HJXaa;YEMEN;LYD;39171.84032190417
HJXaa;UKRAINE;SDG;3362690.9943837784
HJXaa;DENMARK;RSD;143452.7346277296
HJXaa;KUWAIT;WST;44477.031644325616
DIXZ3;FIJI;PKR;1702207.6284154456
DIXZ3;HONG KONG;UGX;38152050.16765151
AAAJM;SERBIA;IDR;240102986.45162335
AAAJM;COLOMBIA;NIO;210092.1177870364
AAAJM;ANGOLA;CZK;115342.78380098284
AAAJM;EGYPT;CRC;1989559.6229542997
AAAJM;UNITED ARAB EMIRATES;NIO;503355.3184672375
AAAJM;GHANA;AUD;10256.734782020523
AAAJM;SIERRA LEONE;PKR;517187.22806479334
AAAJM;NORWAY;NAD;112017.59440136713
AAAJM;MALAWI;PES;755461.6520170637
AAAJM;BOTSWANA;CZK;142988.49560009595
AAAJM;TRINIDAD AND TOBAGO;BDT;458575.3936230295
AAAJM;SERBIA;LRD;1652573.3688738807
AAAJM;PAKISTAN;GTQ;79299.18094449292
AAAJM;LAO PEOPLE'S DEMOCRATIC REP;SEK;128517.0808745547
AAAJM;AUSTRALIA;ALL;203188.33384252613
BCFVa;THAILAND;PES;7446700.9059084775
BCFVa;PAKISTAN;QAR;101935.97149562524
BCFVa;SIERRA LEONE;SDG;7655930.3516669385
BCFVa;KENYA;ANG;59199.04119768871
BCFVa;ARUBA;NOK;168161.9451728291
BCFVa;ALBANIA;GHS;257674.60746026936
BCFVa;HUNGARY;PHP;1449374.4931375922
BCFVa;IRAN (ISLAMIC REPUBLIC OF);AOA;217880.08551205895
BCFVa;COSTA RICA;NPR;2419457.016700696
BCFVa;PHILIPPINES;AZN;3485.055171102524
BCFVa;JORDAN;OMR;7260.813186618495
BCFVa;IRAQ;CLP;30714799.367058918
BCFVa;EURO;AED;142679.15477480367
DHHX3;MAURITANIA;VES;526710.573233008
DHHX3;CANADA;EGP;145967.02094177838
DHHX3;ARGENTINA;BHD;10182.866584442207
DHHX3;ISRAEL;ZWL;20624713.42258348
DHHX3;UNITED KINGDOM;SZL;635983.6052345209
DHHX3;PANAMA;NIO;439101.3268607082
DHHX3;EL SALVADOR;SRD;472555.813350512
DHHX3;SAUDI ARABIA;LYD;41542.00251781077
DHHX3;BRUNEI DARUSSALAM;LVL;20496.037999544504
DHHX3;MAURITANIA;SOS;15580907.832341304
DHHX3;DOMINICA;NIO;1010125.6400808835
DHHX3;NORWAY;SEK;253337.2672188604
BFKb1;INDIA;CLP;1273636.4971485496
BFKb1;CHINA;NAD;199121.50605540845
BFKb1;CHILE;COP;50709999.01219604
BFKb1;HONDURAS;THB;118133.12623783243
BFKb1;BRUNEI DARUSSALAM;RUB;1857946.235458751
BFKb1;DJIBOUTI;BGN;15614.897125425434
BFKb1;BRUNEI DARUSSALAM;KRW;43937133.5612241
BFKb1;TAIWAN, PROVINCE OF CHINA;TOP;7023.16889940418
BFKb1;CAMBODIA;UYU;815290.1816086367
BFKb1;GUINEA;BOB;209517.2878056067
BFKb1;MALAYSIA;SOS;15641220.102273725
BFKb1;ALGERIA;PLN;121435.54817010697
BFKb1;SWEDEN;BSD;19144.602385230017
BFKb1;CYPRUS;HTG;3902243.0681858934
BFKb1;BULGARIA;NAD;350635.99922854675
BFKb1;BELARUS;JPY;3533406.4872781243
BFKb1;HAITI;CZK;646285.7852137975
BFKb1;CZECH REPUBLIC;MYR;-656.3542005654597
DDHL3;ARUBA;TOP;123585.47109061497
DDHL3;THAILAND;TWD;841875.9939354489
DDHL3;BERMUDA;MMK;51293543.88053785
DDHL3;MALAYSIA;ALL;680738.5556507731
DDHL3;ALBANIA;AWG;105567.82149676386
DDHL3;LEBANON;SOS;3166289.6745796436
DDHL3;PHILIPPINES;RWF;25645488.996477157
DDHL3;PAPUA NEW GUINEA;XPF;2431223.0318159326
DDHL3;MAURITANIA;RUB;1098890.4586309167
DDHL3;SURINAME;AZN;19184.553982448393
DDHL3;JAPAN;GNF;39403769.33525843
DDHL3;VANUATU;MVR;81556.72729707939
DDHL3;GUYANA;PGK;178269.23531120858
DDHL3;FRENCH POLYNESIA;PYG;378008773.17061055
DDHL3;SOMALIA;CLP;34654279.8273488
DDHL3;BELARUS;SZL;664811.0576440055
DDHL3;SOLOMON ISLANDS;SVC;140614.3942719096
DDHL3;BURUNDI;XAF;22844701.57192066
NXYc1;NAMIBIA;ARS;513331.85770878947
NXYc1;VANUATU;JMD;332884.82588546776
NXYc1;KOREA, REPUBLIC OF;BGN;5149.409889612181
NXYc1;ARUBA;BZD;11598.909307169319
NXYc1;ARUBA;HNL;176720.84925428624
NXYc1;COLOMBIA;RUB;424008.48445817
BIIIa;CAPE VERDE;LAK;86099464.35511017
BIIIa;CAYMAN ISLANDS;CAD;34541.61581123811
BIIIa;KENYA;KHR;769451.6445571042
AACVa;MAURITANIA;INR;339150.9084468913
AACVa;SURINAME;CNY;30780.678606889367
AACVa;MOROCCO;ZAR;33724.52081518143
AACVa;MEXICO;IDR;107994908.05542004
AACVa;ALGERIA;KWD;1176.5716864725366
AACVa;CZECH REPUBLIC;JPY;106394.92319336644
AACVa;ICELAND;DZD;804664.0259566283
AACVa;EGYPT;SRD;76893.47905829494
AACVa;ROMANIA;SLL;5459670.917959025
AACVa;PERU;YER;527828.1009609612
AACVa;DJIBOUTI;SRD;63636.827633649445
AACVa;SOLOMON ISLANDS;AZN;9374.787368471156
AACVa;ZIMBABWE;SYP;2421257.8203055933
AACVa;CAYMAN ISLANDS;THB;105776.49399888946
CILLV;THAILAND;CZK;426881.81332812976
CILLV;URUGUAY;AWG;38250.702113514744
