;Client;Country;Currency;Transaction
0;BBBII;NEPAL;SCR;52989.37344210456
1;BBBII;JORDAN;GYD;527333.1625017929
2;NVZ33;PERU;BIF;2339859.8384673833
3;NVZ33;SYRIAN ARAB REPUBLIC;LRD;216462.6211864461
4;NVZ33;SAUDI ARABIA;GHS;36891.456430558086
5;NVZ33;NEPAL;GTQ;24756.811800101117
6;NVZ33;BRUNEI DARUSSALAM;SEK;17132.698594824287
7;ACIcc;AZERBAIJAN;QAR;10285.462713024166
8;EHJXX;EL SALVADOR;BYR;15594594.223275444
9;EHJXX;QATAR;SYP;1052531.2776178133
10;EHJXX;BANGLADESH;ZAR;8209.071315324503
11;EHJXX;LATVIA;IQD;1615585.5175143043
12;EHJXX;DOMINICA;SEK;19127.455908329048
13;HVY11;BULGARIA;DOP;791314.8621636105
14;HVY11;VANUATU;BSD;4371.50268863861
15;HVY11;CHINA;AWG;9372.724544100703
16;HVY11;SWEDEN;DJF;1922047.7377907275
17;HVY11;INDONESIA;CZK;331091.29055418767
18;HVY11;UGANDA;ANG;8706.008031595602
19;HVY11;HAITI;CLP;8609162.845439363
20;DKX12;BANGLADESH;IRR;839440915.7353303
21;DKX12;ARUBA;VND;455695830.60275376
22;DKX12;COLOMBIA;LKR;-15993.565431134035
23;DKX12;BAHAMAS;GMD;42027.26006084218
24;DKX12;VIET NAM;KWD;1583.4635506023399
25;DKX12;PAKISTAN;KHR;10200989.606141673
26;DKX12;CHINA;HNL;316806.3485754121
27;DKX12;ROMANIA;NGN;5124059.345697041
28;DKX12;MALAWI;GTQ;111628.05472704605
29;DKX12;SAUDI ARABIA;JMD;1502752.7822407994
30;DKX12;SAUDI ARABIA;TND;66302.7034589675
31;DKX12;ISRAEL;AWG;36844.04072520341
32;DKX12;SUDAN;JMD;-10714.814846636717
33;DKX12;SWITZERLAND;AED;76649.24974473224
34;DKX12;NIGERIA;SAR;42576.253151992896
35;DKX12;CYPRUS;SZL;337931.7427277447
36;DKX12;SINGAPORE;PYG;128659395.80413786
37;DKX12;NAMIBIA;CZK;428074.64132908767
38;Aa233;GAMBIA;DKK;10319.678279339985
39;Aa233;BERMUDA;EUR;2505.3622388467716
40;Aa233;THAILAND;XOF;559183.0298511076
41;Aa233;IRAN (ISLAMIC REPUBLIC OF);MVR;45772.36034269622
42;Aa233;SOMALIA;PLN;13558.534168446637
43;Aa233;ARGENTINA;JMD;806309.3217302958
44;Aa233;CENTRAL AFRICAN REPUBLIC;RUB;226251.41336727687
45;Aa233;CHILE;NGN;776586.1225706087
46;Aa233;PANAMA;AED;11424.117810882091
47;Aa233;GUYANA;AUD;78.23680393474643
48;CNVXb;SAO TOME AND PRINCIPE;UYU;438395.5482472316
49;CNVXb;ROMANIA;XOF;6496720.993269946
50;CNVXb;ARGENTINA;CVE;577575.658325253
51;CNVXb;VIET NAM;TTD;31885.79168583638
52;CNVXb;BULGARIA;DOP;578610.857505047
53;CNVXb;SAMOA;KYD;8253.306879847236
54;CNVXb;FIJI;MVR;43457.15502183189
55;LMMYY;CHINA;BGN;1295.7120197415938
56;LMMYY;SOUTH AFRICA;HRK;5955.150157223371
57;LMMYY;GUYANA;ALL;37321.55881793751
58;LMMYY;CHILE;ILS;212.0638749913443
59;LMMYY;SEYCHELLES;LAK;1652999.3792910578
60;LMMYY;KAZAKHSTAN;EUR;251.06644370269714
61;LMMYY;NAMIBIA;SYP;138007.32678541818
62;LMMYY;VENEZUELA;VND;6333704.345506033
63;LMMYY;RUSSIAN FEDERATION;MOP;1905.272882223769
64;LMMYY;PAPUA NEW GUINEA;DZD;90132.07883405602
65;LMMYY;MALAYSIA;BND;1022.6289019899829
66;LMMYY;FRENCH POLYNESIA;AZN;340.51086766010394
67;LMMYY;SUDAN;TOP;1290.4300925696102
68;LMMYY;IRAN (ISLAMIC REPUBLIC OF);SRD;832.4289790811896
69;LMMYY;INDIA;QAR;1954.7496324495191
70;LMMYY;MALDIVES;LYD;2264.1461823614036
71;LMMYY;FRENCH POLYNESIA;RUB;598.8359437756636
72;LMMYY;SOMALIA;XAF;1703.3689053375476
73;LMMYY;MYANMAR;HTG;112620.56108216709
74;LMMYY;JORDAN;MAD;1805.2068364974068
75;ADMV2;ANGOLA;EUR;5096.455370574675
76;ADMV2;BRUNEI DARUSSALAM;DKK;23657.826442567388
77;ADMV2;INDIA;SOS;489776.9227352086
78;DGGc1;KAZAKHSTAN;EUR;5222.673321577569
79;DGGc1;CAPE VERDE;RUB;940690.5707428757
80;DGGc1;AZERBAIJAN;YER;3023745.792533331
81;DKMXY;SERBIA;SDG;12085763.372351259
82;DKMXY;HAITI;MAD;167973.70071189062
83;DKMXY;SURINAME;SEK;180145.70352147266
84;DKMXY;TOGO;GNF;83547309.8458847
85;DKMXY;ICELAND;BZD;37848.402479361335
86;DKMXY;JORDAN;CNY;241645.73810092246
87;DKMXY;SERBIA;TRY;599042.4040949944
88;CFG12;BELIZE;ARS;1874884.2702186243
89;CHKKY;SAMOA;VES;119456.2359934912
90;CHKKY;MACAU;SZL;8615.103247954063
91;CHKKY;ARUBA;TRY;22588.421626508993
92;CHKKY;QATAR;CYP;1348.085559197158
93;CHKKY;TURKEY;SBD;30100.540696249187
94;CHKKY;NICARAGUA;ISK;12933.8580518664
95;ADKKa;PARAGUAY;WST;1.614636085787424
96;ADKKa;MAURITANIA;SOS;903.0068196796325
97;ADKKa;ZIMBABWE;WST;2.335476086031492
98;ADKKa;MEXICO;RSD;191.04875709087452
99;ADKKa;MALAWI;MAD;10.304622728021611
100;ADKKa;VIET NAM;SYP;131.78881291468045
101;ADKKa;TUNISIA;BTN;36.883158461017956
102;ADKKa;PHILIPPINES;SVC;2.509698144687193
103;ADKKa;EURO;GNF;11959.347812042413
104;ADKKa;ISRAEL;VES;6.469558267941875
105;ADKKa;TAIWAN, PROVINCE OF CHINA;BIF;2976.2154610820353
106;ADKKa;CENTRAL AFRICAN REPUBLIC;PHP;23.361540078490194
107;ADKKa;PAKISTAN;LBP;2509.2752973557836
108;ADKKa;RUSSIAN FEDERATION;ZMW;1.3468527945946773
109;ADHXb;SWEDEN;VND;35517306.909993716
110;ADHXb;UGANDA;LYD;22201.105780368856
111;ADHXb;NICARAGUA;XPF;334257.2197249851
112;ADHXb;PHILIPPINES;MRO;2772724.369162241
113;ADHXb;SAMOA;OMR;4322.238943990209
114;ADHXb;KUWAIT;PLN;44354.644588207666
115;ADHXb;CHILE;MOP;88516.89203242665
116;ADHXb;RUSSIAN FEDERATION;MUR;153.8772073048001
117;ADHXb;SWITZERLAND;FJD;4776.7374346974275
118;ADHXb;SAO TOME AND PRINCIPE;DZD;684301.3711586992
119;ADHXb;UNITED ARAB EMIRATES;BBD;872.7918604143782
120;BBVW2;RUSSIAN FEDERATION;CHF;417.2336479951597
121;BBVW2;HUNGARY;MVR;13722.957200397725
122;BBVW2;BRUNEI DARUSSALAM;NPR;105528.02545734885
123;AKWW3;KOREA, REPUBLIC OF;BMD;14894.08866540137
124;AKWW3;MOROCCO;ZAR;169539.43407994925
125;AKWW3;PANAMA;MYR;66574.10746697633
126;AKWW3;BRUNEI DARUSSALAM;KHR;15572285.686782038
127;AKWW3;SWAZILAND;BOB;109964.82282858956
128;AKWW3;MOZAMBIQUE;EUR;16626.621884349715
129;AKWW3;JORDAN;ALL;1254858.4617346036
130;AKWW3;NEW ZEALAND;BND;20642.19189872065
131;AKWW3;INDONESIA;IQD;5668819.4682385605
132;AKWW3;KENYA;LRD;2114130.5542456685
133;AKWW3;EURO;IDR;216309470.45964384
134;Iabc3;MAURITIUS;HRK;247730.74968693836
135;Iabc3;POLAND;KZT;4994324.567046231
136;Iabc3;BANGLADESH;CZK;348131.45219690603
137;Iabc3;SWITZERLAND;CVE;2066897.1743604867
138;Iabc3;NEW ZEALAND;INR;2076944.3995335756
139;Iabc3;DJIBOUTI;MGA;2543354.8815519647
140;Iabc3;TANZANIA, UNITED REPUBLIC OF;RWF;8832797.935832666
141;Iabc3;BAHRAIN;GBP;9338.67511445588
142;ABBBL;SUDAN;ETB;46943.20814890538
143;ABBBL;ALBANIA;CAD;6668.926409534747
144;ABBBL;SWEDEN;MZN;107067.17913533717
145;ABBBL;LATVIA;LBP;741586.5901905145
146;ABBBL;SRI LANKA;SDG;1225487.0300226584
147;ABBBL;ALBANIA;GBP;7511.7158145864805
148;ABBBL;BERMUDA;GNF;22532726.0753996
149;ABBBL;HONDURAS;GYD;135304.46761289917
150;ABBBL;BELARUS;SAR;18968.93711706985
151;ABBBL;GUYANA;CAD;12383.94130855713
152;ABBBL;VENEZUELA;QAR;21811.331230969092
153;ABBBL;LIBERIA;HKD;14808.530006856623
154;ABBBL;DJIBOUTI;GTQ;75821.78509467884
155;ABBBL;SIERRA LEONE;CNY;37318.22719099806
156;ABBBL;IRAN (ISLAMIC REPUBLIC OF);GYD;1328166.1127292004
157;ABBBL;INDIA;KWD;1769.6050266916952
158;ABBBL;MOZAMBIQUE;LRD;532232.0475492144
159;GHXZa;BAHAMAS;BYR;90119977.52106959
160;GHXZa;CYPRUS;JMD;322070.44060669537
161;GHXZa;KOREA, REPUBLIC OF;TOP;2837.4808301996763
162;GHXZa;MACAU;SRD;61021.0557671729
163;GHXZa;HUNGARY;GBP;3158.842927618074
164;GHXZa;DOMINICAN REPUBLIC;RWF;414787.5073674185
165;GHXZa;DOMINICAN REPUBLIC;BGN;6372.180230758236
166;GHXZa;ETHIOPIA;XAF;3563674.233867448
167;GHXZa;BAHRAIN;BSD;4192.843893074966
168;GHXZa;NETHERLANDS ANTILLES;SCR;44720.69095539042
169;GHXZa;SURINAME;PKR;351168.3069622222
170;GHXZa;BERMUDA;RSD;459541.8997180609
171;GHXZa;PAPUA NEW GUINEA;MYR;18447.725486749463
172;GHXZa;MOZAMBIQUE;ALL;320452.4269403236
173;GHXZa;CYPRUS;ISK;463245.7194084781
174;DFHa3;ROMANIA;ETB;66400.52898896967
175;DFHa3;HAITI;BBD;186.94541901255582
176;DFHa3;EURO;VES;28992.335252136218
177;DFHa3;SERBIA;MVR;11848.058324763924
178;DFHa3;BERMUDA;BZD;1494.2468350651468
179;DFHa3;INDIA;LKR;592606.1292833887
180;DFHa3;LEBANON;NPR;122807.65629861683
181;DFHa3;COSTA RICA;CNY;23285.95136651069
182;DFHa3;BULGARIA;XPF;112401.94329958635
183;DFHa3;CHILE;PEN;10496.590322444417
184;DFHa3;IRAQ;ZAR;45879.94803757103
185;DFHa3;VANUATU;STD;33526306.666808534
186;DFHa3;HUNGARY;TRY;8788.530962922781
187;AFFGb;PERU;IDR;4088982.3529936196
188;AFFGb;GUYANA;VND;42044983.09354199
189;DEKNX;UNITED ARAB EMIRATES;BTN;10638.930978792885
190;DEKNX;LIBERIA;SRD;357.37142463355366
191;AAFZa;BRUNEI DARUSSALAM;VUV;-10715.412806033793
192;AAFZa;FIJI;DKK;62171.7932139255
193;AAFZa;DOMINICAN REPUBLIC;NIO;432822.0600920662
194;AAFZa;IRAN (ISLAMIC REPUBLIC OF);CVE;1648497.1339248102
195;DIINX;BULGARIA;GHS;89504.76499160011
196;DIINX;ALGERIA;KHR;6779534.120150198
197;DIINX;SURINAME;CVE;452330.34204379463
198;DIINX;BELARUS;ETB;152571.13623767984
199;DIINX;COLOMBIA;MZN;252658.8091238616
200;DIINX;CHILE;OMR;1166.657291527091
201;DIINX;PHILIPPINES;MYR;1859.6145979891423
202;DIINX;SAMOA;WST;6415.107217887753
203;DIINX;INDIA;HUF;1476434.3258345562
204;DIINX;CAPE VERDE;RUB;267541.0111869795
205;DIINX;BOTSWANA;MMK;10267210.4692667
206;DIINX;LAO PEOPLE'S DEMOCRATIC REP;TND;16656.552470373892
207;FIMNZ;SERBIA;CAD;29776.796470169214
208;FIMNZ;SERBIA;MGA;6864632.737230905
209;FIMNZ;SRI LANKA;BHD;3466.067254338297
210;FIMNZ;BOTSWANA;CRC;10503328.62422925
211;FIMNZ;PANAMA;GMD;685364.0712203848
212;FIMNZ;PARAGUAY;QAR;84033.82844247691
213;FIMNZ;GUINEA;BGN;19572.460346557018
214;FIMNZ;BAHAMAS;PKR;3485852.164835357
215;FIMNZ;URUGUAY;MOP;71174.78502895472
216;FIMNZ;JORDAN;GMD;1174688.2723293041
217;FIMNZ;MOROCCO;THB;458596.6215680134
218;FIMNZ;MEXICO;OMR;5911.880721128679
219;FIMNZ;RUSSIAN FEDERATION;KHR;66423531.25632058
220;GKYYY;GUINEA;TOP;25598.011974095876
221;GKYYY;FRENCH POLYNESIA;HTG;972146.7317579881
222;HVVV1;YEMEN;COP;2522395.2621647036
223;HVVV1;SOLOMON ISLANDS;OMR;621.0151268322151
224;NVZ11;PARAGUAY;BOB;19809.723680168518
225;NVZ11;MADAGASCAR;LAK;41511315.03661128
226;NVZ11;MALDIVES;MMK;4347380.784704273
227;NVZ11;SERBIA;PGK;3151.474284529213
228;NVZ11;BOLIVIA;IRR;87448003.77915354
229;NVZ11;POLAND;EGP;34479.32927856194
230;NVZ11;MEXICO;CYP;-17.511698613771642
231;NVZ11;CHINA;HTG;46501.50192487264
232;NVZ11;URUGUAY;BIF;549933.925194256
233;NVZ11;TRINIDAD AND TOBAGO;ZAR;81921.46848510762
234;NVZ11;VANUATU;TOP;7399.2074270847415
235;NVZ11;BARBADOS;TOP;17516.23811346
236;NVZ11;NIGERIA;BMD;3675.502375581384
237;NVZ11;ICELAND;MOP;27277.934317412863
238;NVZ11;LIBERIA;VUV;204584.56492337727
239;NVZ11;DOMINICAN REPUBLIC;LVL;4093.0074701025596
240;NVZ11;ZAMBIA;MVR;53126.639842696524
241;NVZ11;ARUBA;TWD;57540.320114009955
242;NVZ11;CHINA;ETB;257644.21179503817
243;NVZ11;GUYANA;HNL;31138.277979231316
244;DIZab;CAMBODIA;ANG;49690.69619373566
245;DIZab;INDIA;ISK;3369499.644765564
246;DIZab;VENEZUELA;COP;33774740.906669855
247;DIZab;CANADA;EGP;237686.55015642295
248;DIZab;UGANDA;MRO;9330269.824393356
249;DIZab;BRUNEI DARUSSALAM;BND;51470.3149490631
250;DIZab;KUWAIT;KZT;3215969.786205608
251;DIZab;SEYCHELLES;EUR;26965.166468856733
252;DIZab;CANADA;MXN;390560.34329555155
253;DIZab;MOZAMBIQUE;WST;99791.39006322833
254;DIZab;VANUATU;SVC;237358.2021992752
255;DIZab;TRINIDAD AND TOBAGO;BOB;10893.90724432944
256;DIZab;BURUNDI;ALL;949814.9947955734
257;DIZab;LIBERIA;ETB;1571755.0527003033
258;DIZab;HONDURAS;XOF;22697600.551528014
259;ADDJc;KOREA, REPUBLIC OF;COP;11339326.172721544
260;ADDJc;JAPAN;BMD;209.36696999822905
261;ADDJc;JORDAN;PKR;400712.47636680433
262;ADDJc;AUSTRALIA;AZN;3438.082687416708
263;ADDJc;BAHRAIN;LVL;1867.1360942366846
264;ADDJc;ARGENTINA;PAB;1741.401464747175
265;ADDJc;URUGUAY;FJD;60.584624134060924
266;ADDJc;CANADA;SEK;6478.721052608537
267;ADDJc;SWITZERLAND;EGP;37990.68685291411
268;ADDJc;FIJI;PKR;244617.37426363252
269;ADDJc;KOREA, REPUBLIC OF;BDT;129603.28621878475
270;ADDJc;SERBIA;ZMW;9407.392823548495
271;ADDJc;DOMINICA;BMD;839.1295226119497
272;ADDJc;SOLOMON ISLANDS;MYR;8534.30363359481
273;ADDJc;ARUBA;HNL;60975.01277802608
274;ADDJc;SOMALIA;IDR;4482222.652431833
275;ADDJc;KAZAKHSTAN;BGN;1240.1425944253617
276;ADDJc;CYPRUS;TRY;14310.341699138846
277;VYZ11;BAHAMAS;MGA;682853.393666546
278;VYZ11;NEPAL;ANG;102.07610704370006
279;VYZ11;URUGUAY;GTQ;1206.7322032828308
280;VYZ11;EL SALVADOR;TOP;115.1177427380244
281;VYZ11;THAILAND;UAH;2958.6320501111777
282;VYZ11;UGANDA;BZD;234.42895271564234
283;CHVXb;UNITED ARAB EMIRATES;BHD;7344.988074463688
284;CHVXb;CROATIA;BDT;1234989.7336610483
285;CHVXb;BRUNEI DARUSSALAM;SOS;14655330.524601424
286;CHVXb;SINGAPORE;TOP;40911.77624478566
287;CHVXb;PAKISTAN;BYR;490365806.5689255
288;CHVXb;PAKISTAN;AZN;5946.7309835927035
289;CHVXb;SRI LANKA;THB;851410.0226182289
290;CHVXb;LAO PEOPLE'S DEMOCRATIC REP;MVR;422176.92557378917
291;CJMNY;INDONESIA;CLP;3256552.0691819065
292;CJMNY;MALAWI;PAB;3405.7283034514985
293;CJMNY;TOGO;JPY;607370.3671792273
294;CJMNY;SOLOMON ISLANDS;HKD;20054.671154560543
295;CJMNY;FIJI;TRY;32722.38659402912
296;CJMNY;RWANDA;FJD;5019.415902906632
297;CJMNY;AUSTRALIA;TND;3983.9257063977993
298;ADDLW;RWANDA;XCD;24402.698117465396
299;ADDLW;HAITI;STD;64329798.80337756
300;ADDLW;JAMAICA;NAD;137514.45443128535
301;ADDLW;HONG KONG;ZMW;88214.22438999587
302;ADDLW;LATVIA;JOD;7577.752414502971
303;ADDLW;MYANMAR;STD;45162742.57676758
304;ADDLW;JAPAN;KWD;471.78137174629217
305;FHc11;INDIA;AED;1922.4486921105788
306;FHc11;NEW ZEALAND;TTD;2908.1148112940486
307;FHc11;CHINA;MRO;27977.927855162307
308;DJJb1;SAO TOME AND PRINCIPE;PKR;667026.8897620032
309;DJJb1;THAILAND;RWF;5188025.466308473
310;DJJb1;SWEDEN;COP;13216972.71987168
311;DJJb1;BELIZE;IDR;66736038.32657547
312;DJJb1;MALAYSIA;PEN;41.367676744512295
313;EKLMN;SOMALIA;FJD;246.71830367266386
314;EKLMN;BRAZIL;ZWL;339297.37693187967
315;EKLMN;BULGARIA;AWG;691.1471936871611
316;EKLMN;TANZANIA, UNITED REPUBLIC OF;LRD;-628.9579698482537
317;EKLMN;SIERRA LEONE;HUF;213139.91164909332
318;EKLMN;EURO;BDT;6956.071439919003
319;EKLMN;SRI LANKA;AWG;781.5015677660646
320;EKLMN;MAURITIUS;TOP;1229.4908091343311
321;EKLMN;LATVIA;PGK;718.4142874620447
322;EKLMN;SWEDEN;SVC;897.2601482059166
323;EKLMN;HONDURAS;AED;1499.1283092174026
324;EKLMN;RUSSIAN FEDERATION;BTN;19499.87057647458
325;ADKL2;BRUNEI DARUSSALAM;CRC;651308.6674170159
326;ADKL2;SOMALIA;TTD;2889.092155876498
327;ADKL2;BOTSWANA;LVL;280.3190870919746
328;ADKL2;MADAGASCAR;IRR;59545106.3134956
329;ADKL2;CHILE;TRY;13126.79094141958
330;ADKL2;LIBYAN ARAB JAMAHIRIYA;GHS;17617.737080930336
331;ADKL2;BULGARIA;ILS;2410.2913256136817
332;ADKL2;ZAMBIA;SAR;337.3117118900316
333;ADKL2;UGANDA;KRW;151095.90815559763
334;ADKL2;KENYA;PES;88034.292157593
335;ADKL2;HUNGARY;BGN;2229.305486536365
336;ADKL2;ALBANIA;COP;6149099.804673261
337;ADKL2;SAO TOME AND PRINCIPE;VND;45741565.23304519
338;ADKL2;GAMBIA;BZD;1072.9771592734753
339;HKKYc;BAHRAIN;WST;26725.84274927758
340;HKKYc;GHANA;XCD;3896.308350060139
341;HKKYc;SIERRA LEONE;ZMW;36605.96336253028
342;HKKYc;LATVIA;SEK;79363.98556695729
343;HKKYc;BULGARIA;GYD;1333241.465053607
344;HKKYc;QATAR;KZT;7782160.742886687
345;HKKYc;CENTRAL AFRICAN REPUBLIC;IDR;49102330.598208055
346;HKKYc;HONG KONG;QAR;55302.30758756681
347;HKKYc;KOREA, REPUBLIC OF;VND;234354047.21064252
348;NZZa1;BULGARIA;SZL;66191.45364225845
349;NZZa1;NORWAY;YER;860957.14177994
350;NZZa1;SAUDI ARABIA;MUR;124741.94998744843
351;NZZa1;ANGOLA;ETB;218284.77296995453
352;NZZa1;HONDURAS;GTQ;11602.615845773866
353;NZZa1;NAMIBIA;TZS;3348747.7461642
354;NZZa1;JAMAICA;RON;22394.376118059863
355;NZZa1;PAPUA NEW GUINEA;MYR;18443.793429120586
356;NZZa1;SUDAN;GBP;1229.759035305636
357;NZZa1;SIERRA LEONE;XPF;482181.9491283794
358;NZZa1;CENTRAL AFRICAN REPUBLIC;BOB;10784.71474092487
359;NZZa1;SWAZILAND;ETB;188937.90848615783
360;NZZa1;ZIMBABWE;XOF;440651.1968992798
361;NZZa1;JAPAN;IDR;23107289.468753394
362;NZZa1;MEXICO;JMD;243437.63294736302
363;NZZa1;MAURITIUS;TND;7150.988503992141
364;NZZa1;ANGOLA;HNL;87242.23887488595
365;NZZa1;NAMIBIA;LKR;273709.3183876978
366;NZZa1;PERU;SGD;5358.294630828178
367;ABEH2;BERMUDA;MOP;93332.04300042297
368;ABEH2;PAKISTAN;PYG;82328209.87946537
369;ABEH2;HUNGARY;SRD;495843.7434085798
370;ABEH2;CROATIA;TZS;-126835.14919923639
371;ABEH2;INDONESIA;AUD;18869.948006315077
372;ABEH2;NEW ZEALAND;JPY;635839.3051681849
373;ABEH2;BHUTAN;NAD;114246.659875645
374;ABEH2;BULGARIA;HTG;2044573.8441968039
375;ABEH2;CHILE;ALL;366157.2382535798
376;ABEH2;CAPE VERDE;SYP;-23274.140393502938
377;ABEH2;SRI LANKA;SEK;38484.56593433847
378;ABEH2;BOTSWANA;XCD;7239.936936087366
379;ABEH2;UNITED KINGDOM;BHD;6054.388686958207
380;ABEH2;PERU;SGD;3449.109474281464
381;ABEH2;BAHRAIN;CLP;6393480.812036097
382;ABEH2;POLAND;SEK;933.4306037636412
383;ABEH2;HONDURAS;SOS;2178302.8402420375
384;ABEH2;NEW ZEALAND;NGN;3279187.6278435634
385;ABEH2;BANGLADESH;CLP;12197112.571545528
386;ABEH2;BANGLADESH;MAD;76362.552622108
387;AACDZ;SWITZERLAND;JOD;5146.864006001909
388;AACDZ;LATVIA;STD;607759000.199808
389;AACDZ;SURINAME;XPF;4878140.415429449
390;AACDZ;BELARUS;NOK;684919.3587979743
391;AACDZ;CENTRAL AFRICAN REPUBLIC;HRK;218763.04058210726
392;EFFHN;BERMUDA;MUR;1072771.7991135884
393;EFFHN;UNITED ARAB EMIRATES;MMK;18036351.48945257
394;EFFHN;GAMBIA;NZD;33175.10532735145
395;MX112;SRI LANKA;CZK;79224.50090592951
396;MX112;ANGOLA;THB;78510.47191112456
397;MX112;NEPAL;NOK;13836.83889102357
398;MX112;CENTRAL AFRICAN REPUBLIC;RUB;186838.60072165154
399;MX112;BOTSWANA;MWK;138425.284438776
400;MX112;ALBANIA;HUF;1210715.1631545948
401;MX112;BELIZE;SBD;1759.0248387014017
402;MX112;TANZANIA, UNITED REPUBLIC OF;NIO;67224.72497255041
403;MX112;RUSSIAN FEDERATION;RSD;403021.74143535906
404;MX112;EURO;BZD;-10.254366980215307
405;MX112;VIET NAM;ILS;2016.8817985509886
406;MX112;AZERBAIJAN;NIO;-411.72482031762655
407;MX112;IRAQ;CYP;206.91616620084193
408;MX112;MYANMAR;BIF;548811.8478492277
409;MX112;GAMBIA;SYP;1296999.6695262324
410;MX112;BERMUDA;WST;4501.996492264857
411;EXZ22;CENTRAL AFRICAN REPUBLIC;UAH;945.7259350434265
412;EXZ22;FRENCH POLYNESIA;PEN;193.3219244268207
413;EXZ22;MOROCCO;DZD;55065.667458842625
414;EXZ22;MADAGASCAR;MWK;857155.1791084489
415;EXZ22;SUDAN;MMK;1908525.315072888
416;EXZ22;QATAR;CNY;2633.220565466873
417;EXZ22;ZIMBABWE;PLN;4227.718683798651
418;EXZ22;ALGERIA;NAD;1995.6482708736887
419;EXZ22;GUYANA;BWP;10489.38693470406
420;EXZ22;BOLIVIA;WST;1244.4189416587847
421;EXZ22;GAMBIA;SGD;526.894544802222
422;EXZ22;IRAN (ISLAMIC REPUBLIC OF);PEN;2253.4231000014133
423;EXZ22;TRINIDAD AND TOBAGO;XOF;511968.0320943747
424;EXZ22;SOLOMON ISLANDS;SEK;3575.657373256164
425;JXYbc;TONGA;BOB;128231.39830556692
426;JXYbc;SAMOA;MZN;673842.191484933
427;JXYbc;TUNISIA;JMD;2714669.285603912
428;JXYbc;LATVIA;AOA;4605464.024662529
429;JXYbc;VENEZUELA;PES;2974466.5619667657
430;JXYbc;GHANA;AUD;18420.235115322077
431;EIIcc;NICARAGUA;AUD;1026.1852737978468
432;EIIcc;GUYANA;BND;486.73529679896313
433;EIIcc;EURO;HTG;93034.97096677664
434;EIIcc;ARGENTINA;WST;687.246277914023
435;EIIcc;SWAZILAND;PAB;925.0946979439017
436;EIIcc;BRUNEI DARUSSALAM;MGA;3266258.963273181
437;EIIcc;QATAR;XAF;550755.7003855158
438;EIIcc;SUDAN;ETB;34982.150628777956
439;EIIcc;PAPUA NEW GUINEA;BTN;35159.04458557298
440;EIIcc;DOMINICA;BTN;68598.52716343482
441;EIIcc;SERBIA;NAD;11278.827876161926
442;EIIcc;MADAGASCAR;COP;1765272.6014953607
443;EIIcc;NEPAL;SBD;3505.9191819719485
444;EIIcc;NEW ZEALAND;BBD;217.12901857308012
445;DEFLX;UNITED KINGDOM;GYD;2265243.8850583015
446;DEFLX;CHILE;RUB;731728.4608631489
447;DEFLX;HAITI;CRC;7093240.451250131
448;DEFLX;UKRAINE;XCD;6697.077118046794
449;DEFLX;ARUBA;HNL;243121.51474805208
450;DEFLX;PARAGUAY;SEK;91297.94431000992
451;DEFLX;ETHIOPIA;HKD;3438.475009900259
452;DEFLX;CANADA;GHS;193850.1330386606
453;DEFLX;TRINIDAD AND TOBAGO;TND;22333.912801183822
454;DEFLX;DOMINICAN REPUBLIC;GYD;1442232.3708235319
455;DEFLX;CANADA;CHF;7948.8374698075795
456;DEFLX;SWAZILAND;AOA;2595571.9148452366
457;DEFLX;MEXICO;ETB;414173.8656735581
458;DEFLX;GUINEA;TWD;335585.50015287055
459;DEFLX;JAMAICA;VND;172144515.64185834
460;DEFLX;UNITED KINGDOM;GBP;7586.386887737372
461;DEFLX;MACAU;MUR;405600.25486700365
462;DEFLX;ARUBA;BHD;1003.1414325511204
463;DEFLX;FIJI;XOF;1061091.3314209385
464;DEFLX;SIERRA LEONE;KWD;3346.3868755403746
465;CJZcc;KAZAKHSTAN;BDT;2943970.3981864094
466;CJZcc;VENEZUELA;TZS;19238989.491254345
467;CJZcc;BERMUDA;ZMW;254236.32386889344
468;CJZcc;SWITZERLAND;IQD;42630046.47877927
469;CJZcc;BRUNEI DARUSSALAM;TRY;132534.73857235105
470;CJZcc;TOGO;PES;1396895.8231827999
471;CJZcc;KENYA;EUR;11205.472235705973
472;CJZcc;ZIMBABWE;BHD;10294.774892165511
473;CJZcc;YEMEN;PEN;27465.715673588827
474;CJZcc;HUNGARY;MZN;1821645.0400780453
475;CJZcc;SERBIA;SYP;7436362.175386997
476;CJZcc;CAYMAN ISLANDS;NOK;289552.8929799452
477;CJZcc;ROMANIA;UGX;8983059.384323452
478;CJZcc;JAMAICA;THB;45010.291259280304
479;CJZcc;EL SALVADOR;BND;40934.78762345256
480;HLYY1;SYRIAN ARAB REPUBLIC;COP;132323002.18905152
481;HLYY1;NETHERLANDS ANTILLES;ARS;6878627.39406624
482;HLYY1;GUYANA;MOP;368097.2927266647
483;HLYY1;SERBIA;INR;2395005.8578413543
484;HLYY1;GUYANA;SRD;1123660.9615542137
485;HLYY1;CAPE VERDE;MRO;396058.4791468984
486;HLYY1;YEMEN;BND;22208.793797478298
487;HLYY1;MAURITIUS;BTN;3255240.746416342
488;HLYY1;LATVIA;NOK;365430.75963734026
489;HLYY1;PAKISTAN;KRW;69545367.41124146
490;HLYY1;PARAGUAY;FJD;83879.95603974006
491;HLYY1;MAURITIUS;SDG;16669715.920199065
492;HLYY1;FRENCH POLYNESIA;THB;1810340.0284914766
493;HLYY1;CHINA;DOP;1333050.7878964779
494;HLYY1;PARAGUAY;HTG;2750206.6923368447
495;HLYY1;SEYCHELLES;NIO;269631.9016241212
496;HLYY1;PAKISTAN;RUB;2264889.2644017446
497;HLYY1;PANAMA;PLN;57869.56706592188
498;HLYY1;TANZANIA, UNITED REPUBLIC OF;MYR;-949.1824946309131
499;DDWWY;DOMINICA;SAR;46554.774607857405
500;DDWWY;TONGA;RON;70338.60682190859
501;DDWWY;HONDURAS;RWF;14707596.182738695
502;DDWWY;SAO TOME AND PRINCIPE;NPR;1453530.0048498064
503;DDWWY;SWAZILAND;KZT;8871535.088358905
504;DDWWY;FRENCH POLYNESIA;BSD;12092.32962917394
505;DDWWY;URUGUAY;YER;1096660.182029785
506;DDWWY;PERU;HUF;2836763.022663027
507;DDWWY;AZERBAIJAN;TTD;560.9022505936465
508;DDWWY;EL SALVADOR;SAR;1126.6240631100661
509;DDWWY;ICELAND;AED;57802.69074650488
510;DKVYb;NETHERLANDS ANTILLES;STD;32432400.918796327
511;DKVYb;MALDIVES;UGX;27894621.199142613
512;DKVYb;LEBANON;LYD;4267.057324025588
513;DKVYb;TANZANIA, UNITED REPUBLIC OF;AWG;-21.586920621097065
514;DKVYb;BURUNDI;LAK;93791038.69672361
515;DKVYb;CZECH REPUBLIC;MGA;10251266.908247903
516;DKVYb;NETHERLANDS ANTILLES;BWP;20982.8348969637
517;DKVYb;GUYANA;NPR;616062.9752627395
518;DKVYb;TONGA;UAH;97457.4452359589
519;DKVYb;NETHERLANDS ANTILLES;YER;1333257.04121323
520;DKVYb;BANGLADESH;KRW;4451450.133329393
521;DKVYb;IRAQ;SGD;1207.0211387707025
522;DKVYb;PAKISTAN;OMR;938.6960176189077
523;DKVYb;LIBERIA;PLN;24988.45573657464
524;DKVYb;IRAQ;PYG;23699134.072883967
525;CMWY2;SWITZERLAND;PES;4011219.161307476
526;CMWY2;HUNGARY;MGA;8297698.53523275
527;CMWY2;SUDAN;CYP;19411.643889608393
528;BDKLb;DENMARK;XOF;2574999.4492083797
529;BDKLb;ALGERIA;TWD;355537.02363614
530;BDKLb;NIGERIA;UAH;18035.699152393565
531;BDKLb;VIET NAM;XAF;5711966.12189991
532;BDKLb;FIJI;JOD;4611.045045719004
533;BDKLb;TURKEY;KYD;1102.8727220966377
534;BDKLb;SAMOA;MYR;48827.75545628035
535;BDKLb;HONDURAS;YER;2619545.9104525633
536;BDKLb;SOUTH AFRICA;GHS;109720.9643415999
537;BDKLb;PERU;GBP;10872.791232318965
538;BDKLb;LIBERIA;PGK;8262.103866927228
539;BDKLb;BHUTAN;BWP;113934.92219000781
540;BDKLb;ALGERIA;SBD;18928.502827620247
541;BDKLb;THAILAND;NOK;158511.02118822964
542;BDKLb;BELARUS;BGN;4421.184222666615
543;CXYb2;LIBERIA;MGA;6318451.178625234
544;CXYb2;UNITED ARAB EMIRATES;IDR;24067831.084121905
545;CXYb2;EURO;CZK;24673.79471030027
546;CXYb2;HAITI;WST;8314.721613828926
547;CXYb2;SAUDI ARABIA;LRD;387368.53301939
548;CXYb2;RUSSIAN FEDERATION;BHD;137.7464228898586
549;CXYb2;SURINAME;XOF;1740665.275894299
550;CXYb2;BAHRAIN;CVE;90333.18986762299
551;CXYb2;SAMOA;BHD;748.5627423580174
552;CXYb2;LIBYAN ARAB JAMAHIRIYA;LAK;5839397.842907056
553;CXYb2;BOLIVIA;IQD;3824698.3788941754
554;CXYb2;HAITI;GNF;24817253.245647423
555;CXYb2;TONGA;RWF;3382538.2538412437
556;GIIXb;SAUDI ARABIA;QAR;10757.961958814656
557;GIIXb;SOUTH AFRICA;AOA;1484932.5766720285
558;GIIXb;INDIA;CLP;2163873.5192384506
559;GIIXb;LEBANON;SVC;7745.799990007159
560;GIIXb;KENYA;AOA;143159.85143718988
561;GIIXb;KAZAKHSTAN;LVL;1918.4717303712478
562;GIIXb;BOTSWANA;NZD;4963.856841400909
563;GIIXb;CHINA;PGK;1149.5018118842418
564;GIIXb;BOLIVIA;JOD;2065.3753493869413
565;GIIXb;GUINEA;BMD;2864.5507657651137
566;GIIXb;ETHIOPIA;SCR;34843.09670936459
567;GIIXb;LIBYAN ARAB JAMAHIRIYA;KZT;1353291.5719631298
568;GIIXb;ALBANIA;TOP;5117.3483284456
569;GIIXb;GUINEA;EUR;2489.112394315623
570;GIIXb;MOROCCO;BBD;5896.669189476351
571;CEWbb;HONDURAS;NGN;6590098.575555373
572;CEWbb;JORDAN;BOB;139725.83682504957
573;CEWbb;ANGOLA;KZT;2453487.492627496
574;CEWbb;CHILE;HTG;458219.34073253156
575;CEWbb;BRUNEI DARUSSALAM;QAR;57073.95372914057
576;CEWbb;DJIBOUTI;JOD;15614.85102628061
577;CEWbb;HUNGARY;RWF;7657565.8694727225
578;CEWbb;CAMBODIA;NIO;311486.6534659836
579;CEWbb;BOTSWANA;RON;31471.68392025285
580;CEWbb;MEXICO;ZMW;183051.25190070036
581;CEWbb;MOROCCO;RWF;1455592.0080091741
582;CEWbb;PANAMA;CHF;16407.674471732444
583;CEWbb;PAPUA NEW GUINEA;GYD;4167013.0592397903
584;CEWbb;INDIA;GYD;3659396.0455660988
585;CEWbb;KUWAIT;BZD;41954.6109129424
586;NNZcc;BRAZIL;SEK;3683.969162798075
587;NNZcc;HONDURAS;ARS;80027.56077883915
588;NNZcc;LIBERIA;MZN;23564.97895836858
589;NNZcc;ZIMBABWE;TZS;2089908.2706095404
590;NNZcc;CZECH REPUBLIC;KWD;77.9516388325467
591;NNZcc;DJIBOUTI;AWG;756.4728199027236
592;NNZcc;INDONESIA;IDR;6852343.736253515
593;NNZcc;SOUTH AFRICA;PYG;4487624.053643752
594;NNZcc;CANADA;CHF;428.11923385623913
595;NNZcc;HONDURAS;VND;23051957.043829247
596;NNZcc;KUWAIT;ETB;33055.53116859577
597;NNZcc;IRAN (ISLAMIC REPUBLIC OF);BGN;1007.1186725628525
598;NNZcc;BELIZE;QAR;2628.1554837697604
599;EEIJL;COSTA RICA;NIO;211540.70415252392
600;EEIJL;VIET NAM;ARS;1744431.5243602523
601;EEIJL;PERU;ETB;653543.0684025106
602;EEIJL;GAMBIA;MOP;1491.257327399455
603;EEIJL;GUYANA;BTN;163593.1158915834
604;EEIJL;UNITED KINGDOM;PHP;504018.6308261138
605;EEIJL;BHUTAN;XCD;9354.407990294063
606;EEIJL;JAMAICA;ZAR;120625.60203067467
607;EEIJL;PAKISTAN;LRD;396031.63882181956
608;EEIJL;BAHRAIN;NZD;9670.885977585205
609;EEIJL;NEPAL;IRR;286820141.93411344
610;AEEJW;CENTRAL AFRICAN REPUBLIC;ILS;7442.63108800506
611;AEEJW;CHINA;BTN;801520.7693210058
612;GNWW3;OMAN;PEN;71754.96567100358
613;GNWW3;SUDAN;GNF;180594242.36857513
614;GNWW3;CENTRAL AFRICAN REPUBLIC;BIF;31965272.10737985
615;GNWW3;PANAMA;SRD;621659.7599123811
616;GNWW3;DOMINICA;RWF;3051892.605686879
617;EEFXa;THAILAND;TND;41344.109565646555
618;EEFXa;SURINAME;TWD;39374.57514178359
619;EEFXa;MALDIVES;MYR;20022.81259448313
620;EEFXa;ZIMBABWE;CVE;648655.8091165639
621;EEFXa;LIBYAN ARAB JAMAHIRIYA;BND;8531.295002775505
622;EEFXa;SOUTH AFRICA;LBP;14424348.109181143
623;EEFXa;CANADA;XAF;3158698.362086314
624;EEFXa;CANADA;RUB;290998.17658534495
625;EEFXa;BURUNDI;UYU;168234.39618891393
626;EEFXa;BAHRAIN;FJD;6805.987009005214
627;EEFXa;CAPE VERDE;IQD;10637627.067005847
628;AFLXa;NICARAGUA;JMD;217988.38134301535
629;AFLXa;SIERRA LEONE;IRR;45691549.9685537
630;AFLXa;SOLOMON ISLANDS;STD;18857939.7519052
631;AFLXa;ANGOLA;BIF;3182425.104463031
632;AFLXa;BRAZIL;SAR;4703.040114923376
633;AFLXa;SAO TOME AND PRINCIPE;SOS;424863.87098246603
634;AFLXa;BURUNDI;ZWL;1224102.6268750154
635;AFLXa;GUINEA;THB;9298.796354306947
636;AFLXa;MOZAMBIQUE;MZN;63457.57065753934
637;AFLXa;DOMINICAN REPUBLIC;ARS;518715.21234976704
638;AFLXa;ALBANIA;SYP;735210.2539462738
639;AFLXa;BARBADOS;ZWL;738228.0457461632
640;AFLXa;ROMANIA;BBD;381.1415807095832
641;AFLXa;ICELAND;BBD;3230.7982589120747
642;AFLXa;COLOMBIA;TWD;15371.927589687124
643;AFLXa;NETHERLANDS ANTILLES;IDR;25098867.630106207
644;IWWW1;SOUTH AFRICA;BZD;5063.670438557229
645;IWWW1;BANGLADESH;JOD;928.3832647233505
646;IWWW1;MACAU;SRD;53629.53778581642
647;IWWW1;SRI LANKA;XAF;1616220.7622566451
648;IWWW1;LATVIA;RON;7220.0810450071185
649;IWWW1;SURINAME;BIF;4465681.037181517
650;IWWW1;EURO;LYD;1044.240063454193
651;IWWW1;BOTSWANA;THB;39013.7227790457
652;IWWW1;ARGENTINA;DJF;212371.74382708356
653;IWWW1;BAHAMAS;MXN;8074.184088683849
654;IWWW1;JAMAICA;IRR;105376788.14081192
655;IWWW1;BAHRAIN;BYR;19136464.604429055
656;IWWW1;ANGOLA;MXN;40146.92694934608
657;IWWW1;CHILE;EUR;2122.0897368430437
658;IWWW1;PARAGUAY;NPR;215152.80686257148
659;IWWW1;INDONESIA;LVL;577.6740008515231
660;IWWW1;MAURITIUS;BIF;1183241.3528688864
661;IWWW1;ZIMBABWE;UGX;2496915.6030748817
662;IWWW1;SAO TOME AND PRINCIPE;NPR;327192.89262040594
663;ABVcc;EGYPT;CNY;70427.1021972514
664;ABVcc;YEMEN;EGP;569839.7798300965
665;ABVcc;LIBERIA;BMD;25375.00135115565
666;ABVcc;KUWAIT;VND;132463775.68949866
667;ABVcc;MALAWI;TZS;18236548.800747722
668;ABVcc;UGANDA;FJD;37992.52713484457
669;ABVcc;NIGERIA;BZD;49746.19892120815
670;ABVcc;CHILE;CNY;21946.514334462627
671;ABVcc;RUSSIAN FEDERATION;MVR;408712.8587277032
672;ABVcc;TURKEY;SEK;315812.69861229183
673;ABVcc;JAMAICA;KYD;19749.77950541468
674;AGNc1;GUATEMALA;CHF;3475.4243551820587
675;AGNc1;MOZAMBIQUE;TZS;15082173.886482084
676;AGNc1;UGANDA;PAB;1345.0701612628736
677;AGNc1;PAKISTAN;AWG;644.5089007994333
678;AGNc1;COLOMBIA;BOB;38921.1071857975
679;AGNc1;PHILIPPINES;SEK;14992.296846999661
680;AGNc1;MADAGASCAR;NPR;-7057.936314707009
681;AGNc1;ETHIOPIA;GTQ;28950.267230402023
682;AGNc1;CHINA;MVR;14757.11106853809
683;AGNc1;HAITI;PYG;45432137.530867375
684;AGNc1;BAHAMAS;PES;852166.1432470971
685;AGNc1;RWANDA;GBP;3020.905820966274
686;EZaab;NETHERLANDS ANTILLES;BBD;71.63571288500407
687;EZaab;BAHRAIN;KRW;38671.27637237825
688;EZaab;KOREA, REPUBLIC OF;GBP;10.903058774870335
689;EZaab;ARUBA;OMR;75.47868338288102
690;EZaab;HONDURAS;JOD;179.98885847247618
691;EZaab;MOZAMBIQUE;MGA;160820.11692933744
692;HNYa2;HUNGARY;GNF;5115335.2139787795
693;HNYa2;MYANMAR;ILS;15181.96250160528
694;HNYa2;NORWAY;LKR;1535538.3887496581
695;HNYa2;DOMINICA;TRY;121044.06976884429
696;HNYa2;ETHIOPIA;PAB;321.113796245333
697;HNYa2;KOREA, REPUBLIC OF;PGK;9436.387470945358
698;HNYa2;CHINA;QAR;6881.240227700101
699;HNYa2;DOMINICAN REPUBLIC;TZS;5480603.879639335
700;HNYa2;ISRAEL;TRY;57329.07301802483
701;HNYa2;MOROCCO;SYP;534439.9999764889
702;HNYa2;LIBYAN ARAB JAMAHIRIYA;XCD;7907.638499525441
703;HNYa2;GHANA;NIO;175645.98483498744
704;HNYa2;ARGENTINA;GYD;1060165.065940289
705;HNYa2;CYPRUS;NIO;8010.41004587329
706;HNYa2;MADAGASCAR;TRY;5507.367490295158
707;ABFNV;SWEDEN;SYP;1184901.6066206752
708;ABFNV;SAUDI ARABIA;ZMW;47018.00509353039
709;ABFNV;INDONESIA;AWG;3603.62993598017
710;ABFNV;EURO;IRR;101020670.8880351
711;ABFNV;VIET NAM;BMD;2794.003538097841
712;ABFNV;TANZANIA, UNITED REPUBLIC OF;STD;67555975.60822238
713;ABFNV;AUSTRALIA;AZN;3453.6993229627187
714;ABFNV;BELARUS;SCR;17731.26642841297
715;ABFNV;CYPRUS;VUV;285866.87304133805
716;ABFNV;ICELAND;RUB;159764.42664177774
717;ABFNV;DJIBOUTI;MUR;91662.54760086413
718;ABFNV;COSTA RICA;UAH;135917.79921700677
719;ABFNV;NEPAL;COP;16542472.783363713
720;ABFNV;JORDAN;UAH;182165.42604835166
721;ABFNV;LEBANON;PKR;245219.5944239457
722;ABFNV;TAIWAN, PROVINCE OF CHINA;KYD;75.27056207510304
723;ABFNV;SWEDEN;MRO;1257657.0484315583
724;ABFNV;CANADA;AUD;1689.558010538323
725;CFGKV;TONGA;TND;7951.490180035721
726;CFGKV;TONGA;CRC;10189.519400575105
727;CFGKV;NEW ZEALAND;SOS;1397258.140610791
728;CFGKV;THAILAND;SLL;10029348.774901155
729;CFGKV;UNITED KINGDOM;SGD;83.83279271485351
730;CFGKV;PERU;PHP;57452.63333705343
731;CFGKV;JORDAN;DOP;58933.51683910075
732;CFGKV;HAITI;JOD;104.6543740539575
733;CFGKV;NEPAL;CNY;8714.221037760897
734;CFGKV;DENMARK;VUV;128840.6711397691
735;AGWWW;ZIMBABWE;RSD;63020.177874746805
736;AGWWW;MYANMAR;BDT;59841.04774751159
737;AGWWW;PAKISTAN;XCD;5180.224224306391
738;AGWWW;VANUATU;DJF;72361.45776723449
739;AGWWW;IRAN (ISLAMIC REPUBLIC OF);SLL;28014489.000530653
740;AGWWW;ZAMBIA;VES;8970.110609946341
741;AGWWW;CYPRUS;CAD;1892.2324467033254
742;BBCII;GAMBIA;AED;18.084360245619944
743;BBCII;SURINAME;CHF;3.782465004252976
744;BBCII;COSTA RICA;NOK;43.49910719974844
745;BBCII;YEMEN;SGD;3.6630448477502267
746;BBCII;FIJI;ILS;0.9382702865963736
747;BBCII;TONGA;MUR;292.6394155740208
748;BBCII;EGYPT;CYP;1.7785265230585656
749;BBCII;JAPAN;IRR;212406.0125715541
750;BBCII;VIET NAM;BGN;1.4384183055469442
751;BBCII;TONGA;XOF;4051.0579258446037
752;BBCII;CHILE;NGN;956.8427623926361
753;BBCII;THAILAND;KRW;6572.627457459593
754;DHXZc;ANGOLA;BYR;26033080.595660478
755;DHXZc;UNITED ARAB EMIRATES;RUB;37413.46690897288
756;DHXZc;CHINA;VES;18927.46199071691
757;DHXZc;AUSTRALIA;BOB;3991.8943895775174
758;DHXZc;DENMARK;SAR;534.6464597193584
759;DHXZc;SAMOA;SDG;277981.133196774
760;DHXZc;BOTSWANA;AOA;263456.935198826
761;DHXZc;INDONESIA;TOP;2960.707017631655
762;DHXZc;INDIA;LVL;239.70123636869639
763;DHXZc;CYPRUS;SDG;63040.35348732631
764;DHXZc;CROATIA;BYR;36594819.97738225
765;DHXZc;SWITZERLAND;MWK;990514.0147631692
766;DHXZc;JAPAN;UAH;45884.70339759483
767;DHXZc;ARGENTINA;BGN;-11.168619037427653
768;DHXZc;CAPE VERDE;STD;4301303.804373693
769;AEJJM;GAMBIA;YER;357656.2997747101
770;AEJJM;CENTRAL AFRICAN REPUBLIC;CAD;708.413805516379
771;AEJJM;NIGERIA;TND;6408.565514896706
772;JNNVa;CHINA;ISK;32503.786675259602
773;JNNVa;CAPE VERDE;RSD;2857.4019767813415
774;AHLY3;EL SALVADOR;IRR;5215919.689032221
775;AHLY3;LATVIA;INR;6134.8710767503235
776;AHLY3;GUINEA;BTN;7936.517516910212
777;AHLY3;MAURITANIA;TTD;1008.9166626972637
778;AHLY3;ICELAND;BDT;11452.717556791535
779;AHLY3;KAZAKHSTAN;GMD;3187.0227002265083
780;AHLY3;CZECH REPUBLIC;CRC;84360.11009863071
781;AHLY3;PAPUA NEW GUINEA;INR;1506.2294135748475
782;AHLY3;ALBANIA;TTD;402.2077071582617
783;AHLY3;BRUNEI DARUSSALAM;AOA;82364.01504799277
784;AHLY3;MALAYSIA;TOP;193.1825542700159
785;HV133;BELARUS;BYR;62485919.7029521
786;HV133;NAMIBIA;DOP;259871.51264421016
787;HV133;RWANDA;CYP;1703.1361782605827
788;HV133;HUNGARY;BZD;5131.393834404033
789;HV133;CAPE VERDE;PEN;16467.230401378507
790;HV133;HAITI;BIF;11160132.008390214
791;GHMVX;ROMANIA;BYR;31575796.75205405
792;BDZb1;SWEDEN;NOK;159422.69640406585
793;BDZb1;EURO;TWD;505843.3357217905
794;BDZb1;UNITED KINGDOM;RSD;1312460.3385489872
795;BDZb1;AUSTRALIA;SZL;103119.14070453835
796;BDZb1;SOMALIA;MZN;166643.75396072908
797;BDZb1;MALDIVES;ANG;6922.468790671369
798;BHJb2;NETHERLANDS ANTILLES;BHD;1299.4428956092602
799;BHJb2;KOREA, REPUBLIC OF;XAF;1560215.45874025
800;BHJb2;SURINAME;NZD;4432.3466356318895
801;BHJb2;OMAN;FJD;12678.97826000532
802;BHJb2;EL SALVADOR;JOD;2138.0863519673762
803;BHJb2;ROMANIA;LVL;2596.269297372764
804;BHJb2;NEPAL;MAD;65983.75171877124
805;BHJb2;TOGO;ISK;635899.4535503482
806;BHJb2;GAMBIA;HTG;284165.8318245137
807;BHJb2;UGANDA;MRO;1870501.2682257786
808;BHJb2;SAUDI ARABIA;PKR;637570.27982794
809;BHJb2;GUYANA;MUR;185348.60762345034
810;ABDYa;SWITZERLAND;MRO;2605333.6076333015
811;ABDYa;PARAGUAY;LYD;48292.202246529
812;ABDYa;EL SALVADOR;IDR;60093537.15762285
813;ABDYa;JAMAICA;MRO;2097414.9856372885
814;ABDYa;HONG KONG;GBP;1172.0276814792646
815;ABDYa;CZECH REPUBLIC;PHP;497374.1808143811
816;ABDYa;GUATEMALA;IQD;8651282.950706495
817;ABDYa;DENMARK;VUV;1055517.791545254
818;ABDYa;PERU;ZAR;27001.25776834364
819;ABDYa;CENTRAL AFRICAN REPUBLIC;LAK;82923219.99822795
820;ABDYa;INDONESIA;HRK;6173.588701504664
821;ABDYa;SOLOMON ISLANDS;IQD;7209943.502258584
822;ABDYa;DOMINICA;SVC;67889.21136970162
823;ABDYa;BERMUDA;RUB;289094.78570432233
824;BGYZb;INDONESIA;LRD;1073585.0650027008
825;BGYZb;FRENCH POLYNESIA;TND;20678.40571472717
826;BGYZb;LATVIA;NGN;1903467.8873330783
827;BGYZb;INDIA;IQD;7535521.73865138
828;BGYZb;BARBADOS;PES;888407.1508156036
829;BGYZb;ZAMBIA;LBP;6742960.069943721
830;BGYZb;PAPUA NEW GUINEA;HRK;9976.963490611412
831;BGYZb;ARGENTINA;MMK;18425501.631762214
832;BGYZb;FIJI;SAR;16595.55749113956
833;DEHaa;AUSTRALIA;SOS;5457637.726050349
834;DEHaa;VENEZUELA;JOD;7905.400685551142
835;DEHaa;NAMIBIA;MRO;1154599.8924392103
836;DEHaa;SRI LANKA;XCD;36250.08658288641
837;DEHaa;RWANDA;GHS;39598.55233691572
838;DEHaa;SAO TOME AND PRINCIPE;HTG;1372500.568256193
839;DEHaa;SINGAPORE;NOK;42204.37367685945
840;DEHaa;ALBANIA;PYG;81279573.22312677
841;DEHaa;AUSTRALIA;DKK;79390.16906556481
842;DEHaa;LIBERIA;IQD;19377663.265399788
843;DEHaa;BRUNEI DARUSSALAM;MAD;119151.86121033844
844;FIIbb;RUSSIAN FEDERATION;XAF;510692.0530663508
845;FIIbb;NIGERIA;XCD;2279.6483026944497
846;FIIbb;ROMANIA;SAR;4765.636786202917
847;FIIbb;MAURITIUS;PLN;815.6006083621203
848;FIIbb;INDIA;IRR;27407019.01882248
849;EFLb1;BERMUDA;RUB;3144730.1123064025
850;EFLb1;DENMARK;RUB;2580151.8688273854
851;EFLb1;BAHRAIN;ZMW;155588.7588144127
852;EFLb1;INDONESIA;CHF;-19.65472891231866
853;EFLb1;MACAU;ISK;9183591.896636821
854;EFLb1;BARBADOS;MYR;142533.26400109287
855;EFLb1;BERMUDA;ALL;6550775.5712019745
856;EFLb1;UNITED ARAB EMIRATES;AZN;21051.67054403461
857;EFLb1;MOROCCO;PEN;121885.97692746238
858;EFLb1;CAPE VERDE;MVR;219056.49602076435
859;EGMaa;LATVIA;RUB;84937.73711592433
860;EGXbc;LEBANON;PHP;180785.03172403932
861;EGXbc;SWITZERLAND;SOS;160069.1451975681
862;ADIIK;ARGENTINA;PKR;1386738.514627132
863;ADIIK;CAMBODIA;ISK;508937.3433577024
864;ADIIK;BOLIVIA;CRC;28065312.47394096
865;ADIIK;GAMBIA;KZT;12003077.282720197
866;ADIIK;PANAMA;BND;31082.21067702946
867;ADIIK;NAMIBIA;SZL;395600.6248434684
868;ADIIK;GUATEMALA;MYR;229981.85695744742
869;ADIIK;MADAGASCAR;LBP;11685715.820295246
870;ADIIK;POLAND;VND;1613280225.4508233
871;ADIIK;HUNGARY;TZS;56022522.20760201
872;ADIIK;SYRIAN ARAB REPUBLIC;NIO;438824.0168928234
873;ADIIK;PARAGUAY;GHS;718070.9018955621
874;ADIIK;VIET NAM;SAR;81530.87962771147
875;ADIIK;MOZAMBIQUE;LVL;37772.54653292462
876;ADIIK;CENTRAL AFRICAN REPUBLIC;SLL;752617169.0576897
877;ADIIK;MYANMAR;XPF;3204285.0783003285
878;ADIIK;KAZAKHSTAN;BTN;5276768.518277705
879;ADIIK;BRAZIL;BZD;7381.6883385927085
880;ADIIK;PARAGUAY;KYD;30796.764631583686
881;ADIIK;ALBANIA;PAB;22449.328155182484
882;BVWY2;QATAR;ILS;27937.2748938579
883;BVWY2;AUSTRALIA;EGP;603064.2722482409
884;BVWY2;TAIWAN, PROVINCE OF CHINA;CZK;319101.59370861395
885;BVWY2;TOGO;HNL;539692.0276040023
886;BVWY2;ZAMBIA;KYD;4542.006331232231
887;BVWY2;YEMEN;KZT;10385637.133988902
888;BVWY2;CROATIA;BDT;91270.10073878818
889;BVWY2;PAPUA NEW GUINEA;GBP;7264.648658749841
890;BVWY2;BULGARIA;WST;40759.49307335526
891;BVWY2;ICELAND;MUR;608542.3511638242
892;BVWY2;BELARUS;DOP;232912.2719190183
893;BVWY2;PAKISTAN;SZL;111239.4479337562
894;BVWY2;MACAU;NZD;6951.533696478245
895;BVWY2;RWANDA;XPF;367000.70777049934
896;BVWY2;IRAN (ISLAMIC REPUBLIC OF);HRK;50518.26973072931
897;CFH13;PANAMA;SZL;207048.20671042794
898;CFH13;GUYANA;MOP;16972.516921528415
899;CFH13;EL SALVADOR;CAD;18228.850815957212
