Client;Country;Currency;Transaction
ACCJV;NICARAGUA;AUD;33098.25033340404
ACCJV;EGYPT;STD;291270901.34553695
ACCJV;SWAZILAND;HNL;187889.7238169154
ACCJV;JAMAICA;ARS;1784988.7333698617
ACCJV;LATVIA;BHD;7673.444322992631
ACCJV;SAUDI ARABIA;PYG;18393860.4558799
ACCJV;CYPRUS;KWD;520.3597440926326
ACCJV;CAYMAN ISLANDS;ZAR;99909.09029986562
ACCJV;BAHRAIN;JPY;1438256.7837545662
ACCJV;AZERBAIJAN;VUV;2493992.551516962
ACCJV;POLAND;RON;45634.984327521954
ACCJV;PAKISTAN;MGA;28059094.001730252
ACCJV;BRUNEI DARUSSALAM;AWG;4904.636523485448
ACCJV;CAMBODIA;THB;363052.54995757784
ACCJV;NEPAL;PAB;22847.355058940728
ACCJV;NEPAL;BZD;22268.18486704079
ACCJV;BRAZIL;UAH;884089.3431859134
ACCJV;BRUNEI DARUSSALAM;PYG;84294300.60694605
ACCJV;CAYMAN ISLANDS;VUV;539317.6822573346
ACCJV;JAMAICA;SYP;8743376.641425801
BDIcc;BELARUS;MMK;29596100.49427396
BDIcc;SYRIAN ARAB REPUBLIC;BZD;14562.895582320354
BDIcc;IRAQ;KZT;4938602.228890149
BDIcc;BULGARIA;TTD;81006.63691728258
BDIcc;NICARAGUA;QAR;41050.31033932908
BDIcc;MYANMAR;NZD;13187.73999269971
BDIcc;TAIWAN, PROVINCE OF CHINA;MWK;12715171.835633846
BDIcc;POLAND;UYU;510876.7139292365
BDIcc;ALGERIA;LBP;-91140.16326144284
BDIcc;SOLOMON ISLANDS;MXN;331184.4112544838
BDIcc;PERU;UYU;188570.52276711466
BDIcc;MOZAMBIQUE;MZN;1039158.8645968513
BDIcc;RWANDA;MUR;119235.90726117227
BDIcc;SAMOA;PAB;779.41729000038
BDIcc;BHUTAN;LAK;235310581.02565426
BDIcc;EURO;JOD;820.8334588122991
BDIcc;MAURITANIA;RSD;117702.6033680663
BDIcc;MALAYSIA;PEN;14619.239000874599
BDIcc;KOREA, REPUBLIC OF;CAD;18250.699226286983
EGIc2;PAKISTAN;GNF;87249.90834616717
EGIc2;GUINEA;AZN;247.3915452709222
EGIc2;BRAZIL;PGK;309.9061658646998
HNWc3;NETHERLANDS ANTILLES;STD;525590800.95547724
HNWc3;OMAN;HTG;494851.0369433966
HNWc3;EL SALVADOR;JPY;2294549.242753531
HNWc3;FIJI;SCR;263997.39473448734
HNWc3;MOROCCO;BZD;39480.5196071828
HNWc3;NICARAGUA;DOP;1909674.5424326372
HNWc3;SAO TOME AND PRINCIPE;COP;84771899.32171752
HNWc3;LIBERIA;LYD;81111.49129765939
HNWc3;BRUNEI DARUSSALAM;CZK;592460.4961558304
HNWc3;EURO;TRY;451432.3030461019
HNWc3;DOMINICA;IQD;50321434.690675884
HNWc3;NIGERIA;AUD;20759.34493879407
HNWc3;BHUTAN;BWP;279204.99025398755
HNWc3;JAPAN;NGN;8367342.087326128
HNWc3;TURKEY;LVL;17610.498587485363
HNWc3;ISRAEL;KZT;8857840.296092002
HNWc3;SERBIA;RWF;17462456.006345347
HNWc3;PERU;BBD;34814.4424137481
HNWc3;COLOMBIA;YER;5028109.563363915
HNWc3;SOLOMON ISLANDS;PEN;140822.78933477795
BEHNX;TURKEY;LKR;307842.29267686646
BEHNX;SOMALIA;ISK;1371051.9134094617
BEHNX;FIJI;BDT;549816.346998065
BEHNX;NORWAY;ISK;2666256.50326552
BEHNX;ZAMBIA;SOS;6934587.553172275
BEHNX;AZERBAIJAN;ALL;287137.37277483277
BEHNX;NEW ZEALAND;BZD;47507.36638823169
BEHNX;PAPUA NEW GUINEA;XPF;2686650.5136018777
BEHNX;HUNGARY;IRR;49380118.455347486
BEHNX;JORDAN;SBD;120175.78204808832
BEHNX;AZERBAIJAN;BMD;8354.273062786204
BEHNX;SOUTH AFRICA;QAR;27208.767659293404
BEHNX;ISRAEL;TWD;14032.635678312203
BEHNX;SOLOMON ISLANDS;MVR;26997.11581884429
BMXWW;COLOMBIA;PKR;1786054.9951011005
BMXWW;BAHAMAS;BSD;35056.52956301907
FFZc2;JORDAN;MOP;42376.99455119595
FFZc2;BAHRAIN;RON;83886.24131902706
FFZc2;CHINA;INR;214848.9020494463
FFZc2;BRUNEI DARUSSALAM;VES;462698.9541009656
FFZc2;CYPRUS;BWP;291812.063845384
FFZc2;SWEDEN;MRO;10610450.515446095
FFZc2;BOTSWANA;BZD;48855.38727718546
FFZc2;MAURITANIA;DZD;3117143.9176426237
FFZc2;SINGAPORE;STD;480593057.32238114
ADN22;MOROCCO;MUR;56701.111723730086
ADN22;DOMINICA;MOP;17541.765981367167
ADN22;UNITED ARAB EMIRATES;SRD;5656.745979164972
ADN22;VENEZUELA;BYR;56520562.15963566
ADN22;JAPAN;BWP;49117.07494530191
ADN22;BANGLADESH;UGX;7893721.553725565
ADN22;HONDURAS;CRC;2361973.0943796877
ADN22;BAHRAIN;ARS;177496.36182402322
ADN22;DJIBOUTI;SEK;43455.02120670107
ADN22;URUGUAY;PES;295051.2056184426
ADN22;CYPRUS;ZWL;2705220.030084897
ADN22;TONGA;BBD;7167.809414127572
ADN22;GUATEMALA;MAD;9837.66707075139
ADN22;INDIA;LAK;26897169.710575454
ADN22;ISRAEL;THB;63729.64432834135
ADN22;QATAR;NPR;247745.27464491123
HJJJX;NORWAY;BMD;239.7299416266263
HJJJX;LEBANON;GHS;4660.287628867604
HJJJX;MALAWI;BWP;4112.640562939142
HJJJX;BOTSWANA;THB;11528.92586326503
Yac13;SUDAN;VUV;3639000.7170354207
Yac13;PERU;LKR;1512324.4078986607
Yac13;VIET NAM;KES;3223422.988950697
Yac13;KOREA, REPUBLIC OF;HUF;5485884.119256972
Yac13;MOZAMBIQUE;BGN;38101.96807480821
Yac13;MEXICO;TTD;106024.01332496756
Yac13;SAMOA;SDG;14918031.807997664
Yac13;CAPE VERDE;ANG;11056.51818604904
Yac13;DOMINICAN REPUBLIC;BSD;3386.8985790020597
Yac13;GUYANA;QAR;53996.95465905918
Yac13;SYRIAN ARAB REPUBLIC;QAR;103147.02652142102
Yac13;SAO TOME AND PRINCIPE;ZMW;466416.4581727201
Yac13;LATVIA;HRK;155497.2844575595
CJLMY;JAPAN;IQD;606257.833523694
CJLMY;TOGO;TRY;7784.359880857088
CJLMY;AUSTRALIA;BHD;119.92646912905128
CJLMY;RUSSIAN FEDERATION;BMD;30.573837776164577
CJLMY;NORWAY;JMD;14813.82833294376
CJLMY;SYRIAN ARAB REPUBLIC;MYR;1819.7237136669169
CJLMY;URUGUAY;MXN;6351.325504045492
CJLMY;BAHAMAS;ZMW;7688.12373263825
CJLMY;MALAYSIA;RWF;693990.4579491924
CJLMY;RUSSIAN FEDERATION;LAK;6239146.454922071
CJLMY;UGANDA;EGP;15547.1920852601
AGGXc;MAURITIUS;PHP;176530.22395344486
AFXWa;SIERRA LEONE;FJD;1473.082059096001
CJMNX;BRAZIL;TRY;144882.0958064374
CJMNX;KAZAKHSTAN;BND;6140.678086011387
CJMNX;BRAZIL;PLN;7453.0744450801285
CJMNX;PHILIPPINES;JPY;462811.15150411363
CJMNX;ZIMBABWE;LBP;2510896.4336462407
CJMNX;BULGARIA;RWF;4771991.05269468
CJMNX;EL SALVADOR;MGA;2170402.229215209
CCaa2;MAURITIUS;BHD;2842.284276096351
CCaa2;ARGENTINA;ZMW;107069.51053629638
CCaa2;VANUATU;KHR;10626975.567483583
CCaa2;NORWAY;SOS;3206773.5412525265
CCaa2;MAURITANIA;MUR;232561.99604889742
CCaa2;NAMIBIA;BBD;6023.567387475797
CCaa2;ALBANIA;CRC;2392185.105037439
CCaa2;BURUNDI;NZD;4607.972569696079
CCaa2;ICELAND;AOA;117195.20419055951
CCaa2;RWANDA;EUR;9452.567869956607
CCaa2;VENEZUELA;CLP;6774910.017725081
CCaa2;UNITED KINGDOM;KYD;4703.631770383464
CCaa2;BARBADOS;XPF;1048775.4290384336
AGLMY;LIBYAN ARAB JAMAHIRIYA;KES;5531.329695580583
AGLMY;LATVIA;JPY;1626115.980981754
AGLMY;CAMBODIA;ALL;1986509.5724507258
AGLMY;HAITI;TTD;61922.730240981786
AGLMY;NEPAL;DKK;323836.5852035378
AGLMY;INDONESIA;GTQ;341023.1674734715
AGLMY;LIBERIA;THB;841866.1401480134
AGLMY;LAO PEOPLE'S DEMOCRATIC REP;IRR;1631055585.4559364
AGLMY;SYRIAN ARAB REPUBLIC;PES;1500504.6410769497
AGLMY;MALDIVES;MWK;43150339.78355055
AGLMY;EURO;ILS;1467.7680042684378
AGLMY;CANADA;DZD;6292933.542645242
HVZcc;JORDAN;LYD;6949.406846192154
HVZcc;SIERRA LEONE;RUB;61850.71515560345
HVZcc;CAYMAN ISLANDS;SGD;110.26209240064729
HVZcc;SAUDI ARABIA;SRD;21993.06512799911
HVZcc;GUYANA;IDR;14338926.098930927
HVZcc;ARUBA;YER;380679.17924977274
HVZcc;INDIA;CNY;10075.955672853395
HVZcc;BRAZIL;FJD;3020.816275719084
HVZcc;CENTRAL AFRICAN REPUBLIC;AOA;52552.793341479424
HVZcc;LAO PEOPLE'S DEMOCRATIC REP;VND;8449985.219193848
HVZcc;EURO;DJF;219253.91914436745
HVZcc;PANAMA;ZWL;843186.8394328853
HVZcc;CYPRUS;HUF;38784.02855750596
HVZcc;MAURITIUS;DKK;551.3883353009285
HVZcc;LIBYAN ARAB JAMAHIRIYA;COP;5562105.226306069
HVZcc;BAHAMAS;FJD;733.536946174729
DDFKL;GAMBIA;CVE;1393219.9157068338
DDFKL;MADAGASCAR;BSD;20174.472078480874
DDFKL;QATAR;GTQ;52822.882042914374
AADGc;NORWAY;TZS;14069415.241445754
AADGc;ICELAND;GTQ;6240.845023029022
AADGc;TOGO;TZS;21867845.815733213
AADGc;OMAN;BYR;268355322.57107556
BDEVc;BHUTAN;BHD;13941.9353451238
BDEVc;BRAZIL;UYU;28826.573809264057
BDEVc;MACAU;MVR;518159.2833831032
BDEVc;DOMINICA;CYP;3097.7942908227856
BDEVc;VANUATU;FJD;91342.59669698283
BDEVc;ZIMBABWE;XPF;3934447.3729939954
BDEVc;TRINIDAD AND TOBAGO;VUV;2700849.700562309
BDEVc;SYRIAN ARAB REPUBLIC;LBP;36819650.889357
BDEVc;MADAGASCAR;KHR;100484457.76056543
BDEVc;NORWAY;RWF;35083834.421183154
BDEVc;SAUDI ARABIA;ETB;2070396.5876361916
ALWYY;SYRIAN ARAB REPUBLIC;SZL;173304.53538486827
ALWYY;CHILE;IQD;11859744.677901873
ALWYY;JAMAICA;OMR;13262.874556017423
ALWYY;TONGA;JOD;6595.7632844889295
ALWYY;LAO PEOPLE'S DEMOCRATIC REP;IDR;317151317.6560435
ALWYY;MOROCCO;XCD;34976.23857057219
ALWYY;SWEDEN;BSD;28030.543777959894
ALWYY;UGANDA;XAF;17769435.54290377
ALWYY;PAPUA NEW GUINEA;INR;1056029.6241486801
ALWYY;SWAZILAND;STD;409793310.1931538
BCCHI;SAMOA;EUR;22582.084100491204
BCCHI;DOMINICAN REPUBLIC;CHF;14533.329706857847
BCCHI;CENTRAL AFRICAN REPUBLIC;AED;63959.49358307175
BCCHI;SINGAPORE;ZMW;441978.86201804696
BCCHI;TURKEY;CLP;7612054.933206927
BCCHI;ANGOLA;BDT;1362100.278916321
BCCHI;RUSSIAN FEDERATION;INR;1494747.852168855
BCCHI;RWANDA;ANG;2109.506058655633
BCCHI;DJIBOUTI;CHF;13260.261155978897
BCCHI;AZERBAIJAN;BIF;36972166.92541355
BCCHI;AUSTRALIA;GNF;102529054.02806304
BCCHI;EGYPT;NZD;7793.485493315416
BCCHI;NIGERIA;AZN;41358.20578618364
BCCHI;SINGAPORE;HKD;171184.45107115924
ACCKb;MEXICO;THB;159377.0192542668
ACCKb;NICARAGUA;PES;1315970.6473905535
ACCKb;CHILE;ETB;217339.86646521697
ACCKb;BELIZE;WST;3243.120575252496
ACCKb;DENMARK;BRL;3000.453782276864
ACCKb;RUSSIAN FEDERATION;DJF;241311.94783319932
ACCKb;SEYCHELLES;MGA;35996191.57312047
ACCKb;BULGARIA;CAD;13511.211145370977
ACCKb;IRAN (ISLAMIC REPUBLIC OF);TZS;791524.3293122805
ACCKb;ROMANIA;UYU;147303.47894192993
ACCKb;UNITED ARAB EMIRATES;SZL;127139.24420114867
ACCKb;GUYANA;ILS;24422.459043864885
ACCKb;BRAZIL;PLN;17997.067943361508
ACCKb;LIBYAN ARAB JAMAHIRIYA;XOF;6042448.97650528
ACCKb;PERU;TWD;45824.38681284087
ACCKb;GHANA;TRY;146226.51843805882
EMVXc;SAUDI ARABIA;XPF;465173.79651254887
EMVXc;UKRAINE;NGN;1058685.893809606
EMVXc;ZAMBIA;TWD;34270.98008851969
EMVXc;MYANMAR;SLL;75225172.00188358
EMVXc;SYRIAN ARAB REPUBLIC;XAF;3261487.536248593
EMVXc;BHUTAN;MYR;15925.542602161806
EMVXc;CHILE;ARS;1212860.0096277029
EMVXc;CANADA;JOD;419.56649613960906
EMVXc;PAKISTAN;HRK;4119.615700564783
EMVXc;HUNGARY;MGA;20672923.34097859
EMVXc;GUINEA;SBD;29636.7825716306
GHJLb;TANZANIA, UNITED REPUBLIC OF;NAD;39196.98560964189
GHJLb;GUATEMALA;IRR;220047568.80268368
GHJLb;MOROCCO;MOP;17975.2651527646
GHJLb;BAHAMAS;BGN;3994.7461906335943
GHJLb;BHUTAN;GNF;36065256.898335345
FLMVX;EURO;FJD;506.5123732964182
FLMVX;SAMOA;AUD;2108.6797594984414
FLMVX;UKRAINE;TZS;2734127.630886727
FLMVX;TURKEY;SOS;849042.2664353353
FLMVX;BAHRAIN;LVL;601.5970685482096
FLMVX;BHUTAN;HUF;782906.0819004849
FLMVX;MYANMAR;TND;6429.276115644887
FLMVX;NORWAY;MMK;4167354.08293056
FLMVX;MAURITANIA;HKD;3977.2519173781807
FLMVX;LIBERIA;NAD;16502.560230278
FLMVX;NICARAGUA;XAF;635282.0642709159
FLMVX;BELIZE;IRR;21284047.956927244
FLMVX;COLOMBIA;TTD;12345.524727328204
FLMVX;TOGO;PAB;620.406463600653
FLMVX;LEBANON;CHF;1197.450553827212
FLMVX;LIBYAN ARAB JAMAHIRIYA;ZWL;793298.2676300487
FLMVX;ROMANIA;BRL;8170.098804441771
GGJK2;UNITED ARAB EMIRATES;BHD;2137.0273786824714
GGJK2;CROATIA;BOB;1698.7378530065619
GGJK2;BHUTAN;NZD;5503.3419288366385
GGJK2;NORWAY;DJF;612546.559822101
GGJK2;NORWAY;PES;755607.5749519359
GGJK2;JAPAN;STD;29859691.104877785
LNNZc;DJIBOUTI;NAD;16586.355244936873
LNNZc;URUGUAY;MXN;39461.605089967976
LNNZc;SOLOMON ISLANDS;ZAR;1596.192775336278
LNNZc;EURO;NAD;23595.55383785608
LNNZc;NETHERLANDS ANTILLES;MGA;2314562.3370874505
LNNZc;DJIBOUTI;UAH;-407.39620445802456
LNNZc;SOMALIA;CAD;1842.340147085621
LNNZc;SAUDI ARABIA;MVR;22925.855867165676
LNNZc;TANZANIA, UNITED REPUBLIC OF;SAR;2461.0257874005365
LNNZc;LATVIA;VUV;197505.0726609588
LNNZc;SERBIA;ZWL;1009760.2010896855
LNNZc;AUSTRALIA;BIF;2269161.637430678
LNNZc;BURUNDI;PKR;306480.37159871846
LNNZc;AUSTRALIA;CNY;13099.645747286051
AHJMY;BULGARIA;NPR;464021.15981366264
AHJMY;GAMBIA;SLL;105047390.62935275
AHJMY;ROMANIA;PHP;299811.1405452296
AHJMY;ANGOLA;SZL;114196.94733590091
AHJMY;VIET NAM;LBP;7985462.574449605
AHJMY;EGYPT;VES;43834.81155390471
AHJMY;CANADA;KWD;364.01977327595813
AHJMY;CAMBODIA;MRO;483172.4838389267
AHJMY;NORWAY;BBD;13095.844805982357
AHJMY;ICELAND;COP;21242378.42414064
AHJMY;BOLIVIA;TOP;7946.210598210886
AHJMY;COSTA RICA;TWD;121413.15378799097
AHJMY;ALBANIA;MWK;167263.60367883585
IKWc1;MALDIVES;BSD;69.69775028896493
IKWc1;THAILAND;ILS;106.8763214631104
IKWc1;CYPRUS;SRD;129.15996932306163
IKWc1;SERBIA;NAD;764.8749940060231
IKWc1;COLOMBIA;LAK;354395.68444877246
IKWc1;JAPAN;GTQ;498.0402283347141
IKWc1;SUDAN;LRD;11528.930532129709
IKWc1;NETHERLANDS ANTILLES;HTG;8601.735361139441
IKWc1;DOMINICAN REPUBLIC;MOP;266.14081479388005
IKWc1;AUSTRALIA;KES;1069.5352570794387
IKWc1;UNITED ARAB EMIRATES;SEK;314.68708643925754
IKWc1;PANAMA;GTQ;5.981931628232385
IKWc1;URUGUAY;BHD;9.357470413415486
IKWc1;ANGOLA;RWF;10385.998473240797
IKWc1;SAMOA;UYU;2558.891335894984
IKWc1;RWANDA;LAK;986037.0383396645
IKWc1;SAMOA;AOA;29853.466335618283
IKWc1;JAPAN;CRC;26903.755836412718
IKWc1;MYANMAR;DJF;6275.192324989002
IKWc1;UNITED KINGDOM;MMK;156999.14849494028
FFKaa;SIERRA LEONE;VND;61999215.299265176
FFKaa;VENEZUELA;BWP;33322.438614987565
FFKaa;CHINA;NGN;316055.21893300733
FFKaa;URUGUAY;STD;86155314.5175673
FFKaa;POLAND;AZN;4690.863162847184
EEEXW;NICARAGUA;GTQ;9340.173996053883
ADHHZ;TANZANIA, UNITED REPUBLIC OF;SZL;101213.36899732873
ADHHZ;CROATIA;LAK;36655193.20090996
ADHHZ;ZIMBABWE;JMD;125770.81240134385
ADHHZ;ARGENTINA;BBD;5679.096584328921
ADHHZ;SAO TOME AND PRINCIPE;SEK;32837.02302443407
ADHHZ;BURUNDI;SZL;18240.160739667397
ADHHZ;TONGA;KYD;1988.0897996284841
ADHHZ;PAKISTAN;PGK;19766.098626246894
ADHHZ;JORDAN;EUR;563.8718627166553
ADHHZ;MALAYSIA;CYP;3011.1479021557825
ADHHZ;SWITZERLAND;VES;86484.74916562418
ADHHZ;BRUNEI DARUSSALAM;YER;963950.3735873154
ADMW1;ICELAND;RUB;44129.98236199432
ADMW1;SYRIAN ARAB REPUBLIC;GYD;147522.54634790772
ADMW1;MACAU;LBP;1316251.8691610687
ADMW1;HONG KONG;NIO;21912.582094949452
ADMW1;PERU;XPF;47771.68631623318
ADMW1;OMAN;XCD;3295.6907347315405
ADMW1;SAUDI ARABIA;QAR;2259.3570220975203
ADMW1;ZAMBIA;IDR;8863768.49474244
ADMW1;ETHIOPIA;MUR;51197.60833169383
ADMW1;NICARAGUA;EGP;949.7399108608486
ADMW1;SWAZILAND;SVC;309.2224615286253
ADMW1;SUDAN;BTN;12560.716492098447
ADMW1;MAURITIUS;THB;39114.18119707511
ADMW1;PARAGUAY;DJF;81932.56970438709
ADMW1;NICARAGUA;CAD;465.0048625193257
ADMW1;KUWAIT;AWG;703.280985809951
ADMW1;KENYA;FJD;285.4366804128974
AAAMX;SOUTH AFRICA;NPR;303424.8458075362
AAAMX;MALDIVES;KWD;634.9395586745688
AAAMX;PAKISTAN;KWD;1178.535510762323
AAAMX;SWITZERLAND;UAH;29817.5766897567
ABFGb;SWAZILAND;LRD;1092740.6022928783
ABFGb;TUNISIA;PES;872126.3426430436
ABFGb;KOREA, REPUBLIC OF;ZWL;3662489.158485016
ABFGb;COSTA RICA;XOF;2731200.1258635162
ABFGb;UGANDA;PEN;13418.699413149126
ABFGb;ARUBA;CRC;4274382.239560132
ABFGb;GUINEA;TOP;1367.2621222494254
ABFGb;IRAN (ISLAMIC REPUBLIC OF);TWD;31147.493447034987
ABFGb;PAPUA NEW GUINEA;KZT;231011.82131146817
ABFGb;NICARAGUA;OMR;967.484878715421
ABFGb;BOTSWANA;CAD;6139.5405757094895
ABFGb;MAURITANIA;MMK;16529391.598633854
ABFGb;CZECH REPUBLIC;TOP;567.5427677261765
ABFGb;ZIMBABWE;THB;276835.9562255486
ABFGb;BOTSWANA;CYP;508.38024210621575
ABFGb;BARBADOS;AZN;6376.2220129541365
DVVYc;UKRAINE;ZWL;149175.93616090177
DVVYc;MALAYSIA;GNF;482132.4051047635
DVVYc;KUWAIT;BZD;632.4098136415261
DVVYc;MACAU;IQD;26665.618775858384
BCEa1;SOMALIA;HRK;47090.330349753174
BCEa1;UNITED ARAB EMIRATES;EUR;3250.8620590862415
BCEa1;KAZAKHSTAN;KZT;1019517.5678799753
BCEa1;PAPUA NEW GUINEA;HRK;27358.5651812856
BCEa1;VANUATU;GMD;68317.84892959765
BCEa1;ALBANIA;CHF;3434.3809210190657
BCEa1;ALGERIA;LRD;80572.49475201262
BCEa1;GAMBIA;STD;58575117.72061981
BCEa1;SIERRA LEONE;LRD;40385.965810105336
BCEa1;SWEDEN;FJD;3944.922118534817
BCEa1;ALBANIA;BZD;194.20833952041158
BCEa1;PERU;EUR;4410.515093135285
BCEa1;HONG KONG;ILS;17462.184689480724
BCEa1;UKRAINE;BBD;9139.522662531046
BCEa1;CHINA;ARS;1288801.7185627103
ABVXZ;NEPAL;NZD;555.9605495730638
ABVXZ;ZIMBABWE;MOP;88597.42117603528
ABVXZ;CAPE VERDE;ALL;1447018.7519040026
EIYY3;PHILIPPINES;GHS;302738.4480064995
EIYY3;BOTSWANA;SZL;265340.97038241435
EIYY3;DJIBOUTI;SAR;76534.6660935074
EIYY3;GUINEA;JPY;50178.010517630966
EIYY3;AZERBAIJAN;UYU;1078961.1695060364
EIYY3;BAHAMAS;BGN;42881.76777126162
EIYY3;NAMIBIA;SYP;-132177.54892443755
EIYY3;SINGAPORE;PYG;32110745.178183954
EIYY3;CZECH REPUBLIC;TOP;50664.83811420503
EIYY3;MAURITANIA;MWK;7895526.44896251
EIYY3;MAURITIUS;MZN;1174694.1605063346
EIYY3;KENYA;TND;48006.360302045
EIYY3;AZERBAIJAN;MUR;1035416.4559874026
EIYY3;MEXICO;MAD;135182.18939465526
ac222;CZECH REPUBLIC;SLL;158606720.50221232
ac222;CENTRAL AFRICAN REPUBLIC;MWK;6057306.088804488
ac222;INDIA;SCR;197120.2624251544
ac222;SOMALIA;MRO;3600286.5040363376
ac222;SEYCHELLES;HKD;131264.4025649947
ac222;OMAN;PES;422259.1271166597
ac222;DENMARK;BSD;-66.59073045085289
ac222;URUGUAY;TOP;33808.5650928928
ac222;MYANMAR;KZT;9326267.77638423
ac222;CYPRUS;SVC;98559.32951554401
ac222;MACAU;AED;16787.61399030942
ac222;ALBANIA;TOP;31078.829421506798
ac222;SWITZERLAND;UAH;79518.73956951738
ac222;TRINIDAD AND TOBAGO;CLP;16660723.064749576
ac222;THAILAND;BGN;5803.195688219065
ac222;BRAZIL;SCR;99209.66789392082
ac222;BOTSWANA;FJD;22126.82518363928
ac222;CAYMAN ISLANDS;MXN;187060.76738603663
ac222;EURO;CRC;5637529.1503536645
ACZ13;MAURITIUS;NZD;11321.641104912731
ACZ13;FIJI;CVE;242044.94507720871
ACZ13;MAURITANIA;CLP;1618581.2335707329
ACZ13;QATAR;KWD;496.00651396043907
ACZ13;PAKISTAN;BOB;19271.664154683505
ACZ13;GUATEMALA;RUB;188628.68493863253
ACZ13;NORWAY;HTG;301408.98252885335
ACZ13;ICELAND;PES;49743.676023516295
ACZ13;SUDAN;ANG;-34.99016993782066
CDIYa;SRI LANKA;SCR;116648.95943438241
CDIYa;CHINA;THB;105880.83435822873
CDIYa;VANUATU;PES;914102.8716564188
CDIYa;BHUTAN;ALL;1182781.0365536835
CDIYa;ALGERIA;LYD;51550.43686688379
CDIYa;SOMALIA;SGD;21002.228781598562
CDIYa;VENEZUELA;BTN;646883.3356399421
CDIYa;MEXICO;NZD;7329.934266915914
CDIYa;SWITZERLAND;GHS;197855.3401043944
CDIYa;NEW ZEALAND;DOP;317757.4915627399
CDIYa;INDONESIA;GMD;1077299.048793346
CDIYa;KUWAIT;DJF;1354573.483399352
CCFIZ;SOLOMON ISLANDS;TRY;63477.29314865263
CCFIZ;COSTA RICA;BND;4673.357447686846
CCFIZ;CHILE;ZAR;15062.448642021473
CCFIZ;SAO TOME AND PRINCIPE;OMR;645.0350982075463
CCFIZ;PHILIPPINES;KHR;5196125.381183559
CCFIZ;VIET NAM;JMD;601240.4118804283
CCFIZ;BANGLADESH;FJD;6689.785823568731
CCFIZ;TURKEY;XAF;2556481.2079432234
CCFIZ;BURUNDI;PKR;305625.444315243
CCFIZ;MOROCCO;MWK;922791.4165884277
CCFIZ;QATAR;LYD;896.0631927759345
CCFIZ;EL SALVADOR;MVR;451.53526376083596
CCFIZ;VIET NAM;NOK;30927.079492259763
CCFIZ;VANUATU;GHS;64643.25347203611
CCFIZ;COLOMBIA;THB;144676.32280214463
CCFIZ;MACAU;BND;3791.1757680857427
CCFIZ;KAZAKHSTAN;KZT;666866.7189410186
CCFIZ;INDONESIA;DKK;30655.717001765006
CCFIZ;ZIMBABWE;COP;3671234.4638162493
CCFIZ;BHUTAN;CHF;3546.417273626747
CHJJ3;TUNISIA;CVE;129830.16572761947
CHJJ3;SYRIAN ARAB REPUBLIC;VES;13729.212985011685
CHJJ3;UGANDA;ALL;11709.764826818577
CHJJ3;SRI LANKA;TOP;2813.237610799262
CHJJ3;KAZAKHSTAN;MOP;1636.7451964824172
CHJJ3;EGYPT;ILS;685.9468235764045
CHJJ3;INDIA;BIF;1312974.5397617328
GGH11;CYPRUS;XOF;3940752.2103392705
GGH11;TURKEY;EGP;335032.5795666546
GGH11;TANZANIA, UNITED REPUBLIC OF;BHD;4882.604246555074
GGH11;KOREA, REPUBLIC OF;AUD;23540.308645897498
GGH11;SINGAPORE;XAF;6342787.148086039
GGH11;PAKISTAN;BDT;622986.5190370334
GGH11;TAIWAN, PROVINCE OF CHINA;NIO;350280.2848412384
GGH11;BARBADOS;GMD;664795.8254953586
GGH11;CZECH REPUBLIC;JOD;6355.31143156856
GGH11;LIBYAN ARAB JAMAHIRIYA;LKR;2671126.9487265768
GGH11;ETHIOPIA;BYR;296604624.0754555
GGH11;CAYMAN ISLANDS;JOD;10609.329141254335
GGH11;BRAZIL;VND;192948292.99508965
GGH11;PAKISTAN;LRD;2480270.2418904393
GGH11;CHINA;BTN;1235328.4970509224
BEILa;CAYMAN ISLANDS;SRD;37943.15190181507
BEILa;JORDAN;BIF;24010525.945288956
BEILa;SERBIA;ZMW;416052.03880870546
BEILa;AUSTRALIA;MOP;89916.55195039485
BEILa;KOREA, REPUBLIC OF;TOP;44078.073347639125
BEILa;VANUATU;KWD;7061.68012555078
BEILa;MALAYSIA;BBD;13479.193343659135
BEILa;MOROCCO;PES;3576893.039462825
BEILa;KOREA, REPUBLIC OF;CAD;12977.905940750246
BEILa;KUWAIT;GMD;1685340.610706324
BEILa;TANZANIA, UNITED REPUBLIC OF;MVR;254296.87212217087
BEILa;CZECH REPUBLIC;AED;36223.19927038345
BEILa;CZECH REPUBLIC;ETB;178892.09964670573
BEILa;NIGERIA;JPY;3631050.202306648
BEILa;MOROCCO;EUR;10617.187604759818
BEILa;UNITED KINGDOM;LKR;9465536.619821781
BEILa;EURO;KYD;15599.133896681788
BEILa;SAO TOME AND PRINCIPE;PAB;4741.355733648452
BEILa;JORDAN;INR;591438.5029827033
GMc12;CAMBODIA;MOP;19351.627844824732
GMc12;MALDIVES;PKR;165664.40971483162
GMc12;SWEDEN;YER;604252.5537859517
GMc12;RUSSIAN FEDERATION;EGP;67981.34679605148
FIVVa;BAHAMAS;AUD;301.96407754857444
FIVVa;SAMOA;HKD;582.992591471653
FIVVa;GUYANA;TRY;3094.5737547032186
FIVVa;PARAGUAY;NZD;404.8764488855719
FIVVa;MOZAMBIQUE;COP;3542205.4787017116
FIVVa;FIJI;MUR;26537.555405784286
FIVVa;GAMBIA;DJF;6607.498940226502
FIVVa;PHILIPPINES;PLN;1520.6805243907318
FIVVa;HAITI;GBP;228.79225450780856
FIVVa;ARUBA;BZD;3.0229123256216988
ABFIZ;SAO TOME AND PRINCIPE;THB;44905.33293286762
ABFIZ;CYPRUS;RSD;510023.15228467213
ABFIZ;ISRAEL;GYD;506051.42023650685
ABFIZ;ROMANIA;RWF;6108807.067187367
ABFIZ;MOROCCO;MOP;34355.88496441368
ABFIZ;COSTA RICA;JMD;224178.2960266718
ABFIZ;TOGO;SVC;41254.440164779306
ABFIZ;JAPAN;XCD;2823.9948150667597
ABFIZ;BURUNDI;ZAR;100713.36835815251
ABFIZ;EURO;EGP;59808.18353269004
ABFIZ;EL SALVADOR;SZL;26623.868030665846
ABFIZ;KOREA, REPUBLIC OF;MUR;206027.63417133194
ABFIZ;UKRAINE;EGP;117779.83869696375
LLZa2;SOUTH AFRICA;IQD;165212.7521002376
LLZa2;SOUTH AFRICA;CYP;255.62496063704137
ACWZ1;INDIA;ARS;384607.2965410692
ACWZ1;LATVIA;KYD;736.7404606745545
ACWZ1;BELIZE;UAH;185018.44768741968
ACWZ1;KAZAKHSTAN;TTD;72804.50536130859
ACWZ1;NEPAL;IRR;328411601.57274866
CENVa;NEW ZEALAND;SEK;10671.015434841433
HHL23;PANAMA;PGK;5000.408267880597
HHL23;GUINEA;RUB;391527.78822921216
GJLYc;NEPAL;UAH;11655.555081440365
GJLYc;SIERRA LEONE;PES;329655.8329301318
GJLYc;SOUTH AFRICA;SLL;3388663.792197527
ABGIZ;PARAGUAY;SCR;25237.26287924824
ABGIZ;TRINIDAD AND TOBAGO;AOA;954525.1272095786
ABGIZ;SAUDI ARABIA;YER;313864.16937243554
ABGIZ;ROMANIA;DKK;30515.6657426712
BCNNN;UGANDA;PYG;14700398.38162093
BCNNN;BULGARIA;PAB;1511.971631628195
BCNNN;ETHIOPIA;COP;7422506.084046843
BCNNN;ZIMBABWE;GMD;126498.60800562661
BCNNN;MALAWI;PHP;202537.07988157787
BCNNN;KAZAKHSTAN;SAR;4418.4074289262135
BCNNN;JORDAN;ETB;37872.85261822266
BCNNN;NETHERLANDS ANTILLES;BND;258.0999306069061
BCNNN;SINGAPORE;GYD;755492.0344997132
BCNNN;COLOMBIA;RSD;112674.34645681495
BCNNN;BRAZIL;KRW;4177402.1423613797
BCNNN;ARUBA;BOB;22857.486569973542
BCNNN;SOUTH AFRICA;NZD;5921.830776875961
BCNNN;FIJI;SGD;2640.7165449153654
BCNNN;MACAU;PYG;10175983.401394352
DDEab;BURUNDI;PGK;11213.367363982996
DDEab;LEBANON;TND;4925.562038677982
DDEab;CZECH REPUBLIC;ISK;182945.87226797926
DDEab;IRAN (ISLAMIC REPUBLIC OF);KYD;3655.8218529839005
DDEab;LEBANON;NAD;62328.05533633833
DDEab;ALBANIA;MXN;62611.68874818664
CKMNY;NIGERIA;EUR;2971.1485745552977
CKMNY;NAMIBIA;HRK;53221.18777631336
CKMNY;UKRAINE;TND;8968.742899293151
CKMNY;CAMBODIA;LBP;14613135.627405701
CKMNY;LEBANON;MUR;108640.33642625483
CKMNY;ISRAEL;BND;3442.5567846362487
BGGNb;CENTRAL AFRICAN REPUBLIC;SDG;949574.2236342465
BGGNb;COLOMBIA;HRK;79902.95872143783
BGGNb;BRUNEI DARUSSALAM;DJF;1869014.0292667141
BGGNb;URUGUAY;KES;650992.6045988973
BGGNb;UGANDA;ISK;773447.5707677738
BGGNb;CENTRAL AFRICAN REPUBLIC;DOP;-484.3222310288405
BGGNb;IRAQ;VND;262637016.2071344
BGGNb;FIJI;SRD;80706.4874238849
BGGNb;SWEDEN;MXN;251303.97421144077
BGGNb;NIGERIA;MGA;45295544.46943095
BGGNb;CROATIA;ALL;997543.3550487019
BGGNb;SWAZILAND;JPY;1039475.7774907066
BGGNb;MALAYSIA;TWD;98737.03935109629
BGGNb;BELIZE;SLL;220173778.87253532
HVYb1;KENYA;JMD;-14560.222969171045
HVYb1;MAURITANIA;LKR;3369331.927098968
HVYb1;SUDAN;KZT;506672.9492521937
HVYb1;SIERRA LEONE;VND;48014709.184385404
HVYb1;PAKISTAN;BDT;477474.58429915144
HVYb1;FRENCH POLYNESIA;NAD;171333.4622328782
HVYb1;HUNGARY;MGA;18064440.210841898
IIVYa;TOGO;MOP;19812.347640075404
IIVYa;PARAGUAY;BRL;12740.12084157712
IIVYa;SRI LANKA;AUD;13665.78373584137
EHbb3;LIBERIA;BWP;158765.03875640276
EHbb3;DOMINICA;JMD;825379.6290866714
EHbb3;COLOMBIA;AOA;9354325.45796197
EHbb3;OMAN;PLN;126183.92898407219
EHbb3;UNITED KINGDOM;CVE;1405041.3825184128
EHbb3;BURUNDI;BDT;675270.5763014753
EHbb3;ZAMBIA;QAR;20084.240260071205
EHbb3;GHANA;INR;307501.4616256935
EHbb3;URUGUAY;JMD;1051030.1959694186
EHbb3;LATVIA;IDR;448473376.0918792
EHbb3;LAO PEOPLE'S DEMOCRATIC REP;ANG;-565.7662989105529
EHbb3;MAURITANIA;ETB;238606.35562599543
EHbb3;MALAYSIA;LVL;5120.411166765383
EHbb3;DJIBOUTI;GYD;5522800.938596121
EHbb3;IRAQ;SGD;31650.55961034562
EHbb3;SWITZERLAND;CHF;29614.498184412027
EHbb3;FIJI;JPY;3227279.628522881
EHbb3;DJIBOUTI;HKD;63441.33042064371
EHbb3;GAMBIA;SDG;1774760.0074773503
EHbb3;CAMBODIA;FJD;22274.22273741729
CDEYY;UGANDA;GNF;205208192.95357588
CDEYY;CENTRAL AFRICAN REPUBLIC;CZK;676312.7280080466
CDEYY;HUNGARY;BND;27480.33903452706
CDEYY;ROMANIA;PEN;69196.82766351824
CDEYY;INDIA;RUB;276950.2714351033
CDEYY;VENEZUELA;INR;1310625.2724770037
CDEYY;LAO PEOPLE'S DEMOCRATIC REP;SRD;543358.0193583126
CDEYY;BANGLADESH;PHP;1531946.0353605815
CDEYY;BULGARIA;SOS;293210.1147360822
CDEYY;IRAQ;VES;558364.1455285868
CDEYY;INDONESIA;FJD;13334.451861418076
CDEYY;COLOMBIA;AED;49756.68143975328
FHKNc;NEPAL;DOP;648532.1242514675
FHKNc;ISRAEL;BWP;20339.27411604327
FHKNc;TOGO;MGA;17697560.78397512
FHKNc;CZECH REPUBLIC;MWK;3973212.0487687946
FHKNc;BOLIVIA;INR;428840.9736888212
FHKNc;SERBIA;SYP;1148956.5181823499
FHKNc;AUSTRALIA;CHF;7724.389922296245
FHKNc;TANZANIA, UNITED REPUBLIC OF;HRK;70041.81396422049
FHKNc;MYANMAR;HNL;222323.90747353906
FHKNc;VIET NAM;ALL;1405372.7960040153
FHKNc;CAYMAN ISLANDS;HRK;42423.26580244183
FHKNc;MOZAMBIQUE;GBP;6708.056682183893
FHKNc;PANAMA;ZAR;268280.3798854127
FHKNc;MALDIVES;MAD;169204.79954231885
FHKNc;SAO TOME AND PRINCIPE;MXN;213590.72301740816
FHKNc;UKRAINE;MOP;95120.18593639832
FHMNc;CAMBODIA;BMD;9629.994932442543
FHMNc;CENTRAL AFRICAN REPUBLIC;OMR;535.2132328306461
FHMNc;EGYPT;TRY;85783.38940207878
FHMNc;NORWAY;TOP;6422.623744365563
FHMNc;INDONESIA;ETB;491049.47080639837
FHMNc;JORDAN;ILS;27914.410253322654
FHMNc;NIGERIA;SYP;1766780.2609817726
FHMNc;TOGO;LVL;268.33292215366026
FHMNc;INDONESIA;TRY;122444.19602154827
FHMNc;MOROCCO;LRD;1202911.146455213
FHMNc;SAUDI ARABIA;ZWL;4860486.460314242
FHMNc;SWITZERLAND;JOD;4186.447696708628
FHMNc;PERU;EUR;279.42053032339726
FHMNc;URUGUAY;MXN;145503.22823244837
YZZc2;CAPE VERDE;MOP;4756.568453982552
YZZc2;BELIZE;ZWL;406459.13759359944
YZZc2;UNITED KINGDOM;CAD;998.0130356594849
YZZc2;BOLIVIA;HUF;238425.3675772545
YZZc2;KUWAIT;BND;191.0816184305255
YZZc2;CENTRAL AFRICAN REPUBLIC;MGA;3482977.5000168337
YZZc2;PERU;ZAR;2604.424977275911
YZZc2;LAO PEOPLE'S DEMOCRATIC REP;BND;636.9387281017516
YZZc2;AUSTRALIA;NGN;124641.99651446416
YZZc2;GUINEA;COP;2499236.608661755
BLMW2;SOMALIA;LVL;2790.6946825018754
BLMW2;PERU;UGX;18766076.10530687
BLMW2;PARAGUAY;BWP;85543.0078319877
BLMW2;CENTRAL AFRICAN REPUBLIC;OMR;1944.8323409048328
BLMW2;MOROCCO;RON;30852.7744447666
BLMW2;SAUDI ARABIA;KES;969734.1743862649
BLMW2;LIBYAN ARAB JAMAHIRIYA;RON;9963.161774313568
BLMW2;BRUNEI DARUSSALAM;HUF;1272166.935406562
BLMW2;COLOMBIA;HKD;13518.189491489038
BLMW2;CAPE VERDE;IRR;61409227.587040365
BLMW2;MYANMAR;PAB;1657.1709569370364
BLMW2;PAPUA NEW GUINEA;SBD;65289.38895083602
AVX12;POLAND;CLP;2368916.0143482015
AVX12;MOZAMBIQUE;NPR;268169.4512134219
AVX12;ICELAND;MOP;18366.941391932436
AVX12;NEW ZEALAND;DOP;123101.1359061195
AVX12;GUINEA;GYD;128648.10835082659
CLNWW;INDIA;LRD;945738.6558351925
CLNWW;PERU;XOF;3233344.515600485
CLNWW;PERU;BZD;17994.11926094612
CLNWW;BELIZE;CRC;2242946.0143067143
CLNWW;COSTA RICA;AED;12547.065179968233
CLNWW;AUSTRALIA;MXN;149906.67921991344
CLNWW;BURUNDI;GHS;13004.32090761886
CLNWW;SOMALIA;HKD;105502.280656028
CLNWW;SAUDI ARABIA;CAD;10577.624160150759
JWYZb;JAPAN;FJD;6079.334925041846
JWYZb;PARAGUAY;SGD;23222.66334477543
JWYZb;SAUDI ARABIA;PHP;826761.9501357746
JWYZb;SAUDI ARABIA;DJF;88344.05754775167
JWYZb;CANADA;JOD;1079.6438463632662
JWYZb;DOMINICAN REPUBLIC;UAH;82228.91089582954
JWYZb;HONDURAS;XOF;6724072.568788855
CCN13;EL SALVADOR;AWG;9638.712557438175
CCN13;CANADA;RWF;10826085.052061858
CCN13;TRINIDAD AND TOBAGO;LRD;1033300.1381470456
CCN13;SWITZERLAND;PGK;21717.99501655086
CCN13;KUWAIT;FJD;16925.797072434667
CCN13;FIJI;EUR;11147.527236631653
CCN13;CHILE;NGN;3589523.624720563
CCN13;MACAU;BWP;40777.73209388515
CCN13;DOMINICA;THB;31113.88232540612
CCN13;DENMARK;GYD;526682.1106213471
CCN13;SIERRA LEONE;ZMW;142819.45197146616
CCN13;AUSTRALIA;PYG;80730641.31707947
CCN13;AZERBAIJAN;SCR;37646.588606399
CCN13;THAILAND;JMD;425016.45803039934
CCN13;SOLOMON ISLANDS;SBD;20735.370520705248
CCN13;COLOMBIA;SAR;5947.504477200045
HIIab;ARUBA;SVC;828.4534917348712
HIIab;CANADA;CAD;18.913420448758984
HIIab;KAZAKHSTAN;SZL;1341.6831450708676
HIIab;NIGERIA;BZD;286.70872784432606
HIIab;EGYPT;SVC;1044.888103187011
HIIab;MADAGASCAR;BOB;1252.5354253667006
HIIab;FIJI;MYR;1432.9148213190958
BBIZZ;PHILIPPINES;VND;29264725.158023585
BBIZZ;SEYCHELLES;GHS;31613.914538062516
BBIZZ;CROATIA;LVL;1087.6204450565892
BBIZZ;MEXICO;QAR;2784.7887517001573
BBIZZ;JAMAICA;JPY;253017.56474476983
BBIZZ;NAMIBIA;SBD;13930.949512590185
BBIZZ;HONG KONG;BTN;151369.39729407415
BBIZZ;KUWAIT;ZMW;49545.77418972854
BBIZZ;NAMIBIA;SAR;4271.77440071514
BBIZZ;QATAR;LBP;3546449.4368596934
BBIZZ;CHINA;GNF;18511486.324604597
BBIZZ;NORWAY;GYD;355516.4285623464
BBIZZ;MALDIVES;WST;9195.229015015175
AEFIK;SURINAME;PYG;215826381.495248
AEFIK;TURKEY;LRD;752867.3107699272
AEFIK;BANGLADESH;ANG;2271.0900955184907
AEFIK;JAMAICA;ZAR;360566.1193601169
AEFIK;KAZAKHSTAN;MGA;137517737.69209027
AEFIK;NEPAL;HUF;3523392.053066109
AEFIK;COSTA RICA;LBP;3999338.986105674
AEFIK;MACAU;VUV;2825784.845921033
ABCc1;SOLOMON ISLANDS;MVR;34949.41509995933
ABCc1;ANGOLA;QAR;17292.439614317736
ABCc1;LIBERIA;TRY;54508.38776039457
ABCc1;SAMOA;BIF;1885307.126268036
ABCc1;PANAMA;LAK;57197061.280919254
ABCc1;SAMOA;AED;17170.125390556725
ABCc1;NEPAL;ALL;42892.876446046415
ABCc1;MAURITANIA;XPF;378736.7839526739
ABCc1;BULGARIA;ALL;524880.5096154349
ABCc1;AZERBAIJAN;MUR;127949.4172510334
ABCc1;AUSTRALIA;SRD;90822.8117578113
ENXYZ;NIGERIA;OMR;1311.8229835972982
ENXYZ;HAITI;CZK;175145.95478991672
ENXYZ;TOGO;BZD;7372.134690079747
ENXYZ;BARBADOS;KHR;13156535.563561713
ENXYZ;SAO TOME AND PRINCIPE;SOS;100274.84398118821
ENXYZ;FRENCH POLYNESIA;CHF;7209.082632643203
ENXYZ;SIERRA LEONE;YER;1285688.110105262
ENXYZ;PARAGUAY;LYD;5253.485007254485
ENXYZ;DENMARK;SZL;115234.98264963982
ENXYZ;BRAZIL;MAD;74831.30812562977
ENXYZ;MALDIVES;MAD;21506.310422165287
ENXYZ;EL SALVADOR;JOD;351.76429457384666
ENXYZ;ZIMBABWE;KWD;372.6042135160868
ENXYZ;LEBANON;ZWL;2613099.9102171664
ENXYZ;TANZANIA, UNITED REPUBLIC OF;XPF;554037.8294742914
ENXYZ;KOREA, REPUBLIC OF;MUR;260700.38009226273
ENXYZ;BERMUDA;BND;10838.157016671621
ENXYZ;GUINEA;NZD;9889.91564155657
ENXYZ;SOLOMON ISLANDS;SBD;34510.45789389681
ENXYZ;BULGARIA;WST;16698.173306671055
