;Client;Country;Currency;Transaction
0;KLVZc;SOLOMON ISLANDS;SBD;1090.2031434649025
1;KLVZc;TUNISIA;NAD;56789.186485006474
2;KLVZc;NEW ZEALAND;BZD;10292.178025927009
3;KLVZc;BRAZIL;BDT;579204.5087721394
4;KLVZc;GUYANA;UGX;1791796.32008241
5;KLVZc;UNITED ARAB EMIRATES;HRK;11358.070802946495
6;KLVZc;FIJI;SGD;6569.15705684158
7;KLVZc;MEXICO;TWD;137592.26134769164
8;KLVZc;MOZAMBIQUE;JMD;48454.101521475335
9;KLVZc;MALAYSIA;AUD;1709.7909178478246
10;KLVZc;INDONESIA;BHD;2078.9192715348677
11;KLVZc;FIJI;ALL;199180.77255513592
12;KLVZc;MADAGASCAR;CYP;2385.685490041574
13;CEJKN;SOLOMON ISLANDS;BIF;49690499.21112964
14;CEJKN;TRINIDAD AND TOBAGO;DZD;933139.898538975
15;CEJKN;SAO TOME AND PRINCIPE;KWD;6050.835411691698
16;CEJKN;ISRAEL;MGA;118240420.04293163
17;CEJKN;VENEZUELA;PES;577334.4367591717
18;CEJKN;SAMOA;MRO;7978793.1984992055
19;CEJKN;CZECH REPUBLIC;ARS;4903228.012462084
20;CEJKN;BARBADOS;RUB;550469.9371938859
21;CEJKN;VIET NAM;HTG;2299127.398063945
22;CEJKN;BAHAMAS;MXN;224576.7108081286
23;CEJKN;KUWAIT;LAK;622394313.100162
24;CEJKN;JAPAN;EGP;485950.73234585393
25;DMZbc;ZAMBIA;KWD;4456.051658960782
26;KMa11;BELARUS;ISK;579735.9118637863
27;KMa11;KENYA;RON;3119.772927033335
28;KMa11;FIJI;SEK;5440.931339389968
29;KMa11;DOMINICA;VES;28218.310746986623
30;KMa11;SOLOMON ISLANDS;MGA;6859136.127150575
31;KMa11;CHINA;DJF;242086.0088743039
32;KMa11;CYPRUS;TOP;6265.713021619981
33;KMa11;NETHERLANDS ANTILLES;CAD;5610.893408960688
34;KMa11;BERMUDA;GMD;105662.95383063538
35;KMa11;GUINEA;IQD;4839812.761318483
36;KMa11;FRENCH POLYNESIA;QAR;12399.384140294715
37;KMa11;CAMBODIA;AZN;7489.445546609122
38;KMa11;SOMALIA;CNY;9454.907052514023
39;DDYZZ;ALBANIA;LAK;231264402.65575588
40;DDYZZ;LIBERIA;IQD;12901364.822772529
41;DDYZZ;LEBANON;OMR;6187.892482003024
42;DDYZZ;VENEZUELA;PLN;89900.53356207855
43;DDYZZ;PHILIPPINES;ANG;30309.303986475894
44;DDYZZ;BELARUS;TRY;43998.22420879005
45;DDYZZ;PAPUA NEW GUINEA;GNF;143921316.40892768
46;DDYZZ;TURKEY;PYG;135251134.7276595
47;DDYZZ;CAMBODIA;JPY;894654.0718138113
48;DDYZZ;EGYPT;PYG;152433820.93605232
49;DDYZZ;MAURITIUS;THB;592561.9554814523
50;DDYZZ;THAILAND;PYG;83154520.86202516
51;DDYZZ;BELIZE;AZN;15992.327389757982
52;DDYZZ;BHUTAN;AUD;11202.568719532655
53;DDYZZ;VANUATU;LRD;2584353.322517495
54;DDYZZ;INDIA;CYP;9234.538117436365
55;DDYZZ;GAMBIA;BGN;34254.10952117239
56;GLN33;VANUATU;ZAR;4651.75362977481
57;GLN33;DOMINICAN REPUBLIC;SRD;218563.06449443774
58;GLN33;BARBADOS;TND;16084.516603587528
59;GLN33;SURINAME;SAR;4758.0913900748055
60;GLN33;INDIA;CAD;5932.01522606167
61;GLN33;CZECH REPUBLIC;GTQ;26461.056387398035
62;GLN33;BAHAMAS;MGA;10123484.820773944
63;GLN33;MADAGASCAR;ZAR;58887.75520951963
64;GLN33;LIBYAN ARAB JAMAHIRIYA;MUR;337292.46174332325
65;GLN33;BOTSWANA;CHF;2934.880294090371
66;GLN33;IRAN (ISLAMIC REPUBLIC OF);MXN;168856.2309466882
67;GLN33;CAYMAN ISLANDS;HRK;41156.79157719426
68;GLN33;ALGERIA;EGP;168765.15475294576
69;EFGIM;SOLOMON ISLANDS;HKD;4043.1077916824543
70;EFGIM;ISRAEL;ANG;1535.661686295804
71;EFGIM;MEXICO;HTG;73236.49746258074
72;EFGIM;BRAZIL;BRL;18979.49017986293
73;EFGIM;TOGO;BHD;574.5172939833394
74;EFGIM;INDIA;SYP;423105.29205260484
75;EFGIM;RUSSIAN FEDERATION;PYG;24233074.504658148
76;EFGIM;VIET NAM;ZMW;15976.948402823375
77;DEVZZ;UKRAINE;CYP;1373.4551919059786
78;DEVZZ;SYRIAN ARAB REPUBLIC;ALL;277428.71280415094
79;DEVZZ;MOZAMBIQUE;SRD;114158.75471369867
80;DEVZZ;LEBANON;CAD;404.87694685872384
81;DEVZZ;CHINA;VES;46871.03655187819
82;DEVZZ;PAPUA NEW GUINEA;SCR;59442.000903253334
83;HMNbb;UNITED KINGDOM;SLL;36320359.82103518
84;HMNbb;YEMEN;CVE;156881.9472042406
85;HMNbb;COSTA RICA;HKD;4850.383271177011
86;HMNbb;SWAZILAND;CVE;137720.2105870803
87;HMNbb;CHILE;ANG;3932.652624457071
88;HMNbb;TUNISIA;JPY;255613.9658447286
89;HMNbb;TUNISIA;MWK;1442178.8316180108
90;HMNbb;BULGARIA;ZAR;15393.997207570299
91;HMNbb;PANAMA;GYD;150339.14326385575
92;HMNbb;DENMARK;VES;38781.329179143664
93;HMNbb;JAPAN;LYD;8666.844121056403
94;AGGHY;TUNISIA;ILS;28911.50306593231
95;AGGHY;ICELAND;LVL;2677.7667696101794
96;AGGHY;MOROCCO;AZN;18355.56169094772
97;AGGHY;BAHAMAS;PLN;12640.963407914864
98;AGGHY;MAURITIUS;CYP;3543.3138712687078
99;AGGHY;EURO;HNL;210810.19232740786
100;AGGHY;JORDAN;PAB;10867.404475735268
101;AGGHY;ALBANIA;BMD;2306.150398883443
102;AGGHY;JAMAICA;DZD;238966.97784630783
103;AGGHY;COLOMBIA;SVC;59949.73490444775
104;AGGHY;BOLIVIA;AUD;10823.573177049797
105;AGGHY;PERU;GYD;1666815.7633823403
106;AGGHY;SOLOMON ISLANDS;ISK;1125543.835823222
107;AGGHY;PANAMA;PLN;29263.116420842012
108;AGGHY;QATAR;OMR;2084.1942026564084
109;AGGHY;ARUBA;MAD;90815.4677225273
110;AGGHY;ZIMBABWE;DZD;867862.6022832019
111;AGGHY;BULGARIA;STD;153972836.2274362
112;AGGHY;CROATIA;MMK;15278082.063955989
113;EEHLN;CROATIA;KES;4371674.206019097
114;EEHLN;MALAYSIA;MUR;1160874.45784637
115;EEHLN;SOLOMON ISLANDS;KZT;6064861.889899045
116;EEHLN;TOGO;GTQ;145226.02852571808
117;EEHLN;TAIWAN, PROVINCE OF CHINA;BBD;44585.08178542679
118;EEHLN;MALAWI;NGN;16612643.376164699
119;EEHLN;BOTSWANA;ETB;138287.13362418461
120;EEHLN;ETHIOPIA;DJF;3239663.2613762207
121;EEHLN;CANADA;OMR;18394.20755918116
122;EEHLN;MOZAMBIQUE;HRK;52443.188954306286
123;NWW13;PANAMA;PKR;738809.6959248921
124;NWW13;EGYPT;SZL;29862.679102881455
125;NWW13;BULGARIA;ALL;6441.902565607584
126;NWW13;BARBADOS;SBD;13628.611924784944
127;NWW13;LEBANON;LYD;1561.801717111707
128;NWW13;BANGLADESH;SRD;41927.208374027294
129;NWW13;MEXICO;MXN;7733.487564851622
130;NWW13;MEXICO;JPY;159571.15403342547
131;NWW13;GUATEMALA;BZD;1336.5580945766849
132;NWW13;CANADA;XOF;563833.8281355627
133;NWW13;BELIZE;BZD;1302.2107915875633
134;NWW13;IRAQ;DZD;90702.62952429954
135;NWW13;SAMOA;NPR;231098.09906389672
136;NWW13;KOREA, REPUBLIC OF;SRD;33105.23920947317
137;NWW13;ZAMBIA;NPR;160712.8912271769
138;NWW13;DJIBOUTI;NAD;40580.62374838897
139;GIJK3;NAMIBIA;XOF;1210107.2470116715
140;GIJK3;ROMANIA;TZS;7617625.989322514
141;GIJK3;PERU;CVE;251601.53948500604
142;GIJK3;COLOMBIA;NPR;-5124.720999130263
143;GIJK3;CROATIA;KWD;1636.2251381175734
144;GIJK3;THAILAND;XPF;192324.9590849941
145;GIJK3;NICARAGUA;CAD;4105.376161667359
146;GIJK3;QATAR;MZN;308849.76817326515
147;GIJK3;MALAWI;CHF;3877.3098447419693
148;GIJK3;INDONESIA;GBP;4782.241358491415
149;GIJK3;BURUNDI;TZS;12316908.033816168
150;GIJK3;CHINA;UAH;96858.14937210376
151;GIJK3;UKRAINE;AWG;6288.188695123379
152;GIJK3;MOROCCO;NPR;450669.4944309778
153;GIJK3;BRUNEI DARUSSALAM;SCR;80847.3514716167
154;GIJK3;SIERRA LEONE;SZL;30718.5071453756
155;GIJK3;LIBYAN ARAB JAMAHIRIYA;TTD;27010.59031765389
156;IY223;PHILIPPINES;STD;3064102.425300956
157;IY223;SOMALIA;LRD;4050.6149365955557
158;IY223;BANGLADESH;TND;1007.9677151308811
159;IY223;BANGLADESH;PES;47055.673935574785
160;IY223;SAO TOME AND PRINCIPE;THB;981.6695020180027
161;GVb33;DOMINICAN REPUBLIC;KHR;30349974.423145767
162;GVb33;SRI LANKA;GHS;225063.71386453792
163;FHJL2;MAURITANIA;HNL;63305.42767475434
164;FHJL2;CAPE VERDE;SOS;2631495.6300124573
165;FHJL2;SUDAN;ZAR;81472.46360555865
166;FHJL2;GAMBIA;AOA;727278.1856295594
167;FHJL2;ANGOLA;XCD;632.5066459280765
168;FHJL2;KENYA;STD;56247093.0593708
169;FHJL2;SAUDI ARABIA;WST;8329.000144020796
170;FHJL2;TUNISIA;LKR;2186724.4017761997
171;FHJL2;ICELAND;PKR;1292318.7127537148
172;FHJL2;PERU;LBP;2846632.310241871
173;FHJL2;VIET NAM;PGK;15045.155713043083
174;FHJL2;UNITED ARAB EMIRATES;SOS;-34919.91252146282
175;FHJL2;COLOMBIA;SGD;8477.467763723314
176;FHJL2;BHUTAN;SAR;22336.5289537509
177;HKNNa;VENEZUELA;JOD;11.60706559108907
178;HKNNa;URUGUAY;CRC;22734.64528145132
179;HKNNa;ARGENTINA;SRD;1886.389481732013
180;HKNNa;COSTA RICA;ILS;169.96356475680372
181;HKNNa;ZIMBABWE;MRO;16924.76199201466
182;CJKKc;TAIWAN, PROVINCE OF CHINA;BWP;5878.809674670986
183;CCXc1;JAPAN;ILS;11135.016849622194
184;CCXc1;IRAN (ISLAMIC REPUBLIC OF);YER;1584409.9296280416
185;CCXc1;TANZANIA, UNITED REPUBLIC OF;DZD;1244639.2493590147
186;CCXc1;IRAQ;CYP;470.0772907436321
187;CCXc1;GUINEA;PLN;11229.057712138736
188;CCXc1;LIBERIA;BZD;16369.159587598686
189;CCXc1;BOTSWANA;ETB;154288.94615860766
190;CCXc1;CANADA;SVC;55337.909443445045
191;Xacc3;AUSTRALIA;MGA;2720320.845672568
192;Xacc3;SYRIAN ARAB REPUBLIC;SGD;10249.483029948611
193;ACGXc;ZAMBIA;GNF;12784111.888138624
194;ACGXc;SOMALIA;CVE;171533.95225491517
195;ACGXc;SERBIA;AWG;6927.278001281254
196;ACGXc;HONDURAS;ANG;4928.527833182055
197;IWYYb;MALAWI;LAK;65071219.144577965
198;FJMX2;TURKEY;PHP;339682.608981546
199;FJMX2;MACAU;ISK;164756.12147747955
200;XXab3;ZAMBIA;TWD;894812.4992664709
201;XXab3;LATVIA;BOB;4687.649153268323
202;XXab3;UNITED KINGDOM;SCR;90216.38692831434
203;XXab3;CYPRUS;TZS;9923535.858698184
204;XXab3;CANADA;DOP;164657.5409936408
205;XXab3;NICARAGUA;KYD;23759.480226313673
206;XXab3;CAYMAN ISLANDS;AOA;5710463.15178464
207;XXab3;LATVIA;CLP;2367533.2493167724
208;XXab3;DJIBOUTI;XAF;2130935.113450775
209;XXab3;HONG KONG;QAR;14428.29017001456
210;XXab3;TOGO;HKD;148539.09021773766
211;XXab3;BAHRAIN;PHP;217596.8100527339
212;XXab3;BULGARIA;IRR;1124471739.0545692
213;XXab3;HAITI;JOD;8010.109086570768
214;XXab3;RWANDA;KHR;91926655.17619689
215;XXab3;DOMINICAN REPUBLIC;MMK;59812296.13826511
216;XXab3;NEW ZEALAND;VES;595284.6591907995
217;XXab3;ZAMBIA;TZS;35715788.968918234
218;XXab3;AZERBAIJAN;GTQ;201460.1809231468
219;DMMMY;NEW ZEALAND;ETB;76716.3455715822
220;DMMMY;BRUNEI DARUSSALAM;JPY;420259.3598210651
221;DMMMY;ANGOLA;AUD;1602.834460562359
222;DMMMY;MALAWI;PAB;6496.043568487292
223;DMMMY;GUYANA;SDG;3025856.6744980467
224;DMMMY;URUGUAY;VES;37730.121761538765
225;DMMMY;SOLOMON ISLANDS;MRO;2741491.9789002114
226;DMMMY;CZECH REPUBLIC;MZN;337103.73574055434
227;DMMMY;BELIZE;SVC;3074.9972778726255
228;DMMMY;BERMUDA;ETB;231723.43932908875
229;DMMMY;QATAR;CNY;61622.51443437705
230;DMMMY;SOMALIA;DZD;948859.8391883265
231;DMMMY;CZECH REPUBLIC;ISK;1183620.031790444
232;DMMMY;BRUNEI DARUSSALAM;MZN;255383.3485061425
233;DMMMY;FRENCH POLYNESIA;LRD;517286.2931691545
234;DMMMY;MYANMAR;NIO;11069.251687514297
235;DMMMY;NICARAGUA;UGX;26408337.55390625
236;GIIMa;CROATIA;MWK;1869546.6789336575
237;GIIMa;MOROCCO;XAF;2441770.5294654816
238;GIIMa;MOZAMBIQUE;ETB;99353.4363146514
239;GIIMa;DOMINICA;JPY;-1353.2255213398178
240;GIIMa;AUSTRALIA;PGK;3600.7189301705325
241;GIIMa;INDIA;SZL;57055.79733269425
242;GIIMa;IRAQ;NZD;4988.794872252328
243;GIIMa;TURKEY;GYD;495961.8135567485
244;GIIMa;JAMAICA;GYD;34073.71238176135
245;GIIMa;CAMBODIA;SGD;5359.0624504640755
246;GIIMa;DJIBOUTI;PGK;11112.130267515575
247;AKZZ3;CYPRUS;ILS;10589.369480023319
248;AKZZ3;PAPUA NEW GUINEA;TRY;19149.264369583623
249;AKZZ3;UNITED KINGDOM;GYD;139560.5353144036
250;BXYZb;KENYA;QAR;21481.881897993982
251;BXYZb;RUSSIAN FEDERATION;LVL;2281.581234923694
252;BXYZb;SIERRA LEONE;EUR;1749.1400873902999
253;BXYZb;HONDURAS;SOS;1733429.0993824454
254;BXYZb;PAKISTAN;ANG;10445.534983710322
255;BXYZb;SEYCHELLES;JMD;83208.1315941601
256;BXYZb;SAMOA;MUR;120877.24324328205
257;BXYZb;SINGAPORE;BHD;1101.1871790621306
258;BXYZb;ICELAND;NIO;123683.81749622895
259;BXYZb;ISRAEL;LBP;8511910.778838161
260;CEZc3;MALAYSIA;NZD;940.9865806773737
261;CEZc3;PARAGUAY;GYD;1061152.1497819552
262;CEZc3;JAPAN;CLP;5832951.513788798
263;CEZc3;YEMEN;GMD;81877.89474270662
264;CEZc3;ARGENTINA;GBP;3686.1512973961294
265;CEZc3;MOROCCO;NOK;27435.58583977194
266;CEZc3;BERMUDA;XCD;6841.042365245566
267;CEZc3;SURINAME;VES;30707.393064426313
268;CEZc3;TRINIDAD AND TOBAGO;ZMW;14012.789341406024
269;CEZc3;VIET NAM;TWD;63753.80740125879
270;CEZc3;FRENCH POLYNESIA;JPY;311272.7341792922
271;CEZc3;CENTRAL AFRICAN REPUBLIC;ETB;221201.30694709058
272;CEZc3;LIBERIA;XOF;1412850.1741515703
273;CEZc3;NORWAY;RUB;316166.46355544915
274;CEZc3;BURUNDI;XCD;2947.7099001640386
275;CEZc3;SAUDI ARABIA;SGD;4354.336032689986
276;CEZc3;IRAN (ISLAMIC REPUBLIC OF);COP;8563330.09701832
277;DFKYb;UKRAINE;TND;23.758361727463498
278;DFKYb;INDIA;ETB;3791.047200582657
279;DFKYb;SEYCHELLES;SVC;761.9210827209234
280;DFKYb;FRENCH POLYNESIA;HUF;78115.72626811692
281;DFKYb;BELARUS;FJD;129.397123831969
282;DFKYb;TONGA;HUF;69309.95348880193
283;DFKYb;SYRIAN ARAB REPUBLIC;JMD;21187.350722786014
284;DFKYb;NORWAY;VND;2206824.6140609286
285;DFKYb;PERU;UYU;-113.32529653979982
286;DFKYb;CENTRAL AFRICAN REPUBLIC;KZT;12313.789937425705
287;DFKYb;VIET NAM;CAD;8.262627004708968
288;DFKYb;FRENCH POLYNESIA;HRK;896.9427046975622
289;DFKYb;VANUATU;DOP;8267.916815697603
290;DFKYb;ISRAEL;TZS;423915.3912658866
291;DFKYb;CHINA;HNL;3405.046689262105
292;DFKYb;THAILAND;MMK;438169.6138860816
293;DFKYb;EGYPT;GNF;2158594.3455651836
294;DFKYb;LAO PEOPLE'S DEMOCRATIC REP;PHP;13436.838791067625
295;DFKYb;ZAMBIA;SEK;1699.7333086183792
296;DFKYb;TOGO;CNY;1229.5436456473974
297;DIJJK;LEBANON;ISK;866819.2748388243
298;DIJJK;ARUBA;RWF;547552.9777185407
299;DIJJK;DENMARK;BZD;5984.33833534225
300;DIJJK;ALGERIA;YER;1495320.066255542
301;DIJJK;BAHAMAS;BND;2340.3737827722784
302;DIJJK;NORWAY;MWK;2082573.8259734733
303;DIJJK;DENMARK;MOP;41139.222208986874
304;DIJJK;BOLIVIA;WST;18213.60522467712
305;DIJJK;PANAMA;NZD;6656.0475644634025
306;DIJJK;NICARAGUA;CAD;6081.94147822441
307;DIJJK;RWANDA;GMD;147258.62247377157
308;DIJJK;PERU;UGX;7740831.661092062
309;DIJJK;LIBERIA;NGN;1561634.0113990523
310;DIJJK;DJIBOUTI;DZD;352934.72225168976
311;DIJJK;BERMUDA;BBD;5484.51775202924
312;BHNXa;FIJI;CAD;5330.665555951156
313;BHNXa;GHANA;BSD;3999.991939133816
314;BHNXa;GHANA;LBP;2689532.690064462
315;BHNXa;SOUTH AFRICA;FJD;7621.087122717521
316;BHNXa;VANUATU;AOA;2009772.8733216138
317;BHNXa;PERU;MOP;6630.163159726344
318;BHNXa;DOMINICA;ZAR;113967.04193674169
319;BHNXa;ETHIOPIA;MAD;19125.058376955523
320;BHNXa;BURUNDI;TZS;4889041.415376256
321;BHNXa;EURO;UYU;76459.405406195
322;BHNXa;GAMBIA;SEK;69374.27285907745
323;BHNXa;CHILE;VND;19355813.270032443
324;BHNXa;DOMINICAN REPUBLIC;GBP;5173.442224979061
325;BGNN1;ANGOLA;TTD;17552.968717521817
326;AHJX1;ICELAND;LKR;4601485.266835946
327;AHJX1;UNITED KINGDOM;FJD;52238.37887981264
328;AHJX1;COSTA RICA;MZN;919788.608889379
329;AHJX1;NAMIBIA;TZS;18552296.424642246
330;AHJX1;SERBIA;RSD;2930708.2116619013
331;CCLcc;HONG KONG;VES;86582.78768480172
332;CCLcc;PAKISTAN;MUR;190017.28276144323
333;CCLcc;BERMUDA;MRO;507867.53199195105
334;CCLcc;ARGENTINA;ZMW;16512.273130237765
335;BIMZb;DENMARK;KES;415467.48538209737
336;BIMZb;TAIWAN, PROVINCE OF CHINA;SDG;2661144.454654386
337;BIMZb;CENTRAL AFRICAN REPUBLIC;LAK;34234544.8287912
338;BIMZb;NORWAY;LAK;80847170.18593836
339;BIMZb;SOUTH AFRICA;MRO;1685201.9795977534
340;BIMZb;SWEDEN;PGK;10634.013974854657
341;BIMZb;INDONESIA;MUR;51476.193482341965
342;IYZZZ;GUATEMALA;TZS;15608805.371173076
343;IYZZZ;GUINEA;IQD;1935405.1433877274
344;IYZZZ;BULGARIA;MOP;1462.8391533576012
345;IYZZZ;PANAMA;YER;1038742.2993062093
346;IYZZZ;EGYPT;TRY;50534.79216903045
347;IYZZZ;GUYANA;INR;567919.5558385107
348;IYZZZ;ETHIOPIA;AUD;6594.994818562039
349;IYZZZ;ZAMBIA;ZAR;129681.3552073783
350;FHYYZ;DOMINICAN REPUBLIC;CNY;1899.965904007552
351;FHYYZ;CROATIA;LBP;9719334.763200318
352;FHYYZ;UNITED KINGDOM;BOB;49041.45169930259
353;FHYYZ;MALAYSIA;UYU;403626.50668774126
354;FHYYZ;ETHIOPIA;BRL;56024.22518258587
355;FHYYZ;LEBANON;XOF;3326666.4785506995
356;FHYYZ;UKRAINE;IDR;30097519.90765336
357;FHYYZ;ALGERIA;DZD;842078.5388240747
358;FHYYZ;SAO TOME AND PRINCIPE;BWP;125228.97183393971
359;FHYYZ;ZIMBABWE;OMR;2562.064762388416
360;FHYYZ;BULGARIA;XOF;3545447.24695989
361;FHYYZ;BANGLADESH;MOP;63199.116350045806
362;DGNW1;CAMBODIA;KYD;9709.98280258066
363;DGNW1;RWANDA;MMK;10818952.488633811
364;DGNW1;CYPRUS;JPY;102871.41930773611
365;JJX33;UGANDA;BZD;36069.66404187003
366;JJX33;MEXICO;SEK;170730.15315066034
367;JJX33;NIGERIA;CLP;17003646.728230737
368;JJX33;JORDAN;VUV;41014.46768504923
369;JJX33;AUSTRALIA;DJF;509917.03357935505
370;JJX33;UNITED KINGDOM;SBD;143623.71703747974
371;JJX33;MAURITIUS;NAD;199424.4651352349
372;JJX33;SRI LANKA;ZWL;4899521.665244266
373;JJX33;BAHRAIN;BMD;14538.957208541728
374;GHJKZ;DENMARK;CZK;1968.2653325943531
375;GHJKZ;NAMIBIA;TOP;25.563328640460792
376;GHJKZ;LAO PEOPLE'S DEMOCRATIC REP;HUF;22655.180504389984
377;GHJKZ;VIET NAM;TRY;711.7112771901213
378;GHJKZ;FIJI;RON;377.0765154497792
379;GHJKZ;TOGO;CRC;28847.090200354618
380;GHJKZ;UNITED KINGDOM;UAH;3217.4450213313435
381;GHJKZ;IRAN (ISLAMIC REPUBLIC OF);TTD;151.5693933584719
382;GHJKZ;TUNISIA;RUB;4083.1223514123217
383;GHJKZ;KUWAIT;DKK;439.3496021891427
384;GHJKZ;PAKISTAN;RSD;8320.70321907418
385;GHJKZ;UNITED KINGDOM;UAH;26.110326811372232
386;GHJKZ;SYRIAN ARAB REPUBLIC;ILS;168.71084601644955
387;GHJKZ;MADAGASCAR;VES;328.7633041212047
388;GHJKZ;SAMOA;VES;50.74347863727643
389;GHJKZ;ROMANIA;VES;1704.4753916206992
390;GHJKZ;MOZAMBIQUE;VUV;4870.203416266154
391;GHJKZ;CZECH REPUBLIC;NPR;7726.4072876751725
392;GHJKZ;BHUTAN;PES;17018.661928712325
393;GHJKZ;LIBYAN ARAB JAMAHIRIYA;CYP;30.83827845311296
394;DFWW1;RUSSIAN FEDERATION;IQD;3032273.670001864
395;DFWW1;TUNISIA;JOD;3097.0972052774514
396;DFWW1;CANADA;COP;11694546.458952766
397;DFWW1;TOGO;ZAR;28878.632262895782
398;DFWW1;INDIA;TND;4856.933951420511
399;DFWW1;BULGARIA;ISK;388086.10103532334
400;DFWW1;PAPUA NEW GUINEA;KZT;747378.5026026376
401;DFWW1;KAZAKHSTAN;SCR;62173.53275386894
402;DFWW1;AZERBAIJAN;SDG;2125387.5241334043
403;DFWW1;AUSTRALIA;PES;46976.89369204463
404;DFWW1;CYPRUS;HTG;414554.18574614497
405;DFWW1;MACAU;KES;224419.5946619446
406;DFWW1;MACAU;RON;14014.98907091989
407;DFWW1;TRINIDAD AND TOBAGO;HRK;17912.794958784943
408;DFWW1;UKRAINE;RUB;42589.7642355897
409;CDLZ1;AZERBAIJAN;KWD;3203.8549333694727
410;CDLZ1;CANADA;MXN;872.9471431922163
411;CDLZ1;TOGO;CAD;14786.198997055766
412;CDLZ1;VIET NAM;SOS;2027824.0428888425
413;CDLZ1;DOMINICAN REPUBLIC;IRR;217800705.87180203
414;CLZZb;MALAWI;SDG;321339.0764255223
415;CLZZb;KENYA;SBD;139134.70991872074
416;CLZZb;KUWAIT;LBP;23084974.87511707
417;CLZZb;CYPRUS;CLP;8353614.09847907
418;CLZZb;GUATEMALA;AUD;20691.513832842436
419;CLZZb;ROMANIA;SRD;81631.13010434127
420;CLZZb;DOMINICAN REPUBLIC;SEK;-1505.4287191905464
421;CLZZb;JORDAN;SDG;6652010.125884226
422;CLZZb;BELIZE;BGN;28839.677408285348
423;CLZZb;SWITZERLAND;KRW;6962160.1660279725
424;CLZZb;CENTRAL AFRICAN REPUBLIC;QAR;46143.75305015592
425;CLZZb;LIBYAN ARAB JAMAHIRIYA;HNL;386057.0519041746
426;CLZZb;UNITED KINGDOM;VES;239905.5716315751
427;CLZZb;NIGERIA;BHD;1868.9025222073928
428;DDEHb;EGYPT;BDT;542332.007334616
429;DDEHb;TURKEY;GYD;959566.9006625601
430;DDEHb;BELARUS;HUF;480377.5883239512
431;DDEHb;SWAZILAND;SVC;32207.52595292488
432;DDEHb;NIGERIA;JOD;1227.16140443364
433;DDEHb;SOUTH AFRICA;NAD;30920.82969345173
434;DDEHb;SWITZERLAND;PKR;221496.94735829055
435;DDEHb;UKRAINE;SBD;5192.17881305757
436;DDEHb;PAPUA NEW GUINEA;TND;770.0909324278406
437;DDEHb;TAIWAN, PROVINCE OF CHINA;TRY;15605.762045809652
438;DDEHb;HONG KONG;KES;537119.6590091556
439;DDEHb;NICARAGUA;TZS;9164542.17083865
440;BKccc;MAURITIUS;SLL;128523381.16762753
441;BKccc;SAO TOME AND PRINCIPE;ZAR;64863.326270293226
442;BKccc;LIBYAN ARAB JAMAHIRIYA;KYD;119.61445848722241
443;BKccc;MACAU;YER;1314159.4775072688
444;BKccc;SEYCHELLES;TZS;7655949.655389878
445;BKccc;MALAYSIA;PEN;5386.243551221818
446;BKccc;GAMBIA;ISK;180681.5236250107
447;BKccc;THAILAND;MVR;110864.57101457802
448;BKccc;HUNGARY;RON;28890.91215323373
449;BKccc;OMAN;STD;30841197.698084824
450;BKccc;KENYA;SCR;108567.5484658232
451;BKccc;ROMANIA;BBD;4879.34588458686
452;BKccc;KUWAIT;LBP;9987599.588200726
453;BKccc;TANZANIA, UNITED REPUBLIC OF;ANG;734.3634333145602
454;BKccc;SRI LANKA;GBP;6843.05669032103
455;BKccc;JAPAN;BND;10479.254367333235
456;BKccc;MAURITANIA;GMD;11340.914777969308
457;DIN33;BELARUS;LYD;2223.7300122380047
458;DIN33;PHILIPPINES;NGN;221875.01314425233
459;DIN33;BURUNDI;MWK;227705.41290745922
460;IIWZZ;NETHERLANDS ANTILLES;CAD;1497.1864033422414
461;IIWZZ;SOUTH AFRICA;UGX;73038323.49215694
462;IIWZZ;SERBIA;CVE;494510.2276765089
463;IIWZZ;SOLOMON ISLANDS;PKR;3068151.945267969
464;IIWZZ;BERMUDA;ANG;27446.96634469128
465;IIWZZ;BRUNEI DARUSSALAM;EUR;17121.36395447209
466;IIWZZ;CAPE VERDE;STD;271797876.15800256
467;IIWZZ;RUSSIAN FEDERATION;XPF;2140099.381809644
468;IIWZZ;GHANA;BOB;59890.76634955959
469;IIWZZ;SEYCHELLES;SYP;3877433.692885216
470;IIWZZ;UNITED KINGDOM;MRO;5299860.927434737
471;IIWZZ;UNITED KINGDOM;WST;52849.710233249745
472;BEc22;FRENCH POLYNESIA;NIO;15549.021058709473
473;BEc22;POLAND;XOF;38206.601307238605
474;BEc22;BELARUS;TND;1563.7151344616286
475;BEc22;ALGERIA;BOB;7613.095910751578
476;BEc22;SOLOMON ISLANDS;CYP;229.19192068611764
477;BEc22;INDONESIA;COP;4860105.95994593
478;BEc22;ALBANIA;UGX;441978.01330500795
479;BEc22;HAITI;XAF;681290.1793332834
480;BEc22;CROATIA;DOP;36501.68532615354
481;BEc22;COSTA RICA;CZK;4074.1626514452905
482;BEc22;MALAYSIA;EUR;-9.50501830545633
483;BEc22;TAIWAN, PROVINCE OF CHINA;RSD;-705.6750569633384
484;BEc22;MALAYSIA;HTG;112436.50513936792
485;BEc22;PARAGUAY;SRD;5959.51814015332
486;BEc22;THAILAND;PGK;2250.691979741845
487;BEc22;SURINAME;ANG;1516.5583621356063
488;BEc22;JORDAN;MZN;42474.9814100384
489;BEc22;TUNISIA;PGK;1962.429967352504
490;CFVZc;SOLOMON ISLANDS;XOF;1698660.350457302
491;CFVZc;LAO PEOPLE'S DEMOCRATIC REP;GMD;69948.17058635017
492;CFVZc;PAKISTAN;STD;17489168.29215333
493;CFVZc;KENYA;PHP;60794.54496842773
494;CFVZc;ARUBA;ALL;58631.612086223686
495;CFVZc;GAMBIA;TWD;91612.54182815197
496;CFVZc;GUATEMALA;DKK;17068.78206976159
497;CDELc;PHILIPPINES;OMR;3900.4420360413756
498;CDELc;EL SALVADOR;ARS;930813.2203578182
499;CDELc;LATVIA;JPY;1116019.0905807626
500;CDELc;SYRIAN ARAB REPUBLIC;BMD;13056.144487406635
501;CDELc;SAO TOME AND PRINCIPE;VND;619668701.1982403
502;CDELc;AUSTRALIA;NZD;15416.789791350564
503;CDELc;IRAQ;SAR;99148.20597141978
504;CDELc;COSTA RICA;GBP;784.7362803825567
505;BEGX1;ICELAND;RSD;240787.0708714447
506;BEGX1;HONDURAS;RWF;1049684.774007894
507;BEGX1;ARUBA;JOD;1355.194392342186
508;BEGX1;IRAQ;PKR;246910.14994405556
509;BEGX1;NIGERIA;MRO;620409.2291962928
510;BEGX1;MALDIVES;NGN;906559.2063480872
511;BEGX1;HONDURAS;WST;4443.461521108853
512;BEGX1;MACAU;LYD;6040.006563829812
513;BEGX1;LIBYAN ARAB JAMAHIRIYA;ETB;14210.63013820701
514;BBHJa;MAURITIUS;UGX;28219705.99900425
515;BBHJa;NETHERLANDS ANTILLES;LKR;4114852.612343727
516;BBHJa;ETHIOPIA;SEK;89016.90037334587
517;BBHJa;BELIZE;TZS;26229210.77404931
518;BBHJa;PHILIPPINES;ZAR;43417.85630639684
519;BBHJa;RWANDA;AWG;11550.86383724322
520;BBHJa;PAPUA NEW GUINEA;AED;24124.39655830327
521;BBHJa;SWEDEN;BDT;512488.2748002916
522;FFFIN;CANADA;GNF;5960198.16680197
523;FFFIN;ZAMBIA;JMD;219238.36668968963
524;FFFIN;JAPAN;XOF;1043989.7594997743
525;FFFIN;ALGERIA;PKR;540011.7170158488
526;CHcc1;NORWAY;PYG;208205285.81591123
527;CHcc1;KOREA, REPUBLIC OF;GTQ;84308.10492446693
528;CHcc1;QATAR;PEN;24007.45869418231
529;CHcc1;SWAZILAND;BIF;2465972.2027304703
530;CHcc1;DJIBOUTI;DZD;2209365.1692134775
531;CHcc1;GUINEA;AZN;25911.748198408503
532;CHcc1;IRAQ;CRC;8431712.258065673
533;CHcc1;AZERBAIJAN;BSD;4714.180468336951
534;CHcc1;VIET NAM;BYR;304071154.0910943
535;CHcc1;SUDAN;BDT;3158800.8351735445
536;CHcc1;BARBADOS;AZN;49489.20069321706
537;ACEMb;PAKISTAN;MVR;58602.111566024374
538;ACEMb;GUINEA;ALL;578780.0932738998
539;ACEMb;CZECH REPUBLIC;RON;10074.162024730911
540;ACEMb;ICELAND;BZD;20382.13009222116
541;ACEMb;CAMBODIA;PGK;27900.412552801274
542;ACEMb;PAKISTAN;BGN;16602.643590739128
543;BIKb1;SOLOMON ISLANDS;GTQ;21651.537284293234
544;BIKb1;BRAZIL;DKK;5070.933438807897
545;BIKb1;NETHERLANDS ANTILLES;DOP;38027.39840372806
546;BIKb1;BELIZE;LRD;266712.6262608722
547;BIKb1;BARBADOS;YER;595215.9722655534
548;BIKb1;ANGOLA;CLP;1844998.1877621098
549;BIKb1;ANGOLA;BBD;2936.281298058371
550;BIKb1;COLOMBIA;JMD;204888.71441094266
551;BIKb1;LIBYAN ARAB JAMAHIRIYA;DZD;40821.15711755429
552;BIKb1;EURO;VUV;63885.08430767675
553;BIKb1;CANADA;AWG;4488.800738913378
554;FFFXZ;PERU;MYR;9813.766491877122
555;FFFXZ;COSTA RICA;GMD;47353.3786411075
556;FFFXZ;NEW ZEALAND;ALL;280894.1089116149
557;FFFXZ;CAYMAN ISLANDS;DJF;215593.910444644
558;FFFXZ;LIBERIA;MMK;4021819.5775808124
559;EJVYY;SAUDI ARABIA;EGP;7450.136985555553
560;EJVYY;NAMIBIA;DKK;29847.936193382095
561;EJVYY;SUDAN;STD;47349976.089589246
562;EJVYY;RUSSIAN FEDERATION;SDG;1061155.86968791
563;EJVYY;ALBANIA;HUF;40631.58609511627
564;EJVYY;LIBYAN ARAB JAMAHIRIYA;LBP;89125.65041208663
565;EJVYY;SWAZILAND;XCD;9949.842568021633
566;EJVYY;DOMINICAN REPUBLIC;STD;52413499.94894697
567;EJVYY;LIBERIA;TZS;1476754.4377837796
568;EJVYY;NEPAL;UAH;16153.305755948293
569;EJVYY;UNITED KINGDOM;MRO;1155241.2737300321
570;EJVYY;COSTA RICA;VES;91126.07055300826
571;EJVYY;JAMAICA;BMD;900.3072010034527
572;ABBYc;LIBYAN ARAB JAMAHIRIYA;NOK;3557.7142479577337
573;ABBYc;MACAU;UYU;9265.277398255153
574;ABBYc;CHILE;XAF;203452.61284857756
575;ABBYc;NETHERLANDS ANTILLES;CNY;2070.507208863591
576;CLWa3;ZAMBIA;TND;8670.194658832563
577;CLWa3;URUGUAY;VES;100893.86452632648
578;CLWa3;RWANDA;JPY;819593.8848057115
579;CLWa3;CENTRAL AFRICAN REPUBLIC;WST;8535.58753614134
580;CLWa3;JAPAN;BWP;31191.19668053435
581;CLWa3;ZAMBIA;TND;24717.3171829927
582;CLWa3;YEMEN;BHD;710.0643520467236
583;CLWa3;BRUNEI DARUSSALAM;TOP;14944.649212957725
584;CLWa3;KUWAIT;SAR;3921.2160843960983
585;CLWa3;SYRIAN ARAB REPUBLIC;BRL;27082.79918689575
586;CLWa3;ALGERIA;MRO;3155434.458301502
587;CLWa3;BOLIVIA;NZD;6581.750646877113
588;CLWa3;JAPAN;EGP;119352.34529955384
589;CLWa3;CHINA;AWG;10384.772804830802
590;CLWa3;SWAZILAND;BRL;11697.240115740964
591;CLWa3;ROMANIA;VND;47421011.979035676
592;CLWa3;URUGUAY;MVR;128174.27739206649
593;CLWa3;MALAWI;SLL;2095528.131701
594;AJNWW;NICARAGUA;SAR;19893.528163734896
595;AJNWW;EURO;NOK;79790.46924439924
596;AJNWW;TRINIDAD AND TOBAGO;CNY;53699.952352161024
597;AJNWW;MYANMAR;CNY;4029.3081656952127
598;AJNWW;MADAGASCAR;PEN;34484.56510298069
599;AJNWW;NETHERLANDS ANTILLES;MZN;465284.9314280813
600;AJNWW;BELIZE;JPY;149222.67412884833
601;AJNWW;BULGARIA;MZN;1191366.512319036
602;AJNWW;CAYMAN ISLANDS;PLN;18108.17323469986
603;AJNWW;NETHERLANDS ANTILLES;CYP;5904.980112390778
604;AJNWW;TAIWAN, PROVINCE OF CHINA;JOD;5420.641693600806
605;AJNWW;OMAN;ZMW;320859.5987255753
606;AJNWW;RUSSIAN FEDERATION;HNL;255088.142308118
607;AJNWW;MYANMAR;DKK;76194.53373474696
608;AJNWW;MALDIVES;IDR;71325364.2496469
609;AJNWW;THAILAND;ANG;7668.851033136784
610;AJNWW;EURO;NGN;1383264.1767822572
611;AJNWW;BAHRAIN;SGD;19703.990575835436
612;AJNWW;TOGO;LVL;4273.83792529735
613;EKMNY;BAHRAIN;BDT;418427.798449436
614;EKMNY;GUYANA;VUV;326087.0502879051
615;EKMNY;ARGENTINA;PYG;8242815.244179884
616;EKMNY;ALGERIA;CRC;243303.49224614553
617;EKMNY;SYRIAN ARAB REPUBLIC;GHS;107729.04354001969
618;EKMNY;ZAMBIA;XAF;4949102.923118561
619;EKMNY;CYPRUS;BOB;38928.42546629141
620;EKMNY;NEW ZEALAND;FJD;87.64407117272067
621;EKMNY;SEYCHELLES;DZD;247956.92578589305
622;EKMNY;CAYMAN ISLANDS;PHP;288515.39953986375
623;EKMNY;PERU;NGN;2063485.0672415516
624;EKMNY;OMAN;COP;6827238.098891341
625;EKMNY;PAPUA NEW GUINEA;GYD;1011719.9415065774
626;FJJJN;PARAGUAY;AWG;6375.054309148291
627;FJJJN;BOLIVIA;EGP;48702.802360941845
628;FJJJN;OMAN;ZMW;46723.37809876413
629;FJJJN;GUYANA;OMR;2521.003223315136
630;FJJJN;SWAZILAND;SDG;343434.52300858346
631;FJJJN;CAMBODIA;LRD;40963.874485132146
632;FJJJN;IRAQ;MGA;848606.838345339
633;FJJJN;TURKEY;SLL;45417703.46367062
634;FJJJN;PAPUA NEW GUINEA;RSD;891716.9745045438
635;FJJJN;HONG KONG;XOF;95378.33255285345
636;FJJJN;BARBADOS;CNY;36573.17009286706
637;FJJJN;LATVIA;BMD;1571.168622443144
638;FJJJN;NEW ZEALAND;GBP;2786.363371690744
639;FJJJN;CZECH REPUBLIC;VES;136698.34942679713
640;FJJJN;SAO TOME AND PRINCIPE;TND;27023.855225059822
641;EGJY1;MALAYSIA;UYU;11569.961283391618
642;EGJY1;COLOMBIA;JOD;15.7240330465454
643;EGJY1;PERU;EGP;12750.51967841575
644;EGJY1;BANGLADESH;STD;6343490.013300941
645;EGJY1;PAPUA NEW GUINEA;BMD;203.60748959879373
646;EGJY1;MALAYSIA;ISK;47679.57679927527
647;EGJY1;CAYMAN ISLANDS;XPF;8663.40301717724
648;EGJY1;HUNGARY;QAR;1932.7828574610505
649;EGJY1;SOMALIA;QAR;719.6886577911243
650;EGJY1;DJIBOUTI;CRC;42564.07273146907
651;EGJY1;DENMARK;QAR;1472.090436390936
652;EGJY1;INDONESIA;BTN;38185.25232505267
653;EGJY1;LIBYAN ARAB JAMAHIRIYA;ANG;860.5385560351092
654;EGJY1;SAMOA;TND;1490.1822413495604
655;EGJY1;KENYA;OMR;78.3744782320311
656;EGJY1;BULGARIA;MWK;296312.48229844193
657;EGJY1;CAYMAN ISLANDS;OMR;200.36073749309313
658;KNYc1;NAMIBIA;SRD;205614.5691427499
659;KNYc1;PARAGUAY;SOS;14026368.307412311
660;KNYc1;SAMOA;INR;427075.07452325907
661;KNYc1;EGYPT;MAD;38475.010880645605
662;KNYc1;ALGERIA;RON;7315.533353539038
663;KNYc1;CAPE VERDE;AZN;40739.76405632403
664;KNYc1;IRAQ;BZD;28665.025159104196
665;KNYc1;TANZANIA, UNITED REPUBLIC OF;SVC;62308.28412998366
666;KNYc1;TONGA;SRD;126070.89987908382
667;KNYc1;DENMARK;NAD;85237.91016896768
668;KNYc1;MACAU;SZL;159681.72113104467
669;EEVWY;ARGENTINA;ALL;75785.5123008967
670;EEVWY;ZIMBABWE;TWD;27233.151688840757
671;EEVWY;DOMINICAN REPUBLIC;MWK;3874707.2260546326
672;EEVWY;FIJI;SVC;21652.973667933875
673;EEVWY;ALGERIA;STD;74680966.35410383
674;EEVWY;ZAMBIA;IQD;15322778.820492199
675;EEVWY;SWITZERLAND;XPF;729236.643224872
676;EEVWY;HAITI;SGD;1497.67558507646
677;EEVWY;BERMUDA;AWG;9180.363348519204
678;EEVWY;GUYANA;LVL;8248.451618498573
679;EEVWY;IRAN (ISLAMIC REPUBLIC OF);LKR;1680855.4459725446
680;EEVWY;SAUDI ARABIA;BTN;605740.4351290192
681;EEVWY;ICELAND;SGD;467.39540071178106
682;EEVWY;KOREA, REPUBLIC OF;XCD;946.0804779949066
683;EEVWY;SOMALIA;SBD;69368.95358507085
684;EEVWY;MALAWI;DZD;1619770.7799701176
685;EEVWY;CHILE;SGD;5300.49837939812
686;EEVWY;BRAZIL;XCD;26241.45713358883
687;EEVWY;OMAN;RON;56610.18890119795
688;EEVWY;CAYMAN ISLANDS;RWF;7666207.326965875
689;AHHbb;BRUNEI DARUSSALAM;ALL;41007.77088411535
690;AHHbb;COLOMBIA;BOB;7477.803040942291
691;AHHbb;CENTRAL AFRICAN REPUBLIC;GNF;8823787.918429488
692;AHHbb;SYRIAN ARAB REPUBLIC;EGP;98450.39775432943
693;AHHbb;SEYCHELLES;RSD;361587.64192087064
694;AHHbb;URUGUAY;DJF;355565.35641050694
695;AHHbb;EGYPT;KWD;57.76071956941775
696;AHHbb;TUNISIA;HNL;24712.148351660548
697;AHHbb;SOLOMON ISLANDS;UYU;86752.8009521186
698;ABHYc;GUYANA;SEK;19297.608641749317
699;ABHYc;ALBANIA;BMD;942.7805251716105
700;ABHYc;MACAU;MGA;9505377.726395333
701;ABHYc;NETHERLANDS ANTILLES;HTG;240914.22843420648
702;ABHYc;COSTA RICA;SGD;2825.7528943791112
703;ABHYc;POLAND;ETB;136777.19159265357
704;ABHYc;NETHERLANDS ANTILLES;ZWL;169117.54072418442
705;ABHYc;JORDAN;PGK;8153.32560950082
706;CGLWc;BARBADOS;EUR;75.33070218410344
707;CGLWc;BOLIVIA;XPF;16922.24287435676
708;CGLWc;UGANDA;RON;1062.36967256404
709;CGLWc;LATVIA;RUB;15037.920679900195
710;CGLWc;LEBANON;KWD;109.27416242358852
711;CGLWc;SWITZERLAND;BYR;2881712.5979912835
712;CGLWc;TRINIDAD AND TOBAGO;LYD;499.1075264698106
713;CGLWc;HUNGARY;PGK;400.71684311026524
714;CGLWc;GUINEA;HKD;1243.8421151089683
715;CGLWc;ICELAND;MAD;74.3867749032801
716;CGLWc;VENEZUELA;GMD;20184.645401021575
717;CGLWc;NEPAL;SLL;4858736.162943932
718;CGLWc;MOROCCO;PKR;8708.065782950436
719;CGLWc;BELIZE;CLP;43579.94572554277
720;GII13;FIJI;ETB;233534.50045512643
721;GII13;AUSTRALIA;GMD;54777.985084729764
722;GII13;FIJI;VUV;449780.99183777184
723;GII13;URUGUAY;SZL;17283.243989906943
724;GII13;SUDAN;LKR;347676.1570684979
725;GII13;BARBADOS;SYP;2746154.3619031175
726;GII13;ARUBA;LBP;3357915.6696884106
727;GII13;TURKEY;CVE;108714.19202966121
728;GII13;BRUNEI DARUSSALAM;DOP;269731.868664062
729;GII13;URUGUAY;UGX;2275579.76703251
730;GII13;NEPAL;IDR;32844482.606428914
731;GII13;BANGLADESH;BND;266.89126873336414
732;GII13;FIJI;AOA;337714.4609254814
733;GII13;SWAZILAND;ZAR;28232.57185851276
734;GII13;CHILE;TZS;3855874.5083411387
735;ABcc1;SOLOMON ISLANDS;LRD;99137.22838897021
736;ABcc1;BAHRAIN;CHF;1158.8371146310676
737;ABcc1;SYRIAN ARAB REPUBLIC;MAD;51464.00722337198
738;ABcc1;DOMINICA;SYP;2324538.4116856395
739;ABcc1;BULGARIA;GBP;1215.4634179966486
740;ABcc1;MALAYSIA;EGP;121016.83721720046
741;ABcc1;URUGUAY;CVE;452592.2743127487
742;ABcc1;ANGOLA;ALL;569730.2367464815
743;ABcc1;LAO PEOPLE'S DEMOCRATIC REP;CLP;2160224.0640028547
744;ABcc1;MEXICO;LBP;926617.330018452
745;ABcc1;FIJI;CHF;2783.7105536351173
746;EKVVX;TAIWAN, PROVINCE OF CHINA;RON;2021.2587151425294
747;EKVVX;SOMALIA;HKD;3618.256750875448
748;CDJMV;VENEZUELA;WST;69573.38873083075
749;CDJMV;NORWAY;EGP;1124436.9102792523
750;CDJMV;TANZANIA, UNITED REPUBLIC OF;LBP;3799378.3851326015
751;CDJMV;NETHERLANDS ANTILLES;DZD;654517.541636821
752;CDJMV;BANGLADESH;OMR;14960.51462228659
753;CDJMV;AZERBAIJAN;GBP;36209.313462458376
754;CDJMV;BARBADOS;ARS;689841.30186888
755;CDJMV;DJIBOUTI;DJF;6477656.309991739
756;CDJMV;VANUATU;NIO;693002.9635761417
757;CDJMV;BHUTAN;PAB;42388.424197224645
758;AVXac;COLOMBIA;CAD;6540.845007809832
759;AVXac;TANZANIA, UNITED REPUBLIC OF;ZMW;51483.217500490726
760;AVXac;GUYANA;ILS;18493.56844985337
761;AVXac;NICARAGUA;LYD;10532.681282985635
762;AVXac;SINGAPORE;MVR;32807.91347276766
763;AVXac;COSTA RICA;EGP;92370.02733749633
764;AVXac;SWAZILAND;JMD;207165.39422416314
765;AVXac;SEYCHELLES;KYD;778.74385795188
766;AVXac;CAYMAN ISLANDS;UGX;6975524.59938122
767;AVXac;NAMIBIA;SYP;2407245.937205939
768;AVXac;THAILAND;HTG;486056.03316304315
769;AVXac;KOREA, REPUBLIC OF;SGD;4524.673622689718
770;ADGX2;BULGARIA;EUR;-27.65270531439479
771;ADGX2;ZIMBABWE;NGN;11054053.849112043
772;ADGX2;SAMOA;COP;140295447.3584757
773;ADGX2;TURKEY;AWG;12026.315244571842
774;ADGX2;HONG KONG;BGN;25083.402089522366
775;ADGX2;SYRIAN ARAB REPUBLIC;PAB;23599.758907285202
776;ADGX2;THAILAND;RON;81086.39030112918
777;ADGX2;GUATEMALA;LVL;6406.529557319594
778;ADGX2;BHUTAN;MRO;3972163.3618680364
779;ADGX2;GUINEA;NOK;22176.647072368178
780;ADGX2;IRAQ;BOB;56769.36468763366
781;CDDDF;JAMAICA;LVL;4107.748944996851
782;CDDDF;UNITED ARAB EMIRATES;NAD;200470.24082826727
783;CMMY1;VIET NAM;HRK;15308.856813149689
784;CMMY1;TRINIDAD AND TOBAGO;ETB;118845.89741817286
785;CMMY1;UNITED KINGDOM;PEN;2588.4862946003177
786;CMMY1;EGYPT;PGK;1655.7170117125308
787;CMMY1;VENEZUELA;ZMW;19538.21712514965
788;CMMY1;BAHAMAS;NIO;73964.29355618713
789;CMMY1;AZERBAIJAN;KES;250351.69073933354
790;CMMY1;PARAGUAY;DJF;529799.9140939331
791;CMMY1;NIGERIA;MVR;31810.160034089135
792;CMMY1;ALBANIA;KWD;33.275517616462636
793;CMMY1;UNITED ARAB EMIRATES;SAR;10469.233249523828
794;CMMY1;VIET NAM;PEN;983.242021331544
795;CMMY1;SAMOA;SLL;14026945.334879396
796;CMMY1;CHILE;SZL;12099.734399540459
797;CMMY1;IRAQ;AZN;1953.1373332864914
798;GIKN1;ZIMBABWE;DJF;2435505.1071735355
799;GIKN1;PARAGUAY;TWD;221941.8068600841
800;GIKN1;SRI LANKA;LYD;33067.458477873326
801;GIKN1;INDIA;TWD;26337.96222171477
802;GIKN1;TURKEY;ANG;13810.383530040404
803;GIKN1;MACAU;HNL;209057.20871455158
804;GIKN1;CROATIA;BTN;137975.7396048257
805;GIKN1;TURKEY;CAD;10860.263490029482
806;GIKN1;ARGENTINA;CYP;5069.852138316852
807;GIKN1;SAMOA;KZT;5100939.218058028
808;GIKN1;BOLIVIA;IDR;64823954.35659609
809;IILN1;SWITZERLAND;CAD;36106.269017062
810;IILN1;TAIWAN, PROVINCE OF CHINA;TTD;170988.58854932783
811;IILN1;NIGERIA;SGD;4755.776608308035
812;IILN1;COSTA RICA;CZK;844507.7742362178
813;IILN1;SYRIAN ARAB REPUBLIC;YER;1122289.8454411433
814;IILN1;VANUATU;BOB;154891.05360684072
815;IILN1;ALGERIA;SEK;140684.63852516492
816;IILN1;MAURITANIA;NZD;43217.52641855919
817;IILN1;TRINIDAD AND TOBAGO;GNF;35374869.684398085
818;IILN1;BOTSWANA;FJD;111402.9161761527
819;IILN1;LIBYAN ARAB JAMAHIRIYA;JOD;33047.15550094256
820;IILN1;BELARUS;BYR;701455601.8974987
821;IILN1;CANADA;KHR;48591548.06182428
822;IILN1;VANUATU;ARS;6966564.002834877
823;IILN1;MEXICO;BRL;92183.51210546392
824;IILN1;NICARAGUA;ILS;9731.538553963705
825;IILN1;TAIWAN, PROVINCE OF CHINA;CAD;41159.138916576696
826;IILN1;ZIMBABWE;FJD;81815.35602469608
827;IILN1;MALDIVES;LBP;63041963.93545427
828;IILN1;MADAGASCAR;XCD;39740.69464110846
829;BVZa3;SEYCHELLES;TOP;3355.061368194381
830;BVZa3;NIGERIA;ETB;79646.20946146261
831;BVZa3;SOMALIA;SZL;40809.32154536985
832;BVZa3;MACAU;MAD;661.491826606855
833;BVZa3;LEBANON;KYD;1951.295065468128
834;BVZa3;SINGAPORE;CRC;1690251.1427416026
835;BVZa3;LEBANON;CZK;40046.057226665165
836;BVZa3;SAUDI ARABIA;GHS;31745.897845209623
837;BVZa3;HONG KONG;EUR;1089.5991521185358
838;AFNY1;VANUATU;STD;1212482.7859533469
839;AFNY1;CANADA;MOP;12279.869708078219
840;AKYaa;PAKISTAN;MGA;7065382.237971272
841;AKYaa;TUNISIA;BTN;730384.9886007671
842;AKYaa;IRAN (ISLAMIC REPUBLIC OF);TND;27066.40889209095
843;AKYaa;CZECH REPUBLIC;COP;10778263.682924176
844;AKYaa;KENYA;MRO;3135321.1971390364
845;AKYaa;IRAN (ISLAMIC REPUBLIC OF);BYR;195218985.50147843
846;AKYaa;ZIMBABWE;ALL;731261.789952494
847;AKYaa;LEBANON;KWD;1265.593739698472
848;AKYaa;LAO PEOPLE'S DEMOCRATIC REP;TWD;129579.20841449054
849;AKYaa;PANAMA;CAD;12372.198332902874
850;AKYaa;DOMINICA;THB;69258.70357415496
851;AKYaa;TANZANIA, UNITED REPUBLIC OF;GYD;1659228.4435973968
852;GGKXZ;NAMIBIA;TTD;17711.540290707606
853;GGKXZ;CHILE;KYD;1696.5920724166303
854;GGKXZ;ZAMBIA;PGK;47287.86174101024
855;GGKXZ;KENYA;JMD;93224.74942672366
856;GGKXZ;CHILE;PYG;26424396.141451973
857;GGKXZ;MACAU;KZT;6476998.336989817
858;GGKXZ;QATAR;PGK;41672.80404555209
859;GGKXZ;MAURITANIA;PGK;26429.589970637473
860;EMNVY;BELIZE;MUR;45619.03426957924
861;EMNVY;MALDIVES;RWF;4991707.710236747
862;EMNVY;SOLOMON ISLANDS;MXN;77609.93311176737
863;EMNVY;DOMINICA;NIO;16887.699842981852
864;EMNVY;NEPAL;MMK;1680605.4358534254
865;EMNVY;MEXICO;XOF;1555046.870394973
866;EMNVY;ICELAND;MYR;21203.71764448754
867;EMNVY;POLAND;KRW;4924934.249910493
868;EMNVY;DENMARK;AWG;1602.2608710150719
869;EMNVY;GAMBIA;TOP;6341.681391270833
870;EMNVY;TOGO;KHR;5124496.608233925
871;EMNVY;UNITED KINGDOM;ANG;2620.7383529271187
872;EMNVY;VENEZUELA;MRO;1376162.9488098978
873;EMNVY;MAURITANIA;HUF;496125.4297138391
874;EMNVY;MOZAMBIQUE;BHD;1339.8236770108679
875;CLVXb;COLOMBIA;HRK;90806.75670920403
876;CLVXb;MALAWI;DKK;181824.58366955182
877;CLVXb;HONG KONG;HKD;92409.13018400465
878;CLVXb;QATAR;NZD;51095.7710877353
