;Client;Country;Currency;Transaction
0;GIKXY;ARUBA;SZL;243540.4110706621
1;GIKXY;MALAWI;BRL;10482.018194869974
2;GIKXY;ZAMBIA;VES;398282.63591180515
3;GIKXY;CAPE VERDE;KES;471058.1068962794
4;GIKXY;SURINAME;NGN;4841839.80489251
5;GIKXY;LEBANON;COP;87934969.2013917
6;GIKXY;TAIWAN, PROVINCE OF CHINA;BMD;19424.377477279606
7;GIKXY;SAUDI ARABIA;PAB;8040.680013312261
8;GIKXY;BERMUDA;TZS;23444566.213493194
9;BCV23;VENEZUELA;SRD;81606.03717058925
10;BCV23;ANGOLA;BBD;1251.168855242154
11;BCV23;NEW ZEALAND;STD;36401772.04780154
12;BCV23;HAITI;VUV;241950.72245253218
13;BCV23;SIERRA LEONE;UAH;19010.0550126946
14;BCV23;OMAN;SLL;8152422.153702599
15;BCV23;SURINAME;BYR;120448852.11868827
16;BCV23;LEBANON;SLL;61188513.37117699
17;BCV23;VENEZUELA;RWF;2046338.56238357
18;BCV23;KUWAIT;MOP;33142.636072424386
19;BCV23;CROATIA;ARS;181870.88884304307
20;BCV23;THAILAND;CLP;4271806.607860818
21;BCV23;URUGUAY;KRW;5510184.50331935
22;BCV23;PERU;MWK;916417.7793300684
23;BCV23;SUDAN;THB;2648.939886537986
24;BCV23;SWAZILAND;MRO;1046355.7862970722
25;BCV23;FIJI;JOD;2650.4652957042254
26;BCV23;LEBANON;PEN;14858.047955039505
27;BCV23;ZIMBABWE;PLN;21242.808666284676
28;EJJLc;BURUNDI;MUR;668733.9991275907
29;EJJLc;AUSTRALIA;UGX;29731101.048903883
30;EJJLc;LIBERIA;STD;429674749.72659487
31;EJJLc;ICELAND;JOD;458.8548685107314
32;EJJLc;IRAN (ISLAMIC REPUBLIC OF);CYP;8347.070873149509
33;EJJLc;SAO TOME AND PRINCIPE;SGD;10630.997270484095
34;EJJLc;NIGERIA;PYG;178518276.822015
35;EJJLc;KAZAKHSTAN;VND;642945159.4695717
36;EJJLc;MADAGASCAR;PAB;3935.892734655728
37;EJJLc;ARUBA;ARS;6046014.700797351
38;EJJLc;MALAWI;PHP;1435206.4883285302
39;EJJLc;SUDAN;HRK;122368.76758422221
40;EJJLc;GUATEMALA;TND;18986.21022610619
41;EJJLc;BAHRAIN;MMK;10183091.759700695
42;EJJLc;TONGA;HKD;83282.31498973933
43;EJJLc;ZAMBIA;IQD;1021224.852431301
44;EJJLc;KAZAKHSTAN;XCD;66279.54550513512
45;EJJLc;TURKEY;JMD;3399245.7444245354
46;EJJLc;CHINA;THB;664773.9125976568
47;EJJLc;BANGLADESH;UGX;43739323.42357093
48;BGVbc;GUATEMALA;BDT;163955.281517995
49;BGVbc;RWANDA;BRL;8079.569147860607
50;BGVbc;ARUBA;NOK;9474.506972151074
51;BGVbc;UKRAINE;SRD;39101.15886937113
52;BGVbc;MYANMAR;SEK;16649.05132402826
53;BGVbc;BHUTAN;SCR;3348.130967111477
54;BGVbc;HONDURAS;SDG;462362.1244138579
55;BGVbc;NIGERIA;PAB;901.8017573519672
56;BGVbc;VIET NAM;NAD;26776.178255584982
57;BGVbc;LIBERIA;PGK;3892.9938184079188
58;BGVbc;TRINIDAD AND TOBAGO;GNF;18032553.959016368
59;BGVbc;MYANMAR;CZK;33312.9741482686
60;BGVbc;AZERBAIJAN;LAK;7705791.968723349
61;HJZZa;INDIA;SYP;9867829.785956696
62;HJZZa;MADAGASCAR;LVL;14897.90335849156
63;HJZZa;EURO;THB;248385.5108408363
64;HJZZa;SOMALIA;GBP;24003.231173775803
65;HJZZa;SAUDI ARABIA;LVL;10230.579713876772
66;HJZZa;CAMBODIA;BZD;50107.74188718281
67;HJZZa;BANGLADESH;PLN;77543.71374914137
68;HJZZa;MACAU;KHR;112837499.91122413
69;HJZZa;BANGLADESH;EUR;21235.709906390297
70;HJZZa;TURKEY;LBP;24923397.027045313
71;HJZZa;BELARUS;BMD;18140.531672654386
72;HJZZa;VANUATU;PAB;5198.972280313334
73;HJZZa;DOMINICA;ARS;3942401.089895705
74;HJZZa;SWAZILAND;NPR;3002151.215783055
75;HJZZa;UKRAINE;ZMW;471445.2200380536
76;HJZZa;ARGENTINA;GBP;5377.800339805667
77;HJZZa;COLOMBIA;ANG;9858.845208598665
78;HJZZa;PAPUA NEW GUINEA;BRL;105308.8860549527
79;EGHKL;KOREA, REPUBLIC OF;KRW;57072.32319934589
80;EGHKL;LIBERIA;BDT;3031.1066504655073
81;EGHKL;SIERRA LEONE;ZAR;2036.0487881375993
82;EGHKL;SWEDEN;NIO;5242.054617705403
83;EGHKL;BULGARIA;DKK;1015.4828285761876
84;EGHKL;TANZANIA, UNITED REPUBLIC OF;UAH;1309.2723989331316
85;EGHKL;NICARAGUA;RSD;1028.6713289755346
86;EGHKL;CANADA;STD;1640221.8230327945
87;EGHKL;NICARAGUA;SYP;2764.1443557235075
88;EGHKL;JAPAN;RUB;8220.808525071134
89;EGHKL;QATAR;ILS;182.5447362023648
90;EGHKL;EGYPT;MAD;190.00273653806988
91;EGHKL;GHANA;PEN;466.48091197305513
92;EGHKL;DOMINICAN REPUBLIC;BYR;2822787.147332843
93;EGHKL;MEXICO;SOS;68365.88277774339
94;ABLb3;COSTA RICA;SDG;502697.79951063404
95;AACKL;BULGARIA;MMK;328766.4335015758
96;AEFWW;MOZAMBIQUE;NAD;20107.40441476595
97;AEFWW;ALGERIA;BDT;114396.53948385968
98;AEFWW;MALDIVES;SVC;697.2761250753108
99;AEFWW;ARUBA;KRW;2125745.8073681053
100;AEFWW;GUYANA;MOP;13489.098932206372
101;AEFWW;CAYMAN ISLANDS;SGD;1050.4837802332538
102;NYaaa;UKRAINE;SYP;9466449.397853244
103;NYaaa;IRAN (ISLAMIC REPUBLIC OF);MYR;3535.012610173708
104;NYaaa;COLOMBIA;YER;2235552.859078037
105;NYaaa;HONG KONG;PKR;2870494.867389703
106;NYaaa;LEBANON;RON;70340.98572176356
107;BNNVW;POLAND;IDR;65544163.59813397
108;BNNVW;PANAMA;BZD;2424.4657210606965
109;BNNVW;CANADA;GNF;14490154.695770657
110;BNNVW;KOREA, REPUBLIC OF;EUR;2604.3745194964035
111;BNNVW;BRUNEI DARUSSALAM;LVL;1998.2239211467743
112;BNNVW;HUNGARY;XOF;1998240.0203502
113;BNNVW;MADAGASCAR;SDG;1762384.3750370783
114;BNNVW;SOMALIA;HUF;1457784.2105600536
115;BNNVW;CANADA;PHP;11267.287480789748
116;BNNVW;CAMBODIA;DOP;147089.69974121742
117;BNNVW;SIERRA LEONE;HRK;21427.136911153862
118;BNNVW;NEW ZEALAND;LYD;17337.94984846837
119;BNNVW;MACAU;BWP;14294.300242312444
120;BNNVW;ICELAND;DKK;22471.016662851824
121;ENVZ3;SWEDEN;AWG;11377.275407225146
122;ENVZ3;NETHERLANDS ANTILLES;GMD;273551.15953403094
123;ENVZ3;LIBERIA;ALL;1368921.9323814793
124;ENVZ3;BOLIVIA;IRR;169135992.5506481
125;ENVZ3;NETHERLANDS ANTILLES;TWD;352459.1897487577
126;ENVZ3;MALDIVES;BSD;13280.866284582251
127;ENVZ3;JAMAICA;KES;743249.1775158712
128;ENVZ3;BANGLADESH;EGP;117553.11827242476
129;ENVZ3;ISRAEL;QAR;26398.927560230495
130;ENVZ3;LEBANON;BZD;19356.594684170777
131;ENVZ3;JAMAICA;EGP;185620.8173408219
132;ENVZ3;ZIMBABWE;ALL;474781.50286977785
133;ENVZ3;SEYCHELLES;KRW;13106513.605594963
134;ENVZ3;SWAZILAND;QAR;18302.92057754149
135;ENVZ3;BHUTAN;AOA;5248441.340711478
136;ENVZ3;BERMUDA;VUV;888194.5830206631
137;ENVZ3;SIERRA LEONE;HTG;1335904.2062829724
138;ENVZ3;GUYANA;MOP;66924.3299213989
139;EGWa3;BELIZE;DOP;22439.58779407619
140;EGWa3;URUGUAY;DJF;872027.2746298658
141;EGWa3;SUDAN;GMD;106377.80554536464
142;EGWa3;BRAZIL;AUD;11546.169541652824
143;EGWa3;NEPAL;CLP;4838924.871917073
144;EGWa3;GHANA;BZD;16124.646626527116
145;EGWa3;SIERRA LEONE;COP;14702986.766229298
146;EGWa3;ICELAND;TZS;24223177.32598407
147;EGWa3;ARGENTINA;LVL;7050.873942741487
148;EGWa3;HUNGARY;EUR;812.3704970907958
149;EGWa3;PHILIPPINES;DZD;406352.5020570768
150;EGWa3;TAIWAN, PROVINCE OF CHINA;GNF;31517689.14740403
151;EGWa3;TAIWAN, PROVINCE OF CHINA;JOD;1802.7959689435472
152;EGWa3;NORWAY;ILS;38048.29057900557
153;VXYbb;COLOMBIA;NAD;99757.55593576563
154;VXYbb;COSTA RICA;BSD;3582.302617763266
155;VXYbb;SEYCHELLES;HKD;19781.781638827488
156;VXYbb;PERU;WST;8649.201105169986
157;VXYbb;SIERRA LEONE;DKK;21730.273475823815
158;VXYbb;UNITED ARAB EMIRATES;COP;5692847.613832915
159;VXYbb;CHILE;FJD;10316.732418532258
160;VXYbb;GUATEMALA;ETB;22305.3062855824
161;VXYbb;SERBIA;KYD;3291.655445718769
162;VXYbb;KENYA;LKR;49528.56682026194
163;VXYbb;NORWAY;JPY;525929.9750178482
164;VXYbb;ARGENTINA;MWK;7634728.722431364
165;VXYbb;BERMUDA;MVR;161109.4012965336
166;VXYbb;CAMBODIA;SRD;109486.86140631569
167;VXYbb;CAPE VERDE;EUR;7695.117921079267
168;FFXZa;ARUBA;RON;3684.607475779097
169;FFXZa;BULGARIA;KES;31636.33579142996
170;FFXZa;CHINA;YER;702568.8535201288
171;FFXZa;EURO;LVL;1556.5505980555106
172;FFXZa;UNITED KINGDOM;BIF;5758666.462127616
173;FFXZa;SAUDI ARABIA;INR;156703.3831624051
174;FFXZa;SAMOA;IQD;2196738.762803455
175;FFXZa;HUNGARY;PEN;15989.463990867784
176;FFXZa;BARBADOS;LYD;4274.873935271903
177;FFXZa;NEPAL;MZN;129281.66682122422
178;FFXZa;FIJI;CAD;5241.355489282405
179;FFXZa;CAYMAN ISLANDS;THB;22260.588965706207
180;FFXZa;CYPRUS;GMD;34688.76517257424
181;FFXZa;UGANDA;PLN;1513.8022583767715
182;FFXZa;CENTRAL AFRICAN REPUBLIC;VND;100145718.53095615
183;FFXZa;GHANA;IQD;4801972.205656316
184;FFXZa;LEBANON;KZT;1433431.6351799609
185;BCEZa;ZIMBABWE;GBP;2477.5837641391618
186;BCEZa;INDONESIA;SRD;51941.18504464179
187;DEJVc;MALAWI;CNY;16874.25634163998
188;DEJVc;MALAWI;AZN;-63.83695834998225
189;DEJVc;HAITI;ZMW;532805.7947857797
190;DEJVc;BRAZIL;ARS;1479812.0766715992
191;Naa33;POLAND;HKD;17451.73353972362
192;Naa33;IRAQ;RWF;1828510.0414537
193;Naa33;CHINA;RON;13494.238846168362
194;Naa33;CHILE;PEN;4407.891650342056
195;Naa33;DOMINICA;NIO;28372.288011545574
196;Naa33;UKRAINE;NIO;65348.70346518892
197;Naa33;ETHIOPIA;LVL;472.49449238305453
198;Naa33;CAYMAN ISLANDS;SGD;3052.9901328710725
199;ABIbb;ZAMBIA;EGP;19598.347807828464
200;ABIbb;VIET NAM;SYP;141479.8773925403
201;DENW2;GUATEMALA;CAD;9753.453893662694
202;DENW2;THAILAND;PAB;1942.8809514522295
203;DENW2;CAPE VERDE;KZT;2522661.532200207
204;DENW2;QATAR;JOD;4099.878491888062
205;DENW2;KUWAIT;DZD;63285.90745400116
206;DENW2;MAURITIUS;BOB;44671.705887148295
207;DENW2;HAITI;OMR;1030.3872385523969
208;DENW2;SAUDI ARABIA;KYD;4148.455335513629
209;DENW2;OMAN;ZWL;1402128.7537513087
210;DENW2;PERU;IDR;112533797.31940405
211;DENW2;CZECH REPUBLIC;MAD;8022.0727404653935
212;DENW2;MYANMAR;HKD;47959.700802033236
213;DENW2;KUWAIT;EGP;157695.4369240359
214;DENW2;ETHIOPIA;GHS;20160.29322178326
215;DENW2;ETHIOPIA;XOF;3048142.67487833
216;DENW2;LIBERIA;JOD;4723.17953161473
217;DENW2;CAPE VERDE;BTN;35001.039488236696
218;DENW2;ROMANIA;XOF;1775409.4176484307
219;DENW2;RUSSIAN FEDERATION;AOA;2125401.0475780894
220;DENW2;NEW ZEALAND;NGN;2090177.9151180105
221;BDX11;UKRAINE;SYP;1454841.8338248723
222;BDX11;SAUDI ARABIA;KRW;625281.0792679372
223;BDX11;JAPAN;KRW;2802833.3693059287
224;BDX11;TUNISIA;MMK;2471241.2779900483
225;BDX11;SEYCHELLES;MYR;16157.71178570527
226;BDX11;ALBANIA;SOS;2221152.3315221434
227;BDX11;HONDURAS;YER;431306.76025248633
228;BDX11;CZECH REPUBLIC;WST;6051.739879316405
229;BDX11;BANGLADESH;NPR;226121.77724831636
230;BDX11;NAMIBIA;LYD;11920.36109666716
231;BDX11;BRUNEI DARUSSALAM;PAB;51.62530474994166
232;BDX11;LIBERIA;LVL;437.44537467668744
233;ACKW2;AUSTRALIA;RWF;1100063.2800961018
234;ACKW2;SAO TOME AND PRINCIPE;RON;3654.615508632178
235;ACKW2;RUSSIAN FEDERATION;NOK;9800.01235673021
236;ACKW2;HONG KONG;UGX;3734652.9782663537
237;ACKW2;CROATIA;MXN;8379.464927733525
238;ACKW2;CAYMAN ISLANDS;VUV;108120.584704083
239;ACKW2;SIERRA LEONE;VES;19501.212240081077
240;ACKW2;LAO PEOPLE'S DEMOCRATIC REP;XPF;25551.04562745591
241;ACKW2;BELARUS;TWD;2882.0758749217857
242;ACKW2;UGANDA;BZD;1733.623424125026
243;ACKW2;BHUTAN;ISK;136374.51380722385
244;ACKW2;BANGLADESH;VES;21165.712110110497
245;ACKW2;EURO;KRW;648666.2391267347
246;ACKW2;MALAWI;NOK;8520.86003032094
247;ACKW2;SWAZILAND;STD;17605305.0795335
248;ACKW2;BELIZE;CRC;157574.3879284246
249;ACKW2;GUINEA;MVR;16509.67573592575
250;ACKW2;BAHRAIN;TTD;6035.783547387171
251;ACKW2;TUNISIA;BND;1097.1150651810322
252;ACKW2;VANUATU;GHS;9460.70943226797
253;EEJc2;SAMOA;GBP;1439.0647103717708
254;FGHJ1;BARBADOS;KES;5895.40737277181
255;FGHJ1;HUNGARY;BGN;1020.0496713790566
256;FGHJ1;SERBIA;SDG;516693.75514879124
257;FGHJ1;CHINA;BBD;5076.155665273357
258;FGHJ1;PHILIPPINES;MXN;37694.94352456067
259;FGHJ1;LAO PEOPLE'S DEMOCRATIC REP;GYD;200672.95435240032
260;FGHJ1;KOREA, REPUBLIC OF;XAF;1636676.7863210917
261;FGHJ1;ALGERIA;DOP;93795.68828978506
262;FGHJ1;SWEDEN;KHR;1711166.1483736176
263;FGHJ1;BELARUS;GMD;101178.75311008355
264;FGHJ1;LAO PEOPLE'S DEMOCRATIC REP;UAH;70785.52106731746
265;FGHJ1;MAURITIUS;ZMW;39620.645112320846
266;FGHJ1;INDIA;BRL;13200.851651983092
267;FGHJ1;LATVIA;LKR;457594.045501532
268;FGHJ1;GAMBIA;NGN;254129.61848565598
269;FGHJ1;ARUBA;KYD;1854.8734347931236
270;FGHJ1;RWANDA;VND;75322874.2134722
271;CGGI1;CANADA;LRD;597789.385137445
272;CGGI1;SWAZILAND;DKK;8860.818302441245
273;CGGI1;COSTA RICA;QAR;18189.435833757118
274;CGGI1;NEPAL;SDG;1023511.6253743054
275;CGGI1;JORDAN;TND;20988.347134360338
276;CGGI1;DOMINICA;RWF;263304.23905970994
277;CGGI1;EGYPT;INR;607583.6054249235
278;CGGI1;KENYA;SAR;16683.80244446776
279;CGGI1;CHINA;MUR;13030.628874502507
280;CGGI1;MOZAMBIQUE;MUR;265451.53781479906
281;CGGI1;CAMBODIA;CRC;2945465.752007253
282;CGGI1;HUNGARY;BYR;44403625.89466743
283;CGGI1;SYRIAN ARAB REPUBLIC;GBP;880.0721051385161
284;CGGI1;ARUBA;ZAR;64899.14068331559
285;CGGI1;BOTSWANA;BBD;9280.931188635243
286;CGGI1;MACAU;TTD;3106.6605618218573
287;CGGI1;VIET NAM;MGA;10802312.53855639
288;CGGI1;VENEZUELA;CZK;31446.555622446293
289;CGGI1;NAMIBIA;AUD;4651.569642209756
290;AFVac;MACAU;CAD;11687.012222057192
291;AFVac;TOGO;KES;658975.0372342594
292;AFVac;LAO PEOPLE'S DEMOCRATIC REP;ARS;196215.36167391975
293;AFVac;IRAN (ISLAMIC REPUBLIC OF);DJF;514322.1862504276
294;AFVac;SERBIA;UGX;28911698.234176338
295;AFVac;UNITED KINGDOM;ANG;5377.988791485376
296;AFVac;PARAGUAY;SCR;111789.62849260637
297;AFVac;SYRIAN ARAB REPUBLIC;CRC;1973882.7319752967
298;AFVac;BURUNDI;PHP;456195.6267252716
299;AFVac;BURUNDI;JPY;597990.2322223593
300;AFVac;CAPE VERDE;AZN;4661.473434569616
301;AFVac;PHILIPPINES;HTG;1060799.8893791146
302;AFVac;TANZANIA, UNITED REPUBLIC OF;VND;178879354.01718298
303;AFVac;PARAGUAY;EUR;7952.398879809709
304;AFVac;BRUNEI DARUSSALAM;AOA;3691195.3429612876
305;AFVac;SAO TOME AND PRINCIPE;ZAR;53340.12882270836
306;AFVac;LATVIA;MWK;8246991.67597792
307;AFVac;CHILE;PEN;2063.3059317462394
308;AFVac;BRUNEI DARUSSALAM;HTG;944305.8369141154
309;AFVac;ANGOLA;KZT;4009175.1895965743
310;DGNXZ;CAMBODIA;MMK;1491581.7072921998
311;DGNXZ;ARGENTINA;NOK;27049.48699761883
312;DGNXZ;BULGARIA;MMK;4549028.760949442
313;DGNXZ;POLAND;PLN;11110.547799679702
314;DGNXZ;THAILAND;PHP;162291.91767565982
315;DGNXZ;BRUNEI DARUSSALAM;ISK;567182.8255585094
316;DGNXZ;PHILIPPINES;ARS;457021.2461053007
317;DGNXZ;BRUNEI DARUSSALAM;AWG;3275.2620470108045
318;DGNXZ;CHINA;ISK;279920.42007484485
319;DGNXZ;MADAGASCAR;SOS;1723713.1304291387
320;DGNXZ;GUYANA;BSD;2439.137830848969
321;DGNXZ;KENYA;NZD;1442.2332592872735
322;BFJc2;ZAMBIA;KZT;39249.605155296544
323;BFJc2;DOMINICA;AUD;905.8054976501871
324;BFJc2;INDIA;BGN;655.0805868130832
325;BFJc2;OMAN;BMD;119.00055443261735
326;BFJc2;ICELAND;SZL;8300.96704872976
327;BFJc2;CROATIA;BZD;597.0772667728471
328;BFJc2;ZAMBIA;ANG;690.0070790513219
329;BFJc2;GUATEMALA;HRK;-9.028172170659955
330;BFJc2;SOLOMON ISLANDS;KES;36834.516005082725
331;BFJc2;MACAU;SBD;3639.6551610949687
332;DGJWb;ALBANIA;IRR;294364363.23786265
333;DGJWb;OMAN;CVE;201383.44534302718
334;DGJWb;COLOMBIA;QAR;42002.55293696525
335;DGJWb;INDONESIA;ALL;1738813.8233402576
336;DGJWb;LEBANON;BZD;-121.73366024652212
337;DGJWb;MACAU;GTQ;49820.56239842364
338;AEFGa;INDONESIA;DOP;1263413.602274809
339;AEFGa;GHANA;CZK;121771.5995601386
340;AEFGa;HONG KONG;TZS;1329442.4892667893
341;AEFGa;SWAZILAND;BDT;430540.98798419937
342;AEFGa;HUNGARY;TRY;349714.6330455186
343;FHHI1;INDIA;GHS;49174.1727856334
344;FHHI1;SEYCHELLES;BRL;37725.22181708984
345;FHHI1;THAILAND;KHR;14115090.018573444
346;FHHI1;VIET NAM;TOP;6122.397241888476
347;FHHI1;HONG KONG;BWP;69957.93216571261
348;FHHI1;NORWAY;IDR;75742463.43308897
349;FHHI1;GUATEMALA;THB;107361.19669453519
350;FHHI1;POLAND;ANG;1721.5571772260648
351;FHHI1;BAHAMAS;MWK;1561855.8285601689
352;FHHI1;NEW ZEALAND;ZAR;72359.93556248744
353;FHHI1;SAMOA;TRY;80661.03313902525
354;FHHI1;PERU;LBP;5795860.03893999
355;DEVY1;BRUNEI DARUSSALAM;ANG;4809.133566744526
356;DEVY1;MEXICO;VUV;53511.98564462297
357;DEVY1;BELARUS;BMD;5005.029767158278
358;DEVY1;BELARUS;MWK;638297.7293201821
359;DEVY1;GUATEMALA;GHS;52369.57319855747
360;DEVY1;MOZAMBIQUE;ETB;156800.52254446008
361;DEVY1;GHANA;BYR;69096488.10593861
362;DEVY1;MAURITANIA;TWD;112213.89781419373
363;DEVY1;VANUATU;VUV;194155.2839918076
364;DEVY1;YEMEN;QAR;10253.656193086439
365;DEVY1;GUYANA;TND;14020.246860781956
366;DEVY1;SURINAME;MYR;4262.693833122795
367;DEVY1;HAITI;IQD;6372573.045860222
368;DEVY1;COLOMBIA;MWK;2699623.9257718287
369;DJWc2;NEPAL;NZD;9137.808958489102
370;DJWc2;HONDURAS;AED;17811.992742331127
371;DJWc2;ANGOLA;HTG;1247035.4789102443
372;DJWc2;KENYA;YER;370400.8160628052
373;DJWc2;GUINEA;MMK;21616500.318285763
374;DJWc2;BULGARIA;TOP;16768.244637492167
375;DJWc2;PERU;RUB;682544.0045783137
376;DJWc2;BELIZE;SGD;9027.645125348408
377;DJWc2;SWAZILAND;UGX;13756377.702798517
378;DJWc2;TURKEY;HKD;94166.71232878254
379;DJWc2;GUYANA;JPY;605139.4359882486
380;DJWc2;MADAGASCAR;KZT;4726240.430379748
381;DJWc2;HAITI;JMD;1800807.4823476183
382;HZa13;CHILE;LAK;168177168.60347325
383;HZa13;INDONESIA;IDR;167638893.9480858
384;HZa13;PANAMA;CNY;65196.64936920565
385;HZa13;BRAZIL;MUR;202835.59417027116
386;AGKX1;SUDAN;AWG;3205.151165780887
387;AGKX1;SYRIAN ARAB REPUBLIC;KHR;1039574.0138029996
388;AGKX1;ISRAEL;ARS;448873.978315441
389;AGKX1;PHILIPPINES;BYR;13838399.274096938
390;AGKX1;PERU;INR;121909.02430994598
391;AGKX1;TONGA;DKK;14580.872355527761
392;AGKX1;SAMOA;CLP;170325.17573854755
393;AGKX1;MALDIVES;CVE;155355.80438371503
394;AGKX1;EURO;SGD;1241.51810724771
395;AGKX1;BRAZIL;SLL;36184559.387353025
396;AGKX1;AUSTRALIA;VUV;218251.84643290492
397;AGKX1;BAHAMAS;BYR;41896654.463843256
398;AGKX1;SWAZILAND;TOP;4249.047578665482
399;AGKX1;SWITZERLAND;SBD;11620.536563607697
400;AGKX1;BOLIVIA;NZD;2944.187871593974
401;AGKX1;TURKEY;JOD;492.4576267311202
402;AGKX1;IRAQ;SBD;14676.93475528553
403;AGKX1;GUATEMALA;NPR;103500.84986824506
404;AGKX1;ISRAEL;BRL;5367.987103103885
405;IIIX3;GAMBIA;DKK;6417.539648218023
406;IIIX3;BELARUS;DJF;292324.3960731608
407;IIIX3;MOROCCO;PHP;117875.10344699721
408;IIIX3;KAZAKHSTAN;CYP;13.561457778536003
409;IIIX3;VENEZUELA;TZS;2761071.6153392666
410;IIIX3;DOMINICA;XOF;1328622.7480955848
411;IIIX3;SUDAN;NGN;323945.5254282215
412;IIIX3;SERBIA;RUB;26191.8961326217
413;IIIX3;EGYPT;UGX;7358779.469460106
414;IIIX3;HONG KONG;KWD;338.29133590737
415;IIIX3;PAPUA NEW GUINEA;ZAR;4767.527154891493
416;IIIX3;JAMAICA;AZN;930.8086663187868
417;IIIX3;CHILE;CLP;1497307.2756365621
418;IIIX3;UNITED ARAB EMIRATES;BZD;3320.023180112977
419;DELN2;MADAGASCAR;PYG;18365451.573954046
420;DELN2;QATAR;STD;44773670.37227297
421;DELN2;UKRAINE;HNL;70243.28359385955
422;DELN2;NORWAY;GBP;300.7519762456889
423;DELN2;SOLOMON ISLANDS;AZN;1027.6645734106457
424;DGJNZ;GAMBIA;UAH;866800.7482995114
425;DGJNZ;QATAR;NGN;9442660.12148124
426;DGJNZ;SAO TOME AND PRINCIPE;SBD;235605.2549804389
427;DGJNZ;KENYA;SDG;13196861.575968644
428;DGJNZ;ALBANIA;NPR;1809301.5163392099
429;DGJNZ;CZECH REPUBLIC;MOP;142784.23260373855
430;DGJNZ;KAZAKHSTAN;LKR;2281643.2786499416
431;DGJNZ;ALGERIA;UGX;28065712.04457761
432;DGJNZ;MAURITIUS;CLP;17434731.83289736
433;DGJNZ;EGYPT;SVC;136279.51250069414
434;DGJNZ;TRINIDAD AND TOBAGO;GYD;1991382.3999036744
435;DGJNZ;SAO TOME AND PRINCIPE;SGD;28627.613866164174
436;DGJNZ;POLAND;BSD;4251.970862336031
437;DGJNZ;PANAMA;EUR;4472.770450235616
438;DGJNZ;INDIA;LYD;99873.8599357928
439;DGJNZ;LATVIA;ILS;50285.75611886843
440;DGJNZ;OMAN;BDT;1664294.3730236702
441;DGJNZ;ALBANIA;BHD;5859.783032047479
442;DGJNZ;AUSTRALIA;WST;51449.40267868744
443;DGJNZ;KUWAIT;UAH;518683.6153427645
444;DEEEV;KUWAIT;NPR;306639.06815628137
445;DEEEV;GUYANA;ANG;17896.09913507261
446;DEEEV;SOUTH AFRICA;STD;97499336.47065008
447;DEEEV;HONG KONG;CLP;8163766.942065822
448;DEEEV;CAYMAN ISLANDS;BSD;5975.081709403381
449;DEEEV;GUYANA;CVE;1178904.0768255012
450;DEEEV;MACAU;LRD;1663723.8819358083
451;DEEEV;MEXICO;STD;43114096.24045723
452;DEEEV;ARGENTINA;SOS;5356573.670238286
453;DEEEV;CHINA;GNF;29920849.088857457
454;JMVV1;BULGARIA;CRC;15714406.901879672
455;JMVV1;NEPAL;PEN;102056.47542682604
456;JMVV1;CANADA;SGD;109466.94615029084
457;JMVV1;KOREA, REPUBLIC OF;TRY;1177288.4091778032
458;JMVV1;ROMANIA;BOB;348491.7581825942
459;JMVV1;BURUNDI;BWP;612779.1392078937
460;JMVV1;BAHAMAS;XOF;18649364.45310812
461;JMVV1;SYRIAN ARAB REPUBLIC;GTQ;173898.82430798936
462;JMVV1;LAO PEOPLE'S DEMOCRATIC REP;BDT;7707233.742818657
463;JMVV1;SAMOA;XAF;18816938.452541847
464;JMVV1;BHUTAN;EGP;64724.25649556522
465;EIINb;NIGERIA;BOB;53424.99904354023
466;EIINb;CENTRAL AFRICAN REPUBLIC;BBD;4158.1784170972605
467;EIINb;SRI LANKA;PES;922796.8085214867
468;EIINb;MYANMAR;XAF;4671396.41271478
469;EIINb;BRAZIL;BTN;971432.333981113
470;EIINb;SOUTH AFRICA;BRL;48566.55704033459
471;EIINb;AUSTRALIA;PHP;198698.32550940185
472;EIINb;GHANA;LYD;56120.65980008153
473;EIINb;ISRAEL;TZS;10726094.428782934
474;EIINb;EL SALVADOR;MYR;45262.2444780978
475;EIINb;THAILAND;SDG;2841174.844349602
476;EIINb;VIET NAM;AOA;1940833.6580228168
477;EIINb;SWEDEN;BSD;2071.773623719114
478;EIINb;SWAZILAND;CHF;1695.4987093482418
479;EIINb;KENYA;VES;166028.64421998174
480;EIINb;BARBADOS;KZT;4459746.53183475
481;EIINb;KOREA, REPUBLIC OF;PAB;1704.5312652773782
482;EIINb;VANUATU;CYP;1656.4554339354313
483;EIINb;GUYANA;ARS;3025085.139108226
484;AACEG;ICELAND;AUD;3875.555769673036
485;AACEG;GUATEMALA;TWD;110566.51541691941
486;AACEG;SERBIA;EGP;59389.07488248319
487;AACEG;BELIZE;CHF;2389.5355888611234
488;AACEG;LEBANON;ZAR;7086.504718449533
489;AACEG;ALGERIA;BHD;221.6487860445369
490;AACEG;UKRAINE;XPF;413824.8819650376
491;AACEG;YEMEN;LVL;1659.3536748911788
492;AACEG;CHILE;PEN;3586.2531868079627
493;CGGXb;TURKEY;PHP;476187.50208534097
494;CGGXb;CAYMAN ISLANDS;ILS;21434.72381098513
495;CGGXb;DENMARK;LRD;370235.2488431964
496;CGGXb;CHINA;RUB;115356.29594562807
497;CGGXb;SUDAN;HTG;1399618.4592040959
498;CGGXb;BURUNDI;VUV;496877.8091978525
499;CGGXb;TOGO;ZWL;3887361.31246777
500;CGGXb;NIGERIA;LKR;674325.9090434221
501;CGGXb;PAPUA NEW GUINEA;WST;14110.102756168722
502;CGGXb;BERMUDA;JMD;1327049.4341992522
503;CGGXb;GHANA;KZT;5568997.217414943
504;CGGXb;MADAGASCAR;DZD;1500618.5955266336
505;CGGXb;AUSTRALIA;OMR;135.41093854869314
506;CGGXb;JAMAICA;MUR;398899.4320253662
507;CGGXb;UNITED KINGDOM;HNL;174814.0099938105
508;CGGXb;BELARUS;WST;25314.288881421853
509;CEXZ1;BURUNDI;GBP;4550.686175367663
510;CEXZ1;LAO PEOPLE'S DEMOCRATIC REP;BOB;45786.01290244978
511;CEXZ1;ALBANIA;KHR;24463090.494597036
512;CEXZ1;PERU;QAR;8696.296075665054
513;CEXZ1;ETHIOPIA;SDG;3551759.387355612
514;CEXZ1;VIET NAM;TZS;10473940.728318695
515;CEXZ1;PHILIPPINES;SDG;5066166.104078278
516;CEXZ1;HAITI;TTD;47197.683159923385
517;CEXZ1;KUWAIT;GHS;90033.0365082066
518;CEXZ1;CENTRAL AFRICAN REPUBLIC;SGD;5824.501515288505
519;CEXZ1;ALGERIA;GYD;1545271.5312740514
520;BBNVa;PANAMA;ISK;763193.997396542
521;BBNVa;UGANDA;DKK;51086.37363663382
522;BBNVa;HONG KONG;IRR;342568840.5828539
523;BBNVa;ARGENTINA;RWF;1875108.0177262195
524;BBNVa;BAHRAIN;NZD;5606.974706848341
525;DFacc;EURO;INR;196074.86600352687
526;DFacc;MALDIVES;PKR;700305.6657899256
527;DFacc;BELARUS;BGN;2674.2806609070985
528;DFacc;SIERRA LEONE;ZWL;1183371.264423403
529;DFacc;PHILIPPINES;VND;87662782.64699863
530;DFacc;KOREA, REPUBLIC OF;COP;16136911.845126104
531;DFacc;SRI LANKA;UGX;14343436.229043994
532;DFacc;MADAGASCAR;LKR;372201.25534839183
533;DFacc;LIBYAN ARAB JAMAHIRIYA;KZT;425124.55979124754
534;DFacc;BURUNDI;RUB;259221.81673201476
535;DFacc;BURUNDI;ZAR;60566.69436850707
536;DFacc;AZERBAIJAN;RSD;432962.8128475822
537;DFacc;BERMUDA;CLP;1959234.5183089362
538;DFacc;BULGARIA;ILS;12827.810356896087
539;DFacc;EL SALVADOR;SVC;26547.32117952401
540;DFacc;VANUATU;MXN;81309.48503252586
541;BENZ3;NORWAY;HRK;1875.686505407713
542;BENZ3;NICARAGUA;DZD;180096.5537583694
543;BENZ3;VIET NAM;NZD;9.692841688305924
544;BENZ3;GAMBIA;IDR;16239796.265287992
545;BENZ3;LATVIA;NAD;28110.33093344139
546;BENZ3;BURUNDI;SRD;5617.253093475184
547;BENZ3;BHUTAN;BDT;45524.833556170255
548;BBHLY;GUATEMALA;XCD;28674.607893857767
549;BBHLY;COSTA RICA;NIO;427430.36192579626
550;BBHLY;CAYMAN ISLANDS;XPF;1443608.556649673
551;BBHLY;SWAZILAND;EGP;14629.653503543414
552;BBHLY;SWITZERLAND;TWD;114730.0695377703
553;BBHLY;GUINEA;GNF;141770183.62368459
554;BBHLY;DJIBOUTI;BOB;101553.91143782111
555;DKKVY;NEW ZEALAND;VES;61073.33994545177
556;DKKVY;LIBYAN ARAB JAMAHIRIYA;XOF;3579994.9032777236
557;DKKVY;MOZAMBIQUE;RUB;248691.12159300083
558;DKKVY;ARUBA;ANG;11319.433342125943
559;DKKVY;NICARAGUA;BMD;6012.262412887828
560;DKKVY;HUNGARY;KZT;164983.45302745045
561;DKKVY;PAPUA NEW GUINEA;DZD;1373120.7985684862
562;DKKVY;SWAZILAND;TND;14148.796037365024
563;AAAM3;NICARAGUA;XCD;1401.627907747919
564;AAAM3;LIBYAN ARAB JAMAHIRIYA;ETB;149891.7265277616
565;AAAM3;COSTA RICA;BWP;17865.1828280773
566;AAAM3;BOLIVIA;DOP;270873.0874493584
567;AAAM3;SAO TOME AND PRINCIPE;BYR;66291254.28804141
568;AAAM3;SWAZILAND;SEK;15226.83571986283
569;AAAM3;ALGERIA;RUB;267039.51855974837
570;AAAM3;MACAU;XAF;2275786.794679103
571;AAAM3;QATAR;KWD;1343.2660398570017
572;AAAM3;JORDAN;PGK;12290.376728256091
573;AAAM3;SOUTH AFRICA;YER;1156794.7620089808
574;GILXX;SERBIA;VND;233421619.73385438
575;GILXX;SWITZERLAND;TTD;14430.639917806115
576;GILXX;JAMAICA;BYR;107614254.0092574
577;GILXX;KOREA, REPUBLIC OF;ZWL;260168.45251637188
578;GILXX;HUNGARY;DZD;1866938.78419181
579;GILXX;COSTA RICA;SRD;308341.9702714595
580;GILXX;GUYANA;SLL;226547211.50730428
581;GILXX;ZAMBIA;ALL;1492383.1782248286
582;GILXX;UNITED KINGDOM;XAF;6862043.302733048
583;GILXX;IRAN (ISLAMIC REPUBLIC OF);BMD;14750.782087541045
584;GILXX;BAHRAIN;XCD;135.83037260378273
585;GILXX;TONGA;RON;21052.825933264463
586;GILXX;JAMAICA;KYD;9883.122829880798
587;GILXX;SOLOMON ISLANDS;BND;12225.323185240022
588;BEIc2;HONG KONG;PAB;3323.731422608423
589;BEIc2;LATVIA;DOP;66902.81097453137
590;BEIc2;PARAGUAY;BZD;18844.378673929794
591;BEIc2;ETHIOPIA;CAD;6929.565562861905
592;BEIc2;CZECH REPUBLIC;MAD;34516.81522167784
593;BEIc2;CAMBODIA;SRD;243647.26027289045
594;BEIc2;UGANDA;CLP;2457591.20411255
595;BEIc2;BURUNDI;TTD;18749.025378127204
596;BEIc2;RUSSIAN FEDERATION;IDR;123273374.93637083
597;BEIc2;LAO PEOPLE'S DEMOCRATIC REP;LYD;8524.350604240339
598;BEIc2;IRAN (ISLAMIC REPUBLIC OF);COP;13897585.553454936
599;BEIc2;PERU;TND;8949.939897678549
600;BEIc2;LEBANON;KHR;15095062.711886851
601;BEIc2;MALAYSIA;BND;3116.3185088951695
602;BEIc2;UNITED KINGDOM;THB;114666.14290739193
603;BEIc2;SOMALIA;HRK;9321.617776301568
604;BEIc2;VIET NAM;BBD;381.3332678576398
605;HHNYZ;LIBERIA;SRD;-2430.512228834978
606;HHNYZ;NORWAY;STD;87040574.44817832
607;HHNYZ;SWEDEN;LAK;43995856.44640585
608;HHNYZ;PERU;NAD;212989.80910990693
609;HHNYZ;BOLIVIA;RON;21382.355321276875
610;BGNab;INDONESIA;UAH;130833.6015778593
611;BGNab;SINGAPORE;NPR;443430.89325686597
612;BGNab;CAYMAN ISLANDS;ANG;7172.87944200435
613;BGNab;LIBYAN ARAB JAMAHIRIYA;CVE;295875.47089989576
614;BGNab;UNITED KINGDOM;NAD;44601.92572362187
615;BGNab;NIGERIA;CZK;236423.83278443688
616;BGNab;BERMUDA;TZS;5958560.283613336
617;BGNab;MYANMAR;YER;2514700.43641271
618;EMVc1;BERMUDA;MRO;809301.6503018894
619;EMVc1;KOREA, REPUBLIC OF;UGX;13210530.751855059
620;EMVc1;SINGAPORE;SZL;2424.1756427356195
621;EMVc1;CHINA;MAD;6538.284359597635
622;EMVc1;NEPAL;KRW;338951.9374162083
623;EMVc1;DOMINICA;KZT;1448254.9614926782
624;EMVc1;EURO;CRC;1637538.0863696598
625;EMVc1;QATAR;GMD;189657.55133989727
626;EMVc1;ALGERIA;BGN;3118.439169236013
627;EMVc1;ARGENTINA;RUB;117491.4371146341
628;EMVc1;SIERRA LEONE;HTG;246849.5265902747
629;EMVc1;CROATIA;VES;42962.60602997173
630;EMVc1;NORWAY;IDR;49213770.009916894
631;BNZa2;ALBANIA;TWD;483054.38697488874
632;BNZa2;DOMINICAN REPUBLIC;MMK;69486114.1116292
633;BNZa2;KAZAKHSTAN;VND;420237081.82041657
634;ACJJ1;BANGLADESH;MOP;477.43325054455215
635;ACJJ1;CHINA;PYG;5730532.234928193
636;ACJJ1;PANAMA;XPF;87959.58198085616
637;ACJJ1;BHUTAN;CRC;780621.0661037415
638;ACJJ1;GAMBIA;MXN;28689.121831132856
639;ACJJ1;LEBANON;GMD;115950.44936658123
640;ACJJ1;BELIZE;CZK;23941.86102419669
641;EIYc2;ALGERIA;NZD;586.0323056774084
642;EIYc2;FRENCH POLYNESIA;CHF;741.8768820173605
643;EIYc2;BERMUDA;RON;2030.0468683279516
644;EIYc2;DOMINICAN REPUBLIC;MOP;6550.7410844498045
645;EIYc2;UNITED KINGDOM;AZN;798.8078726276317
646;EIYc2;PAKISTAN;GNF;6903483.3433402805
647;EIYc2;QATAR;RSD;43026.71434816319
648;EIYc2;DENMARK;XOF;472604.5044893704
649;EIYc2;BERMUDA;RSD;10560.081328269815
650;EIYc2;KOREA, REPUBLIC OF;BYR;2101240.5560322
651;EIYc2;ARGENTINA;MWK;793035.6926426912
652;BFJMc;PAKISTAN;LRD;1951355.516071259
653;BFJMc;SUDAN;CLP;10708782.734093666
654;IYYYc;AUSTRALIA;TOP;63570.81988840993
655;IYYYc;ARGENTINA;KES;3134893.5122730145
656;IYYYc;MYANMAR;XOF;28877112.04157457
657;IYYYc;SINGAPORE;GTQ;63685.24079838867
658;IYYYc;BELIZE;TZS;68430029.55972858
659;IYYYc;BRAZIL;AWG;52581.503899407166
660;IYYYc;CROATIA;NIO;1181410.8581963286
661;IYYYc;TANZANIA, UNITED REPUBLIC OF;JPY;4013094.1865496356
662;IYYYc;TONGA;MGA;144983225.41991255
663;IYYYc;GAMBIA;PEN;23906.065621621463
664;IYYYc;LAO PEOPLE'S DEMOCRATIC REP;JPY;3204331.154445856
665;IYYYc;ETHIOPIA;SEK;108205.60049978564
666;IYYYc;YEMEN;JMD;6778660.533837385
667;IYYYc;NORWAY;BIF;6171079.832817975
668;IYYYc;SYRIAN ARAB REPUBLIC;SBD;203473.38241893626
669;IYYYc;NEPAL;KZT;6827596.945450376
670;IYYYc;ALBANIA;ARS;3475216.2064222
671;IKKNV;SUDAN;SBD;19557.440312586295
672;IKKNV;LEBANON;KWD;833.8615193497211
673;IKKNV;UNITED ARAB EMIRATES;JMD;530334.5416043175
674;IKKNV;NEPAL;QAR;9051.502269614468
675;IKKNV;BARBADOS;MGA;2771298.4664115324
676;IIIJ2;BELARUS;PKR;2017711.4492698053
677;IIIJ2;SOMALIA;CLP;6275110.3999264985
678;IIIJ2;RUSSIAN FEDERATION;HUF;2733703.12222669
679;IIIJ2;CENTRAL AFRICAN REPUBLIC;CLP;521135.9924997507
680;IIIJ2;LIBERIA;UGX;43409948.849051654
681;IIIJ2;MALAWI;FJD;2474.3499313712787
682;IIIJ2;GUINEA;ZAR;151456.0515006775
683;IIIJ2;AZERBAIJAN;BSD;4575.327972393435
684;IIIJ2;AZERBAIJAN;HKD;57701.427452621865
685;IIIJ2;HAITI;UGX;1978039.5411513685
686;BCGKV;MAURITIUS;MZN;257586.31446049968
687;BCGKV;BRUNEI DARUSSALAM;MUR;207450.83060811448
688;BCGKV;MOZAMBIQUE;BGN;6211.147405689689
689;BCGKV;BERMUDA;VND;37834830.831230916
690;BCGKV;PERU;JOD;1696.8690412174174
691;BCGKV;JAPAN;QAR;11822.406872407531
692;BCGKV;DOMINICAN REPUBLIC;SLL;78558055.24627219
693;AHIYY;RWANDA;YER;2258136.766251908
694;BFZa2;SOLOMON ISLANDS;GYD;35303.38609509806
695;BFZa2;SOUTH AFRICA;NIO;33688.184154600865
696;BFZa2;LATVIA;GYD;516874.2859946404
697;BFZa2;BURUNDI;PYG;13345273.212445596
698;BFZa2;ARGENTINA;ISK;857668.6418151481
699;BFZa2;PARAGUAY;HUF;1475084.0152658073
700;BFZa2;ZAMBIA;UAH;101163.02073002608
701;BFZa2;SURINAME;SOS;313301.8313503591
702;BFZa2;FIJI;MZN;15473.77601017034
703;BFZa2;TOGO;TND;15756.637047049468
704;BFZa2;TANZANIA, UNITED REPUBLIC OF;NZD;760.0221683828056
705;BFZa2;INDONESIA;LYD;6625.498039677312
706;BFZa2;NIGERIA;SOS;404033.44917640864
707;BFZa2;ROMANIA;LRD;832464.2681522649
708;BFZa2;SUDAN;LVL;222.55311493099217
709;BFZa2;LATVIA;BYR;138180694.70894808
710;BFZa2;RWANDA;RON;13842.26233729382
711;BFZa2;LEBANON;SZL;58290.231465068995
712;BFZa2;TANZANIA, UNITED REPUBLIC OF;ETB;311363.92814529483
713;HKVZb;CANADA;PYG;14590706.481002385
714;HKVZb;EURO;ZAR;134292.80252871674
715;HKVZb;MYANMAR;KYD;778.0608143764691
716;HKVZb;DOMINICA;KYD;3593.026119219638
717;HKVZb;UNITED ARAB EMIRATES;NOK;56046.517936364166
718;HKVZb;BAHRAIN;IRR;243427624.00768563
