;Client;Country;Currency;Transaction
0;DFFYb;SIERRA LEONE;BIF;346807.7719395755
1;DFFYb;UNITED ARAB EMIRATES;GMD;5331.106417162518
2;DFFYb;THAILAND;CAD;318.4068154637706
3;DFFYb;SEYCHELLES;LVL;400.8248924469369
4;DFFYb;DJIBOUTI;MOP;-44.348641997684474
5;DFFYb;BELIZE;TND;239.6855193131628
6;DFFYb;ALGERIA;KES;27141.36493261863
7;DFFYb;PHILIPPINES;PKR;99296.0535762722
8;DFFYb;CANADA;VES;2363.2944966043583
9;DFFYb;NICARAGUA;BHD;198.48457196424857
10;DFFYb;JAMAICA;TND;1053.383742362532
11;DFFYb;OMAN;RON;1717.514266604871
12;DFFYb;JAMAICA;QAR;1117.966975430612
13;DFFYb;SIERRA LEONE;PYG;2854913.0527814836
14;DFFYb;KUWAIT;MMK;1356242.621654088
15;DFFYb;BOLIVIA;MGA;2844631.023142728
16;DFFYb;YEMEN;INR;26594.232329126717
17;DFFYb;NEPAL;HRK;2332.831206296044
18;DFFYb;MALAYSIA;JPY;87218.38373702325
19;DFFYb;HONG KONG;STD;923991.4254531576
20;BIIM2;CAMBODIA;MXN;75051.07507910859
21;BIIM2;SUDAN;JMD;1939279.020966214
22;BIIM2;FIJI;CNY;173634.61376494257
23;BIIM2;MACAU;CZK;193356.69759671556
24;BIIM2;CENTRAL AFRICAN REPUBLIC;JMD;3069311.4333374365
25;BIIM2;BOTSWANA;MWK;7702719.853002738
26;BIIM2;BELARUS;PEN;90699.14504299827
27;BIIM2;NIGERIA;MRO;4121207.166149186
28;BIIM2;CHINA;HNL;592766.7434793363
29;BIIM2;BAHRAIN;THB;80069.82684291806
30;BIIM2;ICELAND;BYR;182582553.14284635
31;BIIM2;KAZAKHSTAN;OMR;487.05411844297436
32;BIIM2;ZIMBABWE;RUB;508153.56841058563
33;BIIM2;BARBADOS;PAB;6600.537096451072
34;BIIM2;TANZANIA, UNITED REPUBLIC OF;STD;272663833.9924481
35;HHXZ2;BHUTAN;TOP;3651.436718343786
36;HHXZ2;GAMBIA;BWP;6697.658649542729
37;HHXZ2;UNITED KINGDOM;XOF;1425053.7072506887
38;HHXZ2;BULGARIA;CVE;87103.32340253553
39;HHXZ2;IRAQ;TOP;5264.16198249708
40;HHXZ2;BURUNDI;LAK;15684694.148969745
41;HHXZ2;UNITED KINGDOM;SRD;98768.99819432542
42;HHXZ2;LIBYAN ARAB JAMAHIRIYA;ALL;230755.87470154677
43;HHXZ2;IRAQ;DOP;61994.355879574025
44;HHXZ2;UNITED ARAB EMIRATES;UGX;10699645.712502938
45;HHXZ2;SOUTH AFRICA;TTD;2237.5734068726847
46;HHXZ2;CAPE VERDE;AUD;3300.9686773391145
47;HHXZ2;ISRAEL;MUR;37210.64526475301
48;HHXZ2;ARUBA;VUV;416572.196906019
49;NXWY2;SUDAN;OMR;64.52368048134355
50;NXWY2;OMAN;EGP;24969.544435294512
51;NXWY2;ARUBA;TOP;4245.22481664205
52;NXWY2;ICELAND;LRD;171063.67712609502
53;ABELY;SRI LANKA;MGA;2616912.3783072843
54;ABELY;THAILAND;ANG;8560.707005517008
55;ABELY;SAUDI ARABIA;OMR;1499.4146108677655
56;ABELY;JAMAICA;PAB;7810.285836295383
57;ABELY;MYANMAR;SYP;2848821.6438080263
58;ABELY;NIGERIA;ARS;3184672.8779499256
59;ABELY;QATAR;XAF;8935856.826646479
60;ABELY;VIET NAM;LYD;35254.72136721146
61;ABELY;SWEDEN;GBP;10460.758627769459
62;ABELY;QATAR;COP;60271448.27469502
63;ABELY;SINGAPORE;XPF;1927923.470453487
64;ABELY;NETHERLANDS ANTILLES;XOF;5358933.173706329
65;ABELY;FIJI;QAR;32049.816785088646
66;ELYY1;KAZAKHSTAN;MGA;50879383.08115632
67;ELYY1;ISRAEL;KHR;2446449.6823580647
68;ELYY1;ICELAND;DZD;2309032.112244279
69;ELYY1;DOMINICA;VES;212859.63835488216
70;ELYY1;BERMUDA;GTQ;81704.35876794031
71;ELYY1;ICELAND;JMD;583673.6217262
72;ELYY1;PAKISTAN;BOB;30038.914738745836
73;ELYY1;SWEDEN;ANG;15940.472743687942
74;ELYY1;SWITZERLAND;DKK;128824.6224986167
75;ELYY1;UGANDA;PHP;127786.84070878163
76;ELYY1;GAMBIA;SVC;90973.6183965015
77;ELYY1;YEMEN;DZD;1207829.4880916502
78;ELYY1;PAKISTAN;NGN;3439512.078237848
79;ELYY1;SAO TOME AND PRINCIPE;KES;1807581.3659264464
80;CGLLL;YEMEN;PYG;543129.0784267815
81;CGLLL;SAMOA;ARS;4467.183400789387
82;CGLLL;MACAU;RWF;267326.71429655276
83;CGLLL;CZECH REPUBLIC;FJD;622.8352891122986
84;CGLLL;IRAQ;YER;64388.332529417436
85;CGLLL;SEYCHELLES;SAR;982.1853755489618
86;N3333;NETHERLANDS ANTILLES;THB;60549.96878714311
87;BCNbc;SERBIA;BWP;439584.9930347457
88;BCNbc;MACAU;THB;361199.62535362836
89;BCNbc;EL SALVADOR;BDT;4353780.526332485
90;BCNbc;SINGAPORE;SOS;3200869.133391242
91;BCNbc;JAPAN;SGD;4092.4267680706525
92;BCNbc;CROATIA;DKK;201987.9327384996
93;La133;PANAMA;GMD;2543790.1808618903
94;La133;CAPE VERDE;CZK;716788.3307715574
95;La133;UNITED KINGDOM;NAD;115814.78726171087
96;JJKLc;SAMOA;FJD;4352.000477958012
97;JJKLc;UNITED ARAB EMIRATES;ZAR;17196.23223705307
98;JJKLc;BRAZIL;SYP;144986.1388657656
99;JJKLc;INDONESIA;MZN;17059.990618261985
100;JJKLc;UKRAINE;TOP;4985.176863266736
101;JJKLc;URUGUAY;MMK;2766130.108600177
102;JJKLc;RWANDA;HNL;26061.72597962604
103;JJKLc;FIJI;ILS;1655.822183916456
104;DEG33;CHINA;UYU;267142.1681408952
105;DEG33;BOTSWANA;SGD;7027.950554160569
106;DEG33;CANADA;LYD;31600.082052587284
107;DEG33;ZAMBIA;KYD;6568.534778163824
108;DEG33;RWANDA;STD;115206973.02002534
109;DEG33;SAMOA;ETB;257378.66373543607
110;DEG33;JAPAN;MWK;6859538.9623682285
111;DEG33;TONGA;PGK;5838.6005434478475
112;DEG33;NETHERLANDS ANTILLES;SAR;17882.790346387796
113;DEG33;BOTSWANA;PES;379269.21511097695
114;DEG33;SRI LANKA;KYD;2811.506041017745
115;BLW13;DENMARK;BIF;1772328.3526550091
116;BLW13;RUSSIAN FEDERATION;TZS;869969.7660631486
117;BLW13;JORDAN;OMR;101.39759443017378
118;BLW13;PERU;RSD;670.2305245530151
119;BLW13;BANGLADESH;BBD;474.7767443097172
120;BLW13;UNITED KINGDOM;MAD;3121.441841531369
121;BLW13;TOGO;MYR;5180.116699061555
122;BLW13;PERU;TZS;1386011.9636590155
123;BLW13;LAO PEOPLE'S DEMOCRATIC REP;CVE;110639.07183035163
124;BLW13;BULGARIA;ZMW;2097.3829701020945
125;BLW13;LIBYAN ARAB JAMAHIRIYA;SCR;15344.026515569694
126;BLW13;YEMEN;XAF;232745.5363208191
127;BLW13;BURUNDI;VND;1086594.1634469687
128;BLW13;CAPE VERDE;SEK;11247.658646885631
129;BLW13;BHUTAN;GBP;-6.543940223630522
130;BLW13;CYPRUS;XAF;96215.47605793038
131;BLW13;BURUNDI;IQD;1358849.5989901498
132;BLW13;COSTA RICA;MYR;5176.900899765707
133;JJKN1;HONG KONG;BRL;844.6846490818552
134;JJKN1;INDIA;FJD;317.9220599700626
135;JJKN1;BHUTAN;PES;28360.407400160337
136;JJKN1;GUATEMALA;MGA;439266.3905963832
137;JJKN1;PERU;KYD;33.12629188080807
138;JJKN1;PERU;VND;3369869.0168209192
139;JJKN1;CYPRUS;BHD;36.90733497277508
140;JJKN1;MACAU;MAD;1674.4062988388387
141;JJKN1;LAO PEOPLE'S DEMOCRATIC REP;ANG;106.0547336479261
142;JJKN1;PERU;LAK;1428024.1060995185
143;JJKN1;SIERRA LEONE;LBP;232589.12592707065
144;JJKN1;BELIZE;TZS;428290.16072418186
145;AB133;MOZAMBIQUE;BTN;756031.1576111953
146;AB133;IRAN (ISLAMIC REPUBLIC OF);PGK;19854.84604156036
147;AB133;BARBADOS;IRR;208245583.75523466
148;AB133;NAMIBIA;BMD;1518.6301222701798
149;AB133;ICELAND;SCR;37485.649818441976
150;AB133;UNITED ARAB EMIRATES;BND;11037.011920024199
151;AB133;KOREA, REPUBLIC OF;MMK;16920308.999495417
152;AB133;TOGO;SLL;105181893.6440295
153;AB133;BAHAMAS;TZS;14999394.532214899
154;AB133;SAMOA;BSD;5624.626315358178
155;AB133;BRUNEI DARUSSALAM;TZS;6787966.491074558
156;AB133;AZERBAIJAN;CZK;188066.13275534488
157;AB133;SOLOMON ISLANDS;QAR;15988.156920272095
158;AB133;SOUTH AFRICA;VUV;715254.4716200709
159;AB133;BANGLADESH;VND;34977140.2633621
160;AB133;PARAGUAY;TRY;4559.869117724424
161;LMMWb;SOMALIA;LRD;837213.5633438875
162;LMMWb;TUNISIA;TZS;6307977.55059273
163;LMMWb;NETHERLANDS ANTILLES;MWK;5943861.138172398
164;LMMWb;CYPRUS;RWF;1205181.2081850902
165;LMMWb;SINGAPORE;VND;89990274.93770939
166;LMMWb;ROMANIA;MXN;52405.5267575807
167;LMMWb;YEMEN;ETB;135544.93633138033
168;LMMWb;TUNISIA;GTQ;60519.220489468324
169;LMMWb;VANUATU;AUD;6959.494815415884
170;DXbb1;SEYCHELLES;SYP;7981138.937466356
171;DXbb1;DOMINICA;SCR;187167.24092454478
172;DXbb1;ANGOLA;NAD;234048.38159775105
173;DXbb1;CROATIA;ILS;27738.13266021802
174;DXbb1;TONGA;ARS;1314223.670635486
175;DXbb1;SAMOA;CAD;2027.9634956617556
176;DXbb1;IRAN (ISLAMIC REPUBLIC OF);TOP;29706.332558766655
177;DMNXX;SRI LANKA;LVL;584.9542003749805
178;DMNXX;TUNISIA;STD;3492854.5514782225
179;DMNXX;TAIWAN, PROVINCE OF CHINA;MOP;2815.450152499081
180;CGNb2;CYPRUS;CZK;6448.444723809073
181;CGNb2;INDONESIA;IRR;17273782.128664985
182;CGNb2;YEMEN;CHF;994.8572565569885
183;CGNb2;IRAN (ISLAMIC REPUBLIC OF);PEN;2214.470738562631
184;CGNb2;KUWAIT;GMD;16958.05431823637
185;CGNb2;ZAMBIA;XAF;1117.1347110616061
186;CGNb2;BRUNEI DARUSSALAM;SAR;1306.1542325782161
187;CGNb2;NORWAY;GHS;15213.555229187994
188;CGNb2;PANAMA;MMK;1390185.2812133124
189;CGNb2;TURKEY;PGK;613.1296985647904
190;CGNb2;QATAR;MAD;3065.990994502762
191;CGNb2;TUNISIA;XPF;34036.71848050064
192;CGNb2;COLOMBIA;HUF;101795.95917408189
193;CGNb2;MALAWI;BDT;19889.67183902426
194;ELNVZ;MOZAMBIQUE;CZK;114621.0292084996
195;ELNVZ;MADAGASCAR;MRO;12114775.910560658
196;ELNVZ;MEXICO;CYP;8837.271990842217
197;ELNVZ;ALGERIA;GNF;157923903.27770513
198;ELNVZ;MAURITIUS;KYD;12316.020316185142
199;FLMN3;BRAZIL;CZK;118720.64346233655
200;AX113;COSTA RICA;ALL;497516.7932197891
201;AX113;AUSTRALIA;AZN;4904.632110398504
202;AACW3;CAPE VERDE;MMK;2863370.4526430815
203;AACW3;BAHAMAS;BWP;6486.506381148157
204;AACW3;MOZAMBIQUE;UGX;47358639.703184955
205;AACW3;SUDAN;CYP;8603.601487661268
206;AACW3;CHILE;STD;121368918.47997446
207;AACW3;GUINEA;JOD;12204.590617175894
208;AACW3;NEPAL;MAD;90202.20200110038
209;AACW3;BERMUDA;LKR;7339377.753653432
210;AACW3;FIJI;ARS;91172.6354849833
211;AACW3;NORWAY;RWF;1800844.7816558976
212;AACW3;GUINEA;LBP;9348784.787606088
213;WW333;PAPUA NEW GUINEA;GNF;212938790.86214283
214;WW333;TOGO;GMD;884513.6091570508
215;WW333;PAKISTAN;BIF;13571204.376889512
216;WW333;BAHRAIN;CZK;104424.7569233419
217;WW333;ARUBA;EGP;148408.9475626951
218;WW333;IRAN (ISLAMIC REPUBLIC OF);CHF;27088.12341932513
219;WW333;FIJI;RSD;62481.89972953779
220;WW333;SAO TOME AND PRINCIPE;DJF;7749093.191681225
221;WW333;ARGENTINA;BHD;12972.978205140975
222;WW333;SAMOA;AUD;64347.4803865436
223;WW333;TANZANIA, UNITED REPUBLIC OF;JOD;10115.395586099738
224;WW333;ROMANIA;AWG;19654.363093868127
225;FFIXc;MAURITIUS;LVL;3698.92815011519
226;FFIXc;SOMALIA;MWK;4046047.4676895654
227;CDEH1;PERU;LKR;695743.8227898439
228;CDEH1;GHANA;MMK;8336920.128401361
229;CDEH1;SAMOA;PLN;9361.064585668322
230;CDEH1;GHANA;STD;28541026.955194347
231;CDEH1;GUYANA;BIF;4405288.508372994
232;CDEH1;ISRAEL;GHS;32430.722603699985
233;CDEH1;OMAN;HKD;12596.393929140151
234;CDEH1;VANUATU;HRK;2135.4667999421467
235;CDEH1;SRI LANKA;PHP;9954.467043442497
236;CDEH1;SOLOMON ISLANDS;MMK;1387957.4881100415
237;CDEH1;IRAQ;MMK;1523917.2660919747
238;CDEH1;TURKEY;GYD;700310.7265394642
239;CDEH1;CZECH REPUBLIC;HNL;9669.912238385814
240;CDEH1;ETHIOPIA;MAD;7715.437346921797
241;CDEH1;LATVIA;SEK;25123.103655514897
242;CDEH1;CZECH REPUBLIC;BBD;7437.067885547278
243;CDEH1;MYANMAR;LVL;2409.1469441113213
244;CDEH1;CAPE VERDE;AUD;5747.884369344647
245;BIXYb;NETHERLANDS ANTILLES;SVC;8884.498779964704
246;EHJLc;ALGERIA;LYD;2487.8745754923084
247;EHJLc;DOMINICAN REPUBLIC;LKR;101325.87914377465
248;EHJLc;CANADA;BRL;20075.93564017286
249;EHJLc;PANAMA;BIF;4126652.699039761
250;EHJLc;HONDURAS;AZN;6822.2505075610625
251;EHJLc;OMAN;RSD;384219.1850577098
252;EHJLc;SOLOMON ISLANDS;ISK;713634.3623587164
253;EHJLc;TRINIDAD AND TOBAGO;RON;8683.290127904536
254;EHJLc;GUATEMALA;MRO;1864947.377720209
255;HMYYb;BRUNEI DARUSSALAM;CNY;39166.20254376111
256;HMYYb;CENTRAL AFRICAN REPUBLIC;HTG;586280.5570159794
257;HMYYb;DENMARK;TZS;4761304.457008524
258;HMYYb;NORWAY;LYD;15908.961674761169
259;HMYYb;CROATIA;RWF;926934.2602728732
260;HMYYb;TONGA;ZWL;1052160.3408072223
261;HMYYb;PAKISTAN;AED;25140.344866830023
262;HMYYb;COLOMBIA;CNY;39105.0921568134
263;HMYYb;INDIA;BZD;9519.532176049344
264;HMYYb;ANGOLA;SBD;44794.14684416259
265;HMYYb;PERU;XOF;3508844.5155915217
266;HMYYb;NAMIBIA;XPF;432631.23836227506
267;HMYYb;IRAQ;NPR;61311.08576091001
268;HMYYb;LIBERIA;TRY;96701.6232533134
269;HMYYb;AZERBAIJAN;DOP;383514.12275680975
270;BDKNW;IRAN (ISLAMIC REPUBLIC OF);HKD;7272.525398304471
271;BDKNW;YEMEN;RWF;1414321.0694813433
272;BDKNW;ETHIOPIA;BTN;1912.814751725128
273;BDKNW;FIJI;BOB;4030.548990020425
274;BDKNW;JAPAN;NZD;2034.1245113158939
275;BDKNW;LATVIA;IDR;5276108.9382550465
276;GVX23;TAIWAN, PROVINCE OF CHINA;CNY;1090.5258264876363
277;GVX23;ARGENTINA;EGP;1042.2497815350364
278;GVX23;CHINA;ISK;4751.832149098964
279;GVX23;HONDURAS;SRD;2414.3572257192072
280;GVX23;SERBIA;ARS;23554.389200038982
281;GVX23;COLOMBIA;JOD;114.41602456230298
282;GVX23;EL SALVADOR;PAB;124.83755069494833
283;GVX23;VIET NAM;PYG;295679.90414664213
284;GVX23;VIET NAM;LBP;114615.22034521347
285;GVX23;MALAYSIA;MZN;8946.736530161204
286;GVX23;KAZAKHSTAN;MZN;2945.205815450264
287;GVX23;SAMOA;KHR;507733.5721937887
288;GVX23;INDONESIA;GTQ;1144.5428863872346
289;GVX23;PARAGUAY;SRD;794.5651215800236
290;GVX23;SWITZERLAND;BBD;76.75402259108334
291;GVX23;POLAND;CLP;88667.95504921062
292;GVX23;HUNGARY;TWD;946.6682065847986
293;GVX23;EL SALVADOR;TRY;315.81970763762223
294;GVX23;NAMIBIA;PES;11055.448083878022
295;CHL22;VANUATU;HUF;18739.451772858225
296;CHL22;CAYMAN ISLANDS;PEN;1364.1934451536517
297;CHL22;IRAN (ISLAMIC REPUBLIC OF);IQD;190514.02516780133
298;CHL22;DOMINICAN REPUBLIC;SAR;1515.158039072265
299;CHL22;KOREA, REPUBLIC OF;VES;8637.14382356559
300;CHL22;CHILE;MVR;6069.623355109505
301;CHL22;COLOMBIA;WST;468.47302374782
302;CHL22;CYPRUS;MAD;2211.8286597488577
303;CHL22;MAURITANIA;SZL;361.3821392221334
304;CHL22;DOMINICA;DZD;16846.462549275955
305;CHL22;ARGENTINA;XAF;94157.5585186442
306;CHL22;INDONESIA;TTD;351.50619058348633
307;CHL22;MOZAMBIQUE;SEK;613.6166355624748
308;CHL22;ETHIOPIA;DKK;371.12259478203185
309;CHL22;CANADA;GNF;381604.41060586425
310;CHL22;SYRIAN ARAB REPUBLIC;KZT;113702.94352703562
311;CHL22;CYPRUS;BYR;1651480.1068787184
312;CHL22;GUYANA;JPY;46036.112944807435
313;CHL22;DOMINICA;JMD;33435.13042904539
314;DIIYb;CAMBODIA;SAR;17883.876821665777
315;DIIYb;SUDAN;LVL;3268.8181909368495
316;DIIYb;GUYANA;CYP;2733.134745428877
317;DIIYb;DENMARK;HUF;2784099.775440448
318;DIIYb;ARGENTINA;WST;18805.162991473146
319;DIIYb;VIET NAM;EGP;118525.77152552204
320;DIIYb;TRINIDAD AND TOBAGO;XOF;644367.1590068872
321;DIIYb;ARGENTINA;XCD;10830.716103500978
322;DIIYb;BOLIVIA;IDR;13112493.836370537
323;DIIYb;CHINA;YER;1005984.0058231978
324;DIIYb;INDIA;ZWL;1296701.0649755348
325;DIIYb;SWEDEN;SEK;122105.25463209297
326;DIIYb;KOREA, REPUBLIC OF;BYR;62002874.44131495
327;DIIYb;LIBYAN ARAB JAMAHIRIYA;SAR;28943.700867467483
328;DIIYb;GUATEMALA;BSD;3354.3709486040225
329;DIIYb;BHUTAN;QAR;23577.579509353913
330;LWYZb;EL SALVADOR;BTN;1031425.4350637124
331;LWYZb;DJIBOUTI;KYD;718.8210452266397
332;EINWZ;ZAMBIA;BZD;2838.330809316747
333;EINWZ;TURKEY;MYR;24252.937587011904
334;EINWZ;CENTRAL AFRICAN REPUBLIC;MZN;526603.0333500345
335;EINWZ;NEPAL;JPY;780394.9857290015
336;EINWZ;PHILIPPINES;BOB;57595.143105676776
337;EINWZ;POLAND;DOP;357426.1105091634
338;EINWZ;SRI LANKA;JOD;3391.170484144285
339;EINWZ;RWANDA;RSD;415674.7757002421
340;EINWZ;KENYA;BYR;143477217.87199166
341;EINWZ;TRINIDAD AND TOBAGO;BTN;196311.12104182472
342;EINWZ;GUYANA;SVC;92374.40048576803
343;EINWZ;ARUBA;MAD;110811.49539386047
344;EINWZ;KUWAIT;STD;26757466.17968225
345;EINWZ;GUATEMALA;HKD;62177.58050707834
346;EINWZ;URUGUAY;MAD;17201.531532843976
347;EINWZ;RWANDA;LYD;1813.8342005907045
348;EINWZ;PAPUA NEW GUINEA;STD;220806597.70052972
349;EINWZ;BRUNEI DARUSSALAM;YER;2164209.7830522046
350;EGGLZ;BRUNEI DARUSSALAM;MXN;13396.287322273318
351;EGGLZ;NORWAY;HKD;3854.800971563509
352;EGGV2;LIBYAN ARAB JAMAHIRIYA;SCR;519592.36934665823
353;EGGV2;EL SALVADOR;IQD;58168428.068901956
354;EGGV2;COLOMBIA;VND;684982943.8588047
355;EGGV2;CROATIA;IQD;27223724.29407402
356;EGGV2;QATAR;DOP;1348729.6838063402
357;DXXWW;SIERRA LEONE;PLN;3729.304043027104
358;DXXWW;BAHAMAS;UAH;27073.709526173567
359;IJKac;SIERRA LEONE;BYR;51184985.22372097
360;IJKac;UNITED ARAB EMIRATES;CZK;76763.14303816129
361;IJKac;MACAU;ZAR;7117.33785148117
362;IJKac;ZIMBABWE;BSD;5017.727092583299
363;IJKac;TOGO;XAF;-3346.640656522239
364;IJKac;UNITED ARAB EMIRATES;LBP;9106939.725766564
365;IJKac;JORDAN;BOB;12186.339925185755
366;IJKac;ZAMBIA;BBD;8618.666618709725
367;VVac1;PERU;SBD;239.1793165662934
368;VVac1;NAMIBIA;ZWL;610116.2421550367
369;VVac1;KUWAIT;PYG;12761571.47958477
370;VVac1;UNITED ARAB EMIRATES;MRO;1350341.798806929
371;VVac1;MAURITIUS;CYP;2160.844368029787
372;VVac1;URUGUAY;AWG;3616.1673562792143
373;VVac1;ARUBA;GTQ;1312.8077948305206
374;VVac1;COSTA RICA;HTG;536743.9806554916
375;VVac1;SWITZERLAND;KES;6616.530631922301
376;VVac1;CHILE;AOA;1622806.7461104875
377;VVac1;PERU;DJF;94581.17185623728
378;VVac1;ZAMBIA;AOA;1826038.3766906958
379;VVac1;BERMUDA;LBP;3169719.511451426
380;VVac1;CHINA;TRY;3884.9462265819716
381;VVac1;TUNISIA;LBP;5300335.218985523
382;VVac1;JORDAN;JPY;423844.63789252227
383;VVac1;COLOMBIA;VND;75753014.71003209
384;VVac1;TURKEY;NAD;46242.450630093175
385;VVac1;UGANDA;KZT;1654088.9428188752
386;HIMa2;LIBERIA;GNF;192414685.26343185
387;HIMa2;BHUTAN;SVC;259268.23944145493
388;HIMa2;VANUATU;SDG;7502993.756175739
389;HIMa2;INDIA;CVE;2376708.8528606803
390;HIMa2;ETHIOPIA;STD;338697396.9236015
391;HIMa2;BOTSWANA;AZN;20916.833050889687
392;HIMa2;BELARUS;ANG;27170.67685087702
393;HIMa2;ALGERIA;CVE;1639662.9421332988
394;HIMa2;BHUTAN;XCD;82143.34308806741
395;HIMa2;UGANDA;BHD;2981.6575007192464
396;HIMa2;DJIBOUTI;PLN;118490.02005081765
397;HIMa2;MOZAMBIQUE;SLL;117418038.40912728
398;HIMa2;KUWAIT;RSD;1286178.1735014871
399;HIMa2;ARUBA;STD;226054465.3698369
400;HIMa2;DOMINICAN REPUBLIC;STD;460734356.1277938
401;DLb12;SERBIA;PAB;4995.616532543979
402;DJJMY;HAITI;KZT;1862980.8171173427
403;DJJMY;VIET NAM;CZK;46104.094778394
404;DJJMY;PAPUA NEW GUINEA;BHD;926.6154514714372
405;DJJMY;TUNISIA;SYP;1845733.1378505572
406;DJJMY;BHUTAN;TWD;79995.0207372504
407;DJJMY;NETHERLANDS ANTILLES;BGN;5461.590835448669
408;DJJMY;CHILE;RSD;145236.84133221375
409;DJJMY;DENMARK;CZK;47567.25541553933
410;DJJMY;CAMBODIA;HTG;386667.793681883
411;DJJMY;GUINEA;RWF;1182066.329198448
412;DJJMY;KOREA, REPUBLIC OF;TND;5966.555601281548
413;DJJMY;BULGARIA;CVE;312109.3922257547
414;DJJMY;ANGOLA;MOP;914.9444680946034
415;DJJMY;AUSTRALIA;AWG;2396.1720501433297
416;DJJMY;DENMARK;MUR;60671.50648504783
417;DJJMY;SOLOMON ISLANDS;RWF;2066023.8253753579
418;DJJMY;NAMIBIA;AZN;872.3394874173429
419;DJJMY;KUWAIT;CYP;245.76248139146298
420;DJJMY;MALAWI;PGK;6505.575279073101
421;HJJLb;GUYANA;SOS;410385.259414854
422;HJJLb;GUINEA;CHF;965.5875628875516
423;HJJLb;SAO TOME AND PRINCIPE;PES;44216.729683734724
424;HJJLb;URUGUAY;LVL;889.9165424015272
425;HJJLb;GUYANA;LKR;438026.6472756491
426;HJJLb;TANZANIA, UNITED REPUBLIC OF;HNL;15105.0754426013
427;HJJLb;JAMAICA;IDR;5293073.790122662
428;JLNb1;CANADA;SEK;20726.643743001812
429;JLNb1;HAITI;LBP;5555054.665180462
430;JLNb1;CENTRAL AFRICAN REPUBLIC;SVC;8542.161324695173
431;JLNb1;NIGERIA;TOP;216.76922518938423
432;JLNb1;JAPAN;BWP;46401.81620210312
433;JLNb1;BOTSWANA;DZD;419110.97649024834
434;JLNb1;BARBADOS;SEK;84670.72598138281
435;JLNb1;EGYPT;TWD;153689.79088886123
436;JLNb1;COLOMBIA;CNY;4805.9260413264055
437;JLNb1;SOUTH AFRICA;NAD;53682.69769663308
438;JLNb1;MACAU;ILS;6933.157251745934
439;JLNb1;CHINA;QAR;15794.605116388744
440;JLNb1;RWANDA;GMD;74354.25726751956
441;JLNb1;EURO;GBP;3778.6029247860624
442;JLNb1;GUYANA;CLP;3284952.6641823463
443;JLNb1;ALGERIA;PHP;215646.45203579785
444;JLNb1;URUGUAY;HNL;37126.2552605171
445;JLNb1;IRAQ;KYD;3435.039282668177
446;JLNb1;ALGERIA;CYP;2328.553105475736
447;FFV11;COLOMBIA;AZN;11797.366539597584
448;DIaab;TONGA;QAR;13720.90784169665
449;DIaab;BHUTAN;VES;102890.59606008459
450;DIaab;BOLIVIA;MUR;227980.4085098583
451;DIaab;SUDAN;SOS;950787.3235762144
452;DIaab;MALAWI;QAR;7614.584814684345
453;DIaab;LATVIA;BGN;4165.9887359388795
454;DIaab;BULGARIA;RSD;481264.329509128
455;DIaab;CAMBODIA;NZD;8747.545880657986
456;DIaab;SAUDI ARABIA;NGN;1786556.744877235
457;DIaab;THAILAND;IQD;1793570.1249854206
458;HMNX3;AZERBAIJAN;BMD;35427.77306212755
459;HMNX3;BRAZIL;BYR;914392267.6507401
460;HMNX3;SWITZERLAND;KRW;47790193.63059481
461;HMNX3;ROMANIA;EUR;25678.93490345279
462;HMNX3;GAMBIA;AOA;9816896.66684469
463;HMNX3;MAURITIUS;PEN;19447.986602263354
464;HMNX3;ANGOLA;WST;93161.78030538937
465;HMNX3;UKRAINE;RUB;28373.12123330514
466;HMNX3;CAMBODIA;RUB;537094.318346081
467;HMNX3;BOLIVIA;JMD;3884254.0354169323
468;HMNX3;SIERRA LEONE;MWK;1337503.583057211
469;HMNX3;VENEZUELA;SVC;204159.51890903278
470;HMNX3;JAPAN;LRD;3797256.558330704
471;HMNX3;NIGERIA;JMD;1726520.8341590753
472;HMNX3;TURKEY;UAH;1209217.5049995107
473;HMNX3;MAURITIUS;NIO;134620.90541491628
474;HMNX3;VIET NAM;HKD;261968.04785331438
475;HMNX3;MALAWI;JOD;22652.19987441802
476;HMNX3;BANGLADESH;SRD;413435.0697346418
477;DFIIZ;TANZANIA, UNITED REPUBLIC OF;NOK;173076.62233720554
478;DFIIZ;MACAU;MVR;331151.17031623895
479;DFIIZ;UNITED KINGDOM;PLN;5885.266604794189
480;DFIIZ;LAO PEOPLE'S DEMOCRATIC REP;XPF;2194596.7400792907
481;DFIIZ;BRUNEI DARUSSALAM;SEK;108370.38554735661
482;DFIIZ;BRAZIL;NIO;382937.3900115667
483;DFIIZ;BAHRAIN;ARS;2889767.3513193727
484;DFIIZ;JAPAN;DOP;839068.5995696419
485;DFIIZ;ICELAND;AWG;3519.091891099706
486;DFIIZ;BERMUDA;PAB;11875.773957200556
487;DFIIZ;SAUDI ARABIA;DJF;259064.09241463616
488;DFIIZ;SINGAPORE;XPF;537979.9604198033
489;DFIIZ;RWANDA;IDR;244760470.54583347
490;DFIIZ;CAPE VERDE;QAR;45731.25577106411
491;DFIIZ;DENMARK;MXN;143577.4536626937
492;DFIIZ;NIGERIA;SBD;67127.66214635983
493;DFIIZ;MALDIVES;NZD;5116.8537931642895
494;EKMab;RWANDA;AED;9148.959906313024
495;EKMab;NEPAL;AWG;-27.154610253034782
496;EKMab;KENYA;KZT;1042748.5452323556
497;EKMab;ROMANIA;XCD;8172.912418249047
498;EKMab;POLAND;XPF;333208.5465051252
499;EKMab;BULGARIA;OMR;1258.206042292302
500;EKMab;SAO TOME AND PRINCIPE;CZK;69684.50162482886
501;JVa12;BANGLADESH;BHD;1282.4840924700097
502;JVa12;BELIZE;MWK;149169.2089867798
503;JVa12;SWITZERLAND;BZD;1166.1437334984591
504;JVa12;ETHIOPIA;MWK;3135389.305243037
505;JVa12;TONGA;MXN;104295.18468449208
506;JVa12;CAPE VERDE;MYR;9236.017503155028
507;JVa12;LATVIA;TOP;9380.15149571816
508;JVa12;THAILAND;SVC;21684.19483392131
509;JVa12;SRI LANKA;HTG;195012.03091943392
510;JVa12;ZIMBABWE;VES;118974.28265717518
511;JVa12;MALAYSIA;BIF;-9087.803259270571
512;JVa12;KAZAKHSTAN;BND;2052.6393461531798
513;KMN33;TAIWAN, PROVINCE OF CHINA;TRY;35589.169990065086
514;KMN33;NEPAL;BRL;4812.6119887106115
515;KMN33;VANUATU;CZK;19032.860773324734
516;KMN33;NAMIBIA;NGN;751373.3671257496
517;KMN33;KENYA;JMD;114256.09496053499
518;KMN33;BURUNDI;TOP;2495.5707659218415
519;KMN33;CENTRAL AFRICAN REPUBLIC;SDG;222895.493639824
520;KMN33;ETHIOPIA;NZD;925.6067835119987
521;KMN33;RWANDA;IQD;882951.6203751776
522;NYY12;AUSTRALIA;TRY;31947.629601179255
523;NYY12;CYPRUS;TRY;36910.27277207914
524;NYY12;TOGO;PLN;17590.55152737373
525;NYY12;ARGENTINA;ISK;295629.3273312327
526;NYY12;EL SALVADOR;CNY;26988.024470799122
527;NYY12;SIERRA LEONE;UAH;11479.99109235525
528;NYY12;BANGLADESH;LYD;25826.584328022192
529;NYY12;CZECH REPUBLIC;INR;215928.38192742027
530;NYY12;ETHIOPIA;THB;142026.12651638535
531;NYY12;UKRAINE;RSD;445499.7326949133
532;NYY12;MALDIVES;VND;64935629.6899181
533;NYY12;CHINA;CHF;4703.300045393527
534;NYY12;QATAR;NPR;524071.69435808924
535;NYY12;TANZANIA, UNITED REPUBLIC OF;TND;11126.330269153059
536;NYY12;KOREA, REPUBLIC OF;KHR;15094557.68253097
537;FGHc2;DOMINICAN REPUBLIC;MAD;277935.044370663
538;FGHc2;MACAU;BND;8372.494169890402
539;FGHc2;UNITED KINGDOM;TZS;27946911.615184654
540;FGHc2;GUYANA;THB;629773.8995585192
541;FGHc2;SAO TOME AND PRINCIPE;BTN;1244859.6328814426
542;FGHc2;QATAR;QAR;56344.3224583775
543;FGHc2;SOMALIA;KZT;7821044.07865288
544;FGHc2;KAZAKHSTAN;ISK;3904254.651470019
545;FGHc2;PAPUA NEW GUINEA;FJD;2205.2157201499053
546;FGHc2;LATVIA;EUR;10971.476217143561
547;FGHc2;SRI LANKA;RSD;1681039.4900310957
548;FGHc2;KENYA;BRL;63516.03180378013
549;BEIV1;PAKISTAN;BMD;789.3228728999678
550;BEIV1;UGANDA;KHR;4788246.23039754
551;BEIV1;LIBYAN ARAB JAMAHIRIYA;XPF;5558.767191589567
552;BEIV1;GUINEA;DJF;119499.39623964325
553;BEIV1;LIBERIA;TND;1845.2143482930767
554;BEIV1;MALAWI;COP;5288657.185253592
555;BEIV1;SUDAN;ANG;360.8013585541603
556;AAJX1;POLAND;LRD;1257146.6929803065
557;AAJX1;CENTRAL AFRICAN REPUBLIC;HRK;133459.29731632734
558;AAJX1;SAO TOME AND PRINCIPE;ALL;2200770.933516673
559;AAJX1;TANZANIA, UNITED REPUBLIC OF;KES;2652000.1559858816
560;AAJX1;BULGARIA;NIO;350928.53281994374
561;AAJX1;JORDAN;SYP;7939400.346067573
562;HHWb2;BARBADOS;AED;1768.9165272424457
563;HHWb2;PERU;CNY;2001.4095346880476
564;HHWb2;RUSSIAN FEDERATION;TOP;2134.5450741367104
565;HHWb2;YEMEN;DOP;107783.47011989463
566;HHWb2;NIGERIA;SVC;9848.28625355133
567;HHWb2;MOZAMBIQUE;EUR;1168.073082472032
568;HHWb2;GHANA;SCR;8377.482331114099
569;BDEaa;ANGOLA;PHP;153941.08250366332
570;CGII1;ARGENTINA;DKK;174302.32215804947
571;CGII1;BERMUDA;BOB;12668.87019128692
572;EFXWc;SOMALIA;BIF;134149.75612575698
573;EFXWc;TUNISIA;SCR;4005.1749487547104
574;EFXWc;SOUTH AFRICA;TWD;1540.0662202564208
575;EFXWc;INDONESIA;AZN;432.2341486959177
576;EFXWc;COLOMBIA;BDT;23886.06276477617
577;EFXWc;NEPAL;BND;639.9278032119992
578;ALLZ2;MALAYSIA;LYD;37439.51113509145
579;ALLZ2;UGANDA;TWD;703377.8177786291
580;ALLZ2;CROATIA;LKR;5749237.071749271
581;ALLZ2;GUYANA;BOB;39970.8282086963
582;ALLZ2;MACAU;MUR;717760.9017840831
583;ALLZ2;ICELAND;SCR;86671.22393493752
584;ALLZ2;THAILAND;BND;8655.76814844441
585;ALLZ2;TONGA;ANG;29945.648264401043
586;ALLZ2;COLOMBIA;MAD;86774.40397631004
587;ALLZ2;BELARUS;IRR;779157730.0982596
588;ABMMN;RUSSIAN FEDERATION;TOP;8449.542806224908
589;ABMMN;SAMOA;SLL;39716764.273961954
590;KNXX3;MALDIVES;TWD;17329.1461476354
591;KNXX3;MAURITIUS;MRO;149433.4764700847
592;KNXX3;PANAMA;NGN;556901.8241933625
593;KNXX3;TOGO;LRD;229816.37068199727
594;KNXX3;OMAN;YER;451271.10061301163
595;KNXX3;ALBANIA;XPF;182287.67961318445
596;KNXX3;TURKEY;AWG;3897.4987682015353
597;KNXX3;GUINEA;AED;2249.9580622407857
598;KNXX3;BELIZE;CAD;1301.7990238463362
599;KNXX3;SEYCHELLES;MRO;671275.7157913588
600;KNXX3;YEMEN;XOF;416605.1931421515
601;KNXX3;BURUNDI;CAD;2593.6058268332145
602;KNXX3;UGANDA;ZMW;10311.49779052084
603;KNXX3;SERBIA;SBD;4381.378787819064
604;KNXX3;LIBYAN ARAB JAMAHIRIYA;VUV;93963.16405654972
605;KNXX3;PERU;VUV;7065.317842025941
606;KNXX3;CENTRAL AFRICAN REPUBLIC;GMD;-577.7677112712518
607;KNXX3;SOUTH AFRICA;MZN;17604.152764360253
608;EXWb1;EL SALVADOR;MRO;894647.6458823782
609;EXWb1;FRENCH POLYNESIA;KES;13341.874005351881
610;EXWb1;MADAGASCAR;JPY;39239.462672489375
611;EXWb1;TRINIDAD AND TOBAGO;NZD;815.4298997288014
612;EXWb1;POLAND;MRO;1044161.4331909738
613;EXWb1;OMAN;CZK;10394.988774842448
614;EXWb1;ALBANIA;PGK;320.86837262163624
615;EXWb1;LIBERIA;BSD;524.647438532314
616;EXWb1;LEBANON;KWD;755.4779844679578
617;EXWb1;SEYCHELLES;BZD;4071.1089592581407
618;EXWb1;DJIBOUTI;CHF;374.9095676521859
619;NVVWY;UNITED KINGDOM;GYD;741071.3389406208
620;NVVWY;INDIA;CLP;10182800.303087184
621;NVVWY;SRI LANKA;BHD;3572.9591549303846
622;NVVWY;SAUDI ARABIA;YER;4632444.469718362
623;NVVWY;SAO TOME AND PRINCIPE;MWK;18804646.611207597
624;NVVWY;ZAMBIA;LRD;1428167.0531208995
625;NVVWY;BURUNDI;IRR;484088636.0331274
626;NVVWY;BAHAMAS;GNF;82467202.71811174
627;NVVWY;MADAGASCAR;NPR;914472.7286743277
628;NVVWY;OMAN;PES;2558360.494455275
629;NVVWY;SRI LANKA;ILS;62199.13651236901
630;BCGNX;SOLOMON ISLANDS;DJF;22438.506641133252
631;BCGNX;TURKEY;KYD;1408.6511872470626
632;BCGNX;MALDIVES;KWD;861.0780896950212
633;BCGNX;ISRAEL;PLN;8290.362520236851
634;BCGNX;SIERRA LEONE;BTN;185585.5183719014
635;BCGNX;QATAR;MVR;17288.095270547932
636;BCGNX;TRINIDAD AND TOBAGO;AOA;1533078.4385163104
637;BCGNX;CZECH REPUBLIC;EUR;1636.5230926343468
638;BCGNX;VENEZUELA;MYR;6219.249946905763
639;BCGNX;CHINA;EGP;60335.96522574067
640;BCGNX;MOROCCO;ZWL;1470593.6819721372
641;BCGNX;ISRAEL;AUD;812.2803032883046
642;BCGNX;LATVIA;GMD;238175.7563531301
643;BCGNX;BELIZE;YER;310727.5307096795
644;BCGNX;SYRIAN ARAB REPUBLIC;RWF;3527891.927850254
645;BCGNX;CYPRUS;LVL;1631.378486078819
646;BCGNX;EL SALVADOR;ZAR;39816.509663317775
647;BCGNX;SAO TOME AND PRINCIPE;MOP;28139.034183752115
648;BCGNX;DJIBOUTI;IRR;122396108.92245395
649;BCacc;CANADA;MWK;19883845.897937834
650;BCacc;HUNGARY;GYD;2563112.194770714
651;BCacc;UNITED ARAB EMIRATES;BDT;535751.3532303815
652;BCacc;MEXICO;JPY;1249987.2158927724
653;BCacc;SWAZILAND;SEK;185021.1054255341
654;BCacc;ZAMBIA;GTQ;-834.6043075945674
655;FKWW3;FRENCH POLYNESIA;BWP;104818.39001558334
656;FKWW3;JAMAICA;SEK;82868.19806254386
657;FKWW3;BRAZIL;EGP;119890.67786881211
658;FKWW3;BAHRAIN;BTN;500634.40206173796
659;AEKKa;HONG KONG;BOB;25379.103482713042
660;AEKKa;PERU;AED;7548.144287876935
661;AMVVb;JAPAN;NOK;306945.8031254762
662;AMVVb;BERMUDA;RUB;950577.8031523023
663;AMVVb;TUNISIA;SCR;224984.21038778056
664;AMVVb;NETHERLANDS ANTILLES;PEN;45475.82216172251
665;INXa3;ICELAND;GBP;13406.158764561698
666;INXa3;NETHERLANDS ANTILLES;CVE;330599.87168525497
667;INXa3;SIERRA LEONE;ARS;4262169.338009866
668;INXa3;BHUTAN;IQD;19546813.634843327
669;INXa3;MALDIVES;CYP;11205.597782495925
670;INXa3;TURKEY;OMR;4557.163092192998
671;INXa3;JAMAICA;SVC;208095.26599003858
672;INXa3;RUSSIAN FEDERATION;AZN;3204.1959100945596
673;ALccc;CHINA;XAF;726083.8972567256
674;ALccc;UKRAINE;QAR;2942.2380044041633
675;ALccc;LIBYAN ARAB JAMAHIRIYA;LAK;19266081.4391799
676;ALccc;SWAZILAND;PLN;912.9116219155575
677;ALccc;ARUBA;VND;4798734.470155326
678;ALccc;TUNISIA;CNY;7478.024793185206
679;ALccc;ZAMBIA;VUV;17851.85294989255
680;ALccc;ALGERIA;NIO;39191.11496589432
681;ALccc;MADAGASCAR;PHP;30183.59335755213
682;ALccc;YEMEN;DKK;3649.578090554987
683;ALccc;SRI LANKA;GMD;24538.17063107143
684;ALccc;GAMBIA;TRY;144.38706214617534
685;ALccc;OMAN;HTG;105523.36388323197
686;ALccc;JAMAICA;DKK;544.6212242173425
687;EWc22;THAILAND;BYR;74260650.02365749
688;EWc22;ROMANIA;COP;9191824.26409995
689;EWc22;TUNISIA;LRD;836795.9387804352
690;EWc22;MALDIVES;IRR;264545817.24324122
691;EWc22;BANGLADESH;KYD;5615.443178177673
692;EWc22;SUDAN;DKK;53748.672082429606
693;EWc22;CANADA;SZL;139934.6437289301
694;EWc22;NORWAY;RUB;177337.59548226232
695;EWc22;CAMBODIA;TND;25182.039882896635
696;EWc22;PARAGUAY;BIF;9000063.499596551
697;EWc22;EGYPT;ARS;794346.189690475
698;EWc22;KUWAIT;DJF;1223506.41978131
699;EWc22;NAMIBIA;GHS;100577.79596930006
700;CFc12;ETHIOPIA;BZD;14302.00903033652
701;CFc12;ETHIOPIA;XOF;51238667.73371446
702;CFc12;BELIZE;AWG;156279.77283516218
703;CFc12;SAMOA;TOP;4778.3700342518705
704;CFc12;NICARAGUA;JMD;15052795.544718517
705;CFc12;JAPAN;BHD;52364.260971440075
706;CFc12;TAIWAN, PROVINCE OF CHINA;BWP;1153707.7365910332
707;CFc12;SURINAME;BGN;139814.60064965836
708;CFc12;LAO PEOPLE'S DEMOCRATIC REP;HKD;628800.297286379
709;CFc12;CAYMAN ISLANDS;KYD;60986.68951769485
710;CFc12;FRENCH POLYNESIA;TRY;1854758.842192397
711;CFc12;LIBERIA;MRO;15400724.328553129
712;CFc12;LATVIA;THB;3227527.3510725503
713;CFc12;SWITZERLAND;LBP;51804933.04150293
714;CFc12;BARBADOS;MAD;1137573.4456621096
715;CFc12;INDONESIA;NPR;2788368.267301974
716;FFIb2;VENEZUELA;TTD;14814.11799144794
717;FFIb2;SERBIA;BND;2486.4562659567828
718;FFIb2;DENMARK;DJF;117693.50807327298
719;FFIb2;AUSTRALIA;HTG;312382.92376325553
720;FFIb2;BAHRAIN;INR;2594.8255232169763
721;FFIb2;PAKISTAN;NPR;369365.54678435496
722;FFIb2;UNITED ARAB EMIRATES;LRD;184585.99399973705
723;FFIb2;DOMINICAN REPUBLIC;JOD;495.31845366018985
724;FFIb2;KOREA, REPUBLIC OF;GNF;15566483.692709219
725;FFIb2;VANUATU;INR;146674.51900823382
726;FFIb2;MEXICO;ARS;393171.9091243471
727;FFIb2;LIBYAN ARAB JAMAHIRIYA;INR;261916.8731733754
728;FFIb2;LAO PEOPLE'S DEMOCRATIC REP;JOD;1341.0236973393623
729;FFIb2;RWANDA;VUV;6570.547398845275
730;FFIb2;NEPAL;TND;6116.596298864278
731;FFIb2;KAZAKHSTAN;HUF;922554.0750659946
732;AJLa2;QATAR;JPY;2755177.2893270515
733;AJLa2;MADAGASCAR;HKD;92477.44060522971
734;AJLa2;COLOMBIA;NOK;380721.16722777707
735;AJLa2;TRINIDAD AND TOBAGO;SGD;3873.161310042223
736;AJLa2;GAMBIA;TWD;24654.99274889015
737;AJLa2;HUNGARY;SCR;271044.34479674016
738;AJLa2;BOTSWANA;XCD;88967.17824566325
739;AJLa2;THAILAND;DZD;3647697.6988778766
740;AJLa2;HAITI;GHS;243399.63454113746
741;AJLa2;LAO PEOPLE'S DEMOCRATIC REP;BBD;49625.84957813995
742;AJLa2;EGYPT;MXN;354174.8527416355
743;AJLa2;ZAMBIA;NGN;15462586.866900515
744;AJLa2;SERBIA;HKD;57818.476238073454
745;AJLa2;ANGOLA;BOB;269909.6935815495
746;AJLa2;SOLOMON ISLANDS;EGP;203217.01673743266
747;AJLa2;UKRAINE;DJF;1048718.3641058512
748;AJLa2;URUGUAY;SGD;33567.39802036593
749;AJLa2;PARAGUAY;GHS;102659.97337193634
750;AJLa2;BERMUDA;STD;610790037.0076473
751;ANVWc;ARUBA;SGD;785.9428782778683
752;ANVWc;URUGUAY;JPY;139654.29130677786
753;ANVWc;BRAZIL;CLP;15215.926365957697
754;ANVWc;PERU;AED;2596.901695578431
755;ANVWc;BERMUDA;ZAR;67234.49808985314
756;ANVWc;COLOMBIA;IRR;67384283.24295525
757;ANVWc;SYRIAN ARAB REPUBLIC;BGN;4941.753868008381
758;ANVWc;TOGO;BOB;26559.207752397837
759;ANVWc;VIET NAM;AWG;2382.8837050183793
760;ANVWc;HONG KONG;UYU;5017.775867981845
761;ANVWc;EGYPT;PES;114303.16940352839
762;EJVXZ;ARUBA;AED;30958.947709132433
763;EJVXZ;BARBADOS;BZD;14164.919078555582
764;EJVXZ;MADAGASCAR;LAK;136009745.43304896
765;EJVXZ;ZIMBABWE;PGK;28806.263384265425
766;EJVXZ;CHILE;SOS;3752476.827471262
767;EJVXZ;INDIA;AWG;20091.25630303907
768;EJVXZ;TRINIDAD AND TOBAGO;DKK;16800.011455176005
769;ACIYY;BAHAMAS;YER;1037152.8647960878
770;ACIYY;INDONESIA;AUD;30696.80391339512
771;ACIYY;TANZANIA, UNITED REPUBLIC OF;TTD;85887.54004459221
772;ACIYY;GAMBIA;SOS;15009241.625218688
773;ACIYY;PERU;HNL;89325.71996119639
774;ACIYY;FRENCH POLYNESIA;THB;227970.2690730069
775;ACIYY;PERU;OMR;10192.033842843312
776;ACIYY;EURO;TOP;58883.350355114526
777;ACIYY;BULGARIA;XOF;16369649.719809104
778;ACIYY;MALAYSIA;XPF;1110963.8075583444
779;ACIYY;TURKEY;SCR;159971.82890161563
780;ACIYY;GHANA;BHD;1976.6142393073856
781;ACIYY;ZIMBABWE;SVC;228016.5804451445
782;ACIYY;CHILE;GBP;20874.521504017343
783;ACIYY;AZERBAIJAN;XCD;7.424227012536892
784;CCJN2;PANAMA;KYD;4389.985173209148
785;CCJN2;MEXICO;EGP;202036.28123730165
786;CCJN2;SOUTH AFRICA;UAH;34308.2817254695
787;CCJN2;PHILIPPINES;EGP;328241.5396717079
788;CCJN2;NETHERLANDS ANTILLES;BHD;7358.524161190941
789;CCJN2;DOMINICA;LBP;25571013.53563196
790;CCJN2;SRI LANKA;SVC;86695.86213698128
791;CCJN2;ARGENTINA;BBD;9998.35188522414
792;CCJN2;PHILIPPINES;TWD;262052.66967845196
793;CCJN2;ARGENTINA;QAR;25724.013863125256
794;CCJN2;SAO TOME AND PRINCIPE;BYR;366903607.35556704
795;CCJN2;ZIMBABWE;AWG;29966.328440941237
796;CCJN2;LATVIA;BND;6454.1703601329455
797;CCJN2;TONGA;BND;28654.448144586466
798;CCJN2;KENYA;EUR;1549.5498773087202
799;CCFa1;ZAMBIA;PES;2020016.263025092
800;CCFa1;PANAMA;JPY;1064807.4637072394
801;CCFa1;SERBIA;PHP;180686.5530490779
802;CCFa1;CANADA;LVL;6401.649666776883
803;CCFa1;PERU;ETB;56869.82997520066
804;CCFa1;MADAGASCAR;UAH;65330.11250617958
805;CCFa1;MOROCCO;GMD;827669.1998877104
806;CCFa1;SIERRA LEONE;HUF;576327.5717161614
807;CCFa1;POLAND;SOS;4031260.2175991368
808;CCFa1;NEPAL;DJF;846925.4843809312
809;CCFa1;NEW ZEALAND;SLL;11032549.524522737
810;BJVYc;BARBADOS;GHS;118954.21177586107
811;BJVYc;MACAU;LAK;212286699.13304663
812;BJVYc;TOGO;ARS;3062667.3152515325
813;BJVYc;NICARAGUA;AZN;29688.266501087783
814;BJVYc;BAHRAIN;NOK;71856.0092042488
815;BJVYc;SOMALIA;HTG;777457.1317458119
816;BJVYc;BRAZIL;NAD;21195.966819602385
817;BJVYc;SURINAME;UYU;363742.3393905419
818;BJVYc;PARAGUAY;EGP;107641.76840164274
819;BJVYc;SWEDEN;SVC;125990.87265845688
820;GGKLV;CENTRAL AFRICAN REPUBLIC;GMD;72911.01142415593
821;GGKLV;BARBADOS;MVR;136389.87103604642
822;GGKLV;LIBERIA;HTG;729585.1074470553
823;GGKLV;TAIWAN, PROVINCE OF CHINA;MXN;185284.85471981927
824;GGKLV;MALAYSIA;ZMW;328.08428909270094
825;GGKLV;CAPE VERDE;ISK;420250.9097167334
826;GGKLV;SOUTH AFRICA;BMD;5070.281236620332
827;GGKLV;VIET NAM;SRD;258513.61079812984
828;GGKLV;NEPAL;SYP;2915163.725169529
829;GGKLV;ZAMBIA;ZMW;61961.061454364375
830;IIJMa;MYANMAR;MZN;449435.190506866
831;IIJMa;ARUBA;HNL;71517.93458895638
832;IIJMa;CAYMAN ISLANDS;PHP;203129.20637504457
833;IIJMa;INDONESIA;SBD;16364.49068525342
834;IIJMa;SERBIA;SDG;531796.204141742
835;IIJMa;TRINIDAD AND TOBAGO;DKK;66083.88823438909
836;IIJMa;COSTA RICA;RON;38687.5181183773
837;IIJMa;BULGARIA;TND;11597.996225295741
838;IIJMa;TOGO;ISK;1311780.8984280857
839;IIJMa;VIET NAM;HKD;55314.45560783727
840;IIJMa;IRAQ;SLL;11202738.396917572
841;IIJMa;LIBERIA;JPY;740090.1014587133
842;IIJMa;SYRIAN ARAB REPUBLIC;IQD;11842246.04022237
843;IIJMa;NEPAL;CYP;4107.490309124707
844;IIJMa;DJIBOUTI;KRW;9194506.907658199
845;IIJMa;NICARAGUA;CNY;20764.577773210327
846;IIJMa;MADAGASCAR;MOP;39291.789050969855
847;IIJMa;ISRAEL;PES;1474043.9189874465
848;DEHIV;MAURITANIA;MXN;14591.510969846957
849;DEHIV;BARBADOS;NIO;50965.66721315824
850;DEHIV;IRAN (ISLAMIC REPUBLIC OF);SBD;2460.142147326325
851;DEHIV;MAURITANIA;NIO;60586.500295581434
852;DEHIV;GHANA;AWG;2966.9328441855287
853;DEHIV;EGYPT;SBD;14109.065763571996
854;DEHIV;GUATEMALA;XOF;424361.1717086322
855;DEHIV;BELIZE;CLP;1577488.9311024502
856;DEHIV;LATVIA;ANG;3529.938636005051
857;DEHIV;NEPAL;XAF;1348901.610330649
858;DEHIV;ALGERIA;MOP;12661.145709947654
859;DEHIV;CENTRAL AFRICAN REPUBLIC;GBP;1071.2958272000953
860;DEHIV;PERU;RSD;192610.47678047282
861;ALM11;DJIBOUTI;HNL;556465.6851413545
862;ALM11;HONG KONG;TTD;355913.5708824676
863;ALM11;ARUBA;VND;371924161.52151936
864;ALM11;LIBERIA;MXN;672522.4662759474
865;ALM11;MADAGASCAR;UGX;46745866.11527991
866;ALM11;ALGERIA;BTN;2120397.589593364
867;ALM11;LEBANON;WST;58451.336901501505
868;ALM11;LAO PEOPLE'S DEMOCRATIC REP;PES;6346982.520090153
869;ALM11;BOTSWANA;MOP;444272.2389993832
870;AGGIX;SWAZILAND;YER;1447438.562586396
871;AGGIX;RWANDA;CHF;-37.759725334169055
872;AGGIX;GHANA;BRL;15080.827530185712
873;AGGIX;CANADA;PLN;34993.05137956535
874;AGGIX;UNITED ARAB EMIRATES;DZD;442740.09248610825
875;AGGIX;INDIA;LKR;395147.2613265528
876;CKNWZ;NEPAL;NZD;4935.738262347584
877;CKNWZ;SEYCHELLES;AZN;3866.44449671668
878;CKNWZ;DOMINICA;STD;110186846.71663767
879;CKNWZ;KAZAKHSTAN;BIF;5255658.199937841
880;CKNWZ;EURO;ARS;1524253.6018648786
881;CKNWZ;SAUDI ARABIA;BSD;2234.5685080357243
882;CKNWZ;SWITZERLAND;CVE;617532.2206153054
883;CKNWZ;ICELAND;ISK;256538.30558168536
884;CKNWZ;NEPAL;TZS;2171234.096979402
885;CKNWZ;CZECH REPUBLIC;QAR;13157.69462288553
886;DEEG3;GHANA;RON;4146.969293421548
887;DEEG3;PHILIPPINES;JPY;175729.57858770574
888;DEEG3;HUNGARY;VND;14083750.287469389
889;DEEG3;IRAQ;RWF;1194783.3889374677
890;DEEG3;BELARUS;HRK;2428.179588178086
891;DEEG3;DOMINICA;SRD;3156.840201199176
892;DEEG3;HUNGARY;AOA;721345.0344333817
893;DEEG3;EURO;GHS;22521.913471439577
894;DEEG3;SURINAME;ANG;2671.3395717424237
895;DEEG3;EURO;PAB;797.8460398981246
896;DEEG3;CYPRUS;TND;1422.8032358612575
897;DEEG3;DOMINICA;TND;2377.6110387664444
898;DEEG3;CAMBODIA;YER;380512.1745025362
899;DEEG3;ANGOLA;MZN;28097.980589351602
900;DEEG3;UGANDA;AUD;2624.077830989722
901;DEEG3;CYPRUS;QAR;1458.2536588564049
902;DEEG3;PHILIPPINES;BSD;89.23401670628894
903;DEEG3;ISRAEL;ZMW;21666.24726377808
904;DEEG3;SUDAN;TZS;1534265.2358448019
905;DEEG3;MACAU;MWK;1172372.5651447028
906;CHKXW;LAO PEOPLE'S DEMOCRATIC REP;KRW;7176598.792736695
907;CHKXW;PERU;SLL;97781380.82283068
908;CHKXW;TAIWAN, PROVINCE OF CHINA;TWD;1710.6439312974335
909;CHKXW;SAMOA;GMD;332933.7555386576
910;CHKXW;BANGLADESH;IDR;29398448.72132454
911;CHKXW;NEPAL;XAF;2381600.9367709113
912;CHKXW;JAMAICA;ZWL;2693231.539185637
913;CHKXW;BOTSWANA;KYD;2046.5954836360188
914;CHKXW;SRI LANKA;KZT;2037664.9593467393
915;LLVa2;KOREA, REPUBLIC OF;PLN;10877.998526857677
916;LLVa2;CAMBODIA;RSD;1666410.9572819981
917;LLVa2;ETHIOPIA;CVE;335505.9270052182
918;DDNYa;LAO PEOPLE'S DEMOCRATIC REP;GMD;74055.77715476457
919;DDNYa;MYANMAR;CLP;705874.1980612943
920;DDNYa;SIERRA LEONE;DKK;16483.60297666865
921;DDNYa;NEPAL;AOA;241226.6633929807
922;DDNYa;UNITED KINGDOM;GTQ;6816.770262188218
923;DDNYa;BANGLADESH;ZMW;39246.16641925397
924;DDNYa;PERU;CZK;51887.11964829629
925;DDNYa;ARGENTINA;MWK;1351330.2727581246
926;DDNYa;JAPAN;XOF;1561445.3707979
927;DDNYa;TRINIDAD AND TOBAGO;JPY;344933.9198042137
928;DDNYa;INDONESIA;UGX;9220381.255454095
929;DDNYa;SIERRA LEONE;RUB;165590.13901420237
930;MVXWb;MALDIVES;NPR;1209348.0573973986
931;MVXWb;IRAN (ISLAMIC REPUBLIC OF);ILS;8026.106849805776
932;MVXWb;HONDURAS;SLL;1799005.1429830599
933;MVXWb;YEMEN;VES;181963.24567895517
934;MVXWb;SUDAN;ETB;41101.92487579692
935;MVXWb;BRUNEI DARUSSALAM;SDG;4016364.4356394378
936;MVXWb;CHINA;PKR;1019619.8305321912
937;MVXWb;VIET NAM;AZN;10576.775346658767
938;MVXWb;VANUATU;MWK;11967492.881702933
939;MVXWb;CAYMAN ISLANDS;COP;29518272.64117255
940;MVXWb;MALAWI;HTG;958026.1515737489
941;MVXWb;PAKISTAN;KWD;3410.1758933503866
942;CEKab;SWITZERLAND;JPY;786884.0582299622
943;CEKab;BULGARIA;QAR;11309.966157666799
944;CEKab;SYRIAN ARAB REPUBLIC;EUR;3481.116870581225
945;CEKab;RWANDA;GMD;358147.7120641872
946;CEKab;LIBERIA;PLN;28740.053513232877
947;CEKab;NORWAY;RON;1641.5887671217006
948;CEKab;CANADA;DJF;1060460.8688761345
949;CEKab;ISRAEL;CVE;728368.3127378498
950;IKMNa;SWAZILAND;AWG;13734.919028193237
951;IKMNa;BRUNEI DARUSSALAM;MGA;19470237.594502803
952;IKMNa;SOMALIA;SZL;147194.19694223363
953;IKMNa;ISRAEL;CHF;2244.7598709550684
954;IKMNa;MAURITANIA;MRO;596564.1831898274
955;IKMNa;SINGAPORE;NZD;12931.005648763416
956;IKMNa;QATAR;MAD;45536.272009364926
957;IKMNa;FIJI;CZK;108653.29625758939
958;IKMNa;PARAGUAY;BDT;761952.40678875
959;IKMNa;IRAQ;IDR;114816518.33578317
960;IKMNa;SERBIA;SLL;45959171.018274136
961;IKMNa;HONG KONG;CHF;-28.958981916152176
962;IKMNa;NEW ZEALAND;TND;25612.10178319696
963;IKMNa;TUNISIA;PEN;413.82399430571814
964;IKMNa;LIBYAN ARAB JAMAHIRIYA;XPF;868855.4526617642
965;IKMNa;BANGLADESH;MOP;20803.424735632492
966;MX113;MYANMAR;SGD;350.3939091914482
967;MX113;CYPRUS;XAF;73755.49053543681
968;MX113;LIBERIA;TTD;61.412258674933014
969;EIKZa;INDONESIA;DJF;1167819.4454595656
970;EIKZa;LATVIA;UAH;300127.75513130246
971;EIKZa;MALAYSIA;HKD;76168.21281613033
972;EIKZa;NAMIBIA;COP;23275518.309013672
973;EIKZa;JAPAN;INR;738885.796501914
974;EIKZa;INDIA;HTG;548246.7275521434
975;EIKZa;BOLIVIA;NPR;929729.8139629868
976;EIKZa;NIGERIA;RWF;906406.0674659298
977;EIKZa;TUNISIA;TOP;12622.745609322657
978;EIKZa;HONDURAS;OMR;2326.987175912814
979;JLMMV;PARAGUAY;XPF;327285.6386891197
980;JLMMV;DJIBOUTI;KWD;133.99439464544693
981;JLMMV;PERU;KWD;648.6071823998844
982;JLMMV;NAMIBIA;RSD;27621.585501538495
983;JLMMV;SOUTH AFRICA;VUV;181477.64368998812
984;JLMMV;UNITED ARAB EMIRATES;RON;14901.695215012907
985;JLMMV;PANAMA;MRO;370168.74304113205
