;Client;Country;Currency;Transaction
0;DHXXb;THAILAND;JMD;52985.81504870693
1;DHXXb;CROATIA;YER;62036.547950220476
2;DHXXb;NEW ZEALAND;BOB;2555.4589928817845
3;DHXXb;VENEZUELA;LBP;332364.8119742472
4;DHXXb;TANZANIA, UNITED REPUBLIC OF;ANG;278.5529137636283
5;DHXXb;THAILAND;CRC;208047.43237909625
6;DHXXb;UNITED ARAB EMIRATES;BTN;26104.208994277575
7;DHXXb;JORDAN;EGP;6264.356472168322
8;DHXXb;PERU;SOS;207511.9418875118
9;DHXXb;ICELAND;COP;1777979.578196566
10;CCGLN;BARBADOS;BND;30277.547467804274
11;CCGLN;EL SALVADOR;VND;151164410.74294287
12;CCGLN;DJIBOUTI;MGA;33984657.126026854
13;CCGLN;INDIA;XCD;6511.213602667029
14;CCGLN;KAZAKHSTAN;BYR;354773659.10332227
15;CCGLN;SOMALIA;PEN;87311.09110489202
16;CCGLN;CANADA;SVC;156802.06008338387
17;CCGLN;TOGO;DZD;1383908.4586450728
18;CCGLN;GAMBIA;TWD;337697.57844204246
19;CCGLN;BULGARIA;RON;57859.49018701327
20;CCGLN;CHINA;EGP;296032.13052324223
21;CCGLN;THAILAND;PGK;8108.3430700144745
22;CCGLN;SWITZERLAND;MZN;16049.503369395208
23;CCGLN;VENEZUELA;MZN;433479.8901108974
24;CCGLN;SIERRA LEONE;NAD;134311.40712804618
25;CCGLN;MALAYSIA;BIF;3162705.8105162056
26;HJN22;CHINA;KYD;4305.829416523809
27;HJN22;BAHRAIN;GYD;422376.88651924004
28;HJN22;LIBYAN ARAB JAMAHIRIYA;BMD;1213.371988020488
29;HJN22;SYRIAN ARAB REPUBLIC;CRC;569793.828110206
30;HJN22;DJIBOUTI;KES;593847.475015327
31;HJN22;JAPAN;SVC;38531.673128059054
32;HJN22;CENTRAL AFRICAN REPUBLIC;BBD;2844.425388326869
33;HJN22;OMAN;UGX;14404566.095883768
34;HJN22;CHILE;MOP;23127.363306385923
35;HJN22;GUINEA;BZD;6221.806270466562
36;HJN22;DJIBOUTI;RUB;304095.7694683162
37;HJN22;ETHIOPIA;DJF;158078.50070697538
38;HJN22;TURKEY;ANG;1252.7822455481812
39;HJN22;POLAND;LYD;4322.149242431066
40;HJN22;SYRIAN ARAB REPUBLIC;BBD;9656.075660372793
41;HJN22;NIGERIA;LKR;2022318.618830975
42;HJN22;CAMBODIA;BND;7259.387004426867
43;AIKX3;LEBANON;AZN;49494.54727138128
44;AIKX3;PERU;MUR;1215237.272186186
45;AIKX3;JAMAICA;SDG;20555738.49113125
46;AIKX3;OMAN;CLP;49791155.048298575
47;AIKX3;SERBIA;AWG;75152.71340475969
48;AIKX3;MALAWI;YER;11931001.711089153
49;AIKX3;PARAGUAY;UAH;719002.7659987916
50;AIKX3;AZERBAIJAN;GHS;815137.5895774765
51;AIKX3;HUNGARY;JMD;4454856.305166303
52;AIKX3;COSTA RICA;SCR;467188.1949907088
53;AIKX3;AZERBAIJAN;XPF;1826809.0279617824
54;AIKX3;DOMINICA;GYD;9090716.929254688
55;AIKX3;TOGO;VES;908930.622280725
56;AIKX3;SWEDEN;MRO;18805603.95833468
57;KLMYY;SYRIAN ARAB REPUBLIC;WST;924.9388307559778
58;KLMYY;SAUDI ARABIA;NGN;5661664.931066622
59;KLMYY;LIBYAN ARAB JAMAHIRIYA;KWD;2044.7551208669727
60;KLMYY;GHANA;AOA;3540197.168853778
61;KLMYY;GUINEA;BIF;21277966.020540696
62;KLMYY;CHINA;SOS;3450025.4542066944
63;FNWac;FIJI;SLL;998233.278925775
64;FNWac;SWAZILAND;HTG;24945.1322711772
65;FNWac;PAKISTAN;SLL;6070774.010542376
66;FNWac;HAITI;TND;975.8216508485176
67;FNWac;ISRAEL;LKR;30402.773890978428
68;FNWac;CAMBODIA;BOB;896.1919808327225
69;FNWac;BELARUS;SYP;112554.81689830072
70;FNWac;TANZANIA, UNITED REPUBLIC OF;AED;222.23427222740415
71;FNWac;THAILAND;SCR;4768.73512118864
72;FNWac;GAMBIA;TRY;4187.548366969943
73;FNWac;MAURITANIA;SCR;2905.549989187394
74;FNWac;TURKEY;EUR;289.85926157871506
75;FNWac;VIET NAM;MWK;229061.11434643125
76;FNWac;ROMANIA;DKK;2451.2859207782367
77;FNWac;IRAN (ISLAMIC REPUBLIC OF);ILS;665.3320068140232
78;FNWac;SEYCHELLES;XAF;11326.45345924226
79;FNWac;SRI LANKA;SGD;309.7737605099846
80;FNWac;LATVIA;LYD;1174.995365717597
81;FNWac;RUSSIAN FEDERATION;SAR;344.6790312661822
82;EFJYb;MADAGASCAR;QAR;153.98458373850798
83;EFJYb;MOZAMBIQUE;MAD;52763.97271911361
84;EFJYb;ANGOLA;TWD;2583.7866040416134
85;EFJYb;POLAND;PHP;172470.862203237
86;EFJYb;SWEDEN;DOP;199796.6658288595
87;EFJYb;LIBERIA;KYD;4523.627837507396
88;EFJYb;MOZAMBIQUE;RON;12419.857877151857
89;EFJYb;TRINIDAD AND TOBAGO;TRY;14488.58044747457
90;EFJYb;CZECH REPUBLIC;CHF;4531.772281157408
91;EFJYb;IRAN (ISLAMIC REPUBLIC OF);INR;185514.44256612245
92;EFJYb;SURINAME;BIF;1956540.397041503
93;EFJYb;QATAR;UGX;2048322.3949101483
94;EFJYb;CYPRUS;MAD;33021.49484280084
95;EFJYb;DJIBOUTI;TZS;1710105.6390849715
96;HWZZa;ROMANIA;MVR;141658.92133254488
97;HWZZa;URUGUAY;VUV;323842.83169018227
98;HWZZa;NEPAL;CLP;6604676.027406225
99;HWZZa;MADAGASCAR;SOS;8252851.250116626
100;HWZZa;SRI LANKA;MMK;25455779.123634353
101;HWZZa;THAILAND;SEK;250708.6991236748
102;HWZZa;UNITED KINGDOM;MZN;318077.9072815636
103;HWZZa;KOREA, REPUBLIC OF;BND;16516.36055563737
104;HWZZa;TANZANIA, UNITED REPUBLIC OF;CRC;13788152.26931071
105;HWZZa;MALAYSIA;CNY;4168.79366428186
106;HWZZa;EL SALVADOR;AUD;31297.998127656298
107;AADHX;NAMIBIA;HKD;187531.25040407997
108;AADHX;PERU;AUD;1834.1686534258354
109;AADHX;PHILIPPINES;TND;19209.38082463707
110;AADHX;DOMINICA;CLP;19614323.30644528
111;AADHX;YEMEN;AUD;18837.591392406823
112;AADHX;VANUATU;NZD;14631.527683505155
113;AADHX;ANGOLA;VND;788819545.8695059
114;AADHX;DOMINICA;COP;129730748.85680935
115;AADHX;NORWAY;ZMW;466771.8438149307
116;AADHX;RWANDA;HTG;1860395.4314276234
117;AADHX;UKRAINE;AOA;9681423.288533349
118;AADHX;TUNISIA;MRO;11841185.496772896
119;AADHX;VIET NAM;OMR;2473.8176524756714
120;AADHX;BOTSWANA;BOB;148002.35384291882
121;AADHX;POLAND;IRR;268333507.32605323
122;AADHX;DOMINICA;BTN;2589674.153341659
123;AADHX;MOROCCO;SCR;-2572.641683967104
124;CDNb3;HONDURAS;AOA;2186384.531372356
125;CDNb3;CANADA;CVE;338349.80289009796
126;CDNb3;LIBERIA;CNY;30024.357924292282
127;CDNb3;INDIA;AZN;3797.1654201582705
128;CDNb3;SAO TOME AND PRINCIPE;LBP;5417571.5360257365
129;CDNb3;SURINAME;HKD;7394.298162454659
130;CDNb3;FRENCH POLYNESIA;IRR;21402985.56032877
131;CDNb3;HUNGARY;GYD;644431.1927306768
132;CDNb3;TANZANIA, UNITED REPUBLIC OF;MVR;26379.082584015137
133;CDNb3;RUSSIAN FEDERATION;MXN;12568.760058279691
134;CDNb3;TRINIDAD AND TOBAGO;LAK;29578655.99624011
135;CDNb3;CROATIA;GTQ;6239.222264779196
136;CDNb3;AUSTRALIA;LAK;17448402.89209992
137;CDNb3;NEW ZEALAND;MZN;29560.277730630398
138;CDNb3;MAURITANIA;VND;32308388.266003724
139;BIYc3;HONG KONG;PYG;170940350.5520144
140;BIYc3;BARBADOS;DOP;1437120.2634235686
141;BIYc3;VIET NAM;HRK;207676.313978386
142;BIYc3;SIERRA LEONE;MAD;227294.49005960664
143;BIYc3;COSTA RICA;BOB;154403.43402326587
144;DEGZ2;ZIMBABWE;NOK;226000.69464598727
145;DEGZ2;HONDURAS;NZD;6985.805341706882
146;DEGZ2;NEW ZEALAND;TZS;23938571.96595703
147;DEGZ2;GUATEMALA;SEK;313882.60519994004
148;DEGZ2;CROATIA;LVL;9113.520410758912
149;DEGZ2;SOUTH AFRICA;MYR;105564.15273977457
150;DEGZ2;PAKISTAN;HNL;372913.58366514655
151;DEGZ2;SIERRA LEONE;PLN;148070.29633232497
152;DEGZ2;IRAQ;LAK;175774099.78720674
153;BCDNY;HONG KONG;CZK;-4206.085672090367
154;BCDNY;MALDIVES;LRD;2472084.67016932
155;BCDNY;PAKISTAN;SZL;387490.2785493084
156;BCDNY;LIBERIA;ZAR;103991.00127201888
157;BCDNY;MALAWI;BIF;55477291.83722133
158;BCDNY;AZERBAIJAN;BND;-378.8917003786532
159;BCDNY;AUSTRALIA;GHS;200674.35135088256
160;BCDNY;YEMEN;SBD;13564.125025243315
161;DJXbc;CYPRUS;TWD;1890071.6925004954
162;DJXbc;GAMBIA;AOA;19258378.37934424
163;DJXbc;SAUDI ARABIA;MGA;221046039.63972065
164;DJXbc;CZECH REPUBLIC;IDR;773747250.9329468
165;DJXbc;BURUNDI;PES;9501648.514683384
166;DJXbc;SWEDEN;ETB;50570.03672080362
167;DJXbc;SURINAME;DKK;160802.09595560704
168;DJXbc;KOREA, REPUBLIC OF;AWG;9612.157058268986
169;DJXbc;IRAN (ISLAMIC REPUBLIC OF);CLP;20030087.362520624
170;DJXbc;URUGUAY;PEN;237552.00272491068
171;DJXbc;KUWAIT;BRL;66588.28389292803
172;DJXbc;SERBIA;PGK;119627.27886635068
173;DJXbc;BAHAMAS;ZAR;124381.16591263819
174;JLVXa;CAMBODIA;GNF;79274197.71637264
175;JLVXa;MOZAMBIQUE;DJF;497621.2963008444
176;JLVXa;SWAZILAND;MUR;418941.6957353596
177;JLVXa;ICELAND;TZS;17063159.986798916
178;JLVXa;PARAGUAY;MXN;72007.45665030862
179;JLVXa;MOROCCO;HTG;225112.81360006548
180;JLVXa;MADAGASCAR;TZS;14565683.642747
181;JLVXa;GUINEA;BRL;2090.7754919731515
182;JLVXa;CZECH REPUBLIC;PES;218580.65015158895
183;JLVXa;NETHERLANDS ANTILLES;XOF;4436022.003773665
184;JLVXa;NICARAGUA;CVE;853067.1000500077
185;CDHJa;EGYPT;QAR;2022.2555732992182
186;CDHJa;ALBANIA;TRY;122749.11837006516
187;CDHJa;ZIMBABWE;TTD;55288.47339733704
188;CDHJa;ZIMBABWE;KHR;13915380.668392224
189;JKXX1;DOMINICA;MWK;13721555.066123983
190;JKXX1;SEYCHELLES;KYD;5744.260521338328
191;JKXX1;HAITI;MAD;32529.123061978113
192;JKXX1;VIET NAM;NPR;1394522.5863495863
193;JKXX1;TOGO;VND;176471081.45140368
194;JKXX1;MOROCCO;EGP;118906.79332938237
195;JKXX1;PAPUA NEW GUINEA;INR;501711.2223609878
196;CLYY2;MYANMAR;KHR;5952862.570813119
197;CLYY2;SUDAN;BRL;74607.12548864703
198;CLYY2;GAMBIA;STD;152654050.44791636
199;CLYY2;PAPUA NEW GUINEA;NZD;9146.630086045785
200;ENVbc;TANZANIA, UNITED REPUBLIC OF;GMD;1388836.4835081773
201;ENVbc;SINGAPORE;DJF;84241.53337129903
202;ENVbc;UGANDA;KHR;7930386.254223983
203;ENVbc;MAURITANIA;JMD;3439930.0283688246
204;ENVbc;SOLOMON ISLANDS;JOD;3326.219629657823
205;ENVbc;CHINA;SBD;175700.45192913344
206;ENVbc;MOROCCO;CHF;20038.98777096831
207;ADNNb;UKRAINE;YER;27094.889057591317
208;ADNNb;NEPAL;KWD;118.50526519860747
209;FVVb3;LATVIA;BOB;460121.5316090347
210;JLVZa;NEPAL;UYU;277814.6292747592
211;JLVZa;LEBANON;MXN;112127.57418763367
212;JLVZa;MOZAMBIQUE;ILS;7078.104438513322
213;JLVZa;EL SALVADOR;XAF;508606.8495943697
214;BVWb1;HAITI;BDT;57151.91430562138
215;BVWb1;BOTSWANA;LKR;143517.6010923634
216;BVWb1;SRI LANKA;MUR;14540.430616618882
217;BVWb1;SRI LANKA;PES;28499.726971687178
218;BVWb1;TOGO;MOP;4398.955758984164
219;BVWb1;LATVIA;VUV;75695.12721619844
220;BVWb1;KOREA, REPUBLIC OF;HKD;602.3554584399257
221;BVWb1;HONDURAS;SEK;1095.1119326942226
222;BVWb1;MACAU;NAD;11007.489475274158
223;BVWb1;PHILIPPINES;AWG;561.5976857023475
224;BVWb1;KUWAIT;TND;690.255142962524
225;BVWb1;BERMUDA;LVL;490.58996936634674
226;BVWb1;NAMIBIA;SBD;1779.8749722742293
227;BVWb1;VANUATU;XOF;195455.92153140943
228;BVWb1;VENEZUELA;XOF;148644.0641547964
229;BVWb1;PERU;ALL;58580.523531614745
230;BVWb1;BAHAMAS;PEN;1416.0854331310727
231;BVWb1;KOREA, REPUBLIC OF;SEK;6820.915655283858
232;BVWb1;MEXICO;MXN;9209.017891946361
233;BVWb1;EGYPT;GMD;38097.81244287973
234;EEHYZ;TURKEY;BZD;11558.413052163003
235;EEHYZ;POLAND;XPF;676856.3593775893
236;EEHYZ;URUGUAY;NZD;2690.2159423093867
237;EEHYZ;ZAMBIA;HTG;372272.11460727657
238;EEHYZ;MADAGASCAR;GTQ;26371.886631535566
239;EEHYZ;CHINA;BYR;122825897.72999412
240;EEHYZ;DOMINICA;ANG;2504.3964421513188
241;EEHYZ;ROMANIA;XOF;799019.3629584236
242;EEHYZ;ARUBA;BYR;31654175.429396883
243;EEHYZ;SIERRA LEONE;YER;1845563.421557257
244;EEHYZ;ANGOLA;HUF;2031853.95020494
245;EEHYZ;ICELAND;IQD;9107068.548329793
246;EEHYZ;TANZANIA, UNITED REPUBLIC OF;UGX;15126985.57361866
247;EEHYZ;KAZAKHSTAN;MMK;14810564.376481729
248;EEHYZ;NEW ZEALAND;BYR;62596372.44488027
249;EEHYZ;SURINAME;KZT;1491899.989245217
250;EEHYZ;CANADA;MGA;21328641.23862016
251;EEHYZ;PAKISTAN;PAB;1002.2978107964227
252;BDDHV;HAITI;LBP;452599.06142291613
253;BDDHV;DOMINICA;BND;13512.121163442464
254;BDDHV;PAPUA NEW GUINEA;MXN;146129.71325698085
255;BDDHV;BURUNDI;KYD;7133.07140429718
256;EFLZa;NAMIBIA;CYP;23574.472450806024
257;EFLZa;MAURITIUS;SDG;23062264.363905303
258;EFLZa;EL SALVADOR;CNY;105105.35657295927
259;EFLZa;UNITED ARAB EMIRATES;SZL;257479.3931396773
260;EFLZa;PAKISTAN;JPY;13659035.510426791
261;EFLZa;LIBYAN ARAB JAMAHIRIYA;CRC;13760560.853102801
262;EFLZa;LIBERIA;SLL;556417182.0326792
263;EFLZa;LAO PEOPLE'S DEMOCRATIC REP;XPF;591014.8371094925
264;EFLZa;MALAWI;SAR;100765.42503656888
265;GIKWc;PHILIPPINES;BHD;502.93440051033525
266;GIKWc;LIBYAN ARAB JAMAHIRIYA;DJF;1192206.5819714037
267;GIKWc;HONG KONG;NIO;335967.0781474254
268;GIKWc;TANZANIA, UNITED REPUBLIC OF;BZD;24218.832085400983
269;GIKWc;LIBYAN ARAB JAMAHIRIYA;CHF;1189.1064210025756
270;GIKWc;HONG KONG;PKR;1897652.0775491104
271;GIKWc;SWITZERLAND;MWK;5375557.426936092
272;GIKWc;FRENCH POLYNESIA;RON;14873.497896444784
273;GIKWc;IRAN (ISLAMIC REPUBLIC OF);WST;35086.05667606064
274;GIKWc;SWAZILAND;MMK;25612766.96107287
275;GIKWc;BELIZE;VES;69834.60001021501
276;GIKWc;CAPE VERDE;KZT;573231.5371643499
277;GIKWc;JAMAICA;MMK;22701666.675274417
278;GIKWc;JAPAN;JPY;1747294.1990236244
279;CCHZ3;EURO;GBP;773.213138803209
280;CCHZ3;JAMAICA;JPY;340803.6153848754
281;CCHZ3;SWAZILAND;NAD;83783.79041976003
282;CCHZ3;EL SALVADOR;THB;116462.65645017914
283;CCHZ3;LIBYAN ARAB JAMAHIRIYA;NIO;102081.67224662701
284;CCHZ3;NICARAGUA;AWG;3915.8608604605542
285;CCHZ3;COSTA RICA;RUB;6637.4246847360255
286;CCHZ3;MALAWI;HTG;778280.8523066925
287;CCHZ3;PHILIPPINES;LVL;4772.661385822603
288;CCHZ3;UNITED ARAB EMIRATES;EGP;175625.3065661329
289;CCHZ3;DENMARK;SAR;21002.613951429947
290;CCHZ3;THAILAND;TND;3084.2407455579055
291;CCHZ3;CAMBODIA;CRC;2258670.0910745026
292;AGJMa;LEBANON;VND;24111823.49363042
293;AGJMa;TRINIDAD AND TOBAGO;NZD;540.9582061093619
294;DJMN2;ARUBA;INR;1291972.95911678
295;DJMN2;MEXICO;STD;164113919.88096344
296;DJMN2;OMAN;PAB;16211.875802281425
297;DJMN2;UNITED ARAB EMIRATES;BMD;5668.374137640848
298;DJMN2;TANZANIA, UNITED REPUBLIC OF;FJD;29109.05066561554
299;DJMN2;ROMANIA;MYR;38159.28930963297
300;DJMN2;ALGERIA;THB;448584.20935312094
301;DJMN2;CENTRAL AFRICAN REPUBLIC;ZWL;10160247.796613669
302;DJMN2;MALAYSIA;DKK;26780.08416623671
303;CJZb1;KOREA, REPUBLIC OF;BTN;23838.492376459955
304;CJZb1;FIJI;MAD;6774.085882364353
305;CJZb1;ALGERIA;STD;14472651.207233679
306;CJZb1;ICELAND;DKK;1828.2851085083946
307;CJZb1;INDIA;LKR;129541.19953235942
308;CJZb1;LAO PEOPLE'S DEMOCRATIC REP;NIO;7883.357404582069
309;CJZb1;PAPUA NEW GUINEA;NGN;20962.761165073465
310;CJZb1;SEYCHELLES;BTN;33816.67100362436
311;CJZb1;NICARAGUA;MGA;11784.85898338341
312;CJZb1;INDIA;SVC;3961.8952132450245
313;CJZb1;BURUNDI;AWG;173.89573848413772
314;CJZb1;UNITED KINGDOM;SDG;221772.70394522813
315;CJZb1;FIJI;AOA;63178.6970558532
316;CJZb1;BRUNEI DARUSSALAM;AZN;475.91361202200613
317;CJZb1;MALAYSIA;CYP;22.970181308498063
318;ABBDK;EGYPT;BZD;34658.9736593688
319;ABBDK;MOZAMBIQUE;TOP;22359.77001256499
320;ABBDK;INDONESIA;HRK;11308.981705115051
321;ABBDK;AUSTRALIA;XCD;34299.38892448951
322;ABBDK;MAURITIUS;UYU;514365.9312635541
323;ABBDK;BHUTAN;HRK;53927.278040485326
324;ABBDK;CYPRUS;THB;7257.025516039852
325;ABBDK;TUNISIA;QAR;53269.01165857147
326;ABBDK;ROMANIA;PAB;12425.80573030567
327;ABBDK;POLAND;EUR;18103.10178694988
328;CCHKX;SWEDEN;MVR;223015.22906148667
329;CCHKX;MACAU;JOD;7715.485837959919
330;CCHKX;DOMINICA;NPR;163116.50098140363
331;CCHKX;VENEZUELA;DZD;1900180.3849339434
332;CCHKX;LAO PEOPLE'S DEMOCRATIC REP;PLN;21649.899421209422
333;CCHKX;HONDURAS;VUV;851802.6181826842
334;CCHKX;MOZAMBIQUE;HNL;4445.611791380075
335;CCHKX;EGYPT;RWF;5212815.963791674
336;CCHKX;RUSSIAN FEDERATION;NGN;1166592.8186768845
337;CCHKX;CAYMAN ISLANDS;ZMW;158907.99997241382
338;CCHKX;DENMARK;NIO;259848.9753231596
339;CCHKX;NEW ZEALAND;XOF;598239.3885529842
340;CCHKX;ISRAEL;OMR;895.2910597250093
341;CCHKX;TOGO;NOK;85860.0058710919
342;CCHKX;BURUNDI;CNY;64938.10124113075
343;CCHKX;CAMBODIA;GTQ;49382.8944795353
344;CCHKX;UNITED KINGDOM;GTQ;69788.47561373541
345;CCHKX;SOMALIA;TZS;7269129.438898512
346;GHHL3;RUSSIAN FEDERATION;YER;99274.03681709475
347;GHHL3;SUDAN;AWG;1727.2908920770483
348;GHHL3;PERU;ILS;3476.82815424098
349;GHHL3;NETHERLANDS ANTILLES;JPY;103046.97067701595
350;GHHL3;ALGERIA;XAF;130161.72336087147
351;GHHL3;YEMEN;STD;17673452.412747633
352;GHHL3;OMAN;NOK;2321.0386725980684
353;GHHL3;KAZAKHSTAN;CHF;94.95051317067592
354;GHHL3;KOREA, REPUBLIC OF;TND;975.8780034580284
355;GHHL3;PANAMA;QAR;4172.095978325142
356;GHHL3;KUWAIT;NPR;123954.39994645682
357;GHHL3;YEMEN;DOP;30065.646066036326
358;GHHL3;NICARAGUA;RUB;21561.62654334418
359;GHHL3;JAMAICA;BYR;8662331.940281672
360;GHHL3;GHANA;MZN;29125.433887660165
361;GHHL3;SRI LANKA;VES;12359.270750428776
362;GHHL3;MYANMAR;XCD;465.327650723494
363;GHHL3;KENYA;CHF;758.7260953360881
364;GHHL3;TONGA;KWD;117.90361787717241
365;DXabb;MEXICO;ZAR;473786.88899946195
366;DXabb;SYRIAN ARAB REPUBLIC;BMD;13458.365174843375
367;DXabb;CHILE;ILS;124837.71895792487
368;DXabb;PANAMA;CAD;28917.22922976701
369;DXabb;MACAU;BTN;2174266.8371306527
370;DXabb;IRAN (ISLAMIC REPUBLIC OF);LAK;643583254.061646
371;DXabb;BHUTAN;TTD;246207.7270545563
372;DXabb;BOTSWANA;BMD;38987.950648608414
373;DXabb;ISRAEL;GNF;125441768.28665596
374;DXabb;BRUNEI DARUSSALAM;JOD;484.85303227916444
375;DXabb;VANUATU;PES;4155859.247591361
376;DXabb;SUDAN;JPY;1334513.1279261345
377;DXabb;ZIMBABWE;UYU;713129.5555127785
378;DXabb;YEMEN;SGD;41721.675074684645
379;DXabb;KUWAIT;LRD;1422536.5233783452
380;EEJKM;INDONESIA;XPF;296133.56853856216
381;EEJKM;GAMBIA;GBP;466.41887718956133
382;EEJKM;VENEZUELA;NPR;1315140.1509950464
383;EEJKM;AZERBAIJAN;CLP;13008081.318987228
384;EEJKM;CAMBODIA;DOP;239086.4168546591
385;EEJKM;BURUNDI;JOD;6173.87385283784
386;EEJKM;LEBANON;ETB;679839.8396412283
387;EEJKM;PARAGUAY;HKD;97100.85531939074
388;EEJKM;SWITZERLAND;UYU;259149.00394970056
389;EEJKM;SOMALIA;PYG;36106830.24819396
390;EEJKM;DOMINICAN REPUBLIC;THB;114408.37189693877
391;AGJKV;GHANA;LAK;433366.40225156356
392;AGJKV;BELARUS;PYG;16693193.61660991
393;AGJKV;IRAN (ISLAMIC REPUBLIC OF);GBP;3029.5647248253763
394;AGJKV;MOROCCO;ZAR;688.8508649683663
395;AGJKV;NICARAGUA;BZD;2112.53209767584
396;LLLW3;TOGO;UAH;1167241.7758792
397;LLLW3;ALGERIA;ZWL;16648791.938194262
398;LLLW3;CANADA;BWP;205553.09130574082
399;LLLW3;UNITED ARAB EMIRATES;LVL;25957.993429915598
400;LLLW3;HAITI;PEN;181183.00278744183
401;LLLW3;NEW ZEALAND;NOK;142498.74253809665
402;LLLW3;IRAQ;JOD;4814.594199313636
403;LLLW3;BRUNEI DARUSSALAM;CRC;9905660.68309233
404;LLLW3;INDONESIA;ZWL;5806.030318463561
405;LLLW3;VENEZUELA;QAR;25452.304027255126
406;EKXab;CAMBODIA;XCD;5841.219337805497
407;EKXab;OMAN;UGX;11818772.2314443
408;EKXab;DJIBOUTI;BND;3654.46346802414
409;EKXab;VANUATU;PAB;949.0101881277154
410;EKXab;PERU;DOP;114191.84846301608
411;EKXab;OMAN;LVL;3199.15487374241
412;EKXab;BANGLADESH;CYP;4280.647252408258
413;EKXab;GUYANA;BTN;306796.0318390028
414;EKXab;SWEDEN;HNL;108495.1723983011
415;EKXab;KAZAKHSTAN;MXN;130925.64824740008
416;EKXab;ARUBA;LBP;3901304.4508454646
417;EKXab;IRAQ;KYD;873.1967035056373
418;EKXab;INDONESIA;NPR;181905.81802649845
419;EKXab;DJIBOUTI;VUV;699694.0280811922
420;EKXab;NEW ZEALAND;XAF;1004609.6208378499
421;EKXab;VENEZUELA;WST;15534.675121770937
422;EKXab;FIJI;MMK;11200056.893033259
423;EKXab;SYRIAN ARAB REPUBLIC;XPF;22723.414447814015
424;INN33;TOGO;IDR;481030021.60022
425;INN33;SOUTH AFRICA;UYU;1609427.6978622933
426;INN33;RUSSIAN FEDERATION;NGN;13164194.52635008
427;INN33;BRUNEI DARUSSALAM;JOD;15826.649286920434
428;INN33;MEXICO;GHS;48400.53731828364
429;BGJJZ;DOMINICA;QAR;7360.52154235122
430;BGJJZ;SOMALIA;MZN;182959.95003244476
431;BGJJZ;UKRAINE;SVC;10818.711960545432
432;BGJJZ;BRAZIL;SCR;19472.31887991047
433;BGJJZ;CANADA;BIF;2276718.2479979997
434;BGJJZ;SOLOMON ISLANDS;PEN;1757.056647881256
435;BGJJZ;JORDAN;VES;55006.217876271185
436;BGJJZ;CENTRAL AFRICAN REPUBLIC;LVL;1455.7940889449458
437;BGJJZ;ICELAND;SGD;3203.0809729509397
438;BGJJZ;CAPE VERDE;TZS;4660258.430229388
439;BGJJZ;PHILIPPINES;DJF;336178.7070610215
440;BGJJZ;VANUATU;UAH;7138.577811196108
441;BGJJZ;NICARAGUA;ISK;136303.61956159252
442;BGJJZ;GHANA;GYD;202341.91327420512
443;BGJJZ;LIBERIA;KES;22803.03737934477
444;BGJJZ;BAHAMAS;RUB;145359.42224436734
445;BGJJZ;GHANA;AOA;904682.0262600615
446;BGJJZ;UGANDA;NPR;383546.56475132186
447;DDKcc;GHANA;GTQ;8989.624602041456
448;DDKcc;CYPRUS;ANG;813.47775404538
449;DDKcc;PERU;ZMW;19168.30783914808
450;DDKcc;YEMEN;MZN;94600.17167561478
451;DDKcc;CHINA;FJD;1102.4844324034511
452;DDKcc;PHILIPPINES;XAF;557775.6718640104
453;DDKcc;SRI LANKA;TZS;1498737.7361303861
454;DDKcc;SINGAPORE;ILS;3025.538127910825
455;DDKcc;BOLIVIA;TOP;3101.290712273446
456;DDKcc;SAO TOME AND PRINCIPE;PGK;1685.3221866840033
457;DDKcc;MADAGASCAR;SVC;3409.3773902596445
458;DDKcc;EGYPT;JMD;74502.21911584411
459;DDKcc;BELARUS;SOS;506991.0865949494
460;HHLLb;MALAYSIA;PES;2388798.4360213177
461;HHLLb;SWAZILAND;BHD;17385.682642775904
462;HHLLb;IRAQ;NOK;517939.4420432412
463;HHLLb;IRAN (ISLAMIC REPUBLIC OF);BIF;98773784.3295838
464;HHLLb;ALBANIA;KES;4697059.819104067
465;HHLLb;SUDAN;HRK;183180.50541975195
466;HHLLb;UKRAINE;CYP;19674.39857217915
467;HHLLb;BELARUS;RUB;202419.78460253854
468;HHLLb;MACAU;BHD;13352.49219401187
469;HHLLb;MAURITANIA;LVL;26710.936435313153
470;HHLLb;RUSSIAN FEDERATION;QAR;143799.58443281293
471;HHLLb;JORDAN;ARS;12112150.47457249
472;HHLLb;THAILAND;BHD;21166.939276558576
473;HHLLb;SRI LANKA;NAD;987224.6245508583
474;HHLLb;VENEZUELA;CYP;27791.068463284435
475;HHLLb;SAUDI ARABIA;QAR;17942.12708991275
476;HHLLb;QATAR;ZMW;510796.40767068305
477;HHLLb;FRENCH POLYNESIA;MGA;227434765.47487932
478;HHLLb;MALAYSIA;MMK;58885703.28322818
479;HHLLb;BRAZIL;MXN;1083431.0844965968
480;LVWa2;SEYCHELLES;UAH;539374.6969339056
481;LVWa2;OMAN;OMR;1252.1938028624854
482;LVWa2;LAO PEOPLE'S DEMOCRATIC REP;CAD;1791.1983702822356
483;LVWa2;TURKEY;NZD;23245.214506744855
484;LVWa2;LEBANON;SDG;7931928.006039231
485;LVWa2;BOTSWANA;MYR;63649.85631708033
486;LVWa2;THAILAND;BDT;1459043.4358760156
487;LVWa2;LIBERIA;IRR;500619119.78678113
488;LVWa2;SRI LANKA;SLL;55918883.29765898
489;LVWa2;BURUNDI;IRR;253784675.7673654
490;LVWa2;NETHERLANDS ANTILLES;AOA;4105960.584395478
491;LVWa2;PAPUA NEW GUINEA;MZN;448675.3237768356
492;LVWa2;PARAGUAY;KWD;305.0641434473002
493;LVWa2;CAYMAN ISLANDS;VUV;642696.6245699996
494;MXbbc;BULGARIA;PES;114282.74666521203
495;MXbbc;BARBADOS;KRW;3434254.9094297756
496;MXbbc;BAHAMAS;LRD;331679.35668489506
497;MXbbc;GHANA;XPF;227086.03360184195
498;MXbbc;DOMINICA;AUD;6611.042910619859
499;MXbbc;TRINIDAD AND TOBAGO;ETB;83396.34290220562
500;MXbbc;YEMEN;ZMW;50719.25574357884
501;MXbbc;LATVIA;ZWL;336011.68561053596
502;MXbbc;TRINIDAD AND TOBAGO;MVR;65558.35520014411
503;MXbbc;MACAU;CZK;75285.0134791339
504;MXbbc;IRAQ;ETB;191915.6482829723
505;ABWWW;DOMINICAN REPUBLIC;SOS;13021895.578886941
506;ABWWW;OMAN;LVL;14513.194433395925
507;ABWWW;DJIBOUTI;BRL;154023.8916751242
508;ABWWW;ARUBA;WST;82951.83025237173
509;ABWWW;BERMUDA;PLN;128519.68436555096
510;ABWWW;SUDAN;ZWL;13078433.366838086
511;ABWWW;YEMEN;MOP;123438.96535022269
512;ABWWW;BAHAMAS;HKD;60785.36444338131
513;ABWWW;INDONESIA;MAD;349042.9803057702
514;ABWWW;AUSTRALIA;AZN;22382.903002416657
515;ABWWW;JAMAICA;KHR;19846075.122660488
516;ABWWW;SERBIA;BDT;3032434.4645374385
517;ABWWW;SOMALIA;NIO;22591.73642646825
518;ABWWW;SEYCHELLES;RSD;3031809.7717021056
519;ABWWW;MAURITANIA;HTG;2386273.693713093
520;ABWWW;PERU;DZD;3669448.697580332
521;ABWWW;MYANMAR;GNF;70701770.03893048
522;ABWWW;SWEDEN;SYP;5881817.147856084
523;ABWWW;PARAGUAY;STD;105203615.6437632
524;ABWWW;UNITED KINGDOM;DZD;2343154.3458240624
525;AFZc2;NAMIBIA;SGD;368.3287236528095
526;AFZc2;SOUTH AFRICA;AZN;4877.677765054825
527;AFZc2;RUSSIAN FEDERATION;TZS;6520351.617595843
528;AFZc2;SYRIAN ARAB REPUBLIC;LBP;3085379.1637072675
529;AFZc2;KAZAKHSTAN;MWK;457704.4921976856
530;AFZc2;MYANMAR;BWP;13214.806993950267
531;AFZc2;MOROCCO;MRO;1280902.049289597
532;AFZc2;TUNISIA;VND;49728282.3989922
533;AFZc2;CHINA;SOS;719804.791102865
534;AFZc2;EGYPT;MYR;9526.193239572625
535;AFZc2;SERBIA;NAD;39544.05802195514
536;AFZc2;BARBADOS;UGX;8820481.12496935
537;AFZc2;CAMBODIA;IDR;24116473.652882963
538;AFZc2;SWEDEN;SLL;59782911.76033073
539;AFZc2;AUSTRALIA;NAD;48828.05850979625
540;AFZc2;CHINA;OMR;895.3905676282262
541;AFZc2;POLAND;CHF;903.2714231715239
542;AFZc2;UKRAINE;SCR;33938.99829042926
543;AFZc2;UNITED ARAB EMIRATES;SEK;26307.918117892103
544;IILX3;THAILAND;VUV;390157.8422410665
545;IILX3;LATVIA;CLP;3006736.6926270667
546;IILX3;NICARAGUA;NAD;286936.7019895311
547;IILX3;LIBERIA;HRK;146139.4318739186
548;IILX3;UNITED ARAB EMIRATES;GYD;2775002.2069564615
549;BHLY2;DOMINICAN REPUBLIC;KRW;4165967.7776099048
550;BHLY2;BULGARIA;XOF;3113066.0734158205
551;BHLY2;PAKISTAN;LBP;1058219.8718349736
552;BHLY2;IRAQ;PAB;5995.628875824496
553;BHLY2;SERBIA;AUD;6013.850449744555
554;BHLY2;PERU;PEN;16303.575070042029
555;BHLY2;HAITI;EUR;1117.5482972388363
556;BHLY2;YEMEN;STD;3827309.048834668
557;BHLY2;MYANMAR;CNY;1767.5119072104194
558;BHLY2;GAMBIA;IDR;40893595.59424284
559;BHLY2;JORDAN;JMD;490525.1338140687
560;BHLY2;PARAGUAY;GBP;3423.4800756900013
561;GIYbb;MEXICO;CYP;7787.34719614761
562;GIYbb;SOLOMON ISLANDS;SCR;367758.5609924667
563;GIYbb;ALGERIA;PKR;3570537.8750979626
564;GIYbb;POLAND;MRO;7748560.086200383
565;GIYbb;VENEZUELA;GHS;266913.4945973837
566;GIYbb;MAURITANIA;IRR;26007907.221741896
567;GIYbb;JORDAN;BGN;49254.382698022106
568;GIYbb;HUNGARY;RSD;2394965.6938661393
569;GIYbb;PERU;PGK;2492.4214569236856
570;GIYbb;LAO PEOPLE'S DEMOCRATIC REP;CYP;6888.747954387048
571;GIYbb;BERMUDA;HKD;147259.20378897872
572;GIYbb;CHINA;KWD;5445.806281545555
573;GIYbb;SURINAME;IDR;325759823.34821504
574;GIYbb;VIET NAM;LYD;16312.991643005005
575;GIYbb;TANZANIA, UNITED REPUBLIC OF;BZD;5546.310600679693
576;GIYbb;BHUTAN;OMR;6808.652250241826
577;GIYbb;SRI LANKA;GYD;3384477.267534993
578;GIYbb;BRAZIL;LBP;22754321.742575727
579;GIYbb;TONGA;OMR;9698.990867039027
580;GIYbb;VANUATU;SYP;8987958.797837304
581;FLZZZ;PERU;KYD;3170.477158913705
582;FLZZZ;LATVIA;SEK;64039.28169276939
583;FLZZZ;SOLOMON ISLANDS;RUB;380130.92814981105
584;FLZZZ;CAPE VERDE;TND;23354.952499317704
585;FLZZZ;BRAZIL;PHP;240896.0357410265
586;FLZZZ;ETHIOPIA;KWD;1137.8417033549754
587;FLZZZ;BAHAMAS;LYD;12379.743174908106
588;FLZZZ;SEYCHELLES;PKR;861141.1702898978
589;FLZZZ;ARUBA;BOB;54845.52697210357
590;DIXY3;TANZANIA, UNITED REPUBLIC OF;KWD;1792.126386757414
591;DIXY3;MEXICO;SBD;32599.43303903093
592;DIXY3;GUYANA;SEK;51084.456619843826
593;DIXY3;GUINEA;JMD;661137.5046147427
594;DIXY3;HAITI;THB;-267.114342383855
595;DIXY3;PAPUA NEW GUINEA;INR;79666.9972473427
596;DIXY3;TONGA;FJD;12596.464318270264
597;DIXY3;ALBANIA;NOK;66241.7023843715
598;DIXY3;SINGAPORE;HUF;85455.49631053011
599;DIXY3;BELARUS;HUF;774707.4837401495
600;DIXY3;BANGLADESH;IRR;177484883.57057542
601;DIXY3;BRUNEI DARUSSALAM;RSD;578366.9833840483
602;DIXY3;JORDAN;LRD;29684.635837301284
603;DIXY3;IRAQ;HUF;2056272.8799721308
604;DIXY3;PAKISTAN;EUR;3108.1103206981447
605;DGKM3;VIET NAM;NGN;2191897.296670837
606;DGKM3;GAMBIA;GYD;786299.3579512901
607;DGKM3;VIET NAM;AWG;15522.98627233266
608;DGKM3;SIERRA LEONE;AED;14363.078703370384
609;DGKM3;ZAMBIA;TTD;29359.690933720718
610;DGKM3;UGANDA;SCR;110196.37320990041
611;DGKM3;KAZAKHSTAN;ARS;2763667.627463954
612;DGKM3;LIBYAN ARAB JAMAHIRIYA;TRY;37623.32573606056
613;DGKM3;LAO PEOPLE'S DEMOCRATIC REP;CLP;6901558.2859491855
614;DGKM3;CAMBODIA;BGN;3801.2042894219344
615;DGKM3;CAYMAN ISLANDS;GNF;55729352.67697779
616;DGKM3;RWANDA;PGK;3129.999324247705
617;MMNZa;SOUTH AFRICA;OMR;132.87977197842045
618;MMNZa;RWANDA;BRL;3999.556755554511
619;MMNZa;NEW ZEALAND;BZD;162.2607051380639
620;MMNZa;YEMEN;BBD;1931.6289316137277
621;MMNZa;SOLOMON ISLANDS;TRY;26205.35670895258
622;MMNZa;SOMALIA;BMD;1675.8866859035854
623;MMNZa;ZIMBABWE;MXN;25326.842681733553
624;MMNZa;BULGARIA;JPY;233391.15547472434
625;MMNZa;BOTSWANA;BTN;129575.41478708792
626;MMNZa;NORWAY;SEK;21787.95213364972
627;MMNZa;EURO;ETB;8686.597844481192
628;MMNZa;SOLOMON ISLANDS;CVE;115844.47613706505
629;MMNZa;MADAGASCAR;TOP;1412.574144380844
630;MMNZa;URUGUAY;ARS;203528.4074060625
631;MMNZa;MALDIVES;KZT;559369.4826850537
632;MMNZa;LIBERIA;MGA;5667734.853391338
633;MMNZa;PHILIPPINES;SAR;7901.601289057885
634;MMNZa;DOMINICA;HTG;252425.63015450875
635;MMNZa;ROMANIA;HTG;123877.31811891736
636;AGLYZ;TAIWAN, PROVINCE OF CHINA;XAF;3965135.1997481864
637;INYbc;CANADA;COP;88979246.76462269
638;INYbc;MYANMAR;VND;298031322.6318725
639;INYbc;BURUNDI;ILS;6508.138589955201
640;INYbc;ALGERIA;CNY;19638.9776172532
641;INYbc;CYPRUS;SEK;139598.45897443843
642;INYbc;GUINEA;LRD;1602234.3012312064
643;INYbc;MALAYSIA;SBD;43941.869242515386
644;INYbc;SINGAPORE;YER;1637362.2484126778
645;INYbc;BOLIVIA;PKR;2096416.8744375748
646;INYbc;COLOMBIA;INR;731335.6827416755
647;INYbc;CAPE VERDE;AED;26607.444014875975
648;INYbc;SAO TOME AND PRINCIPE;PHP;924026.3650845008
649;INYbc;UGANDA;WST;44371.819362874645
650;EXWW2;ICELAND;PYG;82890400.88912994
651;EXWW2;VIET NAM;AED;28066.66780259678
652;EXWW2;CHILE;CAD;14653.43471752366
653;EXWW2;DOMINICAN REPUBLIC;PEN;46689.263262527376
654;BCIZ3;IRAN (ISLAMIC REPUBLIC OF);YER;1473195.602865643
655;BCIZ3;NAMIBIA;LYD;28944.205198292013
656;BCIZ3;BAHRAIN;CRC;370352.6069404447
657;BCIZ3;CAMBODIA;CAD;7551.153578688765
658;BCIZ3;NAMIBIA;ANG;11086.106039189915
659;BCIZ3;LAO PEOPLE'S DEMOCRATIC REP;SRD;43939.60657306584
660;BCIZ3;CENTRAL AFRICAN REPUBLIC;PLN;28383.41650995159
661;BCIZ3;LATVIA;MVR;85415.93613700224
662;CEEL1;BAHAMAS;SDG;6953186.972761525
663;CEEL1;AUSTRALIA;CHF;1962.3321469345908
664;CEEL1;NICARAGUA;YER;2229624.240837487
665;CEEL1;PARAGUAY;TWD;149399.89123708694
666;CEEL1;ZAMBIA;XPF;1841929.5155997889
667;CEEL1;NAMIBIA;DZD;1117695.253340478
668;CEEL1;MADAGASCAR;JPY;70046.11275681325
669;AGIN2;TOGO;PGK;20.639464158503255
670;AGIN2;VIET NAM;HRK;78.98534289719674
671;AGIN2;POLAND;CAD;13.014085381775619
672;AGIN2;JAMAICA;IQD;15844.32101002096
673;AGIN2;SOMALIA;ZAR;22.307342200326485
674;DHKKX;BELARUS;ZMW;478834.1408754723
675;DHKKX;PHILIPPINES;BBD;6138.776341633548
676;DHKKX;ALBANIA;VUV;1656202.2980965911
677;DHKKX;BELIZE;HTG;2190239.1615143837
678;DHKKX;CYPRUS;BBD;18898.212491991333
679;DHKKX;SAUDI ARABIA;HUF;8935134.689028362
680;DHKKX;POLAND;ALL;2145932.8526155916
681;JKKZb;PERU;CHF;8263.55569703001
682;JKKZb;CHILE;SEK;33407.421780165205
683;JKKZb;SOLOMON ISLANDS;CHF;8881.805040228694
684;JKKZb;HAITI;JOD;3013.113736222025
685;JLVb2;KAZAKHSTAN;BDT;1309898.214007966
686;JLVb2;HONDURAS;DJF;2187003.136766397
687;JLVb2;VIET NAM;PKR;29680.405985753303
688;JLVb2;LEBANON;LKR;5923019.072034391
689;JLVb2;LEBANON;GYD;3586453.753928957
690;JLVb2;BELIZE;BND;17854.59609474502
691;JLVb2;ZAMBIA;MOP;54922.57023385727
692;JLVb2;BHUTAN;EUR;20402.817367687054
693;HMWa3;ROMANIA;CLP;128532.38401526528
694;HMWa3;KUWAIT;SLL;23306280.350079346
695;HMWa3;AZERBAIJAN;SBD;11900.617603671048
696;HMWa3;FRENCH POLYNESIA;ZAR;10016.32453235774
697;HMWa3;NICARAGUA;BGN;3437.654373143742
698;HMWa3;KENYA;BDT;-512.334525205566
699;HMWa3;CAYMAN ISLANDS;IDR;16053062.647751145
700;HMWa3;PAPUA NEW GUINEA;VES;29457.257839294412
701;HMWa3;TOGO;CHF;1303.1005961281253
702;HMWa3;ICELAND;LAK;30896936.51030274
703;HMWa3;MALAYSIA;COP;9143279.325984677
704;HMWa3;CANADA;NPR;85521.21530984093
705;HMWa3;BOTSWANA;AED;844.5593826903679
706;HMWa3;LEBANON;KHR;8211639.035599878
707;HMWa3;MOROCCO;TZS;4974949.074414993
708;HMWa3;URUGUAY;QAR;3474.3121325774
709;HMWa3;BRAZIL;GHS;25012.221111218223
710;HMWa3;CHINA;ANG;2030.0406503250406
711;HMWa3;SAUDI ARABIA;CVE;181822.59059632203
712;HMWa3;LIBYAN ARAB JAMAHIRIYA;BBD;2697.809492825123
713;EGGYc;MACAU;BND;2241.209459176411
714;EGGYc;INDIA;TWD;99785.91002736853
715;EGGYc;SOMALIA;DJF;747219.361525243
716;DDLZa;PAKISTAN;SGD;33579.85138104164
717;DDLZa;PANAMA;BRL;35389.80196821705
718;BDHa2;MEXICO;DOP;15914.288722903219
719;BDHa2;KOREA, REPUBLIC OF;TZS;21213014.06381724
720;BDHa2;MAURITANIA;BBD;3208.047576002981
721;BDHa2;HONG KONG;ILS;25077.519573777197
722;BDHa2;FRENCH POLYNESIA;TZS;13297442.106924828
723;BDHa2;CZECH REPUBLIC;VND;175398534.3300568
724;BDHa2;SOUTH AFRICA;SYP;414482.0161234617
725;BDHa2;BARBADOS;FJD;7496.147781483453
726;BDHa2;BELARUS;ALL;968482.0426014864
727;BDHa2;ICELAND;AUD;9506.527761939626
728;BDHa2;FRENCH POLYNESIA;NGN;105859.71054883076
729;BDHa2;UKRAINE;ZMW;62890.81034845815
730;BDHa2;NORWAY;ETB;125450.10237631047
731;BDHa2;NORWAY;DOP;3041.6388002818444
732;DEGIJ;NIGERIA;LYD;22277.55229011657
733;DEGIJ;ICELAND;HRK;34098.62437716158
734;DEGIJ;PERU;KYD;74.78130827747148
735;DEGIJ;SAO TOME AND PRINCIPE;MXN;108076.30886673823
736;DEGIJ;SOMALIA;WST;5896.958811769689
737;DEGIJ;KOREA, REPUBLIC OF;EGP;6666.179451424548
738;DEGIJ;PAPUA NEW GUINEA;KWD;1490.7696009082374
739;DEGIJ;TUNISIA;UGX;20920313.423474267
740;DEGIJ;CANADA;FJD;13792.049515495788
741;DEGIJ;BANGLADESH;RUB;398621.9361311578
742;DJYYb;BULGARIA;TND;5931.049749556779
743;DJYYb;LATVIA;BMD;4253.520526724217
744;DJYYb;ARUBA;AZN;1450.7744538197073
745;DJYYb;AUSTRALIA;MOP;31306.04779464353
746;BBMNX;GUATEMALA;BDT;248904.14955859748
747;BBMNX;UNITED KINGDOM;MMK;4385478.91421231
748;BBMNX;TONGA;KYD;1004.5064452701458
749;BBMNX;BAHAMAS;CVE;20356.837502263737
750;BBMNX;MEXICO;PES;286529.173284517
751;BBMNX;UNITED ARAB EMIRATES;BDT;165198.53142741544
752;BBMNX;SIERRA LEONE;LKR;821298.913968289
753;BBMNX;KUWAIT;HRK;601.7041566242744
754;CHIWc;DOMINICAN REPUBLIC;ZWL;7967471.105107253
755;CHIWc;DOMINICA;ZMW;119424.00369167412
756;CHIWc;CAPE VERDE;AWG;22423.87669212759
757;CHIWc;PARAGUAY;WST;56502.813203518046
758;CHIWc;SOMALIA;HTG;1670018.4532760284
759;CHIWc;CYPRUS;RWF;12098847.891442578
760;BGMXZ;RUSSIAN FEDERATION;XPF;106709.06713089126
761;BGMXZ;MOROCCO;XOF;2222861.3377710017
762;BGMXZ;SAMOA;AOA;6926174.807101571
763;BGMXZ;KUWAIT;TTD;85884.71471238516
764;BGMXZ;SAMOA;BIF;14001364.660469344
765;BGMXZ;VENEZUELA;HTG;1548416.6404545465
766;BGMXZ;GAMBIA;TRY;17314.009356717594
767;JKV11;NORWAY;SDG;6197736.024550305
768;JKV11;BOTSWANA;DOP;1128088.4882489347
769;JKV11;ARGENTINA;HTG;1566590.1833319261
770;JKV11;PAKISTAN;BZD;4245.790778523681
771;JKV11;RWANDA;DOP;1477151.2460182945
772;JKV11;KAZAKHSTAN;ZAR;150377.9767218044
773;JKV11;NIGERIA;PYG;167348909.31149668
774;JKV11;SOMALIA;NIO;147528.185583665
775;JKV11;ROMANIA;SDG;15475035.336291874
776;JKV11;INDIA;GMD;118469.78362589257
777;JKV11;SAUDI ARABIA;MZN;328470.8479056835
778;JKV11;POLAND;BGN;1867.7246408695346
779;JKV11;BULGARIA;YER;5296218.000392359
780;JKV11;LATVIA;VES;12839.988351355256
781;JKV11;JAPAN;GBP;7516.934618641829
782;JKV11;RWANDA;LKR;6587140.423920759
783;JKV11;NORWAY;PKR;842914.821667529
784;EEVbb;NAMIBIA;DZD;285339.74719754816
785;EEVbb;RUSSIAN FEDERATION;BRL;6788.593905094291
786;EEVbb;BRAZIL;ALL;172497.25388520054
787;EEVbb;CENTRAL AFRICAN REPUBLIC;LRD;112598.80281101783
788;EEVbb;GUINEA;OMR;606.5592620466949
789;EEVbb;TAIWAN, PROVINCE OF CHINA;IDR;26037545.799865916
790;AGLYb;IRAN (ISLAMIC REPUBLIC OF);VND;3218375.5974352434
791;AGLYb;UNITED ARAB EMIRATES;GNF;41703833.07513988
792;AGLYb;SAUDI ARABIA;BZD;10047.572271127603
793;AGLYb;GAMBIA;VES;165210.5658449937
794;AGLYb;BURUNDI;IDR;134937610.46774864
795;AGLYb;CENTRAL AFRICAN REPUBLIC;FJD;17310.644156848168
796;AGLYb;BAHAMAS;BBD;15552.478237046069
797;AGLYb;SOUTH AFRICA;UGX;18330389.20179369
798;AGLYb;EURO;PHP;371372.09610116517
799;AGLYb;MYANMAR;SRD;116070.31142854562
800;ADGJW;FRENCH POLYNESIA;NIO;3061350.110297296
801;ADGJW;COSTA RICA;SEK;207860.0488764701
802;ADGJW;PHILIPPINES;MYR;553000.887638105
803;ADGJW;MALAYSIA;LYD;534496.6537913686
804;ADGJW;SAUDI ARABIA;KES;6776390.692990235
805;ADGJW;CROATIA;KWD;16802.563302081515
806;ADGJW;THAILAND;RUB;419717.84116638056
807;ADGJW;COSTA RICA;VES;1152121.299377382
808;ADGJW;SERBIA;SOS;25444620.66328392
809;ADGJW;MALAWI;NGN;41976162.60775614
810;ADGJW;TONGA;PLN;408335.5325470745
811;ADGJW;LIBYAN ARAB JAMAHIRIYA;KES;4659153.273926982
812;ADGJW;BHUTAN;HUF;6901353.520528959
813;KWZZ2;MALDIVES;MRO;5071777.968603473
814;KWZZ2;CYPRUS;BDT;1342947.7529380114
815;KWZZ2;ZIMBABWE;BGN;33936.67273445545
816;KWZZ2;MACAU;VUV;1253876.6441524497
817;KWZZ2;LEBANON;XPF;713727.8249007283
818;KWZZ2;TOGO;TOP;79380.62168954064
819;IYaa1;HAITI;AUD;770.8400781462526
820;IYaa1;VENEZUELA;PHP;9017.386676418055
821;HJWZa;SAMOA;THB;91861.27386898971
822;HJWZa;SYRIAN ARAB REPUBLIC;GTQ;6927.2035748044345
823;HJWZa;BAHAMAS;MVR;15809.81580748053
824;HJWZa;BARBADOS;BGN;3210.6116940202755
825;HJWZa;KUWAIT;LVL;1155.1235264982201
826;HJWZa;BOLIVIA;LVL;774.6098972436621
827;HJWZa;CAMBODIA;CAD;2454.938725381333
828;HJWZa;TUNISIA;THB;61695.189569936854
829;HJWZa;MADAGASCAR;CNY;3262.040239197112
830;HJWZa;CAMBODIA;NPR;326673.907741261
831;HJWZa;LIBERIA;UGX;7467266.654035899
832;CGXYa;EURO;BTN;121626.96717578736
833;CGXYa;BANGLADESH;CHF;1614.7273938341964
834;CGXYa;BERMUDA;SVC;6151.015869389348
835;CGXYa;MALAYSIA;AZN;3392.165455774235
836;CDDM1;IRAN (ISLAMIC REPUBLIC OF);GMD;179268.76066110292
837;CDDM1;JORDAN;BSD;2895.628544933903
838;CDDM1;NEPAL;RUB;221239.88449126508
839;CDDM1;BHUTAN;SVC;20717.111523798416
840;KLLVc;PHILIPPINES;THB;247487.63958649896
841;KLLVc;NICARAGUA;MGA;7677464.27398331
842;KLLVc;EURO;GNF;9603010.503286889
843;KLLVc;ZAMBIA;PEN;29547.06063168631
844;KLLVc;ISRAEL;AUD;12870.878684257294
845;KLLVc;ZAMBIA;BDT;155472.72488752427
846;CCVZ2;LIBERIA;SYP;415680.2748489311
847;CCVZ2;PAPUA NEW GUINEA;UYU;155940.80139395944
848;CCVZ2;LEBANON;ANG;2497.2256079263634
849;CCVZ2;MAURITIUS;PAB;6597.665975936363
850;CCVZ2;IRAN (ISLAMIC REPUBLIC OF);INR;485444.2720592045
851;CCVZ2;MALAWI;MWK;4579366.725157725
852;CCVZ2;AZERBAIJAN;MVR;91559.52227885523
853;CCVZ2;VANUATU;SEK;19318.599792459765
854;CCVZ2;SEYCHELLES;YER;415951.0508537327
