Client;Country;Currency;Transaction
NVXYY;ISRAEL;PEN;17782.65483676829
JLWZ2;YEMEN;ALL;31147.33676245501
JLWZ2;HAITI;NIO;40942.33960789632
JLWZ2;EL SALVADOR;GMD;4704.732803235954
JLWZ2;KAZAKHSTAN;LVL;505.39310920979335
NVYY2;THAILAND;SCR;12221.800100783239
NVYY2;EGYPT;CNY;2880.59707582569
NVYY2;MEXICO;MZN;115018.14701308041
NVYY2;EURO;DOP;93591.20674342554
NVYY2;LATVIA;MZN;65153.96109226084
ADGYc;CROATIA;SCR;22192.311133968444
ADGYc;DENMARK;GHS;60256.40877881553
ADGYc;HONDURAS;UAH;25977.72983953464
ADGYc;MOZAMBIQUE;COP;31571629.664042115
ADGYc;SOMALIA;ILS;3588.587546283346
ADGYc;SAMOA;TOP;2602.2078641851544
KKVa2;DOMINICAN REPUBLIC;ANG;3203.709399398007
KKVa2;INDONESIA;CVE;122728.22114667456
KKVa2;KUWAIT;AED;5964.51144570615
KKVa2;NETHERLANDS ANTILLES;GHS;31456.281089099357
KKVa2;BERMUDA;CYP;1015.7429756680742
KKVa2;EL SALVADOR;LRD;121820.10909589753
KKVa2;KENYA;XPF;77421.5156893127
KKVa2;BELIZE;TWD;17975.395982283208
KKVa2;MAURITANIA;SZL;38437.36786389304
KKVa2;URUGUAY;BHD;467.68369370601107
KKVa2;VENEZUELA;PGK;6588.676914912137
KKVa2;ANGOLA;HNL;51016.40623003797
KKVa2;SWITZERLAND;HUF;101381.4168240128
KKVa2;BULGARIA;BTN;16818.592809474554
KKVa2;LAO PEOPLE'S DEMOCRATIC REP;STD;10838745.50164285
KKVa2;UKRAINE;VES;5112.70866468198
KKVa2;MOROCCO;MWK;726672.9400096158
KKVa2;TAIWAN, PROVINCE OF CHINA;AOA;1038679.7726490963
KKVa2;DOMINICAN REPUBLIC;ZAR;4718.8904980346115
DKNb2;PHILIPPINES;BDT;317486.85110495036
DKNb2;BELARUS;MAD;41648.94143438441
DKNb2;VIET NAM;KES;160796.14524169
DKNb2;JAPAN;JMD;581339.5208961611
DKNb2;PERU;VND;108297994.34701307
DKNb2;IRAQ;VUV;19288.329651801163
DKNb2;SYRIAN ARAB REPUBLIC;SDG;407168.9729088719
DKNb2;SAO TOME AND PRINCIPE;COP;22113664.229673512
DKNb2;INDIA;ZWL;1943851.2481886286
EGJ23;EL SALVADOR;BWP;53557.484446331626
HKMN1;CROATIA;GMD;94176.86174624448
HKMN1;UNITED KINGDOM;ZMW;143855.88066213104
HKMN1;BULGARIA;COP;8471194.480908938
HKMN1;EL SALVADOR;UGX;32750773.56509336
HKMN1;INDIA;TOP;7202.35211063507
HKMN1;TOGO;MOP;16186.904909921448
HKMN1;FRENCH POLYNESIA;MVR;46521.03758811663
HKMN1;SINGAPORE;RSD;132288.02112040433
HKMN1;DOMINICA;NPR;424232.29003392014
HKMN1;BRUNEI DARUSSALAM;GMD;450960.12165141513
HKMN1;JAPAN;INR;466199.16214855557
HKMN1;TURKEY;AWG;11880.035417405219
HKMN1;DOMINICAN REPUBLIC;MRO;1705735.4074141535
HKMN1;CYPRUS;NZD;880.0410020065073
HKMN1;CHILE;PAB;8782.747685453229
HKMN1;SOUTH AFRICA;TOP;18833.321201288516
HKMN1;SAMOA;DOP;177818.18509046084
HKMN1;THAILAND;TND;12663.023125518532
HKMN1;YEMEN;CYP;1302.2986779506111
DDKZ1;EGYPT;LKR;5068674.419993428
DDKZ1;CZECH REPUBLIC;TRY;805104.1640201757
DDKZ1;SAMOA;CRC;5049410.271375688
DDKZ1;AZERBAIJAN;UGX;152690639.51692098
DDKZ1;SERBIA;LAK;763046246.3408971
DDKZ1;FIJI;PKR;10674054.530236758
DDKZ1;NICARAGUA;BWP;146960.09367606277
DDKZ1;BERMUDA;DKK;218793.00184467735
DDKZ1;JAMAICA;MUR;1395720.0545182335
DDKZ1;GHANA;XPF;4994043.872155579
EFHNZ;POLAND;BOB;79517.93693626099
EFHNZ;NICARAGUA;MWK;177692.57101122302
EFHNZ;COSTA RICA;TND;30755.97101510796
EFHNZ;UGANDA;NZD;14411.861117346241
EFHNZ;ICELAND;PHP;627508.773809398
EFHNZ;SOMALIA;TRY;111111.47486901475
EFHNZ;SWEDEN;FJD;5060.077680092593
EFHNZ;BARBADOS;STD;77504874.98261619
EFHNZ;KAZAKHSTAN;MMK;12243555.959044259
EFHNZ;ROMANIA;ETB;598935.5342816162
EFHNZ;POLAND;INR;378109.6793925725
EFHNZ;SAO TOME AND PRINCIPE;NAD;225074.22090243385
EFHNZ;INDONESIA;BIF;20722319.35096442
EFHNZ;BELARUS;WST;28025.094294458948
EFHNZ;MACAU;PAB;12401.122213163486
EFHNZ;KENYA;PKR;3257245.6227456927
EFHNZ;AZERBAIJAN;XOF;7313579.849539092
EFHNZ;BURUNDI;EGP;259632.53550786647
EFHNZ;GHANA;GTQ;14496.64773672964
NYc22;GUYANA;LKR;1666536.3658281465
NYc22;CHINA;ALL;528258.5992872936
NYc22;CYPRUS;DZD;1189378.921452229
NYc22;MALDIVES;JMD;811026.6106781244
NYc22;KAZAKHSTAN;KHR;8677754.104756072
NYc22;MAURITIUS;XPF;263189.0473977177
NYc22;CHINA;ANG;11005.843135021527
NYc22;MAURITANIA;SGD;1952.0345867021767
NYc22;ARGENTINA;TWD;166350.96124537577
NYc22;SOLOMON ISLANDS;DZD;963136.3130210176
NYc22;THAILAND;PKR;1453909.9389370792
NYc22;RWANDA;CHF;8130.0746525739405
NYc22;MACAU;LYD;41766.69274757273
NYc22;FRENCH POLYNESIA;AOA;275314.76916424866
NYc22;PARAGUAY;BND;1368.2951703592894
NYc22;SWEDEN;MVR;16603.575342741748
GGYc2;BOLIVIA;BZD;4100.984587520716
GGYc2;ARGENTINA;SYP;1607170.3970144033
GGYc2;CAMBODIA;UYU;41392.31082725095
GGYc2;SRI LANKA;RON;47088.37199410594
GGYc2;SWAZILAND;ILS;37948.453929217234
GGYc2;SOLOMON ISLANDS;MWK;12147867.137899738
GGYc2;QATAR;XAF;2708604.4021290876
GGYc2;BHUTAN;ILS;2936.4002589750944
GGYc2;CHINA;ZWL;5788389.905701177
GGYc2;CZECH REPUBLIC;SYP;6516004.272403703
GGYc2;HUNGARY;BRL;67480.61604994052
GGYc2;ZAMBIA;EGP;305707.8721570148
GGYc2;CAPE VERDE;NGN;17509.422183904637
MWWa3;PERU;AWG;2695.9199724116347
DHHN1;NETHERLANDS ANTILLES;PES;233907.76242968423
DHHN1;CAPE VERDE;KHR;14777173.501543483
AGINb;BHUTAN;IDR;135836261.84789613
AGINb;FRENCH POLYNESIA;BRL;16787.719066548456
AGINb;INDIA;ARS;2226567.9391244818
AGINb;NETHERLANDS ANTILLES;XOF;5543819.508659618
AGINb;TANZANIA, UNITED REPUBLIC OF;BZD;14188.749851216151
AGINb;BAHRAIN;SLL;144294560.23873946
AGINb;BRAZIL;UYU;209365.63362649115
AGINb;HAITI;BWP;37277.701674251795
AGINb;CAYMAN ISLANDS;TRY;171046.61190494557
AGINb;NEPAL;NAD;75626.31813576823
AGINb;EURO;HUF;2527245.78367846
AGINb;SWEDEN;SYP;3047593.761906041
AGINb;ALGERIA;RUB;94236.45553668207
AGINb;BANGLADESH;XCD;25966.447780655963
AGINb;SIERRA LEONE;HKD;52857.509821169864
AGINb;NETHERLANDS ANTILLES;EUR;5544.906493844151
EGGIX;LATVIA;STD;9148244.370553961
EGGIX;CZECH REPUBLIC;BSD;82.7398001158919
EGGIX;HUNGARY;CNY;404.75578341880595
EGGIX;DOMINICAN REPUBLIC;GNF;601969.0359964937
EGGIX;COSTA RICA;JPY;270.9255231262914
IMM22;ICELAND;HNL;15835.327287790555
IMM22;SOMALIA;TTD;7208.230745865481
IMM22;GUYANA;BBD;1480.8422957879527
