Client;Country;Currency;Transaction
BFFWb;UGANDA;BOB;840.622775743991
BFFWb;BARBADOS;PLN;10206.813039692503
BFFWb;MALDIVES;CHF;1227.8638800925453
BFFWb;CAPE VERDE;MAD;22525.425465674944
BFFWb;THAILAND;ISK;303204.49577427906
BFFWb;CROATIA;VUV;314621.4949398166
BFFWb;BRAZIL;BGN;333.6714947465035
EEIYb;FRENCH POLYNESIA;CLP;1319010.9448011192
EEIYb;SEYCHELLES;RSD;757335.9967094675
EEIYb;MALAYSIA;SZL;1912.9332464445731
EEIYb;PERU;XOF;97713.65301437656
EEIYb;JORDAN;MYR;17239.4533581479
EEIYb;ZAMBIA;BTN;107435.36787783631
ABMYZ;ISRAEL;MOP;19874.83843347855
ABMYZ;UNITED KINGDOM;ILS;13528.841510843971
ABMYZ;PHILIPPINES;BND;6995.807901030889
ABMYZ;EGYPT;STD;-1416535.4982221886
ABMYZ;VANUATU;SEK;75657.61107791883
ABMYZ;SEYCHELLES;MRO;922055.8658741382
ABMYZ;NEW ZEALAND;PGK;5752.743848362471
ABMYZ;HONG KONG;SGD;90.41260021098154
ABMYZ;TURKEY;XPF;578862.5027244997
ABMYZ;AUSTRALIA;NPR;574796.0027066851
ABMYZ;CANADA;RWF;7508791.995282888
ABMYZ;MAURITIUS;BOB;25705.033831815574
ABMYZ;SOMALIA;KES;202861.11786297805
ABMYZ;VANUATU;COP;19411328.02937739
ABMYZ;HONDURAS;TRY;138103.14291188988
ABMYZ;SEYCHELLES;AZN;397.1239761064273
ABMYZ;BURUNDI;DOP;292487.9937197316
ABMYZ;GAMBIA;AUD;736.0065849775048
CCNNc;BANGLADESH;QAR;8193.302508095236
CCNNc;IRAN (ISLAMIC REPUBLIC OF);RSD;203152.09333936326
CCNNc;CANADA;GHS;23268.163134386454
CCNNc;THAILAND;FJD;3132.5408928567767
CCNNc;TOGO;STD;42052452.62661103
AGWa3;BURUNDI;XAF;8112185.7407121295
AGWa3;TOGO;DZD;1779192.6571088217
AGWa3;SURINAME;RUB;1213350.3455943223
AGWa3;SOLOMON ISLANDS;EUR;27807.249256085386
AGWa3;BOLIVIA;HUF;15519026.890718136
AGWa3;BOLIVIA;SDG;2336615.8056115606
AGWa3;LEBANON;NOK;18572.34104478938
AGWa3;BHUTAN;BSD;20434.17054825808
AGWa3;AUSTRALIA;SCR;147006.70503086917
AGWa3;LAO PEOPLE'S DEMOCRATIC REP;SLL;336838089.0176688
AGWa3;OMAN;MRO;12236023.42115844
BJVaa;CHILE;CVE;76221.65148942094
BJVaa;BERMUDA;VND;324153979.1532834
BJVaa;GAMBIA;INR;1299204.298688905
BJVaa;RWANDA;COP;24956757.716169074
BJVaa;BAHRAIN;BND;11124.792651458652
BJVaa;ROMANIA;YER;1458554.9159262083
BJVaa;TOGO;SYP;10965285.765060699
BJVaa;MALDIVES;STD;516996708.8461092
BJVaa;FIJI;JOD;19115.31661198576
BJVaa;DOMINICA;EUR;6188.348058599348
BJVaa;SUDAN;PKR;5744491.634109492
GKXY2;BHUTAN;BOB;152787.83519772298
GKXY2;KAZAKHSTAN;OMR;7027.044422258628
GKXY2;ICELAND;AUD;19039.505758147014
GKXY2;MEXICO;BRL;202777.11321207526
GKXY2;SWEDEN;ZMW;72777.31588478945
GKXY2;PERU;MZN;1531110.096838569
GKXY2;MEXICO;LVL;10769.339918300742
GKXY2;CAYMAN ISLANDS;NIO;703512.8195270855
GKXY2;THAILAND;YER;3860060.1444948385
GKXY2;SWEDEN;MOP;260405.45306101503
GKXY2;KOREA, REPUBLIC OF;MOP;254512.08299053583
GKXY2;BELIZE;JMD;4306332.701863176
GKXY2;AZERBAIJAN;PYG;100110032.8793301
GKXY2;BARBADOS;MZN;2353432.735250976
GKXY2;ZAMBIA;HRK;76663.65030311052
GKXY2;TOGO;CYP;1803.1789364660635
EFJY1;NEW ZEALAND;BYR;170406955.13972363
EFJY1;RUSSIAN FEDERATION;MYR;14357.470354182406
EFJY1;PANAMA;MXN;136105.81207211252
EFJY1;DJIBOUTI;LBP;10102587.838679785
EFJY1;UKRAINE;KES;444934.05463901296
EFJY1;BARBADOS;TOP;13387.75401098357
EFJY1;LEBANON;TND;17125.48286489321
EFJY1;FRENCH POLYNESIA;DZD;265305.32800359215
EFJY1;LATVIA;HRK;32302.40033987631
EFJY1;CAYMAN ISLANDS;UYU;282419.2388697303
EFJY1;MEXICO;RUB;10654.09334762498
EFJY1;PERU;CVE;158126.64865876245
EFJY1;NAMIBIA;BOB;11048.245520775445
EFJY1;MOZAMBIQUE;PEN;17880.931596806517
EFJY1;SOUTH AFRICA;MWK;2830214.3370848144
EFJY1;UNITED KINGDOM;SCR;29686.20443244079
EFJY1;HONG KONG;CAD;5893.4263021644765
EFJY1;HUNGARY;ALL;396168.6152460965
GXacc;ZIMBABWE;AOA;5091991.063340418
GXacc;INDONESIA;BZD;63564.02936514646
GXacc;MALAYSIA;BHD;3795.7165785621437
GXacc;SAUDI ARABIA;AUD;11720.789993198197
GXacc;SURINAME;THB;87809.15802375192
GXacc;EURO;TTD;186124.22665373754
GXacc;KOREA, REPUBLIC OF;SVC;2351.8560633128254
GXacc;MAURITIUS;MMK;31072063.867235556
GXacc;LIBERIA;XAF;23051207.02564396
GXacc;DJIBOUTI;ISK;478962.5432147753
GXacc;DOMINICA;JMD;2812698.533411729
GXacc;ZAMBIA;CVE;3809238.1947704405
GXacc;ARUBA;CAD;10099.31561026377
GXacc;QATAR;HUF;5354323.119227804
ABHcc;UNITED KINGDOM;NOK;8869.169112058982
ABHcc;CYPRUS;SRD;122315.36069011538
ABHcc;ISRAEL;TZS;5891991.108377745
ABHcc;ZIMBABWE;LAK;18424460.19204746
ABHcc;ANGOLA;CLP;854286.6247233886
ABHcc;NEPAL;GTQ;12560.572658609677
ABHcc;BRUNEI DARUSSALAM;RUB;118358.16530485539
AAAAV;BURUNDI;BMD;6315.40571634869
AAAAV;HAITI;DJF;5465507.275182825
AAAAV;RWANDA;TZS;53092652.96976928
AAAAV;SIERRA LEONE;COP;81266102.15863149
AAAAV;BAHRAIN;LVL;12613.462536390098
AAAAV;TRINIDAD AND TOBAGO;RSD;785274.0104526659
AAAAV;PAKISTAN;ALL;1402793.2238061447
AAAAV;NAMIBIA;ZAR;425236.7541854027
AAAAV;RUSSIAN FEDERATION;KRW;26757007.951142304
AAAAV;UGANDA;BDT;195712.8172441738
AAAAV;CHINA;KRW;32551689.313814837
AAAAV;EGYPT;NPR;3005905.7916579065
DDDIW;BOTSWANA;GHS;309983.47243938054
DDDIW;POLAND;COP;216960961.60151243
DDDIW;THAILAND;AED;32363.01801792645
DDDIW;BERMUDA;EGP;148555.22348583108
DDDIW;COLOMBIA;KZT;14502800.274390588
DDDIW;NAMIBIA;MWK;6809737.6763168005
DDDIW;JAMAICA;LBP;36379995.21554125
DDDIW;TAIWAN, PROVINCE OF CHINA;SOS;19248759.932131127
DDDIW;SIERRA LEONE;KHR;60249865.90892677
DDDIW;SWAZILAND;ZMW;461249.0940903552
DDDIW;GUATEMALA;ISK;2642189.1681685434
DDDIW;SERBIA;SGD;2585.457060133258
DDDIW;CYPRUS;DOP;2321249.9109968725
DDDIW;NAMIBIA;LVL;28002.8013973705
DDDIW;YEMEN;PKR;9028594.637471534
DDDIW;DOMINICA;SDG;9738715.431915015
DDDIW;SOMALIA;DJF;652903.2885361818
DDDIW;EURO;HRK;244785.45647637625
EEEb1;CANADA;SZL;19777.315815761882
EEEb1;GUYANA;NPR;353511.16081019177
EEEb1;RWANDA;KHR;4168035.6607103962
EEEb1;TONGA;STD;-19459.666296925217
EEEb1;SRI LANKA;PGK;5445.10231238037
EEEb1;HONDURAS;VUV;110455.66079525673
EEEb1;MEXICO;MMK;2265824.5504090204
EEEb1;CZECH REPUBLIC;CLP;1828259.339315902
EEEb1;MAURITIUS;LYD;5830.989264067186
EEEb1;INDONESIA;SYP;111954.40095984275
EEEb1;UKRAINE;TWD;17327.178713053177
EEEb1;LIBERIA;RWF;183436.22958500404
EEEb1;SOUTH AFRICA;ARS;-1814.7713742900262
EEEb1;UNITED ARAB EMIRATES;QAR;2461.0515675422303
EEEb1;OMAN;ILS;1815.6421445326434
EEEb1;LATVIA;XOF;1303202.1387648396
EEEb1;TURKEY;NPR;339039.5226588987
HLMM1;ETHIOPIA;THB;128618.29530299336
HLMM1;CYPRUS;HUF;386718.5918517346
HLMM1;THAILAND;ILS;9184.740927370869
HLMM1;MALAWI;HNL;73893.02891847253
HLMM1;NAMIBIA;BSD;354.93719131319006
HLMM1;TOGO;EUR;1459.8257069633512
HLMM1;BURUNDI;XAF;461975.56716981146
HLMM1;CANADA;SBD;7188.693755167526
HLMM1;ZIMBABWE;OMR;887.6259653100532
HLMM1;CAYMAN ISLANDS;OMR;1305.970329780236
HLMM1;MAURITIUS;LBP;4179340.765949616
HLMM1;COSTA RICA;UAH;57274.35176213016
HLMM1;PERU;ARS;680701.6543438416
HLMM1;AZERBAIJAN;HUF;844423.493597374
HLMM1;FIJI;FJD;4426.048404675442
HLMM1;BAHAMAS;LRD;385356.64020261785
HLMM1;VIET NAM;NAD;3689.4170218101617
HLMM1;SOMALIA;SDG;1504312.2407010118
HLMM1;JORDAN;JPY;36391.539106822616
AHHLY;SERBIA;HNL;21552.806786117617
AHHLY;CYPRUS;BND;501.66847878022077
AHHLY;ICELAND;CYP;330.18087949489836
AHHLY;ROMANIA;VUV;130996.31196143283
AHHLY;LIBERIA;PKR;34023.09073072985
AHHLY;ANGOLA;PLN;3390.8730141621936
AHHLY;TAIWAN, PROVINCE OF CHINA;BIF;875035.2607803765
AHHLY;SUDAN;SBD;7118.399610460733
AHHLY;YEMEN;TWD;25132.35224218081
AHHLY;BARBADOS;QAR;4139.887709474777
AHHLY;KENYA;IRR;7343785.628627647
AHHLY;ARGENTINA;GMD;19944.83411142142
AHHLY;AUSTRALIA;KES;128935.06605755376
AHHLY;BOLIVIA;ISK;40530.15514574052
AHHLY;SOUTH AFRICA;BOB;7847.262124034758
KXcc3;ZAMBIA;KYD;11482.149984098189
ACGHb;RUSSIAN FEDERATION;SDG;7932733.836050637
ACGHb;THAILAND;PGK;21240.411634303044
ACGHb;NEW ZEALAND;XOF;2148746.966499628
ACGHb;BHUTAN;LKR;4608976.333265651
FGJVX;TUNISIA;NPR;1350299.914292591
FGJVX;SUDAN;BRL;45820.869145544166
FGJVX;VIET NAM;KRW;18070903.720855758
FGJVX;KOREA, REPUBLIC OF;SLL;206463973.6079059
FGJVX;LEBANON;KZT;2516726.24931945
FGJVX;UKRAINE;MZN;604453.3633238742
FGJVX;BAHRAIN;CNY;84020.60966606058
FGJVX;TANZANIA, UNITED REPUBLIC OF;ZWL;4488336.358614672
FGJVX;AZERBAIJAN;SOS;5850850.454395591
FGJVX;SAO TOME AND PRINCIPE;PHP;106019.96992092452
FGJVX;BULGARIA;YER;2508400.5376058426
FGJVX;MAURITANIA;BOB;82554.82669771486
FGJVX;EURO;LVL;346.33404173178667
FGJVX;BOLIVIA;UGX;44805265.82376083
FGJVX;DOMINICA;GYD;1956224.4895371099
FGJVX;BRUNEI DARUSSALAM;CVE;280245.0939070853
FGJVX;CROATIA;MOP;32488.450906204544
FGJVX;SWEDEN;GYD;2422601.0718543916
FGJVX;SAMOA;UGX;15563131.954826014
FGJVX;NIGERIA;VUV;1138264.130656363
EGHW1;GHANA;HTG;193.20437354856398
EGHW1;BAHAMAS;XPF;6414.71135682893
EGHW1;KUWAIT;DOP;2923.448237579511
EGHW1;IRAN (ISLAMIC REPUBLIC OF);LVL;26.250646304597204
EGHW1;COSTA RICA;IRR;115211.92011837027
EGHW1;URUGUAY;AWG;109.22986716278922
HIX23;JORDAN;DJF;1644900.181451099
HIX23;AUSTRALIA;PEN;6992.969331556465
HIX23;SWEDEN;NZD;7818.2579823932765
HIX23;THAILAND;SCR;66184.02778346089
HIX23;EGYPT;HKD;37051.625816974636
HIX23;SINGAPORE;ZAR;76385.72197159585
HIX23;CAPE VERDE;ZWL;2352018.963457336
HIX23;DJIBOUTI;BDT;216082.51969579165
HIX23;BELARUS;CHF;8231.908108071695
HIX23;ALGERIA;HRK;58685.176527222735
HIX23;CHILE;CRC;5455312.477840598
HIX23;SEYCHELLES;SGD;2713.389472625557
HIX23;LIBERIA;RUB;422126.83922719886
HIX23;BANGLADESH;HKD;1393.1411307182464
HIX23;CROATIA;VES;-208.9154126965117
HIX23;SOMALIA;IDR;27321592.973239034
FLL33;EURO;ETB;372194.42708297964
FLL33;ISRAEL;HRK;45373.17961367478
FLL33;BARBADOS;ISK;781386.1187136644
FLL33;ICELAND;SEK;53130.29589656706
FLL33;VENEZUELA;CAD;15560.799288309468
FLL33;VANUATU;YER;2177339.027087986
FLL33;NIGERIA;NZD;18675.163429317894
FLL33;PERU;VES;161496.0717429672
FLL33;DJIBOUTI;TTD;42445.76984776606
FLL33;INDIA;CAD;6914.271953383639
FLL33;BELARUS;CVE;969811.2317402958
FLL33;CENTRAL AFRICAN REPUBLIC;LBP;9315067.071725696
FLL33;SAO TOME AND PRINCIPE;BIF;15125631.849898493
FLL33;ZAMBIA;MRO;1631144.1416462841
BIIVY;NIGERIA;PYG;18667384.003375992
BIIVY;BELARUS;TWD;30057.489442376962
BIIVY;MAURITIUS;SOS;57984.79637660142
BIIVY;DOMINICAN REPUBLIC;STD;23593541.05409709
BIIVY;SOMALIA;HUF;234428.2365740241
BIIVY;TRINIDAD AND TOBAGO;ETB;125451.9108261488
BIIVY;INDONESIA;LAK;20119214.359908964
BIIVY;LAO PEOPLE'S DEMOCRATIC REP;SDG;191373.08551910607
BIIVY;LIBERIA;JMD;109011.90603944188
BIIVY;SWITZERLAND;ETB;7995.787395522549
BIIVY;PHILIPPINES;MYR;11327.201216455902
BIIVY;COSTA RICA;RWF;4171923.040821614
BIIVY;EGYPT;UAH;113916.0232138176
BIIVY;LATVIA;YER;586091.0901182585
BIIVY;MALAYSIA;BGN;6161.904479324743
BIIVY;TRINIDAD AND TOBAGO;SDG;1920889.4494124735
FKMXa;JAMAICA;SCR;154255.72183907733
FKMXa;SERBIA;HKD;63554.89711743892
FKMXa;GUYANA;SYP;4367437.633089548
FKMXa;BANGLADESH;MYR;5894.688049338033
FKMXa;BOTSWANA;ARS;909044.1415168631
FKMXa;MAURITANIA;TND;12263.220107026109
FKMXa;SEYCHELLES;MVR;235647.73590504253
ACDLV;ARGENTINA;STD;44185138.23433001
ACDLV;TUNISIA;PAB;14134.811999069552
ACDLV;NORWAY;EUR;13442.784468977125
ACDLV;SWAZILAND;HUF;1526140.408878525
ACDLV;BAHRAIN;GBP;1833.7692905258677
ACDLV;BARBADOS;GTQ;44654.88073954237
ACDLV;TUNISIA;YER;1478921.413760701
ACDLV;CAYMAN ISLANDS;NIO;125372.6576984868
ACDLV;CHINA;MAD;40364.878906728234
ACDLV;SRI LANKA;KES;26635.823497431546
ACDLV;EURO;RON;59875.47663737521
ACDLV;GUATEMALA;BTN;207694.39160375093
ACDLV;CHINA;BOB;97253.33372634237
ACDLV;KENYA;SYP;1601773.7284972721
ACDLV;OMAN;ALL;761064.8077110101
ACDLV;NICARAGUA;EUR;2810.0252612529343
ACDLV;PARAGUAY;MUR;166951.45633919092
ACDLV;KENYA;ZAR;180199.95528420556
AIKZZ;EL SALVADOR;NAD;172626.2289935419
AIKZZ;MADAGASCAR;BRL;25529.95671371156
AIKZZ;VENEZUELA;GHS;2116.5486952318593
AIKZZ;THAILAND;KHR;42802223.23933178
AIKZZ;CYPRUS;CZK;227289.63751885327
AIKZZ;KENYA;ANG;14669.925601732173
AIKZZ;BOLIVIA;XPF;2352117.8547544098
AIKZZ;MYANMAR;AUD;20544.215287313502
CLVV2;TOGO;BZD;28984.030501890105
CLVV2;SWAZILAND;TTD;24323.287762950597
CLVV2;MALDIVES;ARS;3263035.481581296
AMNX2;GUATEMALA;ETB;231942.83688378596
AMNX2;TOGO;CVE;544831.8234842563
AMNX2;BOTSWANA;YER;880105.0744590893
AMNX2;ARGENTINA;BMD;1521.8332080003022
AMNX2;BARBADOS;TTD;13260.198704628345
AMNX2;BELARUS;SDG;1836001.2025677012
AMNX2;AZERBAIJAN;CLP;4348105.118478952
AMNX2;TONGA;ZWL;2655194.955789922
AMNX2;BOLIVIA;RON;4267.403394312064
AMNX2;BULGARIA;SEK;46362.04514029537
AMNX2;NIGERIA;KRW;1157034.666900404
AMNX2;HAITI;MUR;113764.26351494298
AMNX2;GUATEMALA;GTQ;36829.02796288468
AMNX2;BOLIVIA;LBP;3922137.6760097654
KNbb3;SWEDEN;SLL;11558454.178102806
KNbb3;LIBYAN ARAB JAMAHIRIYA;CNY;9732.55691320175
KNbb3;IRAN (ISLAMIC REPUBLIC OF);KYD;772.0255257668582
KNbb3;RUSSIAN FEDERATION;XCD;2901.8867493923017
KNbb3;GUYANA;HNL;6167.730781044034
KNbb3;CZECH REPUBLIC;GBP;612.9788584323293
KNbb3;KAZAKHSTAN;HRK;4084.482479756635
KNbb3;BELARUS;HRK;4563.212346461278
JYZZa;FIJI;CNY;69274.28602904319
JYZZa;KOREA, REPUBLIC OF;PKR;625097.1319590285
JYZZa;GAMBIA;SEK;4310.771539308371
JYZZa;MEXICO;YER;1796501.414080207
JYZZa;NEW ZEALAND;NGN;1205424.2189992173
JYZZa;SURINAME;JOD;1037.8330530183966
JYZZa;LEBANON;GTQ;28726.388481552498
JYZZa;MOZAMBIQUE;EGP;36835.19668864855
JYZZa;CENTRAL AFRICAN REPUBLIC;HNL;139888.28714628378
JYZZa;LAO PEOPLE'S DEMOCRATIC REP;KZT;107768.44486693187
JYZZa;PERU;ISK;344577.1524334771
JYZZa;BULGARIA;SGD;8216.951083926162
DELYY;BAHAMAS;DOP;110247.54109069804
DELYY;BELARUS;BTN;193649.53610478583
DELYY;EURO;MUR;144438.40377268736
DELYY;RUSSIAN FEDERATION;NAD;2783.950699495547
DELYY;JORDAN;LAK;64328123.45785734
DELYY;BELARUS;TRY;25985.85101859976
DELYY;TUNISIA;CVE;211684.7198452567
DELYY;CENTRAL AFRICAN REPUBLIC;PLN;2628.28685399628
DELYY;TURKEY;QAR;13803.40152014289
DELYY;FRENCH POLYNESIA;CHF;3013.348957706275
DELYY;DENMARK;TND;-8.39156420116223
DELYY;FIJI;RWF;2511363.528378694
DELYY;GUATEMALA;BBD;3429.933768378445
DELYY;UNITED KINGDOM;IDR;66478839.69863874
DELYY;MAURITIUS;UYU;167308.3548307403
DELYY;TOGO;LYD;329.42340559964526
DELYY;RUSSIAN FEDERATION;BRL;6035.843545015012
DELYY;BULGARIA;ZAR;29963.11359322297
DELYY;SAMOA;SVC;950.6552651802591
DELYY;IRAN (ISLAMIC REPUBLIC OF);PKR;139039.1460852651
Ba333;BANGLADESH;KZT;132139.9452049384
Ba333;BELARUS;IDR;123292808.16925207
Ba333;TONGA;EGP;192443.69855929026
Ba333;LIBERIA;STD;162811531.01014984
Ba333;SINGAPORE;KYD;7345.512555751847
Ba333;COLOMBIA;CLP;8092491.271416249
Ba333;FIJI;HRK;-682.1727821286188
Ba333;SRI LANKA;MOP;44032.49433693309
Ba333;MYANMAR;PLN;27436.509635410537
Ba333;PHILIPPINES;IDR;2005287.0163939213
EHNb2;BOLIVIA;MWK;11193273.18668701
EHNb2;COSTA RICA;LKR;6286519.85268049
EHNb2;NETHERLANDS ANTILLES;CRC;2712307.257783056
EHNb2;BARBADOS;JOD;5366.099615715943
EHNb2;BULGARIA;PKR;1797781.4597797901
EHNb2;CAMBODIA;MXN;244096.52361108465
EHNb2;MACAU;TRY;268103.12903719826
EHNb2;DOMINICA;CLP;485937.16348243237
EHNb2;SOUTH AFRICA;AUD;23651.62658564939
EHNb2;HAITI;UYU;128203.39582203566
EHNb2;PAPUA NEW GUINEA;SDG;757695.1920412255
EHNb2;MEXICO;DOP;598052.915985454
EHNb2;LIBERIA;UGX;14552951.751298927
EHNb2;ISRAEL;NZD;22323.80648870688
EHNb2;BELIZE;PAB;14463.649682853922
EHNb2;ZIMBABWE;OMR;3084.8345561727656
EHNb2;KOREA, REPUBLIC OF;BYR;91369631.13985406
EHNb2;NETHERLANDS ANTILLES;MMK;41734050.04214451
HVZ23;CYPRUS;CVE;3347778.9596015303
HVZ23;MALAYSIA;CYP;9362.184854883817
HVZ23;ARGENTINA;DKK;211039.48024328085
HVZ23;MAURITIUS;AZN;19887.359311135948
HVZ23;ROMANIA;NIO;1357933.9537158327
HVZ23;BAHAMAS;HRK;190307.00855330224
HVZ23;RWANDA;MMK;44877984.60321608
HVZ23;UNITED ARAB EMIRATES;RUB;2419767.1013537706
HVZ23;CHINA;UAH;1504880.2863725175
HVZ23;SOLOMON ISLANDS;COP;57154009.403481685
HVZ23;PAKISTAN;MWK;15143965.648128975
HVZ23;CAYMAN ISLANDS;XPF;3893.7753444231976
HVZ23;SOLOMON ISLANDS;XCD;90508.57836763372
HVZ23;KAZAKHSTAN;LAK;446530369.2809065
HVZ23;ARGENTINA;MRO;14241326.497533394
HVZ23;URUGUAY;XPF;1686491.4460532977
HVZ23;CENTRAL AFRICAN REPUBLIC;GTQ;126306.25998016784
AFGIK;BARBADOS;DJF;174264.36716909983
AFGIK;BELARUS;XAF;335950.2386225534
AFGIK;KOREA, REPUBLIC OF;MRO;401678.45059428766
BBHJb;SEYCHELLES;PHP;187975.10114567127
BBHJb;PAKISTAN;CRC;4617952.294534841
BBHJb;VENEZUELA;LKR;3960503.5170959337
BBHJb;SWEDEN;LYD;55461.310063816614
BBHJb;URUGUAY;SAR;41590.48729009119
BBHJb;FIJI;KYD;3016.2993271176624
BBHJb;IRAQ;KYD;2245.2482282466262
BBHJb;UNITED ARAB EMIRATES;PAB;2074.262718478302
BBHJb;DENMARK;OMR;1232.5367930504767
BBHJb;GAMBIA;CLP;2545349.898259297
BBHJb;COLOMBIA;COP;20729270.69593255
BBHJb;MEXICO;MAD;69757.15121961133
BBHJb;THAILAND;PKR;1465179.508059706
BBHJb;GHANA;IRR;493477666.60059726
BBHJb;NAMIBIA;PGK;7456.315141446179
BBHJb;EL SALVADOR;VUV;578666.5435522532
BBHJb;NIGERIA;VUV;305652.9867443271
BBHJb;MEXICO;MVR;181442.19565141766
BBHJb;BOTSWANA;BDT;1098365.56736685
BBHJb;SERBIA;MAD;86458.55378199507
BCDWa;BANGLADESH;SGD;11409.944171886713
BCDWa;MALAYSIA;NGN;4098613.5275890077
BCDWa;PAPUA NEW GUINEA;MXN;272959.4297663827
BCDWa;JAMAICA;GBP;8549.836985661312
BCDWa;LAO PEOPLE'S DEMOCRATIC REP;DOP;643000.4910941388
BCDWa;MYANMAR;WST;33558.260239224604
GVXa3;SUDAN;MWK;183023.12082443177
GVXa3;THAILAND;SRD;4915.6789408732875
GVXa3;DOMINICAN REPUBLIC;EUR;59.89585451656976
GVXa3;NEW ZEALAND;AOA;223528.45696732862
GVXa3;ICELAND;KHR;85804.27563406584
GVXa3;SINGAPORE;MZN;20813.423767009594
GVXa3;BRAZIL;AZN;84.68095750495051
GVXa3;THAILAND;MVR;7286.301737303707
GVXa3;VANUATU;XOF;55400.55489139289
GVXa3;HONDURAS;XPF;38828.452134981584
GVXa3;VIET NAM;HTG;1191.9697605407018
GVXa3;NEPAL;MUR;21923.976562520642
IJNVV;QATAR;VES;109501.66105576727
IJNVV;BHUTAN;SEK;45613.001347662735
IJNVV;BRAZIL;XAF;932217.2031613904
IJNVV;SOMALIA;BMD;12638.835724004995
IJNVV;SRI LANKA;CZK;506330.27498818183
IJNVV;MOROCCO;THB;224510.6233449965
IJNVV;LIBERIA;KES;2221437.2448037616
IJNVV;TUNISIA;BND;42391.7335522907
IJNVV;DOMINICAN REPUBLIC;EUR;15039.633458150429
IJNVV;JAMAICA;XOF;22062473.808152907
IJNVV;TOGO;DOP;1508544.0126835238
IJNVV;LEBANON;BRL;83783.15754869605
IJNVV;COLOMBIA;MVR;506635.52745595516
IJNVV;BARBADOS;BWP;77262.05328152506
IVXZc;BOTSWANA;IRR;127847874.39115186
IVXZc;TURKEY;SGD;4070.29817883368
IVXZc;CZECH REPUBLIC;CVE;2861944.1598746036
IVXZc;SIERRA LEONE;CYP;10480.163496409521
IVXZc;SAMOA;PHP;886493.1581103713
IVXZc;SERBIA;GTQ;166817.73964602378
IVXZc;GUYANA;IRR;896882624.2010106
IVXZc;PARAGUAY;ILS;85633.44886610283
IVXZc;MADAGASCAR;PES;4625498.329832842
IVXZc;SWEDEN;XOF;8654604.552390145
IVXZc;POLAND;NIO;569299.0598448438
W2223;SAUDI ARABIA;BOB;7876.605498159546
W2223;EGYPT;CHF;5431.467858793782
W2223;YEMEN;NPR;1183056.3529460419
W2223;DJIBOUTI;EGP;146293.86559276085
W2223;EL SALVADOR;LBP;4932075.089957254
W2223;BRAZIL;UGX;33642145.663186625
W2223;QATAR;WST;29178.139447215646
W2223;FRENCH POLYNESIA;BGN;8524.92764438671
W2223;CAMBODIA;PKR;2742483.4615583466
W2223;THAILAND;PKR;2977763.544051287
AFJJW;BELIZE;EGP;37431.44818598715
AFJJW;CAYMAN ISLANDS;DKK;11184.898318373127
AFJJW;EURO;TTD;8312.31193075124
AFJJW;JORDAN;FJD;1342.0644020473542
AFJJW;LEBANON;MVR;2023.7543916888967
AFJJW;CANADA;HRK;652.8184579145036
AFJJW;RUSSIAN FEDERATION;GHS;2654.1298407450035
AFJJW;ZIMBABWE;NPR;40428.29081430103
AFJJW;CAMBODIA;XCD;1627.1229052056897
AFJJW;SURINAME;LKR;264129.38257128
AFJJW;TRINIDAD AND TOBAGO;BOB;4897.44180987033
AFJJW;HONDURAS;ETB;80219.78691920002
AFJJW;CAYMAN ISLANDS;VND;17792395.89541882
AFJJW;CZECH REPUBLIC;TND;4833.3240577679135
AFJJW;AZERBAIJAN;ILS;2205.3878216312414
AFJJW;MEXICO;SYP;426728.4045368755
AFJJW;NIGERIA;RON;4426.116683965563
AFJJW;CAPE VERDE;ANG;2097.7841622242518
AFJJW;SUDAN;PAB;1695.1336322616107
JKMbb;MAURITIUS;WST;22626.996344227922
JKMbb;SRI LANKA;ALL;1775573.5257986516
JKMbb;CENTRAL AFRICAN REPUBLIC;GHS;99421.08574710053
JKMbb;PERU;CNY;37568.49634279838
JKMbb;QATAR;GYD;432292.81973761757
JKMbb;PERU;NIO;338184.6680069785
JKMbb;BULGARIA;GHS;58466.70486961075
JKMbb;ALBANIA;ETB;450332.8401799001
JKMbb;URUGUAY;TTD;72231.6040509512
JKMbb;LIBYAN ARAB JAMAHIRIYA;MGA;3688245.0129521834
JKMbb;MYANMAR;MWK;3705291.065834873
JKMbb;SAO TOME AND PRINCIPE;SYP;6050458.62912311
JKMbb;SOLOMON ISLANDS;SCR;37746.76456308182
JKMbb;UGANDA;AWG;7075.198739208553
JKMbb;NICARAGUA;SEK;29504.031667793286
JKMbb;HONG KONG;EGP;270371.42727179744
JKMbb;KOREA, REPUBLIC OF;RUB;334769.3424428749
JKMbb;BRAZIL;CZK;320620.2923801946
VYZZc;COLOMBIA;SOS;1030518.6458081228
VYZZc;UKRAINE;SLL;277853475.37208146
VYZZc;MALDIVES;BMD;24522.64297321634
VYZZc;MADAGASCAR;LKR;15573450.845192749
VYZZc;KAZAKHSTAN;AED;218535.35575146042
VYZZc;UNITED ARAB EMIRATES;HKD;294432.27123907616
VYZZc;BELARUS;UAH;537439.1800559482
VYZZc;GHANA;KZT;5247647.875718828
VYZZc;SOLOMON ISLANDS;GYD;5821576.042982194
VYZZc;PAKISTAN;SCR;620755.9810431143
VYZZc;PAPUA NEW GUINEA;MYR;304616.00057606347
VYZZc;FIJI;SLL;1167647614.1354375
VYZZc;PERU;KZT;14972156.019511933
VYZZc;SWITZERLAND;TOP;80946.33178077237
VYZZc;JAMAICA;GNF;465476052.6641928
VYZZc;ZIMBABWE;MYR;26770.88664856493
VYZZc;ISRAEL;UGX;201841278.4072175
VYZZc;INDIA;STD;1181339017.0915673
VYZZc;TAIWAN, PROVINCE OF CHINA;TZS;130322025.02929534
JJMVX;UNITED ARAB EMIRATES;CYP;133.6517222265807
JJMVX;DOMINICAN REPUBLIC;INR;64245.426457087495
CDHc2;JORDAN;SVC;56802.888951553214
CDHc2;SWAZILAND;JMD;1140556.7395217984
CDHc2;THAILAND;PAB;7025.644561577308
CDHc2;SAMOA;ZAR;-240.60818496869493
CDHc2;UGANDA;SCR;112517.11259896663
CDHc2;SAUDI ARABIA;THB;241488.41373818676
CDHc2;BERMUDA;BND;8855.879929793467
CDHc2;EURO;CVE;815164.8606062311
CDHc2;ALBANIA;SZL;79705.47140729633
CDHc2;GAMBIA;AOA;1232579.2825421225
CDHc2;CAPE VERDE;WST;3289.3165273252835
CDHc2;BHUTAN;QAR;26137.523277113938
HHMMZ;ARGENTINA;BYR;140852557.64308438
HHMMZ;CROATIA;SRD;350213.5515677856
HHMMZ;TANZANIA, UNITED REPUBLIC OF;CAD;11658.511658128604
HHMMZ;ISRAEL;BTN;1620576.9932293543
HHMMZ;TRINIDAD AND TOBAGO;RUB;924456.0365537747
HHMMZ;LAO PEOPLE'S DEMOCRATIC REP;JOD;10679.93556324403
HHMMZ;BERMUDA;TRY;377863.95757151186
HHMMZ;EURO;AED;22110.959368035652
HHMMZ;BOTSWANA;CAD;27067.098666113405
HHMMZ;TANZANIA, UNITED REPUBLIC OF;BTN;1082812.3659819462
HHMMZ;PAKISTAN;SZL;315195.85549173894
HHMMZ;GUINEA;SCR;30090.852412428256
HHMMZ;SINGAPORE;HUF;831038.3212336635
HHMMZ;CYPRUS;RUB;1255542.0595136178
HHMMZ;MYANMAR;CHF;360.9993669038265
HHMMZ;MOROCCO;KES;55592.565250941596
HHMMZ;QATAR;SOS;6547497.425535968
HHMMZ;FIJI;MRO;6637620.639583682
HHMMZ;BOTSWANA;CRC;7016109.3398743095
IINab;BERMUDA;PYG;83032980.28490724
IINab;INDONESIA;VND;455953542.9274467
IINab;BERMUDA;SYP;4507530.189388483
IINab;PHILIPPINES;HRK;43925.88646272004
IINab;SERBIA;SVC;50064.92574927784
IINab;MAURITIUS;BOB;63865.66590800329
IINab;EL SALVADOR;ISK;1323016.8643088217
IINab;CYPRUS;BGN;36440.186330510674
IINab;BELARUS;EUR;5003.026738376416
IINab;LATVIA;PLN;84413.88176281768
IINab;BULGARIA;GHS;137738.13623789058
IINab;INDONESIA;GBP;10363.136881713097
IINab;JAPAN;LKR;1923877.5593380828
IINab;MEXICO;BIF;1094095.7780723453
IINab;SOMALIA;THB;15591.833777067743
IINab;ETHIOPIA;ETB;736732.1421918968
IINab;KENYA;SEK;142014.795585966
IINab;ALBANIA;XAF;8441507.876337508
IINab;ETHIOPIA;KYD;13301.988692250445
GHNab;NETHERLANDS ANTILLES;SAR;3883.683291205417
Bacc2;SWITZERLAND;LKR;67175.69227507821
Bacc2;JAPAN;DZD;594708.6659277214
Bacc2;TUNISIA;UGX;12346853.67279061
Bacc2;LIBERIA;HTG;86993.4436165311
Bacc2;RUSSIAN FEDERATION;SRD;117833.04923524991
Bacc2;PERU;MZN;378421.1961959192
Bacc2;MAURITANIA;VUV;199392.0564795459
Bacc2;EURO;KYD;1882.4400749828512
Bacc2;OMAN;IQD;11444079.45650668
Bacc2;ZAMBIA;PHP;84058.40284956554
Bacc2;MYANMAR;LRD;34791.31498885641
Bacc2;PERU;MAD;11020.234017377867
EHHXZ;IRAQ;BHD;117.38079631864942
EHHXZ;CHILE;MVR;39811.56128865973
EHHXZ;KUWAIT;TRY;144168.08867397238
EHMVV;CENTRAL AFRICAN REPUBLIC;TRY;153826.4127221153
EHMVV;MAURITANIA;JMD;807650.0959308447
EHMVV;GUATEMALA;LAK;5136105.6306969365
EHMVV;MAURITANIA;MUR;404146.7035117171
EHMVV;PERU;KWD;3109.413779551053
EHMVV;NORWAY;BWP;103700.01490860796
GHWZ1;LAO PEOPLE'S DEMOCRATIC REP;NOK;147300.0424902122
GHWZ1;TURKEY;GTQ;175642.90185025166
GHWZ1;CHILE;JPY;530880.1762865509
GHWZ1;VANUATU;CLP;16693248.42919808
GHWZ1;MADAGASCAR;THB;96417.55957024217
GHWZ1;SWAZILAND;SBD;116202.07092323981
GHWZ1;DJIBOUTI;OMR;-107.44557374565856
GHWZ1;SYRIAN ARAB REPUBLIC;SAR;84542.25797693798
GHWZ1;UNITED KINGDOM;SVC;94334.32355839392
GHWZ1;KOREA, REPUBLIC OF;TZS;66034521.77508578
GHWZ1;KENYA;VES;661046.2917417953
GHWZ1;SAMOA;KZT;12470838.400087828
GHWZ1;PERU;UGX;56506515.35792844
GHWZ1;NETHERLANDS ANTILLES;CAD;27375.765015974164
GHWZ1;BERMUDA;CAD;11848.484472947584
GHWZ1;VANUATU;BDT;326217.35764080205
GHWZ1;BELARUS;JPY;2464343.215746902
ACJKX;PHILIPPINES;ALL;214839.17161886505
ACJKX;PANAMA;DKK;2075.075057689914
ACJKX;VENEZUELA;SGD;3482.3834712008033
ACJKX;SWAZILAND;CRC;4421623.028174982
ACJKX;COSTA RICA;ZMW;96415.97553121162
ACJKX;SAO TOME AND PRINCIPE;LYD;17815.778456790867
ACJKX;MYANMAR;PES;1711972.1586107966
ACJKX;ZAMBIA;ZMW;107464.48068506464
ACJKX;BELARUS;NAD;148726.5662555952
ACJKX;JORDAN;KYD;4961.868431571799
HKYY3;BULGARIA;CNY;48478.72378941883
HKYY3;TUNISIA;BOB;46509.725245343056
DVc13;MADAGASCAR;EUR;5265.81139174032
DVc13;BELARUS;YER;526604.9438856072
DVc13;ARGENTINA;BWP;30889.8049070751
DVc13;MOROCCO;AOA;2710827.655543746
DVc13;SRI LANKA;KHR;7564974.361132537
DVc13;EURO;DJF;716753.5477847026
DVc13;SRI LANKA;FJD;9975.511919101373
DVc13;SYRIAN ARAB REPUBLIC;ZAR;42566.38523441287
FLWY1;BAHAMAS;TRY;44337.56558874848
FLWY1;SWEDEN;WST;11810.836897664278
FLWY1;UGANDA;JMD;746011.695279895
FLWY1;BOLIVIA;PGK;23422.485783434
FLWY1;PARAGUAY;SBD;30671.175785360654
FLWY1;GUYANA;ZWL;1871851.4927903982
FLWY1;HONG KONG;PYG;38799376.79140416
FLWY1;HAITI;NOK;18219.282916783664
FLWY1;PERU;CNY;9890.459568602708
FLWY1;DOMINICAN REPUBLIC;ETB;63088.87606730148
FLWY1;ARGENTINA;PYG;12131912.780365784
FLWY1;SWITZERLAND;KYD;912.578060310463
FLWY1;INDIA;MRO;1934173.1971536386
Z2223;MAURITIUS;QAR;627.6940865607514
Z2223;CAMBODIA;GNF;13185619.632833298
Z2223;BARBADOS;PAB;561.0986489647449
Z2223;INDONESIA;VUV;331894.21949002874
Z2223;FRENCH POLYNESIA;TZS;3314676.7414485463
Z2223;UGANDA;BDT;230255.12523198224
Z2223;MACAU;CYP;1479.714612798622
Z2223;ISRAEL;MRO;658030.5422554765
Z2223;ICELAND;COP;7244641.001110488
Z2223;PARAGUAY;ISK;223009.73783929905
Z2223;MYANMAR;AWG;1335.5652080531609
Z2223;DENMARK;SYP;851613.588052855
Z2223;MADAGASCAR;CNY;5561.788428995578
Z2223;MOZAMBIQUE;BMD;1117.985297347449
Z2223;NETHERLANDS ANTILLES;BSD;282.50489618117723
Z2223;ALGERIA;PGK;635.390041038012
Z2223;VANUATU;SGD;1167.6854899684085
Z2223;MALAWI;DZD;354597.281486172
Z2223;CYPRUS;BND;2085.954356946057
Z2223;SUDAN;ALL;336398.1567856081
DNXc2;TOGO;YER;4005187.7796828374
DNXc2;NEW ZEALAND;ZWL;21845515.356554292
DNXc2;INDIA;MVR;829867.7047400011
DNXc2;BRUNEI DARUSSALAM;CYP;34564.94504813194
DNXc2;IRAQ;EUR;25598.968241276987
DNXc2;NICARAGUA;HTG;5595635.663899776
DNXc2;POLAND;SCR;276987.44289714715
DNXc2;ICELAND;BSD;54610.554020314135
DNXc2;UGANDA;PYG;391792415.58519614
DNXc2;CAPE VERDE;HTG;1550215.6389470212
DNXc2;SWAZILAND;HUF;13445274.197917568
DNXc2;VENEZUELA;IRR;1896557162.4953666
DNXc2;TUNISIA;ZWL;7276493.0027796
DNXc2;CAMBODIA;RON;200374.44086941594
DNXc2;KAZAKHSTAN;SYP;22828976.214662347
DNXc2;BAHAMAS;AWG;109675.07918146762
DNXc2;SEYCHELLES;PEN;24569.062026264914
DNXc2;SRI LANKA;UYU;1417038.3843924557
DNXc2;VENEZUELA;HKD;2317.659329436074
DNXc2;IRAQ;MXN;1131332.420452058
CFJL3;BANGLADESH;TND;97652.62817323711
CFJL3;SRI LANKA;SAR;104745.72429616963
CFJL3;ISRAEL;KYD;1711.1839915468474
CFJL3;MALAYSIA;BND;42366.56494389169
CFJL3;DOMINICAN REPUBLIC;GYD;4571473.574091819
CFJL3;KUWAIT;HNL;259452.80201073783
CFJL3;BRAZIL;ZAR;573737.5280117329
CFJL3;SEYCHELLES;ZAR;561939.4715961315
CFJL3;UKRAINE;STD;21021827.093031768
CFJL3;MAURITIUS;COP;182001829.95432663
CFJL3;NORWAY;THB;153816.9091149119
CFJL3;VIET NAM;HKD;91485.24646667109
CFJL3;LATVIA;DOP;1105029.5305953638
CFJL3;MADAGASCAR;JOD;6175.738883727424
CFJL3;RWANDA;MXN;380773.11335159955
CFJL3;NIGERIA;PYG;254071697.31263092
CFJL3;AUSTRALIA;SZL;570804.3095658651
DEHHH;MEXICO;BND;58120.573792536714
DEHHH;BRAZIL;ZAR;435911.44240613154
DEHHH;SUDAN;NAD;587231.977623719
DEHHH;FIJI;UAH;1562028.050140043
DEHHH;TOGO;XCD;76688.39249277076
DEHHH;INDONESIA;LYD;201871.91222421892
DEHHH;PERU;PKR;2069372.4087962587
DEHHH;PHILIPPINES;HNL;84044.56075482396
DEHHH;NAMIBIA;GMD;2435282.6549451733
DEHHH;HUNGARY;PGK;67770.32885242457
DEHHH;MALDIVES;ISK;4031273.8001194904
DEHHH;RWANDA;PEN;139729.23662730347
DEHHH;RWANDA;JOD;23100.77899346784
DEHHH;EL SALVADOR;PEN;48780.288643734486
DEHHH;NIGERIA;MYR;94639.66841333313
DEHHH;BOTSWANA;SYP;6088936.486591858
DEHHH;KENYA;SAR;6749.640528276323
DEHHH;IRAN (ISLAMIC REPUBLIC OF);EGP;356187.1620596034
FMMZc;MOROCCO;XCD;12327.630486833536
FMMZc;PERU;BOB;22753.13792061511
FMMZc;COSTA RICA;CZK;200913.30833553008
FMMZc;ALGERIA;LYD;5630.736153105628
FMMZc;DJIBOUTI;SEK;20358.612236312518
FMMZc;POLAND;TZS;23996844.36892178
FMMZc;ARUBA;XCD;5227.864098810581
FMMZc;SAO TOME AND PRINCIPE;MXN;33861.49086266623
FMMZc;UNITED KINGDOM;YER;1237622.5830343529
ADGLc;SWITZERLAND;QAR;11213.348346339153
ADGLc;LATVIA;LYD;62746.997635565924
XYYa3;BARBADOS;SYP;235174.22574960534
XYYa3;ALGERIA;COP;371474.35131649097
XYYa3;JORDAN;AWG;257.2579241455718
XYYa3;LIBYAN ARAB JAMAHIRIYA;PEN;1755.0014469137457
XYYa3;TUNISIA;LAK;6016623.12475397
XYYa3;LIBERIA;NGN;65302.98674759235
XYYa3;PAPUA NEW GUINEA;KRW;544114.3661217929
XYYa3;BRUNEI DARUSSALAM;CZK;6563.478723534275
KYcc2;COSTA RICA;ANG;12061.941742120835
KYcc2;ANGOLA;ZAR;23429.828677497575
KYcc2;NEPAL;XOF;9086522.509192996
KYcc2;KUWAIT;FJD;31161.07142664095
KYcc2;BAHRAIN;XOF;9510772.1473375
KYcc2;SOMALIA;LRD;2801413.530424428
KYcc2;MAURITIUS;OMR;719.3030674399481
KYcc2;SRI LANKA;BTN;464035.8217242277
KYcc2;CENTRAL AFRICAN REPUBLIC;SAR;17482.42987379083
KYcc2;BURUNDI;YER;353803.1141325738
KYcc2;SYRIAN ARAB REPUBLIC;LKR;1253034.862182304
KYcc2;URUGUAY;SYP;3551402.4332374153
KYcc2;SAUDI ARABIA;GBP;11487.538956371505
KYcc2;ZAMBIA;ANG;1264.2828454914188
CCDKM;GUYANA;PEN;397.12742944895695
CCDKM;SERBIA;BMD;617.7081951862735
CCDKM;CHINA;SLL;937571.6099030199
CCDKM;SAO TOME AND PRINCIPE;SDG;354463.4804866721
CCDKM;BELARUS;MAD;11714.914806324847
CCDKM;SAUDI ARABIA;SVC;6490.243976733837
CCDKM;TRINIDAD AND TOBAGO;PYG;3876012.871300136
CCDKM;SINGAPORE;SCR;13008.479882698348
CCDKM;INDIA;SBD;4068.7345222477497
CDDII;ARUBA;NIO;27922.713366891014
CDDII;TONGA;MWK;237844.501189824
CDDII;PARAGUAY;RWF;939310.4583234193
CDDII;TRINIDAD AND TOBAGO;NPR;105692.67842066885
CDDII;SAUDI ARABIA;AWG;790.2598105391764
CDDII;EL SALVADOR;ZMW;17080.086102364
CDDII;EURO;MWK;1218431.4797794493
CDDII;CAYMAN ISLANDS;AED;3202.688461661729
CDDII;POLAND;PLN;3523.673278659757
CDDII;SUDAN;LVL;320.68276570444505
CDDII;NETHERLANDS ANTILLES;PHP;38151.837774417545
GKXbc;THAILAND;SYP;3594939.0776595445
GKXbc;COSTA RICA;MZN;407172.01022764377
GKXbc;BANGLADESH;CZK;58572.937233748984
GKXbc;BARBADOS;SAR;39819.42553701444
GKXbc;SIERRA LEONE;ALL;257889.10719893526
GKXbc;TONGA;AOA;1911446.685666102
GKXbc;BULGARIA;MRO;1013134.322426551
GKXbc;IRAN (ISLAMIC REPUBLIC OF);PLN;39674.510560513634
GKXbc;EURO;FJD;21751.786862269135
EHNXc;KUWAIT;AUD;105188.5105457315
EHNXc;BRAZIL;PGK;33746.42390748158
EHNXc;OMAN;ETB;2589174.5345799136
EHNXc;QATAR;ISK;7359964.043597775
EHNXc;MOZAMBIQUE;UYU;1721196.9634312103
EHNXc;ARGENTINA;XAF;22516643.894146953
EHNXc;LEBANON;BTN;-18930.545295847478
EHNXc;MALDIVES;GBP;48344.619903419676
EHNXc;BHUTAN;MXN;796817.0641687406
EHNXc;TOGO;KWD;16641.15316045749
EHNXc;ETHIOPIA;KYD;53276.10662127071
EHNXc;BHUTAN;TOP;139763.01163616308
EHNXc;UGANDA;BMD;26635.69785576062
EHNXc;BULGARIA;HTG;5418991.737364152
EHNXc;HONDURAS;IQD;106141922.66167969
EHNXc;ETHIOPIA;DOP;2840585.440558814
EHNXc;URUGUAY;WST;106646.91718496822
HIKKL;GUYANA;HUF;1200204.44460375
HIKKL;UNITED KINGDOM;INR;311825.4512874339
HIKKL;PERU;RON;15278.66636555673
HIKKL;DENMARK;SBD;38563.467827353605
HIKKL;CHINA;SLL;11410330.169156756
HIKKL;SWITZERLAND;RUB;287244.5026841624
HIKKL;SAO TOME AND PRINCIPE;SBD;46759.60123179773
HIKKL;AUSTRALIA;BGN;9573.698411379759
HIKKL;VIET NAM;MAD;62894.20435552562
HIKKL;YEMEN;IDR;79843105.7187813
HIKKL;LATVIA;MWK;4978180.762878304
HIKKL;THAILAND;HUF;366134.894082152
HIKKL;CENTRAL AFRICAN REPUBLIC;MGA;5391948.000032198
HIKKL;VANUATU;LKR;1710834.1833226674
HIKKL;POLAND;LRD;581534.242213521
DFGKc;BARBADOS;TTD;29.92675483877302
DFGKc;NAMIBIA;XAF;790843.3174850289
DFGKc;GAMBIA;DZD;466157.5211732202
DFGKc;HONG KONG;MWK;3517515.4015640225
DFGKc;SYRIAN ARAB REPUBLIC;NAD;56680.24673637978
DFGKc;LIBYAN ARAB JAMAHIRIYA;TWD;85571.39176855866
DFGKc;ARUBA;JPY;278461.5800479881
DFGKc;BANGLADESH;UYU;41406.905594233634
EIM33;KAZAKHSTAN;CHF;229.89144272503364
EIM33;MALAYSIA;BGN;604.9890779893763
EIM33;EGYPT;ETB;1359.7893671361624
EIM33;LATVIA;XPF;28365.817304190336
EIM33;DJIBOUTI;BRL;1911.646869684123
EIM33;UNITED ARAB EMIRATES;LKR;141310.86107222116
EIM33;CROATIA;CVE;41237.36349479914
EIM33;ROMANIA;PKR;82344.23487730317
EIM33;BANGLADESH;CVE;7166.648830604443
EIM33;EURO;ARS;13574.316133288547
EIM33;CZECH REPUBLIC;YER;-258.3389552187964
BFINZ;SYRIAN ARAB REPUBLIC;PLN;28188.871339857145
BFINZ;LEBANON;RUB;175092.1980542811
BFINZ;TOGO;ILS;21477.417685260552
BFINZ;ANGOLA;TRY;115385.65168089354
BFINZ;NORWAY;MRO;2724310.1589223538
BFINZ;CAMBODIA;RUB;431698.9503192432
EJL11;MALDIVES;MAD;397346.9321180624
EJL11;INDIA;TTD;281116.06199630385
EJL11;BELIZE;HTG;3415726.3543295185
EJL11;SOUTH AFRICA;SYP;16014692.251625286
CLVb3;MYANMAR;PEN;5554.054970581792
CLVb3;TURKEY;TRY;23350.20310918939
CLVb3;LAO PEOPLE'S DEMOCRATIC REP;SVC;2099.166146969597
CLVb3;ZIMBABWE;LAK;1606862.932467056
CGXX2;JAMAICA;PEN;4732.6961113321195
CGXX2;GUINEA;LYD;14004.42271712988
CGXX2;UKRAINE;RUB;141509.45306654382
EKVWc;ANGOLA;SYP;3995524.0645784824
IKKKb;MALAYSIA;SRD;1185087.0995390639
IKKKb;QATAR;TRY;435602.7651265607
IKKKb;CAYMAN ISLANDS;TND;117814.60254375343
IKKKb;FRENCH POLYNESIA;SYP;19441482.12415316
IKKKb;SAO TOME AND PRINCIPE;XAF;547369.463229817
IKKKb;ANGOLA;TZS;90227834.96208681
IKKKb;CAPE VERDE;SOS;19470441.187043406
IKKKb;KAZAKHSTAN;AOA;20341676.754008707
IKKKb;UNITED ARAB EMIRATES;GMD;1695324.979334792
IKKKb;SINGAPORE;THB;1276860.8208674463
IKKKb;IRAQ;BRL;153233.30771087063
IKKKb;INDONESIA;SAR;10608.85652556883
IKKKb;NEPAL;SOS;16515752.62135161
IKKKb;MALAYSIA;QAR;90643.108191112
BJVb1;RUSSIAN FEDERATION;FJD;13043.693172261535
BJVb1;BELARUS;CYP;-66.8180025896235
BJVb1;KUWAIT;SVC;90315.12389836044
BJVb1;BAHAMAS;SOS;3125509.465402025
BJVb1;SWAZILAND;ALL;493742.75420398253
BJVb1;SOLOMON ISLANDS;AOA;2344265.806603707
BJVb1;HONDURAS;COP;51379889.85516157
BJVb1;ZIMBABWE;OMR;4582.92033818575
JJKKL;LIBERIA;ALL;2425231.077495879
JJKKL;ARGENTINA;BMD;9999.952139353245
JJKKL;BANGLADESH;RUB;160982.3491998377
JJKKL;SERBIA;BRL;83344.24767216366
JJKKL;NETHERLANDS ANTILLES;CVE;2277721.0861008037
JJKKL;DOMINICAN REPUBLIC;NGN;4475080.602885726
JJKKL;LIBERIA;MMK;9998232.416134533
JJKKL;CZECH REPUBLIC;WST;41288.783677246465
JJKKL;CYPRUS;CAD;11313.313274967355
JJKKL;ANGOLA;TTD;54066.060130382924
JJKKL;VENEZUELA;CAD;21487.114107466405
JJKKL;ANGOLA;BDT;1628455.3793394158
JJKKL;BOTSWANA;ALL;1197544.3187268262
JJKKL;CHINA;PHP;889695.825024818
JJKKL;PAPUA NEW GUINEA;KYD;13098.792620908749
JJKKL;MALAYSIA;TRY;231139.60951381782
JJKKL;BHUTAN;BBD;14871.280176101973
