Client;Country;Currency;Transaction
ENXc2;HONG KONG;LAK;1430559.2012944485
ENXc2;FIJI;PLN;14945.110723856946
ENXc2;RWANDA;PGK;9568.207624659888
ENXc2;PAKISTAN;AED;24959.49409603415
ENXc2;MALAYSIA;UYU;198406.7849157252
ENXc2;NICARAGUA;SZL;36057.16880003796
ENXc2;SYRIAN ARAB REPUBLIC;RWF;7278114.967333821
ENXc2;BAHAMAS;ZWL;1780840.5212970488
ENXc2;YEMEN;CAD;1436.7290004377874
ENXc2;BERMUDA;QAR;284.868257494244
ENXc2;MAURITANIA;QAR;14175.292204441837
ENXc2;MADAGASCAR;KWD;2374.953551154256
ENXc2;THAILAND;AED;21113.368499031247
ENXc2;MALAYSIA;XOF;1177448.1474174073
ENXc2;CHILE;LRD;105437.43824404535
BEGJN;TURKEY;SGD;1006.9687462517821
BEGJN;TRINIDAD AND TOBAGO;MXN;34542.41811857757
FIbb1;AZERBAIJAN;SDG;2698200.030185749
FIbb1;BANGLADESH;PAB;9622.446144129817
FIbb1;QATAR;ISK;757496.8195036551
FIbb1;BOTSWANA;HTG;57328.267260108994
FIbb1;BRUNEI DARUSSALAM;BZD;18436.416582574922
FIbb1;SYRIAN ARAB REPUBLIC;ANG;20451.938512897137
FIbb1;ZAMBIA;SEK;187378.35004498038
FIbb1;MALAYSIA;BOB;15298.35907346258
FIbb1;ISRAEL;HRK;42001.46618984853
FIbb1;SEYCHELLES;LVL;12925.925963000314
FIbb1;ZIMBABWE;ISK;447715.3888037028
FIbb1;EURO;HKD;1855.5705810572513
FIbb1;TANZANIA, UNITED REPUBLIC OF;WST;34976.67803964852
FIbb1;MACAU;TOP;5577.093166017712
FIbb1;BELARUS;PHP;456955.960863163
FIbb1;MYANMAR;TZS;138438.18976049096
FIbb1;JAMAICA;ZAR;339192.544121352
FJNNa;CZECH REPUBLIC;PLN;470.4287802153326
FJNNa;LIBERIA;ZAR;2181.926050967465
FJNNa;BAHAMAS;BHD;51.57305245450205
FJNNa;PERU;ISK;19452.76099026212
FJNNa;BRUNEI DARUSSALAM;SYP;71953.83935614796
FJNNa;BURUNDI;XOF;61232.310175886174
FJNNa;CROATIA;WST;173.84086472656602
FJNNa;BELIZE;JMD;3249.598210899894
FJNNa;LATVIA;TOP;261.38162809917736
FJNNa;NIGERIA;MVR;1742.1781557667794
FJNNa;LEBANON;CLP;100504.58226472634
FJNNa;SEYCHELLES;UGX;349604.82155752537
FJNNa;SURINAME;GNF;639397.4250458047
FJNNa;BRAZIL;RWF;10354.9474705726
FJNNa;BHUTAN;PHP;5422.771370161587
FJNNa;VANUATU;GTQ;379.5475642533336
AFWc1;NEW ZEALAND;AED;30462.35943057457
AFWc1;QATAR;DOP;578376.9135595597
AFWc1;SIERRA LEONE;NGN;3056402.8183329045
AFWc1;PERU;ETB;179093.34326023766
AFWc1;HONDURAS;GMD;355319.8196416683
AFWc1;SURINAME;RON;14223.995350955194
AFWc1;PERU;SRD;135994.984798954
AFWc1;UGANDA;PGK;15514.359953116158
AFWc1;CENTRAL AFRICAN REPUBLIC;HNL;186491.79372604282
AFWc1;YEMEN;AUD;15759.226818329833
AFWc1;MOROCCO;SLL;79487940.59574841
CCGIM;LATVIA;KRW;9191403.97551146
CCGIM;URUGUAY;ISK;528382.8679880162
AEMa1;RWANDA;YER;1027981.8474809434
AEMa1;GUINEA;BGN;6978.4611493639795
AEMa1;SRI LANKA;MRO;1026793.8390059114
AEMa1;CAMBODIA;UGX;16778831.561574098
AEMa1;BRUNEI DARUSSALAM;MMK;9515873.035611104
AEMa1;BULGARIA;AZN;634.3315281833421
AEMa1;ICELAND;MGA;13597319.56917407
AEMa1;PHILIPPINES;HNL;60609.29099351836
AEMa1;PAKISTAN;GNF;38697698.3396987
AEMa1;TURKEY;BGN;-97.97839436069772
AEMa1;MADAGASCAR;NPR;569197.8743873219
AEMa1;MALAWI;HRK;551.3974147226746
DGHJc;NETHERLANDS ANTILLES;HRK;4808.599987320031
DGHJc;IRAN (ISLAMIC REPUBLIC OF);BND;59.62421825112748
DGHJc;FIJI;ILS;2226.167976563246
DGHJc;SOUTH AFRICA;THB;46106.97224645732
DGHJc;BURUNDI;LRD;195417.8316392874
DGHJc;TANZANIA, UNITED REPUBLIC OF;MVR;3653.041059134951
DGHJc;UNITED ARAB EMIRATES;YER;20293.286408927495
DGHJc;TURKEY;KZT;187212.58771262385
DGHJc;GAMBIA;JMD;207843.46347793646
DGHJc;GHANA;ZWL;710405.8718496774
DGHJc;NIGERIA;GYD;268265.4493679835
DGHJc;GHANA;TZS;2878511.4357292433
DGHJc;CAMBODIA;AED;24.96921276258299
DGHJc;SWAZILAND;HTG;163914.13587128883
DGHJc;VENEZUELA;GNF;2024186.7789032923
HJJMX;JAPAN;IRR;47348809.46540419
HJJMX;NETHERLANDS ANTILLES;GMD;28697.924649321998
HJJMX;CROATIA;GTQ;6954.943589525341
HJJMX;PAPUA NEW GUINEA;KZT;289961.5515692825
HJJMX;SUDAN;VES;4173.356840768846
HJJMX;BRUNEI DARUSSALAM;VUV;22659.07301641353
HJJMX;INDIA;GNF;9461468.791438615
HJJMX;MACAU;HTG;67473.25481754045
HJJMX;UGANDA;PEN;4080.1769316328728
HJJMX;UKRAINE;MVR;14239.715577938487
HJJMX;EL SALVADOR;XCD;3507.7987578056004
HJJMX;YEMEN;CAD;384.2524885476474
HJJMX;THAILAND;SEK;368.925594714598
HJJMX;CENTRAL AFRICAN REPUBLIC;STD;22158033.739595804
HJJMX;CAPE VERDE;MVR;173.02706618643612
HJJMX;SUDAN;XCD;2784.7568025900196
HJJMX;GUATEMALA;KYD;815.0983844287292
HJJMX;PHILIPPINES;BGN;2056.474207020022
DKWbc;YEMEN;HTG;667314.842840517
DKWbc;MACAU;PLN;9216.481903071135
DKWbc;ARUBA;ILS;25625.237114300024
DKWbc;JAMAICA;IRR;211612515.30378163
DKWbc;ZIMBABWE;NPR;723173.9657417578
DKWbc;URUGUAY;LAK;60818269.87775421
DKWbc;MOROCCO;STD;48255306.24173465
DKWbc;PARAGUAY;WST;7256.213753846776
BFFZ2;BURUNDI;FJD;12269.86711574022
BFFZ2;GUATEMALA;BWP;119560.38586532409
BFFZ2;CAMBODIA;VND;189266698.82522225
BFFZ2;NETHERLANDS ANTILLES;UYU;371156.4959547657
BFFZ2;PAPUA NEW GUINEA;NPR;119953.42406255205
BFFZ2;LAO PEOPLE'S DEMOCRATIC REP;PAB;9580.156891012015
BFFZ2;TRINIDAD AND TOBAGO;VUV;538590.0546610588
BFFZ2;PAPUA NEW GUINEA;HRK;60952.29308359168
BFFZ2;SAUDI ARABIA;SAR;30808.190519056687
BFFZ2;BAHRAIN;JPY;826064.4094773339
BFFZ2;AUSTRALIA;GBP;1585.0270913438203
BFFZ2;UNITED KINGDOM;WST;22855.82949277745
BFFZ2;RUSSIAN FEDERATION;MVR;164745.23665860694
BFFZ2;SRI LANKA;HUF;3419851.550448052
ENVXY;UNITED KINGDOM;RON;12019.284915794778
ENVXY;RWANDA;BWP;24244.36918238124
ENVXY;EGYPT;BMD;6161.916842135647
ENVXY;DJIBOUTI;BMD;6506.295428123268
ENVXY;GHANA;XCD;4333.635531931431
ENVXY;HONG KONG;AED;15989.472501940072
ENVXY;UNITED KINGDOM;SVC;15311.694301867312
ENVXY;SAMOA;LBP;6789180.822296977
ENVXY;NETHERLANDS ANTILLES;QAR;21045.54961723019
ENVXY;KOREA, REPUBLIC OF;CHF;2137.0505355626033
ENVXY;CYPRUS;ZMW;59547.95962616956
ENVXY;SOUTH AFRICA;CNY;6795.625535383217
ENVXY;GUYANA;SLL;35425317.69866114
ENVXY;UNITED ARAB EMIRATES;LAK;25886480.68622114
ENVXY;ISRAEL;THB;-2356.2634209295557
ENVXY;BANGLADESH;BIF;9182264.95520448
FGHI1;IRAN (ISLAMIC REPUBLIC OF);BSD;4625.533210821697
FGHI1;ROMANIA;QAR;669.4911645885859
FGHI1;PERU;SDG;2317702.4668608764
FGHI1;URUGUAY;AZN;8951.59669819733
FGHI1;RWANDA;MRO;172529.9460629559
FGHI1;SIERRA LEONE;BTN;392877.28874120966
DLWYc;SOMALIA;CNY;75891.64887767832
DLWYc;TAIWAN, PROVINCE OF CHINA;SLL;67345201.84993537
DLWYc;MALAYSIA;ZWL;1891830.4357686786
DLWYc;SWITZERLAND;TRY;162743.62397479906
DLWYc;NEPAL;SEK;68063.91398737805
DLWYc;MOZAMBIQUE;DKK;51862.00871885242
DLWYc;MYANMAR;ISK;1447740.5170522975
DLWYc;BERMUDA;LRD;1199836.0043545102
DLWYc;EL SALVADOR;BGN;4308.320379164498
DLWYc;PERU;RON;35631.93923378431
DLWYc;URUGUAY;MZN;553087.592143333
DLWYc;MACAU;MYR;45975.582940997985
DLWYc;NORWAY;VND;114621488.93989144
DLWYc;MAURITIUS;YER;2015555.3123348795
DLWYc;ARUBA;LYD;8715.95992072806
DLWYc;HUNGARY;RUB;69268.83697420625
IIXZZ;BELARUS;GTQ;6625.856049644309
IIXZZ;ZIMBABWE;JPY;856281.0249291505
DFccc;VIET NAM;NOK;21219.80581259371
DFccc;KENYA;NGN;2356558.3086076905
DFccc;PARAGUAY;DJF;2234021.150234796
DFccc;EGYPT;DZD;1151196.8812905012
DFccc;COLOMBIA;PKR;4420870.325384856
DFccc;NEW ZEALAND;NZD;-295.3680469215758
DFccc;DOMINICAN REPUBLIC;GTQ;29342.497894905464
DFccc;INDONESIA;GMD;1131618.4379191909
DFccc;LEBANON;KES;2548267.576387759
DFccc;ALGERIA;LBP;24200159.77091016
DFccc;ZAMBIA;SRD;124564.99141397554
DFccc;BERMUDA;OMR;-90.45992811188593
DFccc;GUYANA;LAK;73063565.07581657
DFccc;CAMBODIA;CVE;1849390.7015364945
DFccc;BANGLADESH;RON;29990.0114399129
DFccc;BANGLADESH;HTG;848080.9323322871
DFccc;GHANA;BGN;29751.83798527812
GHMNW;MALAWI;CAD;195.2537907856612
GHMNW;EGYPT;KES;12112.91307158111
GHMNW;BHUTAN;TRY;7415.531874661365
GHMNW;OMAN;PEN;349.87542907559555
GHMNW;BANGLADESH;MVR;3688.326527535281
GHMNW;GUATEMALA;GNF;1139836.1791168952
GHMNW;HONDURAS;HRK;1398.644487403861
GHMNW;CYPRUS;CNY;1279.149742694241
GHMNW;SOLOMON ISLANDS;TOP;753.3179910816124
GHMNW;KUWAIT;CZK;6645.293292384873
GHMNW;CZECH REPUBLIC;ISK;1551.7699576803147
GHMNW;FRENCH POLYNESIA;CVE;38254.117823443834
GHMNW;MALAYSIA;GMD;7424.419486039128
GHMNW;LEBANON;BYR;9896717.262297964
GHMNW;IRAN (ISLAMIC REPUBLIC OF);KES;854.0489010057189
GHMNW;URUGUAY;PAB;217.32876481828805
GHMNW;MOZAMBIQUE;HNL;5554.282869763658
BIMNX;TOGO;ARS;1020797.9418637045
BIMNX;ZAMBIA;KHR;26839235.585962515
BIMNX;SAO TOME AND PRINCIPE;UAH;67292.99689726571
BIMNX;SAUDI ARABIA;KES;700691.2512593433
BIMNX;BULGARIA;MMK;12805672.258689024
BIMNX;HONDURAS;RWF;1804012.486704753
BIMNX;NETHERLANDS ANTILLES;JOD;5080.246170453012
BIMNX;BOTSWANA;BRL;25560.72150818549
BIMNX;PANAMA;CHF;5850.475427641055
BIMNX;NEW ZEALAND;CYP;2115.635103143236
BIMNX;NICARAGUA;GYD;818422.025019493
BIMNX;LIBYAN ARAB JAMAHIRIYA;SEK;8066.852248779658
BIMNX;JAMAICA;LYD;6268.1925603388745
BIMNX;RWANDA;BIF;12318869.08419711
BIMNX;DENMARK;MOP;50500.21286039563
BIMNX;COLOMBIA;BBD;6848.110450893858
BIMNX;LIBERIA;SVC;33568.79379978649
BIMNX;NEPAL;ZWL;825231.3480801351
AABX3;BAHRAIN;SVC;13046.654602880566
AABX3;ANGOLA;STD;126427498.85920008
AABX3;URUGUAY;MOP;3693.500419604663
AABX3;BULGARIA;KWD;3279.3543582905195
AABX3;FIJI;LYD;32853.741446861415
AABX3;MAURITIUS;TRY;247378.42532073168
AABX3;AZERBAIJAN;CVE;757886.3882981697
AABX3;MACAU;SBD;915.9795328104751
AABX3;SERBIA;NAD;105629.80287293019
AABX3;BHUTAN;SYP;4385722.280478131
AIIJ2;POLAND;INR;121099.96896487172
AIIJ2;CAYMAN ISLANDS;AOA;1514992.6703222846
AIIJ2;UNITED KINGDOM;STD;24341175.26101678
AIIJ2;ARGENTINA;MWK;1321096.8302394168
AIIJ2;CROATIA;NZD;929.867165190757
AIIJ2;SYRIAN ARAB REPUBLIC;ARS;741565.0416396105
AIIJ2;EURO;MYR;6211.091580172727
AIIJ2;KAZAKHSTAN;GHS;612.8111134531235
AIIJ2;BAHAMAS;NIO;98477.26636978582
AIIJ2;DOMINICAN REPUBLIC;PKR;235287.07538623578
AIIJ2;MOZAMBIQUE;SZL;50375.618833667715
AIIJ2;ARUBA;MRO;832619.4262101783
MMVX1;KENYA;MVR;3886.2513022016765
MMVX1;TANZANIA, UNITED REPUBLIC OF;QAR;1003.998383683437
MMVX1;CENTRAL AFRICAN REPUBLIC;SZL;19865.852185462245
MMVX1;VENEZUELA;NIO;20835.65916380194
AKL23;PHILIPPINES;LKR;122109.77211502749
AKL23;BRAZIL;LRD;890187.0086887159
AKL23;BOLIVIA;CZK;124610.47927303817
AKL23;CROATIA;DJF;242355.68368665726
AKL23;AZERBAIJAN;QAR;23393.45385152136
AKL23;TUNISIA;TND;4633.070070050047
AKL23;ETHIOPIA;CZK;179699.89795515288
AKL23;VENEZUELA;DKK;14736.89563641589
AKL23;PERU;MMK;16561546.293466596
AKL23;COSTA RICA;MVR;7946.13362388004
AKL23;EGYPT;LVL;227.3897422422078
AKL23;SRI LANKA;XPF;939877.0371987064
AKL23;MEXICO;MWK;5963328.913719714
AKL23;DJIBOUTI;RWF;5907862.463716611
AKL23;MACAU;CZK;110926.37565015329
AKL23;PAKISTAN;STD;187859958.34309435
AKL23;PHILIPPINES;SDG;1241163.4402754789
AKL23;URUGUAY;BRL;25333.753993166756
AKL23;SEYCHELLES;KES;280576.3588751152
BHI33;HUNGARY;AED;4787.665524083526
ACJM3;SWEDEN;VND;252333978.1505952
ACJM3;YEMEN;HKD;98411.90310141689
ACJM3;JAPAN;BGN;25027.153888390098
ACJM3;GUYANA;RWF;4644774.119093987
ACJM3;EURO;GYD;238925.8633673402
ACJM3;IRAQ;TWD;213422.65216366446
ACJM3;SAUDI ARABIA;CZK;184784.01737388995
ACJM3;MACAU;CRC;6526764.061425807
ACJM3;TUNISIA;ANG;6880.685388072277
ACJM3;ARUBA;PYG;5135847.731018075
ACJM3;BULGARIA;NZD;16681.46614245501
ACJM3;UNITED ARAB EMIRATES;XPF;564715.8212413437
ACJM3;BURUNDI;NOK;77919.93905358746
ACJM3;SOUTH AFRICA;MVR;117685.68845213484
ACJM3;NEPAL;DJF;1284010.4625728845
ACJM3;DJIBOUTI;BRL;69601.83483762524
NNNZ2;ZIMBABWE;GTQ;30634.36073995394
NNNZ2;NICARAGUA;ALL;538876.7541421825
DEGb3;GAMBIA;EGP;74012.59267963257
DEGb3;QATAR;PGK;5424.537268978147
DEGb3;MAURITANIA;BND;627.2118489118504
DEGb3;SWEDEN;ALL;293036.9709813297
DEGb3;MACAU;IDR;15005605.284398723
DEGb3;CAYMAN ISLANDS;SDG;1934686.7239194438
DEGb3;VIET NAM;SCR;45181.09981398887
DEGb3;BULGARIA;BND;3606.6095225526333
DEGb3;AZERBAIJAN;CHF;3313.6920357228464
DEGb3;SOUTH AFRICA;BGN;1191.231920353123
DEGb3;SOUTH AFRICA;XOF;2449651.4461217592
DEGb3;POLAND;VUV;70758.33605768769
DEGb3;IRAN (ISLAMIC REPUBLIC OF);KZT;25234.221861605834
DEGb3;BARBADOS;DJF;34373.368083732
DEGb3;ETHIOPIA;DZD;290457.74836684985
DEGb3;SAO TOME AND PRINCIPE;BIF;935563.0040258606
DEGb3;CHINA;SYP;221024.51151405202
HZZc2;SIERRA LEONE;BND;2086.846037147887
HZZc2;NORWAY;OMR;214.29658999281384
HZZc2;CHILE;PYG;17791798.160476703
HZZc2;KUWAIT;HRK;21728.035887976643
HZZc2;TURKEY;ZAR;23782.464118370946
HZZc2;BANGLADESH;GNF;516533.5243554016
HZZc2;TUNISIA;BGN;2027.646932523912
HZZc2;CHINA;CAD;2954.158011692212
HZZc2;SOUTH AFRICA;TWD;85390.72271486088
HZZc2;SOMALIA;ARS;658772.7155781352
HZZc2;SAO TOME AND PRINCIPE;SLL;26018856.566229615
HZZc2;DENMARK;CHF;466.06235766585246
HZZc2;ETHIOPIA;GYD;208910.63097854285
CFJKN;HONDURAS;MOP;15058.255178067804
CFJKN;HONDURAS;AUD;3811.596251868408
CFJKN;BURUNDI;LAK;241910749.18949652
CFJKN;UKRAINE;BWP;168719.8243696538
CFJKN;TURKEY;BWP;187788.98989029825
CFJKN;TUNISIA;ZAR;226117.48878620137
CFJKN;NAMIBIA;MGA;35423328.43831178
CFJKN;KENYA;STD;229650165.40991193
CFJKN;NEPAL;SOS;4236173.719389651
CFJKN;MYANMAR;CHF;3956.494075588893
FFGJa;NETHERLANDS ANTILLES;NIO;26866.45703678483
FFGJa;NAMIBIA;STD;80186806.56053087
FFGJa;AUSTRALIA;SRD;106526.91803469852
FFGJa;DENMARK;CAD;4083.2621713132717
FFGJa;BOTSWANA;NPR;385485.31245987915
FFGJa;QATAR;SZL;21785.009994079508
FFGJa;BELIZE;KWD;323.82175468125024
BDJN1;PHILIPPINES;WST;2943.0597183804407
BDJN1;COLOMBIA;MMK;877033.9444114103
BDJN1;CAMBODIA;RON;4557.5319988931315
BDJN1;GAMBIA;MRO;511553.90856513067
BDJN1;BARBADOS;CVE;494842.97574179154
EEWa2;NIGERIA;EUR;5397.171499559543
EEWa2;ANGOLA;CLP;15417212.175919462
EEWa2;PHILIPPINES;SBD;103320.99816491289
EEWa2;HUNGARY;BGN;11022.336334766132
EEWa2;MOROCCO;BIF;33697941.82843685
EEWa2;PERU;LAK;44325969.936447866
EEWa2;CAMBODIA;FJD;34067.32082260612
EEWa2;CENTRAL AFRICAN REPUBLIC;SOS;1552873.6362829218
EEWa2;ARUBA;GHS;219745.82881473366
EEWa2;HUNGARY;BZD;26995.62823930554
EEWa2;AZERBAIJAN;JMD;2330974.5579346367
EEWa2;MALAYSIA;KWD;2810.4850357581836
HHJb2;MOZAMBIQUE;LAK;491608.13836590556
HHJb2;GUYANA;QAR;1092.5346836603549
HHJb2;HONG KONG;HRK;2653.019081699336
FHIKW;JAMAICA;XAF;5000239.149855951
FHIKW;VENEZUELA;TWD;48162.76193893846
FHIKW;INDIA;LBP;8672070.072894465
FHIKW;LIBYAN ARAB JAMAHIRIYA;DOP;325782.5513982666
FHIKW;SWITZERLAND;CVE;296280.9805945311
FHIKW;YEMEN;KZT;2797215.75307344
IL223;MAURITANIA;HKD;51413.63697054528
IL223;BURUNDI;TZS;2325815.8793364353
IL223;SEYCHELLES;PAB;4752.411614976833
IL223;BOLIVIA;BMD;6550.123089119379
IL223;KUWAIT;MMK;22176867.492885962
IL223;BOTSWANA;ILS;50702.391208000816
IL223;PARAGUAY;HNL;343126.1194239395
IL223;CAMBODIA;HNL;348904.44538809184
IL223;CAMBODIA;MRO;984980.2516527977
IL223;KENYA;TND;19838.553924044492
CVVVb;IRAQ;FJD;9433.736159178472
CVVVb;CAPE VERDE;SVC;22511.411206290093
CVVVb;SIERRA LEONE;STD;184575541.1128317
CVVVb;PHILIPPINES;MVR;152203.41541581822
CVVVb;BULGARIA;INR;141353.82086544702
CVVVb;DOMINICA;HTG;228280.5057248234
CVVVb;ETHIOPIA;NGN;424177.6018551808
CVVVb;SRI LANKA;BTN;791386.8732398078
HLVV2;POLAND;DJF;112810.40278879598
HLVV2;SOMALIA;NGN;1040331.8719301769
HLVV2;SAO TOME AND PRINCIPE;PLN;4208.0009555584265
HLVV2;ROMANIA;SCR;55271.2658616081
HLVV2;ZAMBIA;YER;725843.8221947157
HLVV2;GUATEMALA;CRC;2421771.3078910667
HLVV2;BHUTAN;RWF;1825854.497293244
HLVV2;ANGOLA;ISK;3077.0327706187545
HLVV2;CAPE VERDE;IQD;1223915.6601643085
HLVV2;COLOMBIA;BND;2925.2473943238874
HLVV2;CYPRUS;IRR;92696045.32096873
HLVV2;NAMIBIA;BTN;119156.51189026577
HLVV2;HAITI;ARS;415385.1099704721
HLVV2;VENEZUELA;PEN;14260.766420995365
HLVV2;SINGAPORE;PYG;27375212.495591428
HLVV2;KUWAIT;AOA;1722271.3837833
ADGHa;BRUNEI DARUSSALAM;MUR;349725.695166259
ADGHa;MADAGASCAR;AZN;5764.912444115358
ADGHa;GUINEA;SVC;69812.9107661519
ADGHa;INDIA;GTQ;23849.588907601108
ADGHa;CANADA;EUR;1285.0325213101469
ADGHa;ALGERIA;FJD;11293.482236797812
ADGHa;MYANMAR;PGK;43532.888996544265
ADGHa;NETHERLANDS ANTILLES;STD;189928041.11199862
ADGHa;MYANMAR;IRR;177726849.05586827
ADGHa;CANADA;HUF;1402328.8970261929
ADGHa;ZIMBABWE;AZN;1623.8191263252359
ADGHa;HONDURAS;COP;18950610.84109781
ADGHa;POLAND;RWF;7282069.335865415
ADGHa;PARAGUAY;RWF;13047839.851137422
ADGHa;ROMANIA;DZD;1927289.8313551308
ADGHa;BURUNDI;JOD;4504.5497497724045
ADGHa;ZIMBABWE;YER;3095537.3658820987
CCLYa;CAPE VERDE;CRC;2883550.1631039646
CCLYa;BANGLADESH;PYG;44445196.71713215
CCLYa;NAMIBIA;NIO;194584.07868394264
CCLYa;PHILIPPINES;ISK;896217.6307420307
CCLYa;TAIWAN, PROVINCE OF CHINA;RWF;7198712.054024832
CCLYa;CHINA;XCD;4112.61052745862
CCLYa;NEW ZEALAND;CVE;108138.12822387824
CCLYa;LIBYAN ARAB JAMAHIRIYA;MUR;43393.240102341995
CCLYa;VENEZUELA;GTQ;41045.96646105061
CCLYa;GHANA;BZD;1435.328580375127
CCLYa;LATVIA;TZS;10723727.147338228
CCLYa;SEYCHELLES;GTQ;1727.0392620357898
CCLYa;CYPRUS;MVR;109709.33859877715
CCLYa;ANGOLA;OMR;2040.8336051921794
CCLYa;CHILE;MVR;109189.86950505385
CCLYa;INDIA;AZN;887.5760705385251
BEHII;ETHIOPIA;UGX;13521128.184949756
EHZc2;KOREA, REPUBLIC OF;KWD;804.9172623228852
IJLLM;BOTSWANA;SGD;18240.898863584534
IJLLM;TRINIDAD AND TOBAGO;EUR;5823.4754098981575
IJLLM;SOUTH AFRICA;MOP;5121.38039416583
AKX22;CHILE;UYU;239523.1973852729
AKX22;SYRIAN ARAB REPUBLIC;TND;67225.98173031352
AKX22;MAURITANIA;JPY;4993817.698140255
AKX22;NAMIBIA;KHR;71002732.53259377
AKX22;POLAND;CLP;28796933.993940134
AKX22;SOMALIA;GYD;8839121.356243167
AKX22;CHINA;EUR;26693.09337418172
BBIW1;PANAMA;CVE;31559.14272957864
BBIW1;SINGAPORE;TWD;17638.63893247794
BBIW1;SYRIAN ARAB REPUBLIC;YER;136153.258476568
BBIW1;KOREA, REPUBLIC OF;HKD;5341.618498405092
BBIW1;TUNISIA;XOF;153023.18656556742
BBIW1;PERU;BGN;1310.025036485839
BBIW1;BARBADOS;AUD;31.487863523914342
BBIW1;BAHAMAS;INR;24699.03240910188
BBIW1;MOROCCO;MYR;1938.515706116425
BBIW1;PERU;LKR;60182.128586932995
BBIW1;SAUDI ARABIA;AED;342.9686919634206
BDKZ3;BERMUDA;MZN;1582892.779696004
BDKZ3;BAHAMAS;VUV;2579259.3843748257
AGJNZ;NIGERIA;XCD;3298.849786739163
AGJNZ;SOMALIA;TND;5580.198647425506
AGJNZ;TRINIDAD AND TOBAGO;SYP;1198680.52066787
AGJNZ;ALBANIA;RON;7206.25609798845
AGJNZ;TANZANIA, UNITED REPUBLIC OF;MUR;313567.49868399947
AGJNZ;VENEZUELA;KWD;2127.254499354146
AGJNZ;JAMAICA;XCD;8424.031166508748
AGJNZ;HUNGARY;BWP;63142.07622476403
AGJNZ;SEYCHELLES;CYP;3647.5570836880397
DNYZa;COSTA RICA;TND;22141.607679601602
DNYZa;DOMINICAN REPUBLIC;ARS;1924434.5252755843
DNYZa;CAYMAN ISLANDS;PAB;1677.60244667974
DNYZa;EGYPT;SEK;23959.517196719724
Vaab1;CROATIA;QAR;37496.958467038916
Vaab1;MYANMAR;ISK;1675708.7934239951
Vaab1;SEYCHELLES;SZL;170406.77873758087
Vaab1;PANAMA;LYD;50649.57177856229
BJNXX;DOMINICAN REPUBLIC;LAK;156442113.30874693
BJNXX;NEPAL;AUD;15660.302801040765
BJNXX;VANUATU;HRK;73208.10554321183
BJNXX;POLAND;WST;23963.03754534668
HHJJb;SWAZILAND;CAD;3239.4525701455336
HHJJb;POLAND;KZT;2083614.1846295407
HHJJb;BANGLADESH;BHD;1756.7181629569973
HHJJb;SERBIA;SEK;23132.872143605364
HHJJb;NIGERIA;SEK;18979.338990638815
HHJJb;EGYPT;MGA;69737.7000274663
HHJJb;PERU;NIO;92906.35069335352
HHJJb;SAUDI ARABIA;LBP;3381217.7174579906
HHJJb;BHUTAN;SRD;67531.89854775339
HHJJb;CAPE VERDE;ILS;8916.49777995889
ADDI3;SRI LANKA;ZWL;7142505.191356495
ADDI3;UGANDA;EGP;30477.4327128507
ADDI3;KUWAIT;XAF;11398471.816344274
ADDI3;ISRAEL;DKK;118788.75229037495
ADDI3;BOTSWANA;NOK;71163.02299588363
ADDI3;URUGUAY;HUF;2686758.8026062576
ADDI3;JAPAN;GYD;2655704.9579654564
ADDI3;VIET NAM;SLL;275930768.6939254
ADDI3;BHUTAN;HRK;39853.69277266567
ADDI3;DENMARK;PKR;914119.8152088939
ADDI3;TANZANIA, UNITED REPUBLIC OF;LYD;85270.54689231352
ADDI3;ZAMBIA;BOB;5190.8382255170945
ADDI3;LIBERIA;MWK;4863555.393276116
ADDI3;GAMBIA;GMD;1098926.312775769
ACHL3;MALAWI;SAR;5711.857724777659
ACHL3;ANGOLA;DKK;31367.164973847273
ACHL3;CHINA;NAD;4231.958601390762
ACHL3;CENTRAL AFRICAN REPUBLIC;LKR;1092156.846539826
ACHL3;MAURITANIA;HKD;16847.61503605063
ACHL3;CAYMAN ISLANDS;HRK;23447.70109213611
ACHL3;POLAND;CRC;1942602.4947167353
ACHL3;CROATIA;JMD;145340.055291285
ACHL3;CROATIA;JOD;722.1049705600594
ACHL3;SUDAN;RON;5066.451901360863
ACHL3;IRAQ;BIF;5759724.538907892
ACHL3;TRINIDAD AND TOBAGO;GNF;22859317.121730626
ACHL3;MOZAMBIQUE;ISK;228072.70209153421
ACHL3;SYRIAN ARAB REPUBLIC;AUD;3455.417429923053
ACHL3;VIET NAM;GMD;94052.82041854103
ACHL3;ROMANIA;RON;2922.6087381525126
ACHL3;BELARUS;XOF;2125882.822318402
ACHL3;DENMARK;LAK;59330475.93317723
ACHL3;KAZAKHSTAN;KWD;1152.8676547554296
GKNaa;CHINA;SAR;9353.201293510998
GKNaa;ARUBA;HUF;596522.3803001516
GKNaa;TAIWAN, PROVINCE OF CHINA;MMK;3116262.641602203
GKNaa;SUDAN;NZD;5127.823655879642
GKNaa;SERBIA;BND;907.524011870029
HIKWZ;HAITI;AED;6662.555203125504
HIKWZ;DOMINICA;AWG;906.1949862107044
HIKWZ;ANGOLA;TZS;6741569.0058784
HIKWZ;HAITI;JPY;173239.23236660147
F1233;BELIZE;JOD;134.1687439192747
F1233;LIBERIA;PLN;702.339402614577
F1233;MOZAMBIQUE;BBD;229.5636770471749
F1233;UGANDA;GNF;3129799.672878688
F1233;DENMARK;NPR;22230.39126267197
F1233;MALAYSIA;HKD;909.1764606918189
F1233;BRAZIL;GBP;494.3086216256827
F1233;BELIZE;ILS;1698.2317086161977
F1233;MAURITANIA;JOD;364.697427209144
F1233;ARGENTINA;SGD;250.80190059023278
F1233;CANADA;RWF;386974.3448897028
F1233;CAMBODIA;BRL;712.9487763975081
F1233;SAMOA;BWP;7101.747198975152
F1233;IRAN (ISLAMIC REPUBLIC OF);EGP;7697.789835895658
F1233;MALDIVES;GBP;350.8822858171944
F1233;BAHAMAS;ZWL;114533.54216924799
F1233;BULGARIA;MZN;10112.895720819317
BWa33;SAO TOME AND PRINCIPE;RWF;5821122.64262954
BWa33;GUYANA;NPR;625370.3156511307
BWa33;CENTRAL AFRICAN REPUBLIC;SGD;9000.86791717179
BWa33;AZERBAIJAN;MZN;220355.27420654503
BWa33;PARAGUAY;MWK;8797003.148791995
BWa33;TONGA;CRC;624836.4257585073
BWa33;URUGUAY;MWK;1365765.7789812977
BWa33;JORDAN;BHD;2563.3448294153222
BWa33;BOTSWANA;YER;680536.9039399457
BWa33;MOROCCO;SBD;60383.274485281814
BWa33;ANGOLA;SGD;9512.266795943555
BWa33;SURINAME;KWD;38.94969586486202
BWa33;EURO;SRD;41063.9936399864
BWa33;SYRIAN ARAB REPUBLIC;DJF;1019960.7334857448
BWa33;CAPE VERDE;LBP;2671882.532867465
BWa33;ZAMBIA;NIO;91296.88099560008
EKVW2;GAMBIA;ETB;187230.93184131882
EKVW2;MACAU;MWK;4425161.36029224
EKVW2;CAMBODIA;NAD;63682.12442647163
EKVW2;HAITI;AZN;7348.349098120568
EKVW2;BULGARIA;EUR;1018.9823834584645
EKVW2;NORWAY;TOP;483.3984425582484
EKVW2;NETHERLANDS ANTILLES;BDT;519873.28153317
EKVW2;TUNISIA;MRO;409627.9269110914
EKVW2;KOREA, REPUBLIC OF;BZD;12576.676775639717
EKVW2;RUSSIAN FEDERATION;SZL;112287.96665454976
EKVW2;ARUBA;MRO;674257.01873465
EKVW2;TOGO;MYR;1811.9626111990492
EKVW2;BELARUS;ALL;253683.49909297645
EKVW2;JAMAICA;DKK;44227.315491612586
EKVW2;MAURITANIA;PKR;1202244.2593055794
EKVW2;SOLOMON ISLANDS;MXN;36136.270759173545
GGG22;NIGERIA;SLL;73805533.4006763
GGG22;CYPRUS;CHF;159.32722748727048
GGG22;SYRIAN ARAB REPUBLIC;STD;110514472.89251012
GGG22;BARBADOS;MGA;11645651.805009186
GGG22;LAO PEOPLE'S DEMOCRATIC REP;SGD;5531.884355991428
GGG22;CHILE;JPY;793982.9474976168
GGG22;SWEDEN;BSD;5921.476513432573
GGG22;QATAR;EGP;55482.39846049412
GGG22;ALGERIA;AZN;6490.726134530869
GGG22;MALAYSIA;LRD;482684.42272357125
GGG22;TANZANIA, UNITED REPUBLIC OF;BSD;4321.245089461059
GGG22;GUYANA;AWG;9555.819126618057
GGG22;LAO PEOPLE'S DEMOCRATIC REP;AUD;1073.2113496449776
GGG22;SAMOA;MXN;5264.088545128372
GGG22;PAPUA NEW GUINEA;TRY;369.584467473024
GGG22;SYRIAN ARAB REPUBLIC;SEK;8112.020274143568
GGG22;BANGLADESH;ZWL;2759625.145860247
DGGGX;TOGO;DZD;562504.6180877386
DGGGX;CAPE VERDE;BSD;4614.42974933588
DGGGX;SUDAN;MMK;4201315.6691391645
DGGGX;DENMARK;CYP;2506.942252699255
DGGGX;TONGA;CYP;4881.645717469558
DGGGX;BOTSWANA;NPR;396968.0033393061
DGGGX;TONGA;KRW;3608506.328054645
DGGGX;SOMALIA;BGN;12460.461824049873
DGGGX;SAO TOME AND PRINCIPE;BHD;1953.4388298890644
DGGGX;RUSSIAN FEDERATION;INR;501144.8626267439
DFFLW;TOGO;TRY;71.2018864752555
DFFLW;NICARAGUA;RSD;437.20413482917894
DFFLW;MAURITIUS;KZT;2083.823069607386
DFFLW;EL SALVADOR;KRW;5499.632328056271
DFFLW;NEPAL;ZWL;1203.384072273733
DFFLW;BOLIVIA;PYG;22087.278610500183
DFFLW;SYRIAN ARAB REPUBLIC;LRD;530.7394718749459
DFFLW;FRENCH POLYNESIA;SAR;0.7609103581302956
DFFLW;IRAQ;CYP;1.1294705600286783
DFFLW;PERU;KES;180.94104920759435
DFFLW;IRAN (ISLAMIC REPUBLIC OF);MAD;8.08015130219363
DFFLW;MOROCCO;HKD;25.590827113924433
DFFLW;JORDAN;AWG;0.8704977508203053
DFFLW;BANGLADESH;WST;7.189901754785125
DFFLW;PAKISTAN;TOP;7.2765734408413
DFFLW;MEXICO;MUR;134.68248240665366
DFFLW;UNITED KINGDOM;SYP;991.4172729293527
DFFLW;THAILAND;QAR;5.513714542934865
DFFLW;MACAU;BHD;0.45105176491286514
DFFLW;BELARUS;OMR;1.560918075151533
CGLY3;BOTSWANA;GHS;5954.3774475974415
CGLY3;LAO PEOPLE'S DEMOCRATIC REP;ANG;2491.29871791649
CGLY3;GHANA;SEK;18288.90054375915
CGLY3;CAYMAN ISLANDS;SLL;33575531.395070955
CGLY3;TAIWAN, PROVINCE OF CHINA;YER;32256.745959975276
CGLY3;CAYMAN ISLANDS;BDT;280870.24130944134
CGLY3;COLOMBIA;MUR;19869.928736188725
CGLY3;ICELAND;RSD;305659.29402150534
CGLY3;AUSTRALIA;IRR;80689451.88919821
CGLY3;DENMARK;SCR;35764.65081537479
CGLY3;COLOMBIA;KES;250637.40543341028
CGLY3;DOMINICA;BZD;4899.253136039463
CGLY3;RUSSIAN FEDERATION;MZN;22418.262241254048
CGLY3;NEW ZEALAND;OMR;310.56771573410396
CGLY3;UNITED KINGDOM;SLL;53828900.94569063
CGLY3;IRAQ;JPY;189483.16444432622
DGIJN;SOMALIA;BND;3775.898030739442
DGIJN;BERMUDA;UYU;143783.32228484945
DGIJN;SOLOMON ISLANDS;RSD;247286.00553118426
DGIJN;HONG KONG;CHF;1009.3641087447224
DGIJN;URUGUAY;CZK;82334.44752690197
DGIJN;ANGOLA;GBP;876.0510795230329
DGIJN;DOMINICAN REPUBLIC;HRK;24369.522230964703
DGIJN;SIERRA LEONE;LBP;633545.4204738766
DGIJN;PERU;DKK;28114.006350764907
DGIJN;SUDAN;ILS;10783.638872887954
DGIJN;TAIWAN, PROVINCE OF CHINA;BIF;1888961.004452591
DGIJN;SAMOA;THB;2179.182751540608
ABEJZ;SOMALIA;PEN;8952.251346287598
ABEJZ;HAITI;NGN;6179710.84684818
EIabc;CHINA;GYD;75395.56068801241
EIabc;PANAMA;DKK;2730.259701759518
AKLac;AUSTRALIA;MOP;9728.648176654182
AKLac;CHINA;TOP;1728.2427288145675
AKLac;KAZAKHSTAN;MMK;8548069.54440448
AKLac;SOLOMON ISLANDS;HKD;18075.048795353032
AKLac;JORDAN;MYR;19559.355486001874
AKLac;POLAND;UAH;6632.073039829636
AKLac;SAMOA;NIO;96023.37830937281
BGbbb;KOREA, REPUBLIC OF;MZN;149286.49707803194
BGbbb;UNITED ARAB EMIRATES;BWP;26047.466931827024
BGbbb;ALGERIA;STD;52165522.78616807
BGbbb;INDIA;CNY;8617.630390759889
BGbbb;JORDAN;IRR;61036897.81050852
BGbbb;SYRIAN ARAB REPUBLIC;SRD;51868.461936280495
BGbbb;CANADA;BGN;842.6407885392648
BGbbb;ICELAND;VND;53292397.461876914
BGbbb;BELIZE;NZD;2009.4727162408872
BGbbb;MAURITIUS;PKR;402056.8239706308
BGbbb;INDONESIA;UGX;1124238.8291714722
BGbbb;DOMINICAN REPUBLIC;SZL;30905.79397935903
BGbbb;VENEZUELA;XPF;34351.893856947325
BGbbb;PERU;SDG;1588266.0477412909
BGbbb;SOUTH AFRICA;SRD;33771.05465633216
BGbbb;PANAMA;DOP;36739.48839958207
BGbbb;BELARUS;ISK;40194.58327925911
BGbbb;LAO PEOPLE'S DEMOCRATIC REP;SDG;663543.051219795
BGbbb;GUYANA;AZN;838.8905585130966
BGbbb;ROMANIA;CNY;14275.940249707059
EEIYc;BRUNEI DARUSSALAM;GHS;33808.40059349803
EEIYc;SYRIAN ARAB REPUBLIC;JMD;24222.078036492407
EEIYc;LIBYAN ARAB JAMAHIRIYA;PAB;1675.5161992429491
EEIYc;ALBANIA;SDG;1575709.3213623122
EEIYc;MOZAMBIQUE;ARS;73920.14610285765
EEIYc;JORDAN;KRW;1762234.150297643
EEIYc;AUSTRALIA;MVR;42816.04736410076
EEIYc;SWEDEN;CNY;13375.88879768152
EEIYc;LAO PEOPLE'S DEMOCRATIC REP;BTN;90512.32931055364
EEIYc;KENYA;COP;19974485.524438027
EEIYc;CHINA;XOF;2320190.0157621745
EEIYc;EL SALVADOR;UYU;135431.51481679338
EEIYc;TANZANIA, UNITED REPUBLIC OF;INR;219071.8766941276
EEIYc;MADAGASCAR;RUB;115972.95136109064
EEIYc;BELIZE;EGP;13497.338645175545
EEIYc;LATVIA;BWP;6201.462366387568
EEIYc;TONGA;PAB;2004.1767143536367
EEIYc;AZERBAIJAN;SGD;1754.465592513546
DLLV2;DENMARK;BIF;7943403.406378062
DLLV2;FIJI;NPR;162462.30068576604
DLLV2;SERBIA;PLN;15634.297694426103
DLLV2;NEPAL;SDG;2050435.8632681114
DLLV2;KOREA, REPUBLIC OF;EUR;659.2737238284711
DLLV2;BOTSWANA;OMR;417.4481977684982
CFJXb;TOGO;YER;4702458.470243805
CFJXb;BHUTAN;RWF;17747577.520626716
CFJXb;MEXICO;ISK;2373795.6921633654
CFJXb;JAPAN;AWG;17380.382744659662
CFJXb;LIBERIA;JMD;1117810.5962497224
CFJXb;GUYANA;PEN;22615.519041290157
CFJXb;PAKISTAN;PAB;1243.5793722912408
CFJXb;GUINEA;COP;58125095.70016382
CFJXb;MALDIVES;BZD;28988.12892701566
CFJXb;GUYANA;IDR;131339096.4168283
CFJXb;NIGERIA;UGX;33463513.061770037
CFJXb;LATVIA;BOB;13968.968811454426
ADLWa;MALDIVES;INR;364550.64705358865
ADLWa;ZAMBIA;DOP;167997.5841213999
ADLWa;UNITED KINGDOM;BND;4742.859242943333
ADLWa;CHINA;BWP;6283.243595757842
ADLWa;SAUDI ARABIA;UYU;-154.0268542691689
ADLWa;NAMIBIA;CRC;1933924.4698058781
ADLWa;VENEZUELA;AWG;1079.0255896601627
ADLWa;CZECH REPUBLIC;PGK;14478.054018675473
ADLWa;MACAU;AZN;1655.9238674907353
ADLWa;UNITED ARAB EMIRATES;PAB;2083.728797883257
ADLWa;HAITI;HKD;10913.460417311995
ADLWa;GUYANA;TZS;5616408.7895854805
ADLWa;ZIMBABWE;RSD;25151.71019022555
ADLWa;BAHAMAS;IDR;7268950.041947894
ADLWa;UNITED ARAB EMIRATES;STD;99652244.65475583
ADLWa;BARBADOS;QAR;13158.689749883037
ADLWa;RWANDA;UYU;49728.67009261738
Bcc13;EGYPT;MGA;31278267.502408464
Bcc13;BERMUDA;IDR;201315544.97858593
Bcc13;NORWAY;ZMW;572789.320826712
Bcc13;DOMINICAN REPUBLIC;CAD;48878.27622311344
Bcc13;MAURITIUS;THB;574776.6284687981
Bcc13;BAHAMAS;BTN;1219796.6293248716
Bcc13;UNITED KINGDOM;KHR;77181888.1577237
Bcc13;URUGUAY;IDR;536764031.6648538
Bcc13;CZECH REPUBLIC;HUF;3385450.469492967
Bcc13;FRENCH POLYNESIA;UAH;813128.8467917237
Bcc13;KAZAKHSTAN;KYD;16508.550198945504
Bcc13;DJIBOUTI;NZD;3422.1659296548773
Bcc13;SERBIA;AOA;15167378.503595088
Bcc13;JORDAN;XPF;3865452.945274621
Bcc13;POLAND;ZMW;579383.0225296122
Bcc13;BHUTAN;BYR;168521399.37470904
Bcc13;NAMIBIA;CVE;142640.71658095258
Bcc13;KENYA;SAR;30537.65213675662
Bcc13;TONGA;XPF;1347884.5584555694
FJYbb;CAMBODIA;MYR;30575.01301080289
FJYbb;MADAGASCAR;TWD;177735.10605558509
FJYbb;ICELAND;AZN;11790.802190792325
FJYbb;MYANMAR;ISK;465968.8672048012
FJYbb;KOREA, REPUBLIC OF;MRO;97390.82321814355
FJYbb;HONDURAS;MYR;7058.170058567227
FJYbb;KENYA;AZN;11035.319901566962
FJYbb;PERU;GMD;191105.29537223803
FJYbb;SAO TOME AND PRINCIPE;NPR;490615.2406854589
FJYbb;ANGOLA;ISK;472539.6853141999
FJYbb;MOZAMBIQUE;VES;154555.06904515027
FJYbb;NEW ZEALAND;NPR;357239.16487784253
FJYbb;UNITED ARAB EMIRATES;TWD;14040.497202480105
FJYbb;COLOMBIA;SEK;81977.20136588531
FJYbb;CANADA;BGN;14089.21323371465
FJYbb;VIET NAM;DKK;46725.202650859515
FJYbb;NAMIBIA;CAD;3356.307520861565
FJYbb;NAMIBIA;SCR;64647.98610989375
FJYbb;LIBERIA;NOK;58150.22808729932
DNWZ1;NICARAGUA;ARS;167841.93551381808
DNWZ1;SOUTH AFRICA;ANG;13635.455359642665
DNWZ1;SWAZILAND;BDT;571604.3455178721
DNWZ1;ALBANIA;BIF;18970958.579956017
DNWZ1;SEYCHELLES;AZN;15777.865185876057
DNWZ1;SYRIAN ARAB REPUBLIC;UYU;529703.8141089497
DNWZ1;TOGO;GYD;1124223.5393757836
DNWZ1;LIBERIA;CVE;656572.3574341625
DNWZ1;YEMEN;LYD;12294.473783523692
DNWZ1;EURO;BDT;169408.54033828148
DNWZ1;NORWAY;HUF;1303079.705441145
DNWZ1;MADAGASCAR;QAR;12545.719308339103
DNWZ1;COSTA RICA;PGK;16552.29763011636
DNWZ1;ARGENTINA;HUF;1860219.587396439
DNWZ1;DENMARK;MUR;76782.50775638867
DNWZ1;CAYMAN ISLANDS;BOB;58048.131421269514
DNWZ1;NORWAY;MGA;20008178.375077575
EKKLY;ICELAND;NOK;6238.960996345238
EKKLY;SYRIAN ARAB REPUBLIC;BRL;7205.281630946356
EKKLY;MOZAMBIQUE;TND;3083.4977406077755
EKKLY;SAMOA;PAB;812.6725815753725
JMW33;DOMINICAN REPUBLIC;CRC;1949972.1579071889
BFFaa;BELARUS;ANG;4880.173815268266
BFFaa;SAO TOME AND PRINCIPE;BTN;550168.6904158656
BFFaa;BRUNEI DARUSSALAM;GHS;67972.96192928847
BFFaa;KENYA;TOP;1656.2638750044334
BFFaa;ZAMBIA;NOK;40651.53278510418
BFFaa;EURO;DKK;44792.42079951879
BFFaa;ZAMBIA;BIF;5317448.603651201
BFFaa;NIGERIA;NGN;1911321.3096171608
BFFaa;GUINEA;BYR;169354992.17942396
BFFaa;BAHAMAS;MGA;1674784.3205042246
BFFaa;MEXICO;ISK;137297.86286687074
IKNX1;MACAU;PES;455715.89311025274
ADFWb;CAMBODIA;ALL;211137.40699098978
ADFWb;BHUTAN;OMR;375.933581807534
ADFWb;AZERBAIJAN;OMR;292.0726730240389
ADFWb;TRINIDAD AND TOBAGO;XCD;2969.5530194134826
ADFWb;UNITED KINGDOM;SRD;27974.109541009762
ADFWb;POLAND;NZD;1652.3474844904788
ADFWb;GHANA;NIO;71535.70443699721
ADFWb;UKRAINE;SAR;3038.810374228775
ADFWb;HUNGARY;MMK;2773626.894675426
ADFWb;SERBIA;BOB;6936.87198717321
AEJJb;MAURITIUS;FJD;27880.13849401659
AEJJb;ARGENTINA;AZN;3761.800651508389
AEJJb;DENMARK;MWK;5429815.930684891
AEJJb;KUWAIT;RWF;4374895.867809538
BCGI2;KENYA;TTD;105944.71196387355
BCGI2;UNITED KINGDOM;INR;545685.8866052906
BCGI2;PAPUA NEW GUINEA;SAR;53968.2993394819
BCGI2;MEXICO;MMK;37212793.67135953
BCGI2;UKRAINE;LYD;55143.47020055933
BCGI2;MALDIVES;LVL;10551.518150144793
FGI11;ANGOLA;TWD;334683.5992065405
FGI11;CAPE VERDE;RUB;3513098.253756318
FGI11;SWITZERLAND;STD;516812866.6163821
FGI11;BELIZE;PES;5834074.008670846
FGI11;ZAMBIA;CLP;43909103.0959554
FGI11;NEPAL;LRD;16728798.409884987
FGI11;DOMINICAN REPUBLIC;BYR;737226741.9734647
FGI11;LIBYAN ARAB JAMAHIRIYA;SOS;62552056.3458901
FGI11;KENYA;TOP;171535.72371286433
FGI11;INDONESIA;GBP;37072.90685642242
DEEEE;ROMANIA;KZT;261865.86596524133
DEEEE;SOMALIA;MRO;165264.78492541367
DEEEE;PHILIPPINES;SCR;3151.150724975758
DEEEE;LEBANON;XCD;694.5193410782025
DEEEE;AUSTRALIA;AWG;125.08432690650066
DEEEE;BELARUS;CAD;488.7555022065178
DEEEE;GUINEA;AED;415.80544586507824
DEEEE;SOUTH AFRICA;JOD;126.34909537697277
DEEEE;SRI LANKA;TRY;10001.07234728481
DEEEE;ZIMBABWE;PAB;389.1418906233363
DEEEE;PANAMA;JOD;131.83551842016186
DEEEE;ANGOLA;CAD;617.0720701494332
DEEEE;NEPAL;ETB;30055.896200987314
DEEEE;CANADA;LKR;174158.10383184502
DEEEE;GUYANA;TOP;913.8364376070973
DFIMY;DOMINICAN REPUBLIC;AWG;1605.0151561217813
DFIMY;CENTRAL AFRICAN REPUBLIC;MWK;88918.56891293376
DFIMY;ISRAEL;DOP;36900.75557856942
DFIMY;BOLIVIA;WST;2779.385962531993
DFIMY;BOLIVIA;JOD;795.286820339734
DFIMY;ARGENTINA;AWG;380.78110281248917
DFIMY;ICELAND;MMK;1281568.4478225322
FKYZZ;BURUNDI;LBP;1826469.9655499188
FKYZZ;MYANMAR;ARS;275384.6601813849
FKYZZ;BAHAMAS;SLL;542726.6699197636
FKYZZ;VANUATU;KWD;52.40417164903718
FKYZZ;NEPAL;BGN;3583.9132441206475
FKYZZ;SUDAN;BBD;3687.570590269179
FKYZZ;MACAU;ARS;634668.1356084433
FKYZZ;IRAN (ISLAMIC REPUBLIC OF);SYP;1187878.7626057942
FKYZZ;TOGO;BGN;2748.7277776399565
FKYZZ;LIBYAN ARAB JAMAHIRIYA;LYD;1311.0543384644848
FKYZZ;DOMINICAN REPUBLIC;OMR;1224.3267746504398
FKYZZ;BOLIVIA;AOA;1513432.9850484906
FKYZZ;BERMUDA;CLP;2826752.778757405
FKYZZ;SOLOMON ISLANDS;CYP;1533.242645937682
FKYZZ;MOROCCO;ISK;432110.76484477514
FKYZZ;SUDAN;MXN;48946.19851391243
FKYZZ;BERMUDA;PAB;2941.855944596411
GIMcc;UNITED KINGDOM;SRD;399730.398524833
GIMcc;KUWAIT;AOA;4739244.144858935
GIMcc;ISRAEL;BHD;5499.772128751139
GIMcc;KENYA;CAD;5250.775140358604
GIMcc;PANAMA;AUD;406.8222778254591
ABWYc;SIERRA LEONE;DJF;2472778.3552595614
ABWYc;HONDURAS;SOS;13397129.424117118
ABWYc;EGYPT;STD;545417547.5983461
ABWYc;COSTA RICA;PGK;87120.48232270735
ABWYc;ICELAND;DJF;1599040.8463752144
ABWYc;SINGAPORE;UGX;46770471.95868682
ABWYc;KAZAKHSTAN;CRC;10140551.014549248
ABWYc;VANUATU;BBD;13393.0588891931
ABWYc;IRAN (ISLAMIC REPUBLIC OF);RUB;660216.4635797678
ABWYc;MAURITANIA;MZN;983384.9940781369
ABWYc;SWAZILAND;DOP;1102099.900509413
ABWYc;DJIBOUTI;SZL;94230.96451493302
ABWYc;UNITED KINGDOM;CRC;1569714.9243794186
ABWYc;BURUNDI;SLL;131600067.18092984
ABWYc;IRAQ;NAD;171916.72479526734
ABWYc;RWANDA;MUR;404672.84201228805
ABWYc;KENYA;CNY;120918.97427371296
ABWYc;SWAZILAND;AOA;5529787.733058467
ABWYc;CHINA;ZWL;11011145.99289163
LY112;SWEDEN;SDG;1962980.6256058433
LY112;COLOMBIA;SEK;14669.744896775795
LY112;CROATIA;DOP;768197.4766889908
LY112;INDONESIA;NZD;5339.756277839656
LY112;MYANMAR;PLN;20031.8885206267
LY112;EL SALVADOR;NGN;2467077.6407461977
LY112;ALGERIA;MVR;198995.4465531855
LY112;MAURITIUS;BWP;21388.221631787063
LY112;ROMANIA;TND;20502.6489124128
LY112;OMAN;CVE;785650.4529563055
LY112;BELIZE;XOF;617873.5216340026
LY112;CAYMAN ISLANDS;AZN;15452.69991940695
LY112;SEYCHELLES;MVR;147118.57444685392
LY112;POLAND;EUR;12685.488891868587
LY112;TRINIDAD AND TOBAGO;BDT;525193.2931819799
LY112;BOLIVIA;RON;51235.2905202682
LY112;TONGA;XPF;996141.4075918654
LY112;THAILAND;VUV;1512522.174879238
LY112;SUDAN;SGD;7680.9996632820175
BBBDY;MALAYSIA;SZL;23983.335578752405
BBBDY;KUWAIT;NIO;-426.6902775041783
HHLM1;NORWAY;SBD;7817.060182207656
HHLM1;BRAZIL;INR;54437.03962558581
HHLM1;TAIWAN, PROVINCE OF CHINA;SZL;10210.25922587183
HHLM1;PANAMA;BWP;10306.772544513198
HHLM1;THAILAND;STD;89578043.838248
HHLM1;CAYMAN ISLANDS;MMK;-12864.505879269416
HHLM1;TONGA;KZT;1508791.5022558959
HHLM1;VENEZUELA;PLN;14255.807045556041
GGHJJ;AZERBAIJAN;MVR;42287.88820526412
GGHJJ;CZECH REPUBLIC;TOP;4446.62699568742
GGHJJ;HUNGARY;BWP;64486.95617010951
GGHJJ;BAHAMAS;SOS;382580.83813914075
GGHJJ;SURINAME;JMD;8524.510591407436
GGHJJ;SAUDI ARABIA;KHR;16856776.907104664
GGHJJ;BULGARIA;EGP;95872.40488268813
GGHJJ;PAPUA NEW GUINEA;KES;630964.1984185905
GGHJJ;SAO TOME AND PRINCIPE;BND;958.5705746771148
GGHJJ;EGYPT;FJD;5192.424190347204
GGHJJ;HONG KONG;MXN;98006.83298402105
GGHJJ;NORWAY;ALL;52973.69686005132
FINNX;SRI LANKA;AED;2032.363084463733
FINNX;AUSTRALIA;GYD;324617.3653094386
FINNX;INDONESIA;BSD;262.89201422669555
FINNX;TUNISIA;BSD;1664.4049721224198
FINNX;MOZAMBIQUE;SVC;1506.573522641801
FINNX;GHANA;TTD;10968.610292858946
FINNX;LIBERIA;GMD;2431.899491912868
FINNX;SWEDEN;YER;221882.28389810916
FINNX;TRINIDAD AND TOBAGO;NGN;506020.1546085793
FINNX;BRAZIL;XCD;1857.9820900970697
FINNX;MALDIVES;GHS;11326.889759891748
FINNX;COLOMBIA;HNL;38039.534404929174
FINNX;GAMBIA;AOA;728127.8779865692
FINNX;CAYMAN ISLANDS;PAB;1243.7777493597068
FINNX;BRAZIL;SLL;21952611.303393297
IMWZc;NORWAY;CNY;11893.235972559762
IMWZc;ROMANIA;KYD;216.05024418136256
IMWZc;UNITED ARAB EMIRATES;VND;49385194.43542451
IMWZc;NIGERIA;SZL;35057.05362299855
IMWZc;BERMUDA;BMD;587.7817364492151
IMWZc;DOMINICA;BMD;61.710517378510296
IMWZc;MALDIVES;ILS;4503.606800116641
IMWZc;KOREA, REPUBLIC OF;KES;207225.39641888518
IMWZc;ICELAND;LYD;980.9849489523255
CHIK3;IRAQ;OMR;37.6191329996258
CHIK3;ROMANIA;ANG;6237.242433965399
CHIK3;ANGOLA;MAD;12149.284900637249
CHIK3;ALGERIA;ZMW;3445.427248680464
CHIK3;MOROCCO;RWF;3781282.1100497926
CHIK3;ZAMBIA;HNL;116625.21976218576
CHIK3;GHANA;MXN;32865.76713750921
CHIK3;JAMAICA;HNL;61395.929698553264
CHIK3;VENEZUELA;TWD;39951.273718895995
CHIK3;BELIZE;ISK;478971.43171414774
CHIK3;HAITI;BBD;1250.591367566385
CHIK3;PERU;SDG;2162594.786571264
CHIK3;ARGENTINA;NAD;77083.83749495674
CHIK3;AZERBAIJAN;PAB;2326.8214386932264
CHIK3;SUDAN;NPR;714102.4457465967
CHIK3;THAILAND;ZMW;76519.47553617062
CHIK3;THAILAND;ARS;874693.3369700566
CHIK3;SOMALIA;MYR;4659.787044978027
